ISO-10303-21;
HEADER;
FILE_DESCRIPTION (( 'STEP AP214' ),
    '1' );
FILE_NAME ('XGL4030.STEP',
    '2025-04-04T14:02:56',
    ( '' ),
    ( '' ),
    'SwSTEP 2.0',
    'SolidWorks 2023',
    '' );
FILE_SCHEMA (( 'AUTOMOTIVE_DESIGN' ));
ENDSEC;

DATA;
#1 = ORIENTED_EDGE ( 'NONE', *, *, #2259, .F. ) ;
#2 = PLANE ( 'NONE',  #2947 ) ;
#3 = CARTESIAN_POINT ( 'NONE',  ( 0.7471268768578285258, 2.999900000000000233, -0.2378235353320174994 ) ) ;
#4 = ORIENTED_EDGE ( 'NONE', *, *, #1032, .T. ) ;
#5 = SURFACE_SIDE_STYLE ('',( #2245 ) ) ;
#6 = ORIENTED_EDGE ( 'NONE', *, *, #1983, .T. ) ;
#7 = CARTESIAN_POINT ( 'NONE',  ( 1.694937146817276918, 2.999899999999999789, -1.021989482905989233 ) ) ;
#8 = CARTESIAN_POINT ( 'NONE',  ( 0.4239819072043588544, 3.000000000000000000, 0.000000000000000000 ) ) ;
#9 = EDGE_CURVE ( 'NONE', #2303, #1339, #933, .T. ) ;
#10 = CARTESIAN_POINT ( 'NONE',  ( 1.671299670975475493, 3.000000000000000000, 1.162681979373865193 ) ) ;
#11 = STYLED_ITEM ( 'NONE', ( #1058 ), #1668 ) ;
#12 = AXIS2_PLACEMENT_3D ( 'NONE', #1382, #2457, #1342 ) ;
#13 = DIRECTION ( 'NONE',  ( -0.8599778663242775290, 0.000000000000000000, 0.5103313329909726637 ) ) ;
#14 = CARTESIAN_POINT ( 'NONE',  ( 1.686483065428980188, 2.999900000000000233, -0.2556229619140527598 ) ) ;
#15 = DIRECTION ( 'NONE',  ( -0.000000000000000000, 1.000000000000000000, -0.000000000000000000 ) ) ;
#16 = CARTESIAN_POINT ( 'NONE',  ( 1.677359608188032869, 3.000000000000000444, -0.1129377630937932475 ) ) ;
#17 = EDGE_LOOP ( 'NONE', ( #1648, #1194, #1083, #2132 ) ) ;
#18 = CARTESIAN_POINT ( 'NONE',  ( -1.701719806763286158, 2.999900000000000233, 1.597050532934600975 ) ) ;
#19 = CARTESIAN_POINT ( 'NONE',  ( 0.03054962373979011950, 3.000000000000000000, -0.4500566929133864025 ) ) ;
#20 = VERTEX_POINT ( 'NONE', #995 ) ;
#21 = DIRECTION ( 'NONE',  ( 0.8589240550050705192, 0.000000000000000000, 0.5121029854762092492 ) ) ;
#22 = CARTESIAN_POINT ( 'NONE',  ( 1.687430029386158159, 2.999900000000001565, 1.176823246781788290 ) ) ;
#23 = ORIENTED_EDGE ( 'NONE', *, *, #1597, .F. ) ;
#24 = ADVANCED_FACE ( 'NONE', ( #2944 ), #681, .T. ) ;
#25 = DIRECTION ( 'NONE',  ( 0.8589240550050705192, 0.000000000000000000, 0.5121029854762092492 ) ) ;
#26 = LINE ( 'NONE', #1236, #1051 ) ;
#27 = VECTOR ( 'NONE', #2320, 1000.000000000000000 ) ;
#28 = EDGE_CURVE ( 'NONE', #3005, #2155, #3266, .T. ) ;
#29 = CARTESIAN_POINT ( 'NONE',  ( 1.687430029386158159, 3.000000000000001332, 1.176823246781788290 ) ) ;
#30 = CARTESIAN_POINT ( 'NONE',  ( 0.6954092308500675612, 2.999900000000000233, -0.3970775592623011496 ) ) ;
#31 = CARTESIAN_POINT ( 'NONE',  ( -2.149999999999999911, 0.000000000000000000, 2.150000000000000799 ) ) ;
#32 = ORIENTED_EDGE ( 'NONE', *, *, #2019, .T. ) ;
#33 = PLANE ( 'NONE',  #1564 ) ;
#34 = ADVANCED_FACE ( 'NONE', ( #412 ), #3260, .T. ) ;
#35 = CARTESIAN_POINT ( 'NONE',  ( -1.843529790660224821, 3.000000000000000000, -1.597050532934600531 ) ) ;
#36 = ORIENTED_EDGE ( 'NONE', *, *, #2371, .F. ) ;
#37 = CARTESIAN_POINT ( 'NONE',  ( 0.6990214886042268594, 2.999899999999999789, -1.057423845816054087 ) ) ;
#38 = VERTEX_POINT ( 'NONE', #1531 ) ;
#39 = FACE_OUTER_BOUND ( 'NONE', #2967, .T. ) ;
#40 = LINE ( 'NONE', #796, #856 ) ;
#41 = CARTESIAN_POINT ( 'NONE',  ( 1.694966950387240212, 3.000000000000000000, 0.4198051411385707032 ) ) ;
#42 = ORIENTED_EDGE ( 'NONE', *, *, #570, .F. ) ;
#43 = CARTESIAN_POINT ( 'NONE',  ( 0.7333073083514420887, 3.000000000000000000, -1.068476315587956860 ) ) ;
#44 = CARTESIAN_POINT ( 'NONE',  ( 1.668356728445578474, 2.999899999999999789, -0.3386107115238264909 ) ) ;
#45 = CARTESIAN_POINT ( 'NONE',  ( 2.149999999999999023, 3.000000000000000000, -2.149999999999999023 ) ) ;
#46 = CARTESIAN_POINT ( 'NONE',  ( -1.008836990433439107, 3.000000000000000000, -0.2119086614173194272 ) ) ;
#47 = VERTEX_POINT ( 'NONE', #1192 ) ;
#48 = B_SPLINE_CURVE_WITH_KNOTS ( 'NONE', 3,
 ( #146, #1046, #1293, #2734, #3588, #3567, #1025, #2672, #2171, #3318, #1003 ),
 .UNSPECIFIED., .F., .F.,
 ( 4, 1, 1, 1, 1, 1, 1, 1, 4 ),
 ( 0.000000000000000000, 0.2009044012478304608, 0.3599846282170893197, 0.4835952109184654124, 0.5715364693554777498, 0.6460191871590642565, 0.7285858147531649731, 0.8430130251172089917, 0.9999999999999998890 ),
 .UNSPECIFIED. ) ;
#49 = CARTESIAN_POINT ( 'NONE',  ( 1.642807023916652343, 2.999900000000000677, -0.2488529470967235091 ) ) ;
#50 = CARTESIAN_POINT ( 'NONE',  ( 0.6951264900699229976, 2.999899999999999789, 1.235743418430763407 ) ) ;
#51 = ORIENTED_EDGE ( 'NONE', *, *, #3632, .T. ) ;
#52 =( LENGTH_UNIT ( ) NAMED_UNIT ( * ) SI_UNIT ( .MILLI., .METRE. ) );
#53 = VECTOR ( 'NONE', #2924, 1000.000000000000000 ) ;
#54 = EDGE_CURVE ( 'NONE', #140, #438, #1255, .T. ) ;
#55 = CARTESIAN_POINT ( 'NONE',  ( 1.089268420975475493, 3.000000000000000000, 0.1063860234915118830 ) ) ;
#56 = ADVANCED_FACE ( 'NONE', ( #2895 ), #1749, .T. ) ;
#57 = ORIENTED_EDGE ( 'NONE', *, *, #1074, .F. ) ;
#58 = CARTESIAN_POINT ( 'NONE',  ( 0.6949669503872402121, 2.999900000000000233, -1.006435667684958402 ) ) ;
#59 = VERTEX_POINT ( 'NONE', #2652 ) ;
#60 =( NAMED_UNIT ( * ) SI_UNIT ( $, .STERADIAN. ) SOLID_ANGLE_UNIT ( ) );
#61 = CARTESIAN_POINT ( 'NONE',  ( 0.6949881018814876299, 2.999900000000000677, -0.1761675158166620403 ) ) ;
#62 = CARTESIAN_POINT ( 'NONE',  ( 1.187384229799004931, 2.999900000000000233, 0.1987573470209236526 ) ) ;
#63 = ORIENTED_EDGE ( 'NONE', *, *, #668, .F. ) ;
#64 = EDGE_CURVE ( 'NONE', #3231, #183, #2631, .T. ) ;
#65 = CARTESIAN_POINT ( 'NONE',  ( 0.7332017872868350494, 3.000000000000000444, 0.4673809546933098691 ) ) ;
#66 = CARTESIAN_POINT ( 'NONE',  ( 1.689871298297997981, 2.999900000000001121, -0.9537645181380300929 ) ) ;
#67 = CARTESIAN_POINT ( 'NONE',  ( 0.6951264900699232197, 3.000000000000000888, -0.4113154050986483345 ) ) ;
#68 = ORIENTED_EDGE ( 'NONE', *, *, #924, .F. ) ;
#69 = CARTESIAN_POINT ( 'NONE',  ( 0.6962516497033199858, 3.000000000000000444, 0.6027732123533547925 ) ) ;
#70 = CARTESIAN_POINT ( 'NONE',  ( 1.642807023916652343, 3.000000000000000444, -0.2488529470967235091 ) ) ;
#71 = EDGE_CURVE ( 'NONE', #551, #3633, #2116, .T. ) ;
#72 = EDGE_LOOP ( 'NONE', ( #2272, #2077, #265, #77 ) ) ;
#73 = CARTESIAN_POINT ( 'NONE',  ( 0.6950256249081664395, 3.000000000000000888, -0.1642129029779512417 ) ) ;
#74 = CARTESIAN_POINT ( 'NONE',  ( 1.642807023916652120, 2.999900000000000233, 1.295954038197394631 ) ) ;
#75 = VERTEX_POINT ( 'NONE', #3196 ) ;
#76 = CARTESIAN_POINT ( 'NONE',  ( 1.691020684309345601, 3.000000000000000888, 0.4715395253194210046 ) ) ;
#77 = ORIENTED_EDGE ( 'NONE', *, *, #1326, .T. ) ;
#78 = DIRECTION ( 'NONE',  ( -0.000000000000000000, 0.000000000000000000, 1.000000000000000000 ) ) ;
#79 = B_SPLINE_CURVE_WITH_KNOTS ( 'NONE', 3,
 ( #553, #1653, #3143, #571, #1383, #1426, #3109, #813, #1715, #1669, #2832 ),
 .UNSPECIFIED., .F., .F.,
 ( 4, 1, 1, 1, 1, 1, 1, 1, 4 ),
 ( 0.000000000000000000, 0.2475841483258847675, 0.4361234509600928066, 0.5765471439970858425, 0.6891935206218181564, 0.7769127325059270728, 0.8506699786920537409, 0.9203469832125574790, 0.9999999999999998890 ),
 .UNSPECIFIED. ) ;
#80 = CARTESIAN_POINT ( 'NONE',  ( 0.6957715594782748481, 3.000000000000000444, -0.1482982443289040941 ) ) ;
#81 = DIRECTION ( 'NONE',  ( -0.000000000000000000, 1.000000000000000000, -0.000000000000000000 ) ) ;
#82 = UNCERTAINTY_MEASURE_WITH_UNIT (LENGTH_MEASURE( 1.000000000000000082E-05 ), #2161, 'distance_accuracy_value', 'NONE');
#83 = ORIENTED_EDGE ( 'NONE', *, *, #3219, .F. ) ;
#84 = DIRECTION ( 'NONE',  ( -0.000000000000000000, 1.000000000000000000, -0.000000000000000000 ) ) ;
#85 = CARTESIAN_POINT ( 'NONE',  ( 0.7420388912173697671, 3.000000000000000444, 0.4627073679540392726 ) ) ;
#86 = COLOUR_RGB ( '',0.8274509803921568096, 0.8392156862745098200, 0.8274509803921568096 ) ;
#87 = CARTESIAN_POINT ( 'NONE',  ( -1.604999999999999538, -0.1000000000000000056, -1.625000000000000000 ) ) ;
#88 = CARTESIAN_POINT ( 'NONE',  ( 1.187384229799004931, 2.999900000000000233, 1.022286758785629912 ) ) ;
#89 = DIRECTION ( 'NONE',  ( 0.8679317172888709742, 0.000000000000000000, 0.4966835351851230929 ) ) ;
#90 = EDGE_CURVE ( 'NONE', #184, #2303, #1788, .T. ) ;
#91 = ORIENTED_EDGE ( 'NONE', *, *, #1864, .F. ) ;
#92 = AXIS2_PLACEMENT_3D ( 'NONE', #1758, #103, #3249 ) ;
#93 = CARTESIAN_POINT ( 'NONE',  ( 0.7333073083514421997, 2.999999999999999556, 0.5785825079414548266 ) ) ;
#94 = DIRECTION ( 'NONE',  ( 0.5150680234078905961, 0.000000000000000000, -0.8571493051170774313 ) ) ;
#95 = ORIENTED_EDGE ( 'NONE', *, *, #946, .T. ) ;
#96 = CARTESIAN_POINT ( 'NONE',  ( 1.604999999999999538, -0.1000000000000000056, -1.625000000000000444 ) ) ;
#97 = CARTESIAN_POINT ( 'NONE',  ( 1.678431273444241922, 2.999900000000000677, 1.309080113370286513 ) ) ;
#98 = LINE ( 'NONE', #391, #1929 ) ;
#99 =( GEOMETRIC_REPRESENTATION_CONTEXT ( 3 ) GLOBAL_UNCERTAINTY_ASSIGNED_CONTEXT ( ( #339 ) ) GLOBAL_UNIT_ASSIGNED_CONTEXT ( ( #1829, #700, #3338 ) ) REPRESENTATION_CONTEXT ( 'NONE', 'WORKASPACE' ) );
#100 = B_SPLINE_CURVE_WITH_KNOTS ( 'NONE', 3,
 ( #2592, #3443, #1763, #2367 ),
 .UNSPECIFIED., .F., .F.,
 ( 4, 4 ),
 ( 0.5454545454545455252, 0.6363636363636364646 ),
 .UNSPECIFIED. ) ;
#101 = CARTESIAN_POINT ( 'NONE',  ( 1.694930599229934609, 2.999900000000000233, 1.250921011345631273 ) ) ;
#102 = CARTESIAN_POINT ( 'NONE',  ( -0.5806732109058809765, 3.000000000000000000, -0.5220047244094457861 ) ) ;
#103 = DIRECTION ( 'NONE',  ( -0.5103313329909726637, 0.000000000000000000, -0.8599778663242775290 ) ) ;
#104 = ADVANCED_FACE ( 'NONE', ( #3236 ), #950, .T. ) ;
#105 = CARTESIAN_POINT ( 'NONE',  ( 1.671299670975475493, 3.000000000000000000, -0.9333658147437822183 ) ) ;
#106 = VECTOR ( 'NONE', #1478, 1000.000000000000000 ) ;
#107 = ORIENTED_EDGE ( 'NONE', *, *, #827, .T. ) ;
#108 = DIRECTION ( 'NONE',  ( 1.000000000000000000, 0.000000000000000000, 0.000000000000000000 ) ) ;
#109 = ORIENTED_EDGE ( 'NONE', *, *, #2802, .T. ) ;
#110 =( NAMED_UNIT ( * ) SI_UNIT ( $, .STERADIAN. ) SOLID_ANGLE_UNIT ( ) );
#111 = CARTESIAN_POINT ( 'NONE',  ( 2.149999999999999023, 0.000000000000000000, -2.149999999999999023 ) ) ;
#112 = CARTESIAN_POINT ( 'NONE',  ( 1.694962688120278616, 2.999900000000000233, -1.006662582330839273 ) ) ;
#113 = FACE_OUTER_BOUND ( 'NONE', #1331, .T. ) ;
#114 = ORIENTED_EDGE ( 'NONE', *, *, #1914, .T. ) ;
#115 = EDGE_CURVE ( 'NONE', #3291, #3550, #1565, .T. ) ;
#116 = CARTESIAN_POINT ( 'NONE',  ( 1.691048645160770691, 2.999900000000000233, -0.2454924549030464698 ) ) ;
#117 = CARTESIAN_POINT ( 'NONE',  ( -0.5432747857090265420, 3.000000000000000000, 0.4078110236220509610 ) ) ;
#118 = CARTESIAN_POINT ( 'NONE',  ( 0.7186342297990049310, 3.000000000000000000, -0.1075386088614292829 ) ) ;
#119 = LINE ( 'NONE', #35, #106 ) ;
#120 = LINE ( 'NONE', #1014, #3370 ) ;
#121 = VERTEX_POINT ( 'NONE', #1295 ) ;
#122 = CARTESIAN_POINT ( 'NONE',  ( 2.150000000000000799, 3.000000000000000000, 2.150000000000000799 ) ) ;
#123 = CARTESIAN_POINT ( 'NONE',  ( -0.4373228172050933060, 3.000000000000000000, -0.3764385826771631249 ) ) ;
#124 = CARTESIAN_POINT ( 'NONE',  ( 0.6975102315642288664, 3.000000000000000000, -0.4694212762612633427 ) ) ;
#125 = ORIENTED_EDGE ( 'NONE', *, *, #604, .F. ) ;
#126 = CARTESIAN_POINT ( 'NONE',  ( 0.6962516497033199858, 2.999900000000000677, -0.2207561994113515225 ) ) ;
#127 = ORIENTED_EDGE ( 'NONE', *, *, #761, .T. ) ;
#128 = PLANE ( 'NONE',  #494 ) ;
#129 = CARTESIAN_POINT ( 'NONE',  ( 0.7129990501655021351, 2.999999999999999556, 0.7121560704305837097 ) ) ;
#130 = CARTESIAN_POINT ( 'NONE',  ( 0.6949669503872402121, 3.000000000000000000, -1.006435667684958402 ) ) ;
#131 = CARTESIAN_POINT ( 'NONE',  ( 0.7849999999999996980, 0.000000000000000000, 1.625000000000000222 ) ) ;
#132 = EDGE_LOOP ( 'NONE', ( #2583, #2553, #1582, #2608 ) ) ;
#133 = DIRECTION ( 'NONE',  ( -0.000000000000000000, 1.000000000000000000, -0.000000000000000000 ) ) ;
#134 = CARTESIAN_POINT ( 'NONE',  ( -0.1632645494885593962, 3.000000000000000000, -0.6440314960629905938 ) ) ;
#135 = VECTOR ( 'NONE', #1304, 1000.000000000000000 ) ;
#136 = CARTESIAN_POINT ( 'NONE',  ( 0.6992534118308416646, 3.000000000000000444, 0.3436274290401257203 ) ) ;
#137 = LINE ( 'NONE', #2458, #2113 ) ;
#138 = PRESENTATION_LAYER_ASSIGNMENT (  '', '', ( #1630 ) ) ;
#139 = LINE ( 'NONE', #3561, #2231 ) ;
#140 = VERTEX_POINT ( 'NONE', #2469 ) ;
#141 = VECTOR ( 'NONE', #3541, 1000.000000000000114 ) ;
#142 = CARTESIAN_POINT ( 'NONE',  ( 0.6991903068836543556, 3.000000000000000444, -0.9505266915923248350 ) ) ;
#143 = CARTESIAN_POINT ( 'NONE',  ( 0.3469043481492387060, 2.999900000000000233, -0.3112015748031488060 ) ) ;
#144 = ORIENTED_EDGE ( 'NONE', *, *, #773, .F. ) ;
#145 = ORIENTED_EDGE ( 'NONE', *, *, #1091, .F. ) ;
#146 = CARTESIAN_POINT ( 'NONE',  ( 0.6949669503872402121, 2.999900000000000233, 0.6406231558444533958 ) ) ;
#147 = FACE_OUTER_BOUND ( 'NONE', #2268, .T. ) ;
#148 = CARTESIAN_POINT ( 'NONE',  ( 1.692619765420955158, 2.999900000000000677, 0.3708962561424928306 ) ) ;
#149 = ORIENTED_EDGE ( 'NONE', *, *, #1423, .F. ) ;
#150 = CARTESIAN_POINT ( 'NONE',  ( 1.184167318034299088, 3.000000000000000000, 0.8462757293738651931 ) ) ;
#151 = CARTESIAN_POINT ( 'NONE',  ( 1.694050612121599020, 2.999900000000000233, 1.207224916376134383 ) ) ;
#152 = EDGE_CURVE ( 'NONE', #2282, #174, #187, .T. ) ;
#153 = B_SPLINE_SURFACE_WITH_KNOTS ( 'NONE', 3, 1, ( 
 ( #1178, #2330 ),
 ( #2311, #3463 ),
 ( #885, #1731 ),
 ( #2934, #69 ),
 ( #306, #623 ),
 ( #1216, #2351 ),
 ( #3504, #2655 ),
 ( #2372, #925 ),
 ( #3447, #93 ),
 ( #2078, #3218 ),
 ( #3520, #1791 ) ),
 .UNSPECIFIED., .F., .F., .F.,
 ( 4, 1, 1, 1, 1, 1, 1, 1, 4 ),
 ( 2, 2 ),
 ( 0.000000000000000000, 0.2009044012478304608, 0.3599846282170893197, 0.4835952109184654124, 0.5715364693554777498, 0.6460191871590642565, 0.7285858147531649731, 0.8430130251172089917, 0.9999999999999998890 ),
 ( 0.000000000000000000, 1.000000000000000000 ),
 .UNSPECIFIED. ) ;
#154 = ORIENTED_EDGE ( 'NONE', *, *, #828, .F. ) ;
#155 = CARTESIAN_POINT ( 'NONE',  ( 1.694930599229934609, 3.000000000000000000, 1.250921011345631273 ) ) ;
#156 = CARTESIAN_POINT ( 'NONE',  ( 1.604999999999999538, 0.000000000000000000, -1.625000000000000444 ) ) ;
#157 = LINE ( 'NONE', #195, #3042 ) ;
#158 = DIRECTION ( 'NONE',  ( -0.000000000000000000, 0.000000000000000000, 1.000000000000000000 ) ) ;
#159 = EDGE_CURVE ( 'NONE', #2403, #3086, #1545, .T. ) ;
#160 = CARTESIAN_POINT ( 'NONE',  ( 1.694930599229934609, 3.000000000000000000, 1.250921011345631273 ) ) ;
#161 = CARTESIAN_POINT ( 'NONE',  ( 0.7186342297990049310, 3.000000000000000000, -0.9310680206261351399 ) ) ;
#162 = CARTESIAN_POINT ( 'NONE',  ( -2.150000000000000355, 0.000000000000000000, -2.149999999999999023 ) ) ;
#163 = CARTESIAN_POINT ( 'NONE',  ( 0.6949669503872402121, 3.000000000000000000, 0.4041801411385707032 ) ) ;
#164 = ORIENTED_EDGE ( 'NONE', *, *, #468, .T. ) ;
#165 = ORIENTED_EDGE ( 'NONE', *, *, #1981, .F. ) ;
#166 = CARTESIAN_POINT ( 'NONE',  ( 1.671299670975475493, 3.000000000000000000, 1.162681979373865193 ) ) ;
#167 = CARTESIAN_POINT ( 'NONE',  ( 0.7028656193565711030, 2.999900000000000677, 0.7032986776907742543 ) ) ;
#168 = AXIS2_PLACEMENT_3D ( 'NONE', #1595, #1324, #2460 ) ;
#169 = CARTESIAN_POINT ( 'NONE',  ( 0.6952184970927524077, 3.000000000000000444, -1.026742404198082603 ) ) ;
#170 = ORIENTED_EDGE ( 'NONE', *, *, #246, .T. ) ;
#171 = CARTESIAN_POINT ( 'NONE',  ( 1.693335768749239190, 2.999999999999999556, -0.3650781908108940432 ) ) ;
#172 = ORIENTED_EDGE ( 'NONE', *, *, #773, .T. ) ;
#173 = CARTESIAN_POINT ( 'NONE',  ( -1.701719806763284604, 2.999900000000000233, -1.597050532934600531 ) ) ;
#174 = VERTEX_POINT ( 'NONE', #3636 ) ;
#175 = LINE ( 'NONE', #1302, #1810 ) ;
#176 = DIRECTION ( 'NONE',  ( 0.8589240550050705192, 0.000000000000000000, 0.5121029854762092492 ) ) ;
#177 = FACE_OUTER_BOUND ( 'NONE', #3651, .T. ) ;
#178 = CARTESIAN_POINT ( 'NONE',  ( 1.642807023916652343, 2.999900000000000677, -1.072382358861429408 ) ) ;
#179 = CARTESIAN_POINT ( 'NONE',  ( 1.692619765420955158, 3.000000000000000444, -0.4526331556222130681 ) ) ;
#180 = ADVANCED_FACE ( 'NONE', ( #206 ), #1027, .F. ) ;
#181 = CARTESIAN_POINT ( 'NONE',  ( 1.694962688120278616, 3.000000000000000888, 0.6403962411985729686 ) ) ;
#182 = EDGE_CURVE ( 'NONE', #896, #3167, #1867, .T. ) ;
#183 = VERTEX_POINT ( 'NONE', #682 ) ;
#184 = VERTEX_POINT ( 'NONE', #1586 ) ;
#185 = PRODUCT_DEFINITION_SHAPE ( 'NONE', 'NONE',  #1736 ) ;
#186 = CARTESIAN_POINT ( 'NONE',  ( 1.642807023916652120, 2.999900000000000233, 0.4724246264326883438 ) ) ;
#187 = LINE ( 'NONE', #1049, #1836 ) ;
#188 = VERTEX_POINT ( 'NONE', #2493 ) ;
#189 = ADVANCED_FACE ( 'NONE', ( #2694 ), #448, .T. ) ;
#190 = FACE_BOUND ( 'NONE', #696, .T. ) ;
#191 = VERTEX_POINT ( 'NONE', #274 ) ;
#192 = CARTESIAN_POINT ( 'NONE',  ( 1.276998200387240434, 2.999900000000000233, -0.7100202265084879505 ) ) ;
#193 = CARTESIAN_POINT ( 'NONE',  ( 0.6949669503872402121, 2.999900000000000233, 0.6406231558444533958 ) ) ;
#194 = EDGE_CURVE ( 'NONE', #2525, #1484, #248, .T. ) ;
#195 = CARTESIAN_POINT ( 'NONE',  ( 1.671299670975475493, 2.999900000000000233, -0.1098364029790764168 ) ) ;
#196 = CARTESIAN_POINT ( 'NONE',  ( 0.7129990501655021351, 2.999999999999999556, -0.9349027530988278656 ) ) ;
#197 = MECHANICAL_DESIGN_GEOMETRIC_PRESENTATION_REPRESENTATION (  '', ( #1630 ), #2939 ) ;
#198 = CARTESIAN_POINT ( 'NONE',  ( 0.7849999999999996980, -0.1000000000000000056, -1.625000000000000222 ) ) ;
#199 = CARTESIAN_POINT ( 'NONE',  ( 1.689871298297997981, 3.000000000000001332, 0.6932943053913822595 ) ) ;
#200 = ORIENTED_EDGE ( 'NONE', *, *, #2596, .T. ) ;
#201 = FACE_OUTER_BOUND ( 'NONE', #2452, .T. ) ;
#202 = MECHANICAL_DESIGN_GEOMETRIC_PRESENTATION_REPRESENTATION (  '', ( #845 ), #1037 ) ;
#203 = EDGE_LOOP ( 'NONE', ( #633, #2041, #1030, #335 ) ) ;
#204 = FILL_AREA_STYLE ('',( #222 ) ) ;
#205 = DIRECTION ( 'NONE',  ( 0.8679317172888709742, 0.000000000000000000, 0.4966835351851230929 ) ) ;
#206 = FACE_OUTER_BOUND ( 'NONE', #1893, .T. ) ;
#207 = VERTEX_POINT ( 'NONE', #1137 ) ;
#208 = CARTESIAN_POINT ( 'NONE',  ( 0.7186342297990050421, 2.999900000000000677, -0.5016103000378998589 ) ) ;
#209 = ORIENTED_EDGE ( 'NONE', *, *, #1898, .T. ) ;
#210 = CARTESIAN_POINT ( 'NONE',  ( 1.656402406387030402, 2.999900000000000677, 0.4800667102338018188 ) ) ;
#211 = FACE_BOUND ( 'NONE', #1120, .T. ) ;
#212 = DIRECTION ( 'NONE',  ( 0.8644584418281029414, 0.000000000000000000, -0.5027042891722014462 ) ) ;
#213 = CARTESIAN_POINT ( 'NONE',  ( 0.7471268768578285258, 2.999900000000000233, -0.2378235353320174994 ) ) ;
#214 = B_SPLINE_SURFACE_WITH_KNOTS ( 'NONE', 3, 1, ( 
 ( #870, #3084 ),
 ( #3149, #1147 ),
 ( #2286, #3682 ),
 ( #3131, #3453 ),
 ( #2867, #1166 ),
 ( #295, #2586 ),
 ( #1657, #2523 ),
 ( #3697, #3115 ),
 ( #1386, #16 ),
 ( #2301, #251 ),
 ( #2810, #235 ) ),
 .UNSPECIFIED., .F., .F., .F.,
 ( 4, 1, 1, 1, 1, 1, 1, 1, 4 ),
 ( 2, 2 ),
 ( 0.000000000000000000, 0.2475841483258847675, 0.4361234509600928066, 0.5765471439970858425, 0.6891935206218181564, 0.7769127325059270728, 0.8506699786920537409, 0.9203469832125574790, 0.9999999999999998890 ),
 ( 0.000000000000000000, 1.000000000000000000 ),
 .UNSPECIFIED. ) ;
#215 = AXIS2_PLACEMENT_3D ( 'NONE', #143, #913, #982 ) ;
#216 = CARTESIAN_POINT ( 'NONE',  ( 0.7167363701304686474, 3.000000000000000444, 0.3234732054218903419 ) ) ;
#217 = CARTESIAN_POINT ( 'NONE',  ( 0.6957715594782747370, 2.999900000000000233, -0.9718276560936097708 ) ) ;
#218 = CARTESIAN_POINT ( 'NONE',  ( 1.683008949238502749, 2.999899999999999789, 0.3475304545172494541 ) ) ;
#219 = ORIENTED_EDGE ( 'NONE', *, *, #3157, .T. ) ;
#220 = CARTESIAN_POINT ( 'NONE',  ( 1.678431273444241256, 2.999900000000000233, 0.4855507016055799485 ) ) ;
#221 = ORIENTED_EDGE ( 'NONE', *, *, #997, .T. ) ;
#222 = FILL_AREA_STYLE_COLOUR ( '', #2043 ) ;
#223 = CARTESIAN_POINT ( 'NONE',  ( 0.6950230845708413874, 2.999899999999999789, 1.208016864795694145 ) ) ;
#224 = EDGE_LOOP ( 'NONE', ( #3481, #2213, #144, #2288 ) ) ;
#225 = SURFACE_STYLE_FILL_AREA ( #3707 ) ;
#226 = CARTESIAN_POINT ( 'NONE',  ( 1.686675839746154315, 2.999999999999999112, -0.9462446849573414864 ) ) ;
#227 = EDGE_CURVE ( 'NONE', #3359, #438, #3655, .T. ) ;
#228 = CARTESIAN_POINT ( 'NONE',  ( -2.149999999999999911, 3.000000000000000000, 2.150000000000000799 ) ) ;
#229 = PRESENTATION_STYLE_ASSIGNMENT (( #2181 ) ) ;
#230 = CARTESIAN_POINT ( 'NONE',  ( 1.678652372839754436, 2.999899999999999789, -1.084927767803316012 ) ) ;
#231 = CARTESIAN_POINT ( 'NONE',  ( 0.7186342297990050421, 3.000000000000000444, -0.5016103000378998589 ) ) ;
#232 = EDGE_CURVE ( 'NONE', #1717, #2384, #1392, .T. ) ;
#233 = CARTESIAN_POINT ( 'NONE',  ( 1.690244320670792222, 2.999899999999999789, 0.3610506391608527266 ) ) ;
#234 = FACE_OUTER_BOUND ( 'NONE', #2902, .T. ) ;
#235 = CARTESIAN_POINT ( 'NONE',  ( 1.671299670975475493, 3.000000000000000444, -0.1098364029790764168 ) ) ;
#236 = CARTESIAN_POINT ( 'NONE',  ( 1.683008949238502749, 2.999999999999999556, 0.3475304545172494541 ) ) ;
#237 = ORIENTED_EDGE ( 'NONE', *, *, #1142, .T. ) ;
#238 = CARTESIAN_POINT ( 'NONE',  ( 0.6957715594782748481, 3.000000000000000000, 0.6752311674358022486 ) ) ;
#239 = FACE_OUTER_BOUND ( 'NONE', #2211, .T. ) ;
#240 = CARTESIAN_POINT ( 'NONE',  ( 1.187384229799004931, 2.999900000000000233, -0.6247720647437822183 ) ) ;
#241 = ORIENTED_EDGE ( 'NONE', *, *, #54, .T. ) ;
#242 = LINE ( 'NONE', #1980, #3502 ) ;
#243 = AXIS2_PLACEMENT_3D ( 'NONE', #1105, #1377, #2949 ) ;
#244 = CARTESIAN_POINT ( 'NONE',  ( -1.843529790660226375, 3.000000000000000000, 1.597050532934600975 ) ) ;
#245 = LINE ( 'NONE', #3126, #3263 ) ;
#246 = EDGE_CURVE ( 'NONE', #2741, #1155, #3393, .T. ) ;
#247 = CARTESIAN_POINT ( 'NONE',  ( 0.6950230845708413874, 3.000000000000000444, -0.4390419587337179852 ) ) ;
#248 = B_SPLINE_CURVE_WITH_KNOTS ( 'NONE', 3,
 ( #793, #2271, #3090, #2515, #3704, #841, #3069, #3377, #1977, #3120, #522 ),
 .UNSPECIFIED., .F., .F.,
 ( 4, 1, 1, 1, 1, 1, 1, 1, 4 ),
 ( 0.000000000000000000, 0.1528910399261259045, 0.2655498866055905904, 0.3469726293230774861, 0.4171409348174465181, 0.5027291515886440632, 0.6212628926146340769, 0.7862933040589764611, 0.9999999999999998890 ),
 .UNSPECIFIED. ) ;
#249 = CARTESIAN_POINT ( 'NONE',  ( 1.677578225062696049, 3.000000000000000444, -0.4805863591837926663 ) ) ;
#250 = EDGE_CURVE ( 'NONE', #499, #1349, #3673, .T. ) ;
#251 = CARTESIAN_POINT ( 'NONE',  ( 1.673407653665099692, 3.000000000000000444, -0.1109152282551151558 ) ) ;
#252 = CARTESIAN_POINT ( 'NONE',  ( -2.150000000000000355, 0.000000000000000000, -2.149999999999999023 ) ) ;
#253 = ORIENTED_EDGE ( 'NONE', *, *, #331, .T. ) ;
#254 = CARTESIAN_POINT ( 'NONE',  ( 1.694961377924933066, 2.999900000000000233, -0.4107730526502146873 ) ) ;
#255 = CARTESIAN_POINT ( 'NONE',  ( 0.7186342297990049310, 2.999900000000000233, 1.145448523491512161 ) ) ;
#256 = MECHANICAL_DESIGN_GEOMETRIC_PRESENTATION_REPRESENTATION (  '', ( #1870 ), #2109 ) ;
#257 = DIRECTION ( 'NONE',  ( -0.8701091694029016166, 0.000000000000000000, 0.4928590400114343240 ) ) ;
#258 = ORIENTED_EDGE ( 'NONE', *, *, #3388, .T. ) ;
#259 = CARTESIAN_POINT ( 'NONE',  ( 0.7471268768578285258, 2.999900000000000233, 0.5857058764326887879 ) ) ;
#260 = CARTESIAN_POINT ( 'NONE',  ( 1.694966950387240212, 2.999900000000000233, 0.4198051411385707032 ) ) ;
#261 = CARTESIAN_POINT ( 'NONE',  ( 1.604999999999999538, -0.1000000000000000056, -1.625000000000000444 ) ) ;
#262 = EDGE_CURVE ( 'NONE', #3291, #2559, #2228, .T. ) ;
#263 = CARTESIAN_POINT ( 'NONE',  ( 0.6958075284347930989, 2.999900000000000677, -0.4560854901574646902 ) ) ;
#264 = STYLED_ITEM ( 'NONE', ( #1470 ), #1165 ) ;
#265 = ORIENTED_EDGE ( 'NONE', *, *, #727, .F. ) ;
#266 = CARTESIAN_POINT ( 'NONE',  ( 1.642807023916652120, 3.000000000000000000, 0.4724246264326883438 ) ) ;
#267 = CARTESIAN_POINT ( 'NONE',  ( -0.4373228172050933060, 2.999900000000000233, -0.3764385826771631249 ) ) ;
#268 = EDGE_CURVE ( 'NONE', #1583, #983, #1710, .T. ) ;
#269 = CARTESIAN_POINT ( 'NONE',  ( 1.694966950387240212, 2.999900000000000233, 1.243334552903277102 ) ) ;
#270 = VECTOR ( 'NONE', #1092, 1000.000000000000000 ) ;
#271 = VERTEX_POINT ( 'NONE', #240 ) ;
#272 = CARTESIAN_POINT ( 'NONE',  ( 0.6950256249081664395, 3.000000000000000888, 0.6593165087867551843 ) ) ;
#273 = CARTESIAN_POINT ( 'NONE',  ( 1.671299670975475493, 2.999900000000000233, 0.3391525676091589059 ) ) ;
#274 = CARTESIAN_POINT ( 'NONE',  ( 0.7186342297990049310, 3.000000000000000000, 0.7159908029032769905 ) ) ;
#275 = ORIENTED_EDGE ( 'NONE', *, *, #9, .F. ) ;
#276 = PLANE ( 'NONE',  #3068 ) ;
#277 = CARTESIAN_POINT ( 'NONE',  ( 1.089268420975475493, 2.999900000000000233, 0.9299154352562181147 ) ) ;
#278 = CARTESIAN_POINT ( 'NONE',  ( 0.6992534118308416646, 2.999900000000000677, -0.4799019827245800673 ) ) ;
#279 = ORIENTED_EDGE ( 'NONE', *, *, #1032, .F. ) ;
#280 = CARTESIAN_POINT ( 'NONE',  ( 1.694966950387240212, 3.000000000000000000, -0.4037242706261350844 ) ) ;
#281 = CARTESIAN_POINT ( 'NONE',  ( 0.6962516497033199858, 2.999900000000000677, -0.2207561994113515225 ) ) ;
#282 = ORIENTED_EDGE ( 'NONE', *, *, #3617, .T. ) ;
#283 = ADVANCED_FACE ( 'NONE', ( #1421 ), #2572, .F. ) ;
#284 =( NAMED_UNIT ( * ) SI_UNIT ( $, .STERADIAN. ) SOLID_ANGLE_UNIT ( ) );
#285 = EDGE_CURVE ( 'NONE', #2716, #3316, #1611, .T. ) ;
#286 = DIRECTION ( 'NONE',  ( -0.000000000000000000, 1.000000000000000000, -0.000000000000000000 ) ) ;
#287 = ORIENTED_EDGE ( 'NONE', *, *, #2478, .T. ) ;
#288 = CARTESIAN_POINT ( 'NONE',  ( 1.184167318034299088, 3.000000000000000000, 0.02274631760915905507 ) ) ;
#289 = CARTESIAN_POINT ( 'NONE',  ( 0.7108521438061916609, 3.000000000000000888, -1.072691946298899079 ) ) ;
#290 = CARTESIAN_POINT ( 'NONE',  ( -1.843529790660224821, 2.999900000000000233, -1.597050532934600531 ) ) ;
#291 = DIRECTION ( 'NONE',  ( -0.000000000000000000, 1.000000000000000000, -0.000000000000000000 ) ) ;
#292 = ORIENTED_EDGE ( 'NONE', *, *, #3698, .F. ) ;
#293 = FILL_AREA_STYLE ('',( #2866 ) ) ;
#294 = EDGE_CURVE ( 'NONE', #593, #422, #927, .T. ) ;
#295 = CARTESIAN_POINT ( 'NONE',  ( 1.689871298297997981, 2.999900000000001121, -0.1302351063733241665 ) ) ;
#296 = CARTESIAN_POINT ( 'NONE',  ( 1.184167318034299088, 2.999900000000000233, 0.8462757293738651931 ) ) ;
#297 = ORIENTED_EDGE ( 'NONE', *, *, #285, .T. ) ;
#298 = VECTOR ( 'NONE', #3413, 1000.000000000000000 ) ;
#299 = CARTESIAN_POINT ( 'NONE',  ( 1.678652372839754436, 2.999999999999999556, 0.5621310557260960072 ) ) ;
#300 = ORIENTED_EDGE ( 'NONE', *, *, #325, .F. ) ;
#301 = CARTESIAN_POINT ( 'NONE',  ( 0.6954092308500675612, 3.000000000000000000, 0.4264518525024046935 ) ) ;
#302 = PLANE ( 'NONE',  #1358 ) ;
#303 = CARTESIAN_POINT ( 'NONE',  ( 1.691020684309345157, 3.000000000000000000, 1.295068937084127070 ) ) ;
#304 = CARTESIAN_POINT ( 'NONE',  ( 1.677578225062696049, 3.000000000000000444, 1.166472464345619464 ) ) ;
#305 = AXIS2_PLACEMENT_3D ( 'NONE', #2128, #3268, #2748 ) ;
#306 = CARTESIAN_POINT ( 'NONE',  ( 0.6990214886042269704, 2.999900000000000233, 0.5896349777133579328 ) ) ;
#307 = CARTESIAN_POINT ( 'NONE',  ( -1.101834628228715252, 2.999900000000000233, -0.006963779527552688836 ) ) ;
#308 = VERTEX_POINT ( 'NONE', #1525 ) ;
#309 = SURFACE_STYLE_FILL_AREA ( #293 ) ;
#310 = VERTEX_POINT ( 'NONE', #2870 ) ;
#311 =( NAMED_UNIT ( * ) SI_UNIT ( $, .STERADIAN. ) SOLID_ANGLE_UNIT ( ) );
#312 = ORIENTED_EDGE ( 'NONE', *, *, #3617, .F. ) ;
#313 = DIRECTION ( 'NONE',  ( 0.5027042891722015572, 0.000000000000000000, 0.8644584418281030525 ) ) ;
#314 = CARTESIAN_POINT ( 'NONE',  ( 1.668356728445578474, 3.000000000000000444, 0.4849187002408792413 ) ) ;
#315 = CARTESIAN_POINT ( 'NONE',  ( -0.8143495888586361753, 3.000000000000000000, 0.2976614173228401272 ) ) ;
#316 = UNCERTAINTY_MEASURE_WITH_UNIT (LENGTH_MEASURE( 1.000000000000000082E-05 ), #1285, 'distance_accuracy_value', 'NONE');
#317 = ORIENTED_EDGE ( 'NONE', *, *, #2859, .F. ) ;
#318 = CARTESIAN_POINT ( 'NONE',  ( 0.7167363701304686474, 2.999900000000000233, 1.147002617186596574 ) ) ;
#319 = CARTESIAN_POINT ( 'NONE',  ( 1.691048645160770469, 2.999900000000000677, -1.069021866667752452 ) ) ;
#320 = CARTESIAN_POINT ( 'NONE',  ( 1.187384229799004931, 2.999900000000000233, 1.022286758785629912 ) ) ;
#321 = VECTOR ( 'NONE', #496, 1000.000000000000000 ) ;
#322 = CARTESIAN_POINT ( 'NONE',  ( -1.101834628228715252, 3.000000000000000000, -0.006963779527552688836 ) ) ;
#323 = EDGE_CURVE ( 'NONE', #1277, #393, #2362, .T. ) ;
#324 = LINE ( 'NONE', #1160, #2961 ) ;
#325 = EDGE_CURVE ( 'NONE', #1490, #1063, #2783, .T. ) ;
#326 = VECTOR ( 'NONE', #2387, 1000.000000000000000 ) ;
#327 = CARTESIAN_POINT ( 'NONE',  ( 1.647800524902918395, 2.999900000000000677, -0.2515928493404981925 ) ) ;
#328 = EDGE_LOOP ( 'NONE', ( #1447, #1138, #149, #3128 ) ) ;
#329 = DIRECTION ( 'NONE',  ( 2.412262657225686272E-13, 1.000000000000000000, 4.396374354361852479E-13 ) ) ;
#330 = STYLED_ITEM ( 'NONE', ( #1918 ), #3345 ) ;
#331 = EDGE_CURVE ( 'NONE', #741, #499, #2273, .T. ) ;
#332 = CARTESIAN_POINT ( 'NONE',  ( 1.668356728445578252, 2.999899999999999789, 1.308448112005585084 ) ) ;
#333 = ORIENTED_EDGE ( 'NONE', *, *, #831, .T. ) ;
#334 = CARTESIAN_POINT ( 'NONE',  ( 0.6950570517042601315, 2.999900000000000677, -1.013709321698763599 ) ) ;
#335 = ORIENTED_EDGE ( 'NONE', *, *, #64, .T. ) ;
#336 = CARTESIAN_POINT ( 'NONE',  ( 0.2031441119287660524, 2.999900000000000233, -0.1458212598425193962 ) ) ;
#337 = FILL_AREA_STYLE ('',( #958 ) ) ;
#338 = CARTESIAN_POINT ( 'NONE',  ( 1.694866229732195695, 3.000000000000000888, -0.3827039477418532343 ) ) ;
#339 = UNCERTAINTY_MEASURE_WITH_UNIT (LENGTH_MEASURE( 1.000000000000000082E-05 ), #1829, 'distance_accuracy_value', 'NONE');
#340 = ORIENTED_EDGE ( 'NONE', *, *, #1983, .F. ) ;
#341 = CARTESIAN_POINT ( 'NONE',  ( 1.642807023916652120, 2.999900000000000233, -0.3511047853320174439 ) ) ;
#342 = EDGE_CURVE ( 'NONE', #1793, #3204, #1502, .T. ) ;
#343 = CARTESIAN_POINT ( 'NONE',  ( 1.694055144851020378, 3.000000000000000000, -0.9766110621223713650 ) ) ;
#344 = CARTESIAN_POINT ( 'NONE',  ( 0.6954092308500675612, 3.000000000000000000, -0.3970775592623011496 ) ) ;
#345 = ORIENTED_EDGE ( 'NONE', *, *, #3421, .T. ) ;
#346 = CARTESIAN_POINT ( 'NONE',  ( 1.694966950387240212, 2.999900000000000233, -0.4037242706261350844 ) ) ;
#347 = B_SPLINE_CURVE_WITH_KNOTS ( 'NONE', 3,
 ( #123, #102, #1580, #2439 ),
 .UNSPECIFIED., .F., .F.,
 ( 4, 4 ),
 ( 0.3636363636363636465, 0.4545454545454545858 ),
 .UNSPECIFIED. ) ;
#348 = LINE ( 'NONE', #867, #2562 ) ;
#349 = VERTEX_POINT ( 'NONE', #936 ) ;
#350 = CARTESIAN_POINT ( 'NONE',  ( 0.6949881018814876299, 3.000000000000000444, -0.1761675158166620403 ) ) ;
#351 = CARTESIAN_POINT ( 'NONE',  ( 0.2008905686216796438, 3.000000000000000000, 0.01724409448819043400 ) ) ;
#352 = ORIENTED_EDGE ( 'NONE', *, *, #3130, .T. ) ;
#353 = CARTESIAN_POINT ( 'NONE',  ( 0.7210980718333989126, 2.999900000000000233, -1.072498408463537167 ) ) ;
#354 = CARTESIAN_POINT ( 'NONE',  ( 0.7211376614994798873, 3.000000000000000444, 0.4724627688794500457 ) ) ;
#355 = ADVANCED_FACE ( 'NONE', ( #2087 ), #3297, .F. ) ;
#356 = CARTESIAN_POINT ( 'NONE',  ( 0.7167214233176066873, 2.999900000000000233, -0.1088402712050014765 ) ) ;
#357 = CARTESIAN_POINT ( 'NONE',  ( 1.691048645160770691, 3.000000000000000000, 0.5780369568616600118 ) ) ;
#358 = VERTEX_POINT ( 'NONE', #41 ) ;
#359 = CARTESIAN_POINT ( 'NONE',  ( 0.6949870368931666542, 2.999899999999999789, 1.220662914455770132 ) ) ;
#360 = LINE ( 'NONE', #919, #899 ) ;
#361 =( NAMED_UNIT ( * ) PLANE_ANGLE_UNIT ( ) SI_UNIT ( $, .RADIAN. ) );
#362 = CARTESIAN_POINT ( 'NONE',  ( 1.668356728445578252, 2.999999999999999556, 1.308448112005585084 ) ) ;
#363 = PLANE ( 'NONE',  #903 ) ;
#364 = EDGE_LOOP ( 'NONE', ( #1757, #2175, #733, #1911 ) ) ;
#365 = MECHANICAL_DESIGN_GEOMETRIC_PRESENTATION_REPRESENTATION (  '', ( #837 ), #789 ) ;
#366 = CARTESIAN_POINT ( 'NONE',  ( 0.6949669503872402121, 2.999900000000000233, -0.4193492706261351399 ) ) ;
#367 = VECTOR ( 'NONE', #1900, 1000.000000000000000 ) ;
#368 = CARTESIAN_POINT ( 'NONE',  ( 1.694937146817277362, 2.999900000000000677, -0.1984600711412838336 ) ) ;
#369 = COLOUR_RGB ( '',0.1019607843137254888, 0.1019607843137254888, 0.1019607843137254888 ) ;
#370 = VECTOR ( 'NONE', #2479, 1000.000000000000000 ) ;
#371 = VERTEX_POINT ( 'NONE', #651 ) ;
#372 = EDGE_CURVE ( 'NONE', #2633, #3633, #1801, .T. ) ;
#373 = DIRECTION ( 'NONE',  ( 2.644395542647572752E-16, 0.000000000000000000, 1.000000000000000000 ) ) ;
#374 = CARTESIAN_POINT ( 'NONE',  ( -0.9126810849216281385, 2.999900000000000233, -0.5326559055118056385 ) ) ;
#375 = CARTESIAN_POINT ( 'NONE',  ( 0.7332017872868350494, 2.999900000000000677, 0.4673809546933098691 ) ) ;
#376 = DIRECTION ( 'NONE',  ( -0.8701091694029016166, 0.000000000000000000, 0.4928590400114342684 ) ) ;
#377 = SURFACE_SIDE_STYLE ('',( #2965 ) ) ;
#378 = ADVANCED_FACE ( 'NONE', ( #860 ), #2159, .T. ) ;
#379 = CARTESIAN_POINT ( 'NONE',  ( 1.693265861239841019, 3.000000000000000000, 0.5921982956610357673 ) ) ;
#380 = ORIENTED_EDGE ( 'NONE', *, *, #1618, .F. ) ;
#381 = ORIENTED_EDGE ( 'NONE', *, *, #644, .T. ) ;
#382 = CARTESIAN_POINT ( 'NONE',  ( 1.686483065428980410, 3.000000000000000000, -1.079152373678758714 ) ) ;
#383 = LINE ( 'NONE', #2115, #3440 ) ;
#384 = B_SPLINE_SURFACE_WITH_KNOTS ( 'NONE', 3, 1, ( 
 ( #3699, #1417 ),
 ( #1403, #1956 ),
 ( #1940, #3415 ),
 ( #3064, #1350 ) ),
 .UNSPECIFIED., .F., .F., .F.,
 ( 4, 4 ),
 ( 2, 2 ),
 ( 0.7272727272727274039, 0.8181818181818183433 ),
 ( 0.000000000000000000, 1.000000000000000000 ),
 .UNSPECIFIED. ) ;
#385 = CARTESIAN_POINT ( 'NONE',  ( -1.190766911693281971, 3.000000000000000000, -0.4028220472440876554 ) ) ;
#386 = ORIENTED_EDGE ( 'NONE', *, *, #1334, .T. ) ;
#387 = AXIS2_PLACEMENT_3D ( 'NONE', #1456, #1813, #2614 ) ;
#388 = CARTESIAN_POINT ( 'NONE',  ( 1.692619765420955158, 2.999899999999999789, 1.194425667907199173 ) ) ;
#389 = CARTESIAN_POINT ( 'NONE',  ( 1.678652372839754436, 2.999999999999999556, -0.2613983560386101135 ) ) ;
#390 = B_SPLINE_CURVE_WITH_KNOTS ( 'NONE', 3,
 ( #1141, #1750, #3462, #2278, #568, #2861, #289, #1528, #43, #1505, #2404 ),
 .UNSPECIFIED., .F., .F.,
 ( 4, 1, 1, 1, 1, 1, 1, 1, 4 ),
 ( 0.000000000000000000, 0.2009044012478312657, 0.3599846282170889311, 0.4835952109184659120, 0.5715364693554773057, 0.6460191871590649226, 0.7285858147531654172, 0.8430130251172096578, 1.000000000000000000 ),
 .UNSPECIFIED. ) ;
#391 = CARTESIAN_POINT ( 'NONE',  ( 1.187384229799004931, 2.999900000000000233, -0.6247720647437822183 ) ) ;
#392 = STYLED_ITEM ( 'NONE', ( #1961 ), #283 ) ;
#393 = VERTEX_POINT ( 'NONE', #1043 ) ;
#394 = LINE ( 'NONE', #2165, #3110 ) ;
#395 = B_SPLINE_CURVE_WITH_KNOTS ( 'NONE', 3,
 ( #578, #1133, #3437, #1721, #3152, #2008, #1992, #3133, #857, #2771, #3353 ),
 .UNSPECIFIED., .F., .F.,
 ( 4, 1, 1, 1, 1, 1, 1, 1, 4 ),
 ( 0.000000000000000000, 0.2009044012478304608, 0.3599846282170893197, 0.4835952109184654124, 0.5715364693554777498, 0.6460191871590642565, 0.7285858147531649731, 0.8430130251172089917, 0.9999999999999998890 ),
 .UNSPECIFIED. ) ;
#396 = PRESENTATION_STYLE_ASSIGNMENT (( #1524 ) ) ;
#397 = FACE_OUTER_BOUND ( 'NONE', #1886, .T. ) ;
#398 = VERTEX_POINT ( 'NONE', #3043 ) ;
#399 = EDGE_CURVE ( 'NONE', #2968, #1583, #2966, .T. ) ;
#400 = ORIENTED_EDGE ( 'NONE', *, *, #2601, .F. ) ;
#401 = ADVANCED_FACE ( 'NONE', ( #397 ), #1017, .T. ) ;
#402 = DIRECTION ( 'NONE',  ( 0.000000000000000000, -0.000000000000000000, 1.000000000000000000 ) ) ;
#403 = CARTESIAN_POINT ( 'NONE',  ( 0.7332017872868343833, 2.999999999999999112, 1.290910366458015268 ) ) ;
#404 = FACE_OUTER_BOUND ( 'NONE', #1851, .T. ) ;
#405 = ORIENTED_EDGE ( 'NONE', *, *, #2941, .F. ) ;
#406 = CARTESIAN_POINT ( 'NONE',  ( 1.671299670975475493, 3.000000000000000000, -0.9333658147437822183 ) ) ;
#407 = CARTESIAN_POINT ( 'NONE',  ( 1.694884334082952693, 2.999899999999999789, -0.2125850670272729781 ) ) ;
#408 = CARTESIAN_POINT ( 'NONE',  ( 0.7074508662698739681, 3.000000000000000444, -0.1151328018261325442 ) ) ;
#409 = DIRECTION ( 'NONE',  ( -0.000000000000000000, -1.000000000000000000, -0.000000000000000000 ) ) ;
#410 = CARTESIAN_POINT ( 'NONE',  ( 1.691048645160770691, 3.000000000000000000, 0.5780369568616600118 ) ) ;
#411 = CARTESIAN_POINT ( 'NONE',  ( 1.604999999999999538, -0.1000000000000000056, 1.625000000000000444 ) ) ;
#412 = FACE_OUTER_BOUND ( 'NONE', #1297, .T. ) ;
#413 = CARTESIAN_POINT ( 'NONE',  ( 0.6991903068836543556, 2.999900000000000677, 0.6965321319370875175 ) ) ;
#414 = CARTESIAN_POINT ( 'NONE',  ( -0.7849999999999994760, -0.1000000000000000056, 1.625000000000000000 ) ) ;
#415 = ORIENTED_EDGE ( 'NONE', *, *, #1091, .T. ) ;
#416 = ORIENTED_EDGE ( 'NONE', *, *, #152, .F. ) ;
#417 = EDGE_CURVE ( 'NONE', #398, #1339, #394, .T. ) ;
#418 = CARTESIAN_POINT ( 'NONE',  ( 0.7471268768578285258, 3.000000000000000000, -0.3635128735673115452 ) ) ;
#419 = CARTESIAN_POINT ( 'NONE',  ( 0.7074508662698739681, 2.999900000000000677, 0.7083966099385738957 ) ) ;
#420 = CARTESIAN_POINT ( 'NONE',  ( 1.671299670975475493, 2.999900000000000233, 0.7136930087856298011 ) ) ;
#421 = DIRECTION ( 'NONE',  ( 0.4998928826337484810, 0.000000000000000000, -0.8660872391925200642 ) ) ;
#422 = VERTEX_POINT ( 'NONE', #3313 ) ;
#423 =( NAMED_UNIT ( * ) SI_UNIT ( $, .STERADIAN. ) SOLID_ANGLE_UNIT ( ) );
#424 = CARTESIAN_POINT ( 'NONE',  ( 1.694966950387240212, 3.000000000000000000, 1.243334552903277102 ) ) ;
#425 = VECTOR ( 'NONE', #2419, 1000.000000000000000 ) ;
#426 = ORIENTED_EDGE ( 'NONE', *, *, #2941, .T. ) ;
#427 = CARTESIAN_POINT ( 'NONE',  ( 1.686390847390480285, 3.000000000000000444, 1.304332129422046904 ) ) ;
#428 = FILL_AREA_STYLE_COLOUR ( '', #2942 ) ;
#429 = MECHANICAL_DESIGN_GEOMETRIC_PRESENTATION_REPRESENTATION (  '', ( #2233 ), #2879 ) ;
#430 = CARTESIAN_POINT ( 'NONE',  ( 1.678652372839754436, 2.999899999999999789, 0.5621310557260960072 ) ) ;
#431 = CARTESIAN_POINT ( 'NONE',  ( 1.642807023916652120, 2.999900000000000233, -0.3511047853320174439 ) ) ;
#432 = CARTESIAN_POINT ( 'NONE',  ( 1.694966950387240212, 3.000000000000000000, 1.243334552903277102 ) ) ;
#433 = VECTOR ( 'NONE', #1276, 1000.000000000000114 ) ;
#434 = CARTESIAN_POINT ( 'NONE',  ( 0.6949669503872402121, 2.999900000000000233, -1.006435667684958402 ) ) ;
#435 = CARTESIAN_POINT ( 'NONE',  ( 0.7167214233176066873, 2.999900000000000233, 0.7146891405597047831 ) ) ;
#436 = CARTESIAN_POINT ( 'NONE',  ( 1.694955180068616674, 2.999899999999999345, 0.6533536114254819838 ) ) ;
#437 = ORIENTED_EDGE ( 'NONE', *, *, #2671, .F. ) ;
#438 = VERTEX_POINT ( 'NONE', #3075 ) ;
#439 = B_SPLINE_CURVE_WITH_KNOTS ( 'NONE', 3,
 ( #49, #866, #2017, #3259, #970, #1835, #116, #2977, #407, #1258, #2156 ),
 .UNSPECIFIED., .F., .F.,
 ( 4, 1, 1, 1, 1, 1, 1, 1, 4 ),
 ( 0.000000000000000000, 0.1506145446497698381, 0.2596734740599809244, 0.3388177727155975427, 0.4102835628096075382, 0.5019338459622277870, 0.6260648387140319571, 0.7889788725463112717, 1.000000000000000000 ),
 .UNSPECIFIED. ) ;
#440 = PLANE ( 'NONE',  #1802 ) ;
#441 = DIRECTION ( 'NONE',  ( -0.000000000000000000, 1.000000000000000000, -0.000000000000000000 ) ) ;
#442 = VERTEX_POINT ( 'NONE', #122 ) ;
#443 = FACE_OUTER_BOUND ( 'NONE', #3232, .T. ) ;
#444 = VERTEX_POINT ( 'NONE', #228 ) ;
#445 = PLANE ( 'NONE',  #1527 ) ;
#446 = B_SPLINE_SURFACE_WITH_KNOTS ( 'NONE', 3, 1, ( 
 ( #2154, #2509 ),
 ( #3649, #3554 ),
 ( #3300, #385 ),
 ( #1370, #2136 ) ),
 .UNSPECIFIED., .F., .F., .F.,
 ( 4, 4 ),
 ( 2, 2 ),
 ( 0.2727272727272727071, 0.3636363636363636465 ),
 ( 0.000000000000000000, 1.000000000000000000 ),
 .UNSPECIFIED. ) ;
#447 = EDGE_LOOP ( 'NONE', ( #2986, #145, #832, #1741 ) ) ;
#448 = B_SPLINE_SURFACE_WITH_KNOTS ( 'NONE', 3, 1, ( 
 ( #3256, #130 ),
 ( #3553, #2736 ),
 ( #987, #169 ),
 ( #2135, #1606 ),
 ( #2448, #2173 ),
 ( #3321, #738 ),
 ( #1892, #3027 ),
 ( #2758, #776 ),
 ( #2528, #3656 ),
 ( #3418, #3407 ),
 ( #1945, #823 ) ),
 .UNSPECIFIED., .F., .F., .F.,
 ( 4, 1, 1, 1, 1, 1, 1, 1, 4 ),
 ( 2, 2 ),
 ( 0.000000000000000000, 0.2009044012478312657, 0.3599846282170889311, 0.4835952109184659120, 0.5715364693554773057, 0.6460191871590649226, 0.7285858147531654172, 0.8430130251172096578, 1.000000000000000000 ),
 ( 0.000000000000000000, 1.000000000000000000 ),
 .UNSPECIFIED. ) ;
#449 = ADVANCED_FACE ( 'NONE', ( #1266 ), #2693, .F. ) ;
#450 = CARTESIAN_POINT ( 'NONE',  ( 1.693335768749240078, 3.000000000000000000, 1.281980632718518143 ) ) ;
#451 = DIRECTION ( 'NONE',  ( -0.8571493051170774313, 0.000000000000000000, -0.5150680234078905961 ) ) ;
#452 = CARTESIAN_POINT ( 'NONE',  ( 0.4387693087791625923, 3.000000000000000000, 0.4607834645669304785 ) ) ;
#453 = PLANE ( 'NONE',  #491 ) ;
#454 = LINE ( 'NONE', #1018, #3676 ) ;
#455 = CARTESIAN_POINT ( 'NONE',  ( 1.687430029386157271, 3.000000000000000444, -0.4702355767476243953 ) ) ;
#456 = CARTESIAN_POINT ( 'NONE',  ( 0.7025367830279435344, 2.999900000000000233, 0.4687284209396135881 ) ) ;
#457 = EDGE_CURVE ( 'NONE', #310, #3167, #395, .T. ) ;
#458 = VECTOR ( 'NONE', #2309, 1000.000000000000000 ) ;
#459 = ORIENTED_EDGE ( 'NONE', *, *, #1768, .T. ) ;
#460 = ORIENTED_EDGE ( 'NONE', *, *, #268, .T. ) ;
#461 = CARTESIAN_POINT ( 'NONE',  ( -0.7104787227169065966, 3.000000000000000000, -0.3389055118110217424 ) ) ;
#462 = CARTESIAN_POINT ( 'NONE',  ( 0.7471268768578285258, 2.999900000000000233, -0.2378235353320174994 ) ) ;
#463 = MECHANICAL_DESIGN_GEOMETRIC_PRESENTATION_REPRESENTATION (  '', ( #2853 ), #3344 ) ;
#464 = CARTESIAN_POINT ( 'NONE',  ( 1.673407653665099692, 3.000000000000000000, -0.9344446400198208602 ) ) ;
#465 = VERTEX_POINT ( 'NONE', #2552 ) ;
#466 = CARTESIAN_POINT ( 'NONE',  ( 1.694955180068616674, 2.999899999999999345, -0.1701758003392241647 ) ) ;
#467 = ORIENTED_EDGE ( 'NONE', *, *, #3360, .T. ) ;
#468 = EDGE_CURVE ( 'NONE', #1660, #2177, #3343, .T. ) ;
#469 = CARTESIAN_POINT ( 'NONE',  ( -0.1860385652365862952, 3.000000000000000000, 0.5529874015748044158 ) ) ;
#470 =( GEOMETRIC_REPRESENTATION_CONTEXT ( 3 ) GLOBAL_UNCERTAINTY_ASSIGNED_CONTEXT ( ( #316 ) ) GLOBAL_UNIT_ASSIGNED_CONTEXT ( ( #1285, #2703, #3600 ) ) REPRESENTATION_CONTEXT ( 'NONE', 'WORKASPACE' ) );
#471 = FACE_OUTER_BOUND ( 'NONE', #3252, .T. ) ;
#472 = CARTESIAN_POINT ( 'NONE',  ( 1.276998200387240434, 3.000000000000000000, -0.7100202265084879505 ) ) ;
#473 = CARTESIAN_POINT ( 'NONE',  ( 0.07224726153506878801, 3.000000000000000000, 0.8305275590551202125 ) ) ;
#474 = DIRECTION ( 'NONE',  ( -0.000000000000000000, 1.000000000000000000, -0.000000000000000000 ) ) ;
#475 = CARTESIAN_POINT ( 'NONE',  ( 1.683008949238502749, 2.999999999999999556, 0.3475304545172494541 ) ) ;
#476 = CARTESIAN_POINT ( 'NONE',  ( 1.694962688120278616, 2.999900000000000677, 0.6403962411985729686 ) ) ;
#477 = ORIENTED_EDGE ( 'NONE', *, *, #2292, .F. ) ;
#478 = CARTESIAN_POINT ( 'NONE',  ( 1.686675839746154315, 2.999999999999999112, 0.7008141385720700889 ) ) ;
#479 = VERTEX_POINT ( 'NONE', #2511 ) ;
#480 = EDGE_CURVE ( 'NONE', #3316, #2559, #2340, .T. ) ;
#481 = FACE_OUTER_BOUND ( 'NONE', #1664, .T. ) ;
#482 = B_SPLINE_SURFACE_WITH_KNOTS ( 'NONE', 3, 1, ( 
 ( #1249, #2401 ),
 ( #356, #1558 ),
 ( #2107, #1820 ),
 ( #2380, #695 ),
 ( #2086, #3509 ),
 ( #935, #2339 ),
 ( #2623, #1501 ),
 ( #3229, #80 ),
 ( #2687, #1226 ),
 ( #61, #892 ),
 ( #650, #2045 ) ),
 .UNSPECIFIED., .F., .F., .F.,
 ( 4, 1, 1, 1, 1, 1, 1, 1, 4 ),
 ( 2, 2 ),
 ( 0.000000000000000000, 0.08269940838263031835, 0.1609352856402979093, 0.2384022412677354041, 0.3252932597831261208, 0.4321161260274616334, 0.5729322032451379387, 0.7592645677637452906, 1.000000000000000000 ),
 ( 0.000000000000000000, 1.000000000000000000 ),
 .UNSPECIFIED. ) ;
#483 = CARTESIAN_POINT ( 'NONE',  ( 0.6958075284347928768, 2.999999999999999556, 1.190973333371947218 ) ) ;
#484 = PRESENTATION_STYLE_ASSIGNMENT (( #2714 ) ) ;
#485 = ORIENTED_EDGE ( 'NONE', *, *, #3150, .T. ) ;
#486 = FACE_BOUND ( 'NONE', #2613, .T. ) ;
#487 = CARTESIAN_POINT ( 'NONE',  ( 1.693335768749239190, 2.999899999999999789, 0.4584512209538114114 ) ) ;
#488 = B_SPLINE_CURVE_WITH_KNOTS ( 'NONE', 3,
 ( #2243, #547, #2526, #3355, #2225, #3417, #2840, #238, #272, #1419, #2555 ),
 .UNSPECIFIED., .F., .F.,
 ( 4, 1, 1, 1, 1, 1, 1, 1, 4 ),
 ( 0.000000000000000000, 0.08269940838263031835, 0.1609352856402979093, 0.2384022412677354041, 0.3252932597831261208, 0.4321161260274616334, 0.5729322032451379387, 0.7592645677637452906, 1.000000000000000000 ),
 .UNSPECIFIED. ) ;
#489 =( NAMED_UNIT ( * ) SI_UNIT ( $, .STERADIAN. ) SOLID_ANGLE_UNIT ( ) );
#490 = LINE ( 'NONE', #2182, #3542 ) ;
#491 = AXIS2_PLACEMENT_3D ( 'NONE', #1856, #158, #2083 ) ;
#492 = SURFACE_STYLE_USAGE ( .BOTH. , #3309 ) ;
#493 = FACE_OUTER_BOUND ( 'NONE', #2951, .T. ) ;
#494 = AXIS2_PLACEMENT_3D ( 'NONE', #962, #3253, #402 ) ;
#495 = CARTESIAN_POINT ( 'NONE',  ( 1.694966950387240212, 3.000000000000000000, 0.4198051411385707032 ) ) ;
#496 = DIRECTION ( 'NONE',  ( -0.000000000000000000, 1.000000000000000000, -0.000000000000000000 ) ) ;
#497 = VECTOR ( 'NONE', #1600, 1000.000000000000000 ) ;
#498 = CARTESIAN_POINT ( 'NONE',  ( 1.686675839746154315, 2.999899999999999345, -0.1227152731926358514 ) ) ;
#499 = VERTEX_POINT ( 'NONE', #269 ) ;
#500 = LINE ( 'NONE', #1643, #1973 ) ;
#501 = AXIS2_PLACEMENT_3D ( 'NONE', #3534, #2095, #2954 ) ;
#502 = ORIENTED_EDGE ( 'NONE', *, *, #871, .T. ) ;
#503 = SURFACE_STYLE_FILL_AREA ( #204 ) ;
#504 = EDGE_CURVE ( 'NONE', #308, #2037, #2825, .T. ) ;
#505 = PLANE ( 'NONE',  #1341 ) ;
#506 = ORIENTED_EDGE ( 'NONE', *, *, #3346, .T. ) ;
#507 = CARTESIAN_POINT ( 'NONE',  ( 1.694966950387240212, 2.999900000000000233, -0.4037242706261350844 ) ) ;
#508 = DIRECTION ( 'NONE',  ( -0.000000000000000000, 1.000000000000000000, -0.000000000000000000 ) ) ;
#509 = EDGE_CURVE ( 'NONE', #1287, #3086, #1113, .T. ) ;
#510 = PLANE ( 'NONE',  #12 ) ;
#511 = CARTESIAN_POINT ( 'NONE',  ( 1.668360285013242628, 2.999899999999999789, -1.084430368394831756 ) ) ;
#512 = LINE ( 'NONE', #3111, #2742 ) ;
#513 = CARTESIAN_POINT ( 'NONE',  ( 0.3200401749208922064, 2.999900000000000233, -0.4187787401574777912 ) ) ;
#514 = VECTOR ( 'NONE', #2579, 1000.000000000000000 ) ;
#515 = CARTESIAN_POINT ( 'NONE',  ( 0.6992534118308416646, 3.000000000000000444, 0.3436274290401257203 ) ) ;
#516 = CARTESIAN_POINT ( 'NONE',  ( 0.7332017872868350494, 2.999900000000000677, 0.4673809546933098691 ) ) ;
#517 = CARTESIAN_POINT ( 'NONE',  ( 0.7333073083514421997, 2.999899999999999789, -0.2449469038232512108 ) ) ;
#518 = CARTESIAN_POINT ( 'NONE',  ( 1.642807023916652120, 2.999900000000000233, 0.4724246264326883438 ) ) ;
#519 = ORIENTED_EDGE ( 'NONE', *, *, #1705, .T. ) ;
#520 = CARTESIAN_POINT ( 'NONE',  ( 0.7471268768578285258, 2.999900000000000233, 0.5857058764326887879 ) ) ;
#521 = DIRECTION ( 'NONE',  ( -0.000000000000000000, -0.000000000000000000, -1.000000000000000000 ) ) ;
#522 = CARTESIAN_POINT ( 'NONE',  ( 0.6949669503872402121, 3.000000000000000000, -0.4193492706261351399 ) ) ;
#523 = ORIENTED_EDGE ( 'NONE', *, *, #3645, .T. ) ;
#524 = CARTESIAN_POINT ( 'NONE',  ( 1.694866229732195695, 2.999900000000000233, -0.3827039477418532343 ) ) ;
#525 = CARTESIAN_POINT ( 'NONE',  ( 1.647798083292064453, 2.999900000000000233, 0.4752301447096722864 ) ) ;
#526 = CARTESIAN_POINT ( 'NONE',  ( -2.150000000000000355, 3.000000000000000000, -2.149999999999999023 ) ) ;
#527 = CARTESIAN_POINT ( 'NONE',  ( 0.7471268768578285258, 2.999900000000000233, 1.283545949962100474 ) ) ;
#528 = CARTESIAN_POINT ( 'NONE',  ( 0.7131071931185160029, 2.999999999999998668, 0.3264450168819910680 ) ) ;
#529 = CARTESIAN_POINT ( 'NONE',  ( 0.7031561179726392163, 2.999900000000000677, -0.2436668645771384867 ) ) ;
#530 = CARTESIAN_POINT ( 'NONE',  ( 1.692703783910344928, 2.999999999999999556, 0.6835362378045384268 ) ) ;
#531 = ORIENTED_EDGE ( 'NONE', *, *, #28, .F. ) ;
#532 = CARTESIAN_POINT ( 'NONE',  ( 0.6962516497033199858, 3.000000000000000444, -0.2207561994113515225 ) ) ;
#533 = CARTESIAN_POINT ( 'NONE',  ( 0.6949870368931666542, 2.999899999999999789, 1.220662914455770132 ) ) ;
#534 = EDGE_LOOP ( 'NONE', ( #1497, #1541, #3065, #3394 ) ) ;
#535 = EDGE_CURVE ( 'NONE', #1337, #2855, #2223, .T. ) ;
#536 = CARTESIAN_POINT ( 'NONE',  ( -1.347742502244459573, 2.999900000000000233, 0.1427929133858330257 ) ) ;
#537 = VECTOR ( 'NONE', #3166, 1000.000000000000000 ) ;
#538 = DIRECTION ( 'NONE',  ( -0.000000000000000000, 1.000000000000000000, -0.000000000000000000 ) ) ;
#539 = FACE_OUTER_BOUND ( 'NONE', #1183, .T. ) ;
#540 = ADVANCED_FACE ( 'NONE', ( #201 ), #384, .F. ) ;
#541 = CARTESIAN_POINT ( 'NONE',  ( 0.4239819072043588544, 3.000000000000000000, 0.000000000000000000 ) ) ;
#542 = ORIENTED_EDGE ( 'NONE', *, *, #3059, .F. ) ;
#543 = CARTESIAN_POINT ( 'NONE',  ( 1.692619765420955158, 3.000000000000000444, -0.4526331556222130681 ) ) ;
#544 = PLANE ( 'NONE',  #2178 ) ;
#545 = CARTESIAN_POINT ( 'NONE',  ( -1.228496045551548566, 2.999900000000000233, -0.2716748031496010740 ) ) ;
#546 = VERTEX_POINT ( 'NONE', #545 ) ;
#547 = CARTESIAN_POINT ( 'NONE',  ( 0.7167214233176066873, 3.000000000000000000, 0.7146891405597047831 ) ) ;
#548 = CARTESIAN_POINT ( 'NONE',  ( 0.7167363701304686474, 2.999900000000000233, 1.147002617186596574 ) ) ;
#549 = CARTESIAN_POINT ( 'NONE',  ( 0.3200401749208922064, 3.000000000000000000, -0.4187787401574777912 ) ) ;
#550 = VECTOR ( 'NONE', #3003, 1000.000000000000114 ) ;
#551 = VERTEX_POINT ( 'NONE', #3116 ) ;
#552 = CARTESIAN_POINT ( 'NONE',  ( 1.089268420975475493, 3.000000000000000000, 0.9299154352562181147 ) ) ;
#553 = CARTESIAN_POINT ( 'NONE',  ( 1.694966950387240434, 2.999900000000000677, 0.6330404352562182257 ) ) ;
#554 = FACE_OUTER_BOUND ( 'NONE', #3113, .T. ) ;
#555 = EDGE_CURVE ( 'NONE', #1271, #1063, #3631, .T. ) ;
#556 = EDGE_CURVE ( 'NONE', #2037, #2963, #500, .T. ) ;
#557 = PRESENTATION_LAYER_ASSIGNMENT (  '', '', ( #264 ) ) ;
#558 = ORIENTED_EDGE ( 'NONE', *, *, #1073, .F. ) ;
#559 = LINE ( 'NONE', #2584, #1093 ) ;
#560 = CARTESIAN_POINT ( 'NONE',  ( 0.6950570517042602425, 3.000000000000000444, -0.1901799099340576449 ) ) ;
#561 = CARTESIAN_POINT ( 'NONE',  ( 1.647798083292064453, 3.000000000000000000, 0.4752301447096722864 ) ) ;
#562 = PRESENTATION_LAYER_ASSIGNMENT (  '', '', ( #1462 ) ) ;
#563 = ORIENTED_EDGE ( 'NONE', *, *, #342, .F. ) ;
#564 =( LENGTH_UNIT ( ) NAMED_UNIT ( * ) SI_UNIT ( .MILLI., .METRE. ) );
#565 = DIRECTION ( 'NONE',  ( -0.000000000000000000, 1.000000000000000000, -0.000000000000000000 ) ) ;
#566 = ORIENTED_EDGE ( 'NONE', *, *, #2057, .F. ) ;
#567 = CARTESIAN_POINT ( 'NONE',  ( 0.07224726153506878801, 2.999900000000000233, 0.8305275590551202125 ) ) ;
#568 = CARTESIAN_POINT ( 'NONE',  ( 0.6990214886042268594, 2.999999999999999556, -1.057423845816054087 ) ) ;
#569 = AXIS2_PLACEMENT_3D ( 'NONE', #756, #3049, #2972 ) ;
#570 = EDGE_CURVE ( 'NONE', #1128, #358, #1682, .T. ) ;
#571 = CARTESIAN_POINT ( 'NONE',  ( 1.694055144851021044, 2.999900000000000677, 0.6704477614070409874 ) ) ;
#572 = AXIS2_PLACEMENT_3D ( 'NONE', #2015, #1714, #2875 ) ;
#573 = CARTESIAN_POINT ( 'NONE',  ( 0.7167363701304686474, 3.000000000000000444, -0.5000562063428156678 ) ) ;
#574 = VERTEX_POINT ( 'NONE', #2042 ) ;
#575 = DIRECTION ( 'NONE',  ( 0.8644584418281030525, 0.000000000000000000, -0.5027042891722012241 ) ) ;
#576 = CARTESIAN_POINT ( 'NONE',  ( 0.6950570517042602425, 2.999900000000000677, -0.1901799099340576449 ) ) ;
#577 = CARTESIAN_POINT ( 'NONE',  ( 0.7333073083514420887, 2.999900000000000233, -1.068476315587956860 ) ) ;
#578 = CARTESIAN_POINT ( 'NONE',  ( 0.6949669503872402121, 3.000000000000000000, 0.6406231558444533958 ) ) ;
#579 = ORIENTED_EDGE ( 'NONE', *, *, #2786, .F. ) ;
#580 =( NAMED_UNIT ( * ) PLANE_ANGLE_UNIT ( ) SI_UNIT ( $, .RADIAN. ) );
#581 = CARTESIAN_POINT ( 'NONE',  ( -0.5806732109058809765, 2.999900000000000233, -0.5220047244094457861 ) ) ;
#582 = ORIENTED_EDGE ( 'NONE', *, *, #1943, .F. ) ;
#583 = PLANE ( 'NONE',  #600 ) ;
#584 = SURFACE_STYLE_FILL_AREA ( #2651 ) ;
#585 = CARTESIAN_POINT ( 'NONE',  ( 1.692703783910345816, 3.000000000000000444, -0.9635225857248734815 ) ) ;
#586 = CARTESIAN_POINT ( 'NONE',  ( 0.4239819072043588544, 2.999900000000000233, 0.000000000000000000 ) ) ;
#587 = CARTESIAN_POINT ( 'NONE',  ( 1.694966950387240212, 2.999900000000000233, 0.4198051411385707032 ) ) ;
#588 = LINE ( 'NONE', #1732, #2678 ) ;
#589 = CARTESIAN_POINT ( 'NONE',  ( 1.694951558879835396, 2.999900000000001121, -0.4231934701897740458 ) ) ;
#590 = FILL_AREA_STYLE_COLOUR ( '', #1598 ) ;
#591 = ORIENTED_EDGE ( 'NONE', *, *, #1681, .F. ) ;
#592 = SURFACE_SIDE_STYLE ('',( #1222 ) ) ;
#593 = VERTEX_POINT ( 'NONE', #1432 ) ;
#594 = CARTESIAN_POINT ( 'NONE',  ( 1.686390847390480063, 3.000000000000000000, 0.4808027176573406725 ) ) ;
#595 = VECTOR ( 'NONE', #2163, 1000.000000000000000 ) ;
#596 = CARTESIAN_POINT ( 'NONE',  ( -0.7601558880712370181, 3.000000000000000000, -0.5624503937007845344 ) ) ;
#597 = ORIENTED_EDGE ( 'NONE', *, *, #294, .F. ) ;
#598 = EDGE_CURVE ( 'NONE', #2258, #1727, #2357, .T. ) ;
#599 = CARTESIAN_POINT ( 'NONE',  ( 1.678652372839754436, 2.999899999999999789, -1.084927767803316012 ) ) ;
#600 = AXIS2_PLACEMENT_3D ( 'NONE', #2013, #2574, #881 ) ;
#601 = CARTESIAN_POINT ( 'NONE',  ( 1.647798083292064453, 3.000000000000000000, 1.298759556474378796 ) ) ;
#602 = CARTESIAN_POINT ( 'NONE',  ( 0.07224726153506878801, 2.999900000000000233, 0.8305275590551202125 ) ) ;
#603 = AXIS2_PLACEMENT_3D ( 'NONE', #1204, #2338, #78 ) ;
#604 = EDGE_CURVE ( 'NONE', #546, #2358, #910, .T. ) ;
#605 = CARTESIAN_POINT ( 'NONE',  ( 0.7420388912173697671, 2.999900000000000677, -0.3608220438106665706 ) ) ;
#606 = DIRECTION ( 'NONE',  ( -0.000000000000000000, 1.000000000000000000, -0.000000000000000000 ) ) ;
#607 = LINE ( 'NONE', #1445, #3063 ) ;
#608 = CARTESIAN_POINT ( 'NONE',  ( 0.7849999999999996980, -0.1000000000000000056, 1.625000000000000222 ) ) ;
#609 = ORIENTED_EDGE ( 'NONE', *, *, #3006, .F. ) ;
#610 = FACE_OUTER_BOUND ( 'NONE', #1746, .T. ) ;
#611 = ORIENTED_EDGE ( 'NONE', *, *, #372, .F. ) ;
#612 = DIRECTION ( 'NONE',  ( -0.8660872391925199532, 0.000000000000000000, -0.4998928826337484255 ) ) ;
#613 = EDGE_CURVE ( 'NONE', #207, #2881, #1755, .T. ) ;
#614 = CARTESIAN_POINT ( 'NONE',  ( 1.694966950387240212, 3.000000000000000888, -0.4037242706261350844 ) ) ;
#615 = ORIENTED_EDGE ( 'NONE', *, *, #325, .T. ) ;
#616 = DIRECTION ( 'NONE',  ( 0.000000000000000000, 0.000000000000000000, 1.000000000000000000 ) ) ;
#617 = CARTESIAN_POINT ( 'NONE',  ( 1.694937146817276918, 2.999999999999999556, -1.021989482905989233 ) ) ;
#618 =( NAMED_UNIT ( * ) PLANE_ANGLE_UNIT ( ) SI_UNIT ( $, .RADIAN. ) );
#619 = CARTESIAN_POINT ( 'NONE',  ( 1.671299670975475493, 2.999900000000000233, -0.1098364029790764168 ) ) ;
#620 = CARTESIAN_POINT ( 'NONE',  ( 1.690244320670791556, 2.999999999999999556, 1.184580050925558625 ) ) ;
#621 = ORIENTED_EDGE ( 'NONE', *, *, #2189, .T. ) ;
#622 = EDGE_CURVE ( 'NONE', #714, #2885, #1479, .T. ) ;
#623 = CARTESIAN_POINT ( 'NONE',  ( 0.6990214886042269704, 3.000000000000000000, 0.5896349777133579328 ) ) ;
#624 = DIRECTION ( 'NONE',  ( 1.000000000000000000, 0.000000000000000000, 0.000000000000000000 ) ) ;
#625 = ORIENTED_EDGE ( 'NONE', *, *, #194, .F. ) ;
#626 = CARTESIAN_POINT ( 'NONE',  ( 1.642807023916652120, 2.999900000000000233, 1.295954038197394631 ) ) ;
#627 =( GEOMETRIC_REPRESENTATION_CONTEXT ( 3 ) GLOBAL_UNCERTAINTY_ASSIGNED_CONTEXT ( ( #2607 ) ) GLOBAL_UNIT_ASSIGNED_CONTEXT ( ( #1804, #3251, #1762 ) ) REPRESENTATION_CONTEXT ( 'NONE', 'WORKASPACE' ) );
#628 = CARTESIAN_POINT ( 'NONE',  ( 1.694930599229934609, 2.999900000000000233, 1.250921011345631273 ) ) ;
#629 = EDGE_LOOP ( 'NONE', ( #405, #563, #2486, #3593 ) ) ;
#630 = CARTESIAN_POINT ( 'NONE',  ( 0.03054962373979011950, 2.999900000000000233, -0.4500566929133864025 ) ) ;
#631 = CARTESIAN_POINT ( 'NONE',  ( 0.6949669503872402121, 3.000000000000000000, -0.4193492706261351399 ) ) ;
#632 = CARTESIAN_POINT ( 'NONE',  ( 1.694966950387240212, 2.999900000000000233, -0.4037242706261350844 ) ) ;
#633 = ORIENTED_EDGE ( 'NONE', *, *, #1635, .F. ) ;
#634 = CARTESIAN_POINT ( 'NONE',  ( 0.7210980718333990236, 2.999900000000001121, -0.2489689966988314074 ) ) ;
#635 = CARTESIAN_POINT ( 'NONE',  ( 1.642807023916652343, 3.000000000000000444, -1.072382358861429408 ) ) ;
#636 =( LENGTH_UNIT ( ) NAMED_UNIT ( * ) SI_UNIT ( .MILLI., .METRE. ) );
#637 = DIRECTION ( 'NONE',  ( -0.000000000000000000, 1.000000000000000000, -0.000000000000000000 ) ) ;
#638 = CARTESIAN_POINT ( 'NONE',  ( 0.7420388912173697671, 3.000000000000000444, -0.3608220438106665706 ) ) ;
#639 = ORIENTED_EDGE ( 'NONE', *, *, #2101, .T. ) ;
#640 = EDGE_CURVE ( 'NONE', #2306, #1533, #817, .T. ) ;
#641 = CARTESIAN_POINT ( 'NONE',  ( 1.642807023916652343, 2.999900000000000677, -1.072382358861429408 ) ) ;
#642 = CARTESIAN_POINT ( 'NONE',  ( 1.694937146817277362, 3.000000000000000444, -0.1984600711412838336 ) ) ;
#643 = ORIENTED_EDGE ( 'NONE', *, *, #802, .T. ) ;
#644 = EDGE_CURVE ( 'NONE', #358, #1707, #850, .T. ) ;
#645 = DIRECTION ( 'NONE',  ( -0.000000000000000000, 1.000000000000000000, -0.000000000000000000 ) ) ;
#646 = DIRECTION ( 'NONE',  ( -1.000000000000000000, -0.000000000000000000, -0.000000000000000000 ) ) ;
#647 = CARTESIAN_POINT ( 'NONE',  ( 1.184167318034299088, 2.999900000000000233, 0.8462757293738651931 ) ) ;
#648 = CARTESIAN_POINT ( 'NONE',  ( 0.7211376614994798873, 2.999900000000000677, 0.4724627688794500457 ) ) ;
#649 = FACE_OUTER_BOUND ( 'NONE', #759, .T. ) ;
#650 = CARTESIAN_POINT ( 'NONE',  ( 0.6949669503872402121, 2.999900000000000233, -0.1829062559202528082 ) ) ;
#651 = CARTESIAN_POINT ( 'NONE',  ( 0.6949669503872402121, 2.999900000000000233, 1.227709552903276879 ) ) ;
#652 = VERTEX_POINT ( 'NONE', #18 ) ;
#653 = CARTESIAN_POINT ( 'NONE',  ( 0.6992534118308416646, 2.999900000000000233, 1.167156840804831619 ) ) ;
#654 = ORIENTED_EDGE ( 'NONE', *, *, #965, .F. ) ;
#655 = CARTESIAN_POINT ( 'NONE',  ( 1.656402406387030402, 2.999900000000000677, -0.3434627015309039688 ) ) ;
#656 = CARTESIAN_POINT ( 'NONE',  ( 1.184167318034299088, 2.999900000000000233, -0.8007830941555468263 ) ) ;
#657 = CARTESIAN_POINT ( 'NONE',  ( 1.647798083292064453, 2.999900000000000233, 1.298759556474378796 ) ) ;
#658 = CARTESIAN_POINT ( 'NONE',  ( 0.6975049517387400533, 2.999900000000001121, -0.1362917807751811705 ) ) ;
#659 = ORIENTED_EDGE ( 'NONE', *, *, #2097, .F. ) ;
#660 = B_SPLINE_CURVE_WITH_KNOTS ( 'NONE', 3,
 ( #2386, #680, #403, #1544, #2514, #3671, #1926, #822, #1976, #3654, #3635 ),
 .UNSPECIFIED., .F., .F.,
 ( 4, 1, 1, 1, 1, 1, 1, 1, 4 ),
 ( 0.000000000000000000, 0.1528910399261259045, 0.2655498866055909790, 0.3469726293230778191, 0.4171409348174468512, 0.5027291515886457285, 0.6212628926146347430, 0.7862933040589772382, 1.000000000000000000 ),
 .UNSPECIFIED. ) ;
#661 = AXIS2_PLACEMENT_3D ( 'NONE', #1225, #313, #1434 ) ;
#662 = FACE_OUTER_BOUND ( 'NONE', #2389, .T. ) ;
#663 = VECTOR ( 'NONE', #2673, 1000.000000000000000 ) ;
#664 = CARTESIAN_POINT ( 'NONE',  ( 0.6949669503872402121, 2.999900000000000233, 1.227709552903276879 ) ) ;
#665 = VECTOR ( 'NONE', #1288, 1000.000000000000000 ) ;
#666 = COLOUR_RGB ( '',0.1921568627450980227, 0.2039215686274509776, 0.2039215686274509776 ) ;
#667 = CARTESIAN_POINT ( 'NONE',  ( 0.6949669503872402121, 2.999900000000000233, 0.4041801411385707032 ) ) ;
#668 = EDGE_CURVE ( 'NONE', #2322, #3416, #1461, .T. ) ;
#669 = CARTESIAN_POINT ( 'NONE',  ( 2.149999999999999023, 0.000000000000000000, -2.149999999999999023 ) ) ;
#670 = ADVANCED_FACE ( 'NONE', ( #610 ), #2641, .F. ) ;
#671 = CARTESIAN_POINT ( 'NONE',  ( 0.6949870368931666542, 2.999999999999999556, 1.220662914455770132 ) ) ;
#672 = ORIENTED_EDGE ( 'NONE', *, *, #2578, .F. ) ;
#673 = CARTESIAN_POINT ( 'NONE',  ( 0.6949881018814876299, 2.999900000000000677, -0.9996969275813678557 ) ) ;
#674 =( NAMED_UNIT ( * ) PLANE_ANGLE_UNIT ( ) SI_UNIT ( $, .RADIAN. ) );
#675 = CARTESIAN_POINT ( 'NONE',  ( 0.6958075284347930989, 3.000000000000000444, -0.4560854901574646902 ) ) ;
#676 = B_SPLINE_CURVE_WITH_KNOTS ( 'NONE', 3,
 ( #3037, #1367, #196, #764, #750, #1615, #3646, #1346, #1902, #1039, #3601 ),
 .UNSPECIFIED., .F., .F.,
 ( 4, 1, 1, 1, 1, 1, 1, 1, 4 ),
 ( 0.000000000000000000, 0.08269940838263042937, 0.1609352856402981036, 0.2384022412677357095, 0.3252932597831265094, 0.4321161260274621330, 0.5729322032451386049, 0.7592645677637475110, 1.000000000000000000 ),
 .UNSPECIFIED. ) ;
#677 = ORIENTED_EDGE ( 'NONE', *, *, #924, .T. ) ;
#678 = ORIENTED_EDGE ( 'NONE', *, *, #1206, .T. ) ;
#679 = CARTESIAN_POINT ( 'NONE',  ( -0.5808220298035193796, 3.000000000000000000, -0.1914330708661398095 ) ) ;
#680 = CARTESIAN_POINT ( 'NONE',  ( 0.7420388912173696561, 2.999999999999999556, 1.286236779718745282 ) ) ;
#681 = B_SPLINE_SURFACE_WITH_KNOTS ( 'NONE', 3, 1, ( 
 ( #2125, #3227 ),
 ( #1246, #1265 ),
 ( #375, #1555 ),
 ( #648, #354 ),
 ( #1539, #2145 ),
 ( #2438, #2684 ),
 ( #3580, #2398 ),
 ( #2925, #1857 ),
 ( #1841, #1578 ),
 ( #3001, #3544 ),
 ( #2084, #2378 ) ),
 .UNSPECIFIED., .F., .F., .F.,
 ( 4, 1, 1, 1, 1, 1, 1, 1, 4 ),
 ( 2, 2 ),
 ( 0.000000000000000000, 0.1528910399261259045, 0.2655498866055905904, 0.3469726293230774861, 0.4171409348174465181, 0.5027291515886440632, 0.6212628926146340769, 0.7862933040589764611, 0.9999999999999998890 ),
 ( 0.000000000000000000, 1.000000000000000000 ),
 .UNSPECIFIED. ) ;
#682 = CARTESIAN_POINT ( 'NONE',  ( 0.7471268768578285258, 3.000000000000000000, 0.4600165381973942424 ) ) ;
#683 = CARTESIAN_POINT ( 'NONE',  ( 0.7129990501655021351, 2.999899999999999789, -0.1113733413341223555 ) ) ;
#684 = VERTEX_POINT ( 'NONE', #3436 ) ;
#685 = CARTESIAN_POINT ( 'NONE',  ( 1.647798083292064453, 3.000000000000000000, -0.3482992670550334458 ) ) ;
#686 = CARTESIAN_POINT ( 'NONE',  ( 1.683008949238502749, 2.999899999999998901, 1.171059866281955353 ) ) ;
#687 = EDGE_CURVE ( 'NONE', #3674, #2023, #707, .T. ) ;
#688 = DIRECTION ( 'NONE',  ( -0.000000000000000000, 1.000000000000000000, -0.000000000000000000 ) ) ;
#689 = CARTESIAN_POINT ( 'NONE',  ( 0.2008905686216796438, 3.000000000000000000, 0.01724409448819043400 ) ) ;
#690 = EDGE_CURVE ( 'NONE', #3586, #3316, #2683, .T. ) ;
#691 = CARTESIAN_POINT ( 'NONE',  ( 0.7025245258168983931, 2.999899999999999789, 0.3357288482305430533 ) ) ;
#692 = DIRECTION ( 'NONE',  ( -0.000000000000000000, -0.000000000000000000, 1.000000000000000000 ) ) ;
#693 = CARTESIAN_POINT ( 'NONE',  ( 0.03054962373979011950, 2.999900000000000233, -0.4500566929133864025 ) ) ;
#694 = CARTESIAN_POINT ( 'NONE',  ( 1.604999999999999538, -0.1000000000000000056, 1.625000000000000444 ) ) ;
#695 = CARTESIAN_POINT ( 'NONE',  ( 0.7074508662698739681, 3.000000000000000888, -0.1151328018261325442 ) ) ;
#696 = EDGE_LOOP ( 'NONE', ( #2839, #2205, #2430, #2928, #1199, #460, #3514, #426, #838, #1006, #805, #621, #3010, #1547, #502, #523 ) ) ;
#697 = EDGE_LOOP ( 'NONE', ( #1451, #437, #3301, #1733, #1404, #1071, #1087, #1375, #2752, #558, #2985, #1589, #3163, #3512, #1028, #2494 ) ) ;
#698 = DIRECTION ( 'NONE',  ( -0.000000000000000000, 1.000000000000000000, -0.000000000000000000 ) ) ;
#699 = CARTESIAN_POINT ( 'NONE',  ( 0.6950256249081664395, 2.999900000000001121, 0.6593165087867551843 ) ) ;
#700 =( NAMED_UNIT ( * ) PLANE_ANGLE_UNIT ( ) SI_UNIT ( $, .RADIAN. ) );
#701 = CARTESIAN_POINT ( 'NONE',  ( 1.687430029386157271, 2.999900000000000677, 0.3532938350170816144 ) ) ;
#702 = ORIENTED_EDGE ( 'NONE', *, *, #1964, .T. ) ;
#703 = CARTESIAN_POINT ( 'NONE',  ( 1.694055144851021044, 2.999900000000000677, -0.1530816503576654664 ) ) ;
#704 = DIRECTION ( 'NONE',  ( -0.000000000000000000, 1.000000000000000000, -0.000000000000000000 ) ) ;
#705 = CARTESIAN_POINT ( 'NONE',  ( 1.694866229732195473, 3.000000000000000444, 1.264354875787558896 ) ) ;
#706 = DIRECTION ( 'NONE',  ( -0.000000000000000000, 1.000000000000000000, -0.000000000000000000 ) ) ;
#707 = LINE ( 'NONE', #1286, #3666 ) ;
#708 = B_SPLINE_CURVE_WITH_KNOTS ( 'NONE', 3,
 ( #2220, #3383, #2791, #3367 ),
 .UNSPECIFIED., .F., .F.,
 ( 4, 4 ),
 ( 0.5454545454545455252, 0.6363636363636364646 ),
 .UNSPECIFIED. ) ;
#709 = ORIENTED_EDGE ( 'NONE', *, *, #749, .T. ) ;
#710 = DIRECTION ( 'NONE',  ( -0.4928590400114343240, 0.000000000000000000, -0.8701091694029017276 ) ) ;
#711 = VECTOR ( 'NONE', #1622, 1000.000000000000000 ) ;
#712 = CARTESIAN_POINT ( 'NONE',  ( 0.7129990501655021351, 2.999899999999999789, -0.9349027530988278656 ) ) ;
#713 = ORIENTED_EDGE ( 'NONE', *, *, #2292, .T. ) ;
#714 = VERTEX_POINT ( 'NONE', #1816 ) ;
#715 = DIRECTION ( 'NONE',  ( 0.8604455470465083300, 0.000000000000000000, -0.5095424031107078644 ) ) ;
#716 = CARTESIAN_POINT ( 'NONE',  ( 0.6949669503872402121, 2.999900000000000233, 0.6406231558444533958 ) ) ;
#717 = B_SPLINE_CURVE_WITH_KNOTS ( 'NONE', 3,
 ( #631, #2645, #1482, #675, #124, #1205, #1289, #2422, #1781, #2129, #2665 ),
 .UNSPECIFIED., .F., .F.,
 ( 4, 1, 1, 1, 1, 1, 1, 1, 4 ),
 ( 0.000000000000000000, 0.2339648385054096391, 0.4198783559695586920, 0.5659151998979445874, 0.6801214999993746568, 0.7723010949812563197, 0.8443163158709258154, 0.9185860088431500037, 0.9999999999999998890 ),
 .UNSPECIFIED. ) ;
#718 = CARTESIAN_POINT ( 'NONE',  ( 1.671299670975475493, 3.000000000000000000, -0.9333658147437822183 ) ) ;
#719 = CARTESIAN_POINT ( 'NONE',  ( 1.694951558879835396, 2.999900000000001121, 0.4003359415749320749 ) ) ;
#720 = EDGE_CURVE ( 'NONE', #444, #442, #120, .T. ) ;
#721 = ORIENTED_EDGE ( 'NONE', *, *, #3495, .T. ) ;
#722 = ADVANCED_FACE ( 'NONE', ( #177 ), #453, .F. ) ;
#723 = LINE ( 'NONE', #2413, #2536 ) ;
#724 = ORIENTED_EDGE ( 'NONE', *, *, #3219, .T. ) ;
#725 = PLANE ( 'NONE',  #1168 ) ;
#726 = ORIENTED_EDGE ( 'NONE', *, *, #1775, .F. ) ;
#727 = EDGE_CURVE ( 'NONE', #442, #1209, #1840, .T. ) ;
#728 = CARTESIAN_POINT ( 'NONE',  ( -1.604999999999999538, -0.1000000000000000056, 1.625000000000000000 ) ) ;
#729 = CARTESIAN_POINT ( 'NONE',  ( 0.7131071931185164470, 3.000000000000000888, 1.149974428646697744 ) ) ;
#730 = LINE ( 'NONE', #957, #665 ) ;
#731 = CARTESIAN_POINT ( 'NONE',  ( 1.673484815580986496, 3.000000000000000444, -0.4830576299426507236 ) ) ;
#732 = CARTESIAN_POINT ( 'NONE',  ( 1.694055144851021044, 3.000000000000000888, 0.6704477614070409874 ) ) ;
#733 = ORIENTED_EDGE ( 'NONE', *, *, #3144, .F. ) ;
#734 = EDGE_CURVE ( 'NONE', #47, #1696, #2377, .T. ) ;
#735 = ORIENTED_EDGE ( 'NONE', *, *, #227, .F. ) ;
#736 = FACE_OUTER_BOUND ( 'NONE', #2732, .T. ) ;
#737 = CARTESIAN_POINT ( 'NONE',  ( 1.656409784731315504, 2.999900000000001565, 0.5672127162918170207 ) ) ;
#738 = CARTESIAN_POINT ( 'NONE',  ( 0.7031561179726393274, 3.000000000000000888, -1.067196276341844108 ) ) ;
#739 = ORIENTED_EDGE ( 'NONE', *, *, #2859, .T. ) ;
#740 =( LENGTH_UNIT ( ) NAMED_UNIT ( * ) SI_UNIT ( .MILLI., .METRE. ) );
#741 = VERTEX_POINT ( 'NONE', #1520 ) ;
#742 = CARTESIAN_POINT ( 'NONE',  ( 1.604999999999999538, -0.1000000000000000056, 1.625000000000000444 ) ) ;
#743 = B_SPLINE_SURFACE_WITH_KNOTS ( 'NONE', 3, 1, ( 
 ( #1439, #2310 ),
 ( #3500, #638 ),
 ( #1455, #3215 ),
 ( #2896, #3177 ),
 ( #2593, #1193 ),
 ( #2295, #2328 ),
 ( #2632, #848 ),
 ( #1765, #2055 ),
 ( #3424, #344 ),
 ( #1998, #67 ),
 ( #1214, #3446 ) ),
 .UNSPECIFIED., .F., .F., .F.,
 ( 4, 1, 1, 1, 1, 1, 1, 1, 4 ),
 ( 2, 2 ),
 ( 0.000000000000000000, 0.1528910399261259045, 0.2655498866055905904, 0.3469726293230774861, 0.4171409348174465181, 0.5027291515886440632, 0.6212628926146340769, 0.7862933040589764611, 0.9999999999999998890 ),
 ( 0.000000000000000000, 1.000000000000000000 ),
 .UNSPECIFIED. ) ;
#744 = COLOUR_RGB ( '',0.1921568627450980227, 0.2039215686274509776, 0.2039215686274509776 ) ;
#745 = CARTESIAN_POINT ( 'NONE',  ( 1.678431273444241922, 3.000000000000000444, 1.309080113370286513 ) ) ;
#746 = CARTESIAN_POINT ( 'NONE',  ( 1.187384229799004931, 2.999900000000000233, -0.6247720647437822183 ) ) ;
#747 = B_SPLINE_CURVE_WITH_KNOTS ( 'NONE', 3,
 ( #1784, #1270, #1824, #126, #2073, #3211, #2689, #634, #2365, #2649, #1468 ),
 .UNSPECIFIED., .F., .F.,
 ( 4, 1, 1, 1, 1, 1, 1, 1, 4 ),
 ( 0.000000000000000000, 0.2009044012478304608, 0.3599846282170893197, 0.4835952109184654124, 0.5715364693554777498, 0.6460191871590642565, 0.7285858147531649731, 0.8430130251172089917, 0.9999999999999998890 ),
 .UNSPECIFIED. ) ;
#748 = CARTESIAN_POINT ( 'NONE',  ( 1.693265861239841019, 3.000000000000000000, 0.5921982956610357673 ) ) ;
#749 = EDGE_CURVE ( 'NONE', #1805, #2881, #2747, .T. ) ;
#750 = CARTESIAN_POINT ( 'NONE',  ( 0.7028656193565712140, 3.000000000000000888, -0.9437601458386377651 ) ) ;
#751 = DIRECTION ( 'NONE',  ( 0.000000000000000000, -4.396374354361129504E-13, 1.000000000000000000 ) ) ;
#752 = CARTESIAN_POINT ( 'NONE',  ( 1.686675839746154315, 2.999899999999999345, 0.7008141385720700889 ) ) ;
#753 = ORIENTED_EDGE ( 'NONE', *, *, #1943, .T. ) ;
#754 = ORIENTED_EDGE ( 'NONE', *, *, #3465, .T. ) ;
#755 = CARTESIAN_POINT ( 'NONE',  ( -1.604999999999999538, 0.000000000000000000, -1.625000000000000000 ) ) ;
#756 = CARTESIAN_POINT ( 'NONE',  ( 1.604999999999999538, -0.1000000000000000056, 1.625000000000000444 ) ) ;
#757 = ORIENTED_EDGE ( 'NONE', *, *, #640, .T. ) ;
#758 = DIRECTION ( 'NONE',  ( -0.8571493051170774313, 0.000000000000000000, -0.5150680234078905961 ) ) ;
#759 = EDGE_LOOP ( 'NONE', ( #3442, #2473, #1257, #107 ) ) ;
#760 = CARTESIAN_POINT ( 'NONE',  ( 1.673484815580986718, 2.999900000000000233, 1.164001193586761573 ) ) ;
#761 = EDGE_CURVE ( 'NONE', #714, #684, #3579, .T. ) ;
#762 = CARTESIAN_POINT ( 'NONE',  ( -1.190766911693281971, 3.000000000000000000, -0.4028220472440876554 ) ) ;
#763 = CARTESIAN_POINT ( 'NONE',  ( 1.668360285013242628, 2.999999999999999556, 0.5626284551345802631 ) ) ;
#764 = CARTESIAN_POINT ( 'NONE',  ( 0.7074508662698738570, 2.999999999999999556, -0.9386622135908385678 ) ) ;
#765 = EDGE_CURVE ( 'NONE', #3668, #308, #2697, .T. ) ;
#766 = CARTESIAN_POINT ( 'NONE',  ( 1.683008949238502749, 2.999899999999999789, 0.3475304545172494541 ) ) ;
#767 = CARTESIAN_POINT ( 'NONE',  ( 0.6991903068836543556, 2.999900000000000677, -0.9505266915923248350 ) ) ;
#768 = ORIENTED_EDGE ( 'NONE', *, *, #535, .F. ) ;
#769 = CARTESIAN_POINT ( 'NONE',  ( 1.647798083292064453, 2.999900000000000233, 0.4752301447096722864 ) ) ;
#770 = PRODUCT_DEFINITION_CONTEXT ( 'detailed design', #2862, 'design' ) ;
#771 = ORIENTED_EDGE ( 'NONE', *, *, #2016, .F. ) ;
#772 = CARTESIAN_POINT ( 'NONE',  ( 1.692619765420955158, 2.999900000000000677, -0.4526331556222130681 ) ) ;
#773 = EDGE_CURVE ( 'NONE', #3134, #2258, #1174, .T. ) ;
#774 = B_SPLINE_SURFACE_WITH_KNOTS ( 'NONE', 3, 1, ( 
 ( #2548, #1125 ),
 ( #829, #3643 ),
 ( #1982, #3398 ),
 ( #1933, #2519 ),
 ( #2234, #2262 ),
 ( #3381, #2863 ),
 ( #797, #3077 ),
 ( #2279, #1698 ),
 ( #2848, #2807 ),
 ( #1365, #1951 ),
 ( #1685, #1967 ) ),
 .UNSPECIFIED., .F., .F., .F.,
 ( 4, 1, 1, 1, 1, 1, 1, 1, 4 ),
 ( 2, 2 ),
 ( 0.000000000000000000, 0.1528910399261259045, 0.2655498866055909790, 0.3469726293230778191, 0.4171409348174468512, 0.5027291515886457285, 0.6212628926146347430, 0.7862933040589772382, 1.000000000000000000 ),
 ( 0.000000000000000000, 1.000000000000000000 ),
 .UNSPECIFIED. ) ;
#775 = CARTESIAN_POINT ( 'NONE',  ( -1.347742502244459573, 2.999900000000000233, 0.1427929133858330257 ) ) ;
#776 = CARTESIAN_POINT ( 'NONE',  ( 0.7210980718333989126, 3.000000000000000000, -1.072498408463537167 ) ) ;
#777 = ORIENTED_EDGE ( 'NONE', *, *, #2478, .F. ) ;
#778 = CARTESIAN_POINT ( 'NONE',  ( 1.689871298297997981, 3.000000000000000888, -0.9537645181380300929 ) ) ;
#779 = CARTESIAN_POINT ( 'NONE',  ( 0.7167363701304686474, 3.000000000000000444, 0.3234732054218903419 ) ) ;
#780 = CARTESIAN_POINT ( 'NONE',  ( 1.656409784731315504, 2.999900000000001565, -1.079846107237595776 ) ) ;
#781 = VECTOR ( 'NONE', #1554, 1000.000000000000000 ) ;
#782 = CARTESIAN_POINT ( 'NONE',  ( 0.6958075284347930989, 3.000000000000000444, -0.4560854901574646902 ) ) ;
#783 = LINE ( 'NONE', #2184, #2705 ) ;
#784 = VECTOR ( 'NONE', #2489, 1000.000000000000000 ) ;
#785 = CARTESIAN_POINT ( 'NONE',  ( 0.6975102315642288664, 3.000000000000000000, 0.3541081355034425560 ) ) ;
#786 = CARTESIAN_POINT ( 'NONE',  ( 1.692703783910344928, 2.999899999999999789, 0.6835362378045384268 ) ) ;
#787 = CARTESIAN_POINT ( 'NONE',  ( -1.604999999999999538, 0.000000000000000000, 1.625000000000000000 ) ) ;
#788 = CARTESIAN_POINT ( 'NONE',  ( 0.7186342297990049310, 2.999900000000000233, 0.3219191117268060398 ) ) ;
#789 =( GEOMETRIC_REPRESENTATION_CONTEXT ( 3 ) GLOBAL_UNCERTAINTY_ASSIGNED_CONTEXT ( ( #3475 ) ) GLOBAL_UNIT_ASSIGNED_CONTEXT ( ( #3189, #2621, #60 ) ) REPRESENTATION_CONTEXT ( 'NONE', 'WORKASPACE' ) );
#790 = VERTEX_POINT ( 'NONE', #2981 ) ;
#791 = CARTESIAN_POINT ( 'NONE',  ( 0.7210980718333990236, 3.000000000000000888, -0.2489689966988314074 ) ) ;
#792 = CARTESIAN_POINT ( 'NONE',  ( 1.642807023916652120, 2.999900000000000233, -0.3511047853320174439 ) ) ;
#793 = CARTESIAN_POINT ( 'NONE',  ( 0.7471268768578285258, 3.000000000000000000, -0.3635128735673115452 ) ) ;
#794 = VERTEX_POINT ( 'NONE', #932 ) ;
#795 = CARTESIAN_POINT ( 'NONE',  ( -1.228496045551548566, 2.999900000000000233, -0.2716748031496010740 ) ) ;
#796 = CARTESIAN_POINT ( 'NONE',  ( -1.701719806763284604, 2.999900000000000233, -1.597050532934600531 ) ) ;
#797 = CARTESIAN_POINT ( 'NONE',  ( 0.6982882561173680003, 2.999899999999999789, 1.282394302909318773 ) ) ;
#798 = CARTESIAN_POINT ( 'NONE',  ( 0.6950230845708413874, 2.999900000000000677, -0.4390419587337179852 ) ) ;
#799 = VECTOR ( 'NONE', #2497, 1000.000000000000000 ) ;
#800 = CARTESIAN_POINT ( 'NONE',  ( 0.6949870368931667652, 2.999999999999999556, 0.3971335026910637889 ) ) ;
#801 = CARTESIAN_POINT ( 'NONE',  ( 1.089268420975475493, 3.000000000000000000, 0.9299154352562181147 ) ) ;
#802 = EDGE_CURVE ( 'NONE', #271, #1435, #98, .T. ) ;
#803 = CARTESIAN_POINT ( 'NONE',  ( 0.6949669503872402121, 3.000000000000000000, -0.1829062559202528082 ) ) ;
#804 = CARTESIAN_POINT ( 'NONE',  ( 1.694961377924933066, 3.000000000000000000, 0.4127563591144912669 ) ) ;
#805 = ORIENTED_EDGE ( 'NONE', *, *, #194, .T. ) ;
#806 = CARTESIAN_POINT ( 'NONE',  ( 1.690244320670792222, 2.999899999999999789, -0.4624787726038530611 ) ) ;
#807 = CARTESIAN_POINT ( 'NONE',  ( -0.8834133683861913333, 3.000000000000000000, 0.5696811023622099235 ) ) ;
#808 = SURFACE_STYLE_USAGE ( .BOTH. , #5 ) ;
#809 = ORIENTED_EDGE ( 'NONE', *, *, #2540, .F. ) ;
#810 = CARTESIAN_POINT ( 'NONE',  ( -0.8834133683861913333, 2.999900000000000233, 0.5696811023622099235 ) ) ;
#811 = VECTOR ( 'NONE', #3165, 1000.000000000000000 ) ;
#812 = CARTESIAN_POINT ( 'NONE',  ( -0.4373228172050933060, 2.999900000000000233, -0.3764385826771631249 ) ) ;
#813 = CARTESIAN_POINT ( 'NONE',  ( 1.682633936342075032, 2.999900000000001121, 0.7064663628706541187 ) ) ;
#814 = CARTESIAN_POINT ( 'NONE',  ( 0.6949870368931667652, 2.999899999999999789, -0.4263959090736419988 ) ) ;
#815 = EDGE_LOOP ( 'NONE', ( #340, #1790, #1312, #32 ) ) ;
#816 = CARTESIAN_POINT ( 'NONE',  ( -1.843529790660224821, 2.999900000000000233, -1.597050532934600531 ) ) ;
#817 = B_SPLINE_CURVE_WITH_KNOTS ( 'NONE', 3,
 ( #58, #334, #3132, #2024, #37, #1202, #3151, #353, #577, #2336, #2568 ),
 .UNSPECIFIED., .F., .F.,
 ( 4, 1, 1, 1, 1, 1, 1, 1, 4 ),
 ( 0.000000000000000000, 0.2009044012478312657, 0.3599846282170889311, 0.4835952109184659120, 0.5715364693554773057, 0.6460191871590649226, 0.7285858147531654172, 0.8430130251172096578, 1.000000000000000000 ),
 .UNSPECIFIED. ) ;
#818 = CARTESIAN_POINT ( 'NONE',  ( 0.7108521438061915498, 2.999999999999999556, -0.2491625345341925979 ) ) ;
#819 = CARTESIAN_POINT ( 'NONE',  ( 1.693335768749239190, 2.999899999999999789, 0.4584512209538114114 ) ) ;
#820 = ORIENTED_EDGE ( 'NONE', *, *, #2646, .T. ) ;
#821 = CARTESIAN_POINT ( 'NONE',  ( 0.7333073083514421997, 2.999999999999999556, -0.2449469038232512108 ) ) ;
#822 = CARTESIAN_POINT ( 'NONE',  ( 0.6957018612905488952, 3.000000000000000444, 1.268779234130675393 ) ) ;
#823 = CARTESIAN_POINT ( 'NONE',  ( 0.7471268768578285258, 3.000000000000000000, -1.061352947096723343 ) ) ;
#824 = ORIENTED_EDGE ( 'NONE', *, *, #1231, .F. ) ;
#825 = DIRECTION ( 'NONE',  ( -0.000000000000000000, 1.000000000000000000, -0.000000000000000000 ) ) ;
#826 =( GEOMETRIC_REPRESENTATION_CONTEXT ( 3 ) GLOBAL_UNCERTAINTY_ASSIGNED_CONTEXT ( ( #3193 ) ) GLOBAL_UNIT_ASSIGNED_CONTEXT ( ( #2857, #1647, #2210 ) ) REPRESENTATION_CONTEXT ( 'NONE', 'WORKASPACE' ) );
#827 = EDGE_CURVE ( 'NONE', #2190, #2855, #2103, .T. ) ;
#828 = EDGE_CURVE ( 'NONE', #1922, #3250, #1538, .T. ) ;
#829 = CARTESIAN_POINT ( 'NONE',  ( 0.7420388912173696561, 2.999899999999999789, 1.286236779718745282 ) ) ;
#830 = CARTESIAN_POINT ( 'NONE',  ( 1.671299670975475493, 3.000000000000000000, -0.1098364029790764168 ) ) ;
#831 = EDGE_CURVE ( 'NONE', #2801, #2023, #139, .T. ) ;
#832 = ORIENTED_EDGE ( 'NONE', *, *, #2601, .T. ) ;
#833 = DIRECTION ( 'NONE',  ( 0.000000000000000000, 0.000000000000000000, -1.000000000000000000 ) ) ;
#834 = LINE ( 'NONE', #3506, #1745 ) ;
#835 = CARTESIAN_POINT ( 'NONE',  ( 1.656402406387030402, 2.999900000000000677, 0.4800667102338018188 ) ) ;
#836 = B_SPLINE_CURVE_WITH_KNOTS ( 'NONE', 3,
 ( #163, #800, #1954, #1905, #785, #515, #3097, #1020, #528, #216, #1937 ),
 .UNSPECIFIED., .F., .F.,
 ( 4, 1, 1, 1, 1, 1, 1, 1, 4 ),
 ( 0.000000000000000000, 0.2339648385054096391, 0.4198783559695586920, 0.5659151998979445874, 0.6801214999993746568, 0.7723010949812563197, 0.8443163158709258154, 0.9185860088431500037, 0.9999999999999998890 ),
 .UNSPECIFIED. ) ;
#837 = STYLED_ITEM ( 'NONE', ( #891 ), #2739 ) ;
#838 = ORIENTED_EDGE ( 'NONE', *, *, #2940, .T. ) ;
#839 = LINE ( 'NONE', #520, #1740 ) ;
#840 = VECTOR ( 'NONE', #451, 1000.000000000000000 ) ;
#841 = CARTESIAN_POINT ( 'NONE',  ( 0.7025367830279435344, 3.000000000000000000, -0.3548009908250923106 ) ) ;
#842 = VECTOR ( 'NONE', #758, 1000.000000000000000 ) ;
#843 = ORIENTED_EDGE ( 'NONE', *, *, #2415, .F. ) ;
#844 = ADVANCED_FACE ( 'NONE', ( #3329 ), #2790, .T. ) ;
#845 = STYLED_ITEM ( 'NONE', ( #1181 ), #1048 ) ;
#846 = FACE_OUTER_BOUND ( 'NONE', #1393, .T. ) ;
#847 = DIRECTION ( 'NONE',  ( 0.000000000000000000, -0.000000000000000000, 1.000000000000000000 ) ) ;
#848 = CARTESIAN_POINT ( 'NONE',  ( 0.6982882561173680003, 2.999999999999999556, -0.3646645206200928024 ) ) ;
#849 = FACE_OUTER_BOUND ( 'NONE', #2709, .T. ) ;
#850 = B_SPLINE_CURVE_WITH_KNOTS ( 'NONE', 3,
 ( #2619, #889, #873, #3454, #76, #2886, #1991, #3205, #2852, #561, #1498 ),
 .UNSPECIFIED., .F., .F.,
 ( 4, 1, 1, 1, 1, 1, 1, 1, 4 ),
 ( 0.000000000000000000, 0.2090174448045498401, 0.3701215845098707047, 0.4868884033316092097, 0.5748632755078615375, 0.6458207185090941715, 0.7281441267704349407, 0.8423061535616730433, 1.000000000000000000 ),
 .UNSPECIFIED. ) ;
#851 = CARTESIAN_POINT ( 'NONE',  ( 0.7167363701304686474, 2.999900000000000677, -0.5000562063428156678 ) ) ;
#852 = STYLED_ITEM ( 'NONE', ( #2860 ), #1198 ) ;
#853 = EDGE_LOOP ( 'NONE', ( #2604, #2150, #3312, #1145 ) ) ;
#854 = LINE ( 'NONE', #2314, #2397 ) ;
#855 = CARTESIAN_POINT ( 'NONE',  ( 0.6990214886042269704, 3.000000000000000000, -0.2338944340513482156 ) ) ;
#856 = VECTOR ( 'NONE', #2214, 1000.000000000000000 ) ;
#857 = CARTESIAN_POINT ( 'NONE',  ( 0.7333073083514421997, 2.999999999999999556, 0.5785825079414548266 ) ) ;
#858 = EDGE_LOOP ( 'NONE', ( #2488, #3335, #1722, #3700 ) ) ;
#859 = CARTESIAN_POINT ( 'NONE',  ( 1.089268420975475493, 3.000000000000000000, -0.7171433882731939047 ) ) ;
#860 = FACE_OUTER_BOUND ( 'NONE', #629, .T. ) ;
#861 = ORIENTED_EDGE ( 'NONE', *, *, #1054, .T. ) ;
#862 = CARTESIAN_POINT ( 'NONE',  ( 0.7471268768578285258, 3.000000000000000000, 0.4600165381973942424 ) ) ;
#863 = CARTESIAN_POINT ( 'NONE',  ( 1.647800524902918395, 2.999900000000000677, 0.5719365624242082058 ) ) ;
#864 = FACE_OUTER_BOUND ( 'NONE', #3705, .T. ) ;
#865 = VECTOR ( 'NONE', #2815, 1000.000000000000227 ) ;
#866 = CARTESIAN_POINT ( 'NONE',  ( 1.647800524902918395, 2.999900000000000677, -0.2515928493404981925 ) ) ;
#867 = CARTESIAN_POINT ( 'NONE',  ( -2.150000000000000355, 0.000000000000000000, -2.149999999999999023 ) ) ;
#868 = ORIENTED_EDGE ( 'NONE', *, *, #2596, .F. ) ;
#869 = CARTESIAN_POINT ( 'NONE',  ( 1.694961377924933066, 2.999900000000000233, -0.4107730526502146873 ) ) ;
#870 = CARTESIAN_POINT ( 'NONE',  ( 1.694966950387240212, 2.999900000000000233, -0.1904889765084881725 ) ) ;
#871 = EDGE_CURVE ( 'NONE', #3595, #937, #676, .T. ) ;
#872 = ORIENTED_EDGE ( 'NONE', *, *, #1117, .F. ) ;
#873 = CARTESIAN_POINT ( 'NONE',  ( 1.694866229732195695, 3.000000000000000000, 0.4408254640228527754 ) ) ;
#874 = ORIENTED_EDGE ( 'NONE', *, *, #2004, .F. ) ;
#875 = PLANE ( 'NONE',  #661 ) ;
#876 = CARTESIAN_POINT ( 'NONE',  ( 1.694930599229935053, 2.999900000000000677, 0.4273915995809250412 ) ) ;
#877 = CARTESIAN_POINT ( 'NONE',  ( 1.692619765420955158, 2.999900000000000233, 1.194425667907199173 ) ) ;
#878 = ORIENTED_EDGE ( 'NONE', *, *, #504, .F. ) ;
#879 = LINE ( 'NONE', #918, #1903 ) ;
#880 = ADVANCED_FACE ( 'NONE', ( #493 ), #3527, .F. ) ;
#881 = DIRECTION ( 'NONE',  ( 0.8679317172888709742, 0.000000000000000000, 0.4966835351851229818 ) ) ;
#882 =( LENGTH_UNIT ( ) NAMED_UNIT ( * ) SI_UNIT ( .MILLI., .METRE. ) );
#883 = PLANE ( 'NONE',  #572 ) ;
#884 = VECTOR ( 'NONE', #1167, 1000.000000000000000 ) ;
#885 = CARTESIAN_POINT ( 'NONE',  ( 0.6952184970927525187, 2.999900000000001121, 0.6203164193313298602 ) ) ;
#886 = CARTESIAN_POINT ( 'NONE',  ( 1.656409784731315504, 2.999900000000001565, -0.2563166954728895996 ) ) ;
#887 = DIRECTION ( 'NONE',  ( -4.752144688529600240E-16, -0.000000000000000000, 1.000000000000000000 ) ) ;
#888 = DIRECTION ( 'NONE',  ( 1.008560160451632221E-16, 0.000000000000000000, 1.000000000000000000 ) ) ;
#889 = CARTESIAN_POINT ( 'NONE',  ( 1.694930599229935053, 3.000000000000000444, 0.4273915995809250412 ) ) ;
#890 = ORIENTED_EDGE ( 'NONE', *, *, #3224, .T. ) ;
#891 = PRESENTATION_STYLE_ASSIGNMENT (( #3472 ) ) ;
#892 = CARTESIAN_POINT ( 'NONE',  ( 0.6949881018814876299, 3.000000000000000888, -0.1761675158166620403 ) ) ;
#893 = CARTESIAN_POINT ( 'NONE',  ( 1.677578225062696049, 2.999900000000000677, 1.166472464345619464 ) ) ;
#894 = UNCERTAINTY_MEASURE_WITH_UNIT (LENGTH_MEASURE( 1.000000000000000082E-05 ), #1437, 'distance_accuracy_value', 'NONE');
#895 = EDGE_CURVE ( 'NONE', #2343, #2322, #2766, .T. ) ;
#896 = VERTEX_POINT ( 'NONE', #3366 ) ;
#897 = LINE ( 'NONE', #3477, #1957 ) ;
#898 = CARTESIAN_POINT ( 'NONE',  ( 1.694966950387240212, 2.999900000000000233, -1.014018388273193905 ) ) ;
#899 = VECTOR ( 'NONE', #25, 1000.000000000000000 ) ;
#900 = CARTESIAN_POINT ( 'NONE',  ( 1.686390847390480285, 2.999900000000000677, 1.304332129422046904 ) ) ;
#901 = CARTESIAN_POINT ( 'NONE',  ( 0.7186342297990049310, 3.000000000000000000, -0.9310680206261351399 ) ) ;
#902 = ORIENTED_EDGE ( 'NONE', *, *, #2959, .T. ) ;
#903 = AXIS2_PLACEMENT_3D ( 'NONE', #3278, #2653, #89 ) ;
#904 = CARTESIAN_POINT ( 'NONE',  ( 0.6957018612905488952, 2.999900000000000233, -0.3782795893987368485 ) ) ;
#905 = LINE ( 'NONE', #2059, #3511 ) ;
#906 = EDGE_LOOP ( 'NONE', ( #872, #1408, #209, #3597 ) ) ;
#907 = CARTESIAN_POINT ( 'NONE',  ( 0.7131071931185160029, 2.999899999999998901, 0.3264450168819910680 ) ) ;
#908 = CARTESIAN_POINT ( 'NONE',  ( 1.686390847390480285, 2.999900000000000677, 1.304332129422046904 ) ) ;
#909 = VERTEX_POINT ( 'NONE', #1919 ) ;
#910 = LINE ( 'NONE', #1720, #884 ) ;
#911 = EDGE_LOOP ( 'NONE', ( #3272, #1526, #3104, #2719 ) ) ;
#912 = LINE ( 'NONE', #859, #2280 ) ;
#913 = DIRECTION ( 'NONE',  ( 0.000000000000000000, 1.000000000000000000, 0.000000000000000000 ) ) ;
#914 = EDGE_CURVE ( 'NONE', #2710, #2405, #783, .T. ) ;
#915 = CARTESIAN_POINT ( 'NONE',  ( -0.9126810849216281385, 3.000000000000000000, -0.5326559055118056385 ) ) ;
#916 = UNCERTAINTY_MEASURE_WITH_UNIT (LENGTH_MEASURE( 1.000000000000000082E-05 ), #3225, 'distance_accuracy_value', 'NONE');
#917 = VERTEX_POINT ( 'NONE', #1146 ) ;
#918 = CARTESIAN_POINT ( 'NONE',  ( 1.184167318034299088, 2.999900000000000233, 0.02274631760915894751 ) ) ;
#919 = CARTESIAN_POINT ( 'NONE',  ( 0.7471268768578285258, 2.999900000000000233, -0.2378235353320174994 ) ) ;
#920 = SURFACE_SIDE_STYLE ('',( #584 ) ) ;
#921 = CARTESIAN_POINT ( 'NONE',  ( 1.686675839746154315, 2.999999999999999112, -0.9462446849573414864 ) ) ;
#922 = CARTESIAN_POINT ( 'NONE',  ( 1.683008949238502749, 2.999999999999999112, 1.171059866281955353 ) ) ;
#923 = EDGE_LOOP ( 'NONE', ( #1862, #2423, #2072, #2444 ) ) ;
#924 = EDGE_CURVE ( 'NONE', #1849, #2801, #559, .T. ) ;
#925 = CARTESIAN_POINT ( 'NONE',  ( 0.7210980718333990236, 3.000000000000000888, 0.5745604150658749631 ) ) ;
#926 = DIRECTION ( 'NONE',  ( 1.008560160451632221E-16, 0.000000000000000000, 1.000000000000000000 ) ) ;
#927 = B_SPLINE_CURVE_WITH_KNOTS ( 'NONE', 3,
 ( #1228, #2590, #1726, #3441 ),
 .UNSPECIFIED., .F., .F.,
 ( 4, 4 ),
 ( 0.7272727272727274039, 0.8181818181818183433 ),
 .UNSPECIFIED. ) ;
#928 = EDGE_LOOP ( 'NONE', ( #615, #2545, #2449, #1050 ) ) ;
#929 = CARTESIAN_POINT ( 'NONE',  ( 1.642807023916652120, 2.999900000000000233, 1.295954038197394631 ) ) ;
#930 = COLOUR_RGB ( '',0.1921568627450980227, 0.2039215686274509776, 0.2039215686274509776 ) ;
#931 = PRESENTATION_STYLE_ASSIGNMENT (( #1519 ) ) ;
#932 = CARTESIAN_POINT ( 'NONE',  ( 1.694966950387240212, 3.000000000000000000, -1.014018388273193905 ) ) ;
#933 = LINE ( 'NONE', #3562, #1301 ) ;
#934 = DIRECTION ( 'NONE',  ( -0.000000000000000000, 1.000000000000000000, -0.000000000000000000 ) ) ;
#935 = CARTESIAN_POINT ( 'NONE',  ( 0.6991903068836543556, 2.999900000000000677, -0.1269972798276188530 ) ) ;
#936 = CARTESIAN_POINT ( 'NONE',  ( 0.6949669503872402121, 2.999900000000000233, -0.4193492706261351399 ) ) ;
#937 = VERTEX_POINT ( 'NONE', #2836 ) ;
#938 = SHAPE_DEFINITION_REPRESENTATION ( #185, #2093 ) ;
#939 = ORIENTED_EDGE ( 'NONE', *, *, #372, .T. ) ;
#940 = CARTESIAN_POINT ( 'NONE',  ( -1.008836990433439107, 2.999900000000000233, -0.2119086614173194272 ) ) ;
#941 = VECTOR ( 'NONE', #108, 1000.000000000000000 ) ;
#942 = CARTESIAN_POINT ( 'NONE',  ( 2.150000000000000799, 3.000000000000000000, 2.150000000000000799 ) ) ;
#943 = CARTESIAN_POINT ( 'NONE',  ( 1.694955180068616896, 2.999899999999999789, -0.9937052121039300356 ) ) ;
#944 = CARTESIAN_POINT ( 'NONE',  ( 0.7186342297990049310, 3.000000000000000000, 0.3219191117268060398 ) ) ;
#945 = EDGE_LOOP ( 'NONE', ( #735, #2761, #3153, #2137, #2591, #2706, #3156, #300, #2905, #2456, #2063 ) ) ;
#946 = EDGE_CURVE ( 'NONE', #438, #1974, #2850, .T. ) ;
#947 = CARTESIAN_POINT ( 'NONE',  ( 1.693265861239841241, 2.999900000000000233, -1.054860527868375808 ) ) ;
#948 = EDGE_CURVE ( 'NONE', #1644, #310, #1735, .T. ) ;
#949 = CARTESIAN_POINT ( 'NONE',  ( -0.5432747857090265420, 2.999900000000000233, 0.4078110236220509610 ) ) ;
#950 = B_SPLINE_SURFACE_WITH_KNOTS ( 'NONE', 3, 1, ( 
 ( #2914, #1237 ),
 ( #112, #2675 ),
 ( #943, #3214 ),
 ( #966, #343 ),
 ( #1488, #585 ),
 ( #66, #1213 ),
 ( #3499, #921 ),
 ( #2094, #3299 ),
 ( #2153, #1275 ),
 ( #3277, #464 ),
 ( #1847, #718 ) ),
 .UNSPECIFIED., .F., .F., .F.,
 ( 4, 1, 1, 1, 1, 1, 1, 1, 4 ),
 ( 2, 2 ),
 ( 0.000000000000000000, 0.2475841483258835463, 0.4361234509600928066, 0.5765471439970858425, 0.6891935206218181564, 0.7769127325059270728, 0.8506699786920537409, 0.9203469832125574790, 0.9999999999999998890 ),
 ( 0.000000000000000000, 1.000000000000000000 ),
 .UNSPECIFIED. ) ;
#951 = ORIENTED_EDGE ( 'NONE', *, *, #3615, .T. ) ;
#952 = LINE ( 'NONE', #2661, #1509 ) ;
#953 = CARTESIAN_POINT ( 'NONE',  ( 0.7167363701304686474, 3.000000000000000000, 1.147002617186596574 ) ) ;
#954 = B_SPLINE_CURVE_WITH_KNOTS ( 'NONE', 3,
 ( #1110, #1126, #2833, #3710, #3127, #2002, #3382, #3145, #2250, #3411, #830 ),
 .UNSPECIFIED., .F., .F.,
 ( 4, 1, 1, 1, 1, 1, 1, 1, 4 ),
 ( 0.000000000000000000, 0.2475841483258847675, 0.4361234509600928066, 0.5765471439970858425, 0.6891935206218181564, 0.7769127325059270728, 0.8506699786920537409, 0.9203469832125574790, 0.9999999999999998890 ),
 .UNSPECIFIED. ) ;
#955 = CARTESIAN_POINT ( 'NONE',  ( 1.693335768749240078, 3.000000000000000000, 1.281980632718518143 ) ) ;
#956 = CARTESIAN_POINT ( 'NONE',  ( 0.7028656193565712140, 3.000000000000000888, -0.9437601458386377651 ) ) ;
#957 = CARTESIAN_POINT ( 'NONE',  ( 1.184167318034299088, 2.999900000000000233, 0.02274631760915894751 ) ) ;
#958 = FILL_AREA_STYLE_COLOUR ( '', #744 ) ;
#959 = ORIENTED_EDGE ( 'NONE', *, *, #3495, .F. ) ;
#960 = DIRECTION ( 'NONE',  ( -0.000000000000000000, 1.000000000000000000, -0.000000000000000000 ) ) ;
#961 = ORIENTED_EDGE ( 'NONE', *, *, #262, .F. ) ;
#962 = CARTESIAN_POINT ( 'NONE',  ( 0.000000000000000000, -0.1000000000000000056, 0.000000000000000000 ) ) ;
#963 = CARTESIAN_POINT ( 'NONE',  ( 1.694966950387240434, 2.999900000000000677, 0.6330404352562182257 ) ) ;
#964 = VECTOR ( 'NONE', #3696, 1000.000000000000000 ) ;
#965 = EDGE_CURVE ( 'NONE', #1707, #393, #3183, .T. ) ;
#966 = CARTESIAN_POINT ( 'NONE',  ( 1.694055144851020378, 2.999900000000000233, -0.9766110621223713650 ) ) ;
#967 = CARTESIAN_POINT ( 'NONE',  ( 0.6991903068836543556, 2.999900000000000677, -0.1269972798276188530 ) ) ;
#968 = ORIENTED_EDGE ( 'NONE', *, *, #895, .F. ) ;
#969 = AXIS2_PLACEMENT_3D ( 'NONE', #259, #2530, #3675 ) ;
#970 = CARTESIAN_POINT ( 'NONE',  ( 1.678652372839754436, 2.999899999999999789, -0.2613983560386101135 ) ) ;
#971 = AXIS2_PLACEMENT_3D ( 'NONE', #3628, #2203, #3058 ) ;
#972 = VECTOR ( 'NONE', #2252, 1000.000000000000000 ) ;
#973 = VECTOR ( 'NONE', #2659, 1000.000000000000000 ) ;
#974 = PLANE ( 'NONE',  #2476 ) ;
#975 =( NAMED_UNIT ( * ) SI_UNIT ( $, .STERADIAN. ) SOLID_ANGLE_UNIT ( ) );
#976 = DIRECTION ( 'NONE',  ( -0.8701091694029017276, 0.000000000000000000, 0.4928590400114342684 ) ) ;
#977 = CARTESIAN_POINT ( 'NONE',  ( 0.6975102315642286444, 2.999999999999999556, 1.177637547268148843 ) ) ;
#978 = ORIENTED_EDGE ( 'NONE', *, *, #509, .T. ) ;
#979 = CARTESIAN_POINT ( 'NONE',  ( -0.1632645494885593962, 3.000000000000000000, -0.6440314960629905938 ) ) ;
#980 = CARTESIAN_POINT ( 'NONE',  ( -1.604999999999999538, 0.000000000000000000, -1.625000000000000000 ) ) ;
#981 = ADVANCED_FACE ( 'NONE', ( #3467 ), #33, .F. ) ;
#982 = DIRECTION ( 'NONE',  ( 0.000000000000000000, -0.000000000000000000, 1.000000000000000000 ) ) ;
#983 = VERTEX_POINT ( 'NONE', #1415 ) ;
#984 = ORIENTED_EDGE ( 'NONE', *, *, #1379, .F. ) ;
#985 = CARTESIAN_POINT ( 'NONE',  ( 1.673484815580986496, 2.999900000000000677, -0.4830576299426507236 ) ) ;
#986 = LINE ( 'NONE', #462, #3136 ) ;
#987 = CARTESIAN_POINT ( 'NONE',  ( 0.6952184970927524077, 2.999900000000000677, -1.026742404198082603 ) ) ;
#988 = FACE_OUTER_BOUND ( 'NONE', #364, .T. ) ;
#989 = VERTEX_POINT ( 'NONE', #1164 ) ;
#990 = CARTESIAN_POINT ( 'NONE',  ( 0.6949669503872402121, 3.000000000000000000, -0.1829062559202528082 ) ) ;
#991 =( GEOMETRIC_REPRESENTATION_CONTEXT ( 3 ) GLOBAL_UNCERTAINTY_ASSIGNED_CONTEXT ( ( #1208 ) ) GLOBAL_UNIT_ASSIGNED_CONTEXT ( ( #2984, #1884, #3368 ) ) REPRESENTATION_CONTEXT ( 'NONE', 'WORKASPACE' ) );
#992 = CARTESIAN_POINT ( 'NONE',  ( 1.694050612121599020, 3.000000000000000444, 1.207224916376134383 ) ) ;
#993 = CARTESIAN_POINT ( 'NONE',  ( -1.604999999999999538, -0.1000000000000000056, 1.625000000000000000 ) ) ;
#994 = CARTESIAN_POINT ( 'NONE',  ( 0.6949669503872402121, 3.000000000000000000, 1.227709552903276879 ) ) ;
#995 = CARTESIAN_POINT ( 'NONE',  ( -1.604999999999999538, -0.1000000000000000056, -1.625000000000000000 ) ) ;
#996 = SURFACE_STYLE_USAGE ( .BOTH. , #2983 ) ;
#997 = EDGE_CURVE ( 'NONE', #207, #1717, #607, .T. ) ;
#998 = CARTESIAN_POINT ( 'NONE',  ( 1.689871298297997981, 2.999900000000001121, 0.6932943053913822595 ) ) ;
#999 = ADVANCED_FACE ( 'NONE', ( #1703 ), #2127, .T. ) ;
#1000 = CARTESIAN_POINT ( 'NONE',  ( 1.686390847390480063, 3.000000000000000000, -0.3427266941073649487 ) ) ;
#1001 = EDGE_LOOP ( 'NONE', ( #611, #959, #1313, #3657 ) ) ;
#1002 = ORIENTED_EDGE ( 'NONE', *, *, #535, .T. ) ;
#1003 = CARTESIAN_POINT ( 'NONE',  ( 0.7471268768578285258, 2.999900000000000233, 0.5857058764326887879 ) ) ;
#1004 = CARTESIAN_POINT ( 'NONE',  ( 0.6975049517387400533, 2.999900000000001121, 0.6872376309895250612 ) ) ;
#1005 = CARTESIAN_POINT ( 'NONE',  ( 1.694050612121599242, 2.999900000000000677, 0.3836955046114279844 ) ) ;
#1006 = ORIENTED_EDGE ( 'NONE', *, *, #1012, .T. ) ;
#1007 = EDGE_CURVE ( 'NONE', #3416, #3595, #1111, .T. ) ;
#1008 = CARTESIAN_POINT ( 'NONE',  ( 1.668356728445578474, 2.999999999999999556, -0.3386107115238264909 ) ) ;
#1009 = CARTESIAN_POINT ( 'NONE',  ( 0.7471268768578285258, 2.999900000000000233, -1.061352947096723343 ) ) ;
#1010 = CARTESIAN_POINT ( 'NONE',  ( 0.7186342297990050421, 2.999900000000000677, 0.3219191117268060953 ) ) ;
#1011 = CARTESIAN_POINT ( 'NONE',  ( -1.701719806763286158, 3.000000000000000000, 1.597050532934600975 ) ) ;
#1012 = EDGE_CURVE ( 'NONE', #3455, #2525, #2550, .T. ) ;
#1013 = FILL_AREA_STYLE_COLOUR ( '', #930 ) ;
#1014 = CARTESIAN_POINT ( 'NONE',  ( -2.149999999999999911, 3.000000000000000000, 2.150000000000000799 ) ) ;
#1015 = CARTESIAN_POINT ( 'NONE',  ( 1.694866229732195473, 3.000000000000000444, 1.264354875787558896 ) ) ;
#1016 = CARTESIAN_POINT ( 'NONE',  ( 0.6975049517387400533, 2.999900000000000677, -0.9598211925398869582 ) ) ;
#1017 = B_SPLINE_SURFACE_WITH_KNOTS ( 'NONE', 3, 1, ( 
 ( #2146, #161 ),
 ( #3659, #1307 ),
 ( #2105, #3581 ),
 ( #1556, #2685 ),
 ( #1881, #956 ),
 ( #2126, #142 ),
 ( #1016, #3247 ),
 ( #2727, #1579 ),
 ( #1090, #1858 ),
 ( #673, #3002 ),
 ( #434, #1819 ) ),
 .UNSPECIFIED., .F., .F., .F.,
 ( 4, 1, 1, 1, 1, 1, 1, 1, 4 ),
 ( 2, 2 ),
 ( 0.000000000000000000, 0.08269940838263042937, 0.1609352856402981036, 0.2384022412677357095, 0.3252932597831265094, 0.4321161260274621330, 0.5729322032451386049, 0.7592645677637475110, 1.000000000000000000 ),
 ( 0.000000000000000000, 1.000000000000000000 ),
 .UNSPECIFIED. ) ;
#1018 = CARTESIAN_POINT ( 'NONE',  ( -1.701719806763286158, 2.999900000000000233, 1.597050532934600975 ) ) ;
#1019 = VECTOR ( 'NONE', #81, 1000.000000000000000 ) ;
#1020 = CARTESIAN_POINT ( 'NONE',  ( 0.7075269973100262177, 3.000000000000000888, 0.3304348256741754253 ) ) ;
#1021 = CARTESIAN_POINT ( 'NONE',  ( 1.686675839746154315, 2.999999999999999556, 0.7008141385720700889 ) ) ;
#1022 = CARTESIAN_POINT ( 'NONE',  ( 1.691020684309345601, 3.000000000000001776, -0.3519898864452849496 ) ) ;
#1023 = ORIENTED_EDGE ( 'NONE', *, *, #1742, .F. ) ;
#1024 = ORIENTED_EDGE ( 'NONE', *, *, #727, .T. ) ;
#1025 = CARTESIAN_POINT ( 'NONE',  ( 0.7108521438061915498, 2.999899999999999789, 0.5743668772305134951 ) ) ;
#1026 = CARTESIAN_POINT ( 'NONE',  ( 1.694884334082952693, 2.999899999999999789, 0.6109443447374329761 ) ) ;
#1027 = PLANE ( 'NONE',  #569 ) ;
#1028 = ORIENTED_EDGE ( 'NONE', *, *, #1705, .F. ) ;
#1029 = CARTESIAN_POINT ( 'NONE',  ( 1.642807023916652120, 3.000000000000000000, -0.3511047853320174439 ) ) ;
#1030 = ORIENTED_EDGE ( 'NONE', *, *, #1874, .T. ) ;
#1031 = CARTESIAN_POINT ( 'NONE',  ( 1.671299670975475715, 2.999900000000000233, 1.162681979373865415 ) ) ;
#1032 = EDGE_CURVE ( 'NONE', #3250, #1513, #854, .T. ) ;
#1033 = B_SPLINE_CURVE_WITH_KNOTS ( 'NONE', 3,
 ( #2480, #2764, #762, #2142 ),
 .UNSPECIFIED., .F., .F.,
 ( 4, 4 ),
 ( 0.2727272727272727071, 0.3636363636363636465 ),
 .UNSPECIFIED. ) ;
#1034 = SURFACE_SIDE_STYLE ('',( #3055 ) ) ;
#1035 = FACE_OUTER_BOUND ( 'NONE', #1229, .T. ) ;
#1036 = VECTOR ( 'NONE', #646, 1000.000000000000000 ) ;
#1037 =( GEOMETRIC_REPRESENTATION_CONTEXT ( 3 ) GLOBAL_UNCERTAINTY_ASSIGNED_CONTEXT ( ( #3493 ) ) GLOBAL_UNIT_ASSIGNED_CONTEXT ( ( #52, #1493, #2938 ) ) REPRESENTATION_CONTEXT ( 'NONE', 'WORKASPACE' ) );
#1038 = CARTESIAN_POINT ( 'NONE',  ( 1.694937146817277362, 2.999900000000000677, 0.6250693406234225646 ) ) ;
#1039 = CARTESIAN_POINT ( 'NONE',  ( 0.6949881018814876299, 3.000000000000000444, -0.9996969275813678557 ) ) ;
#1040 = DIRECTION ( 'NONE',  ( 1.000000000000000000, 0.000000000000000000, -1.008560160451632221E-16 ) ) ;
#1041 = CARTESIAN_POINT ( 'NONE',  ( 1.694951558879835396, 3.000000000000000888, 0.4003359415749320749 ) ) ;
#1042 = CARTESIAN_POINT ( 'NONE',  ( 0.6951264900699232197, 2.999900000000001121, 0.4122140066660576196 ) ) ;
#1043 = CARTESIAN_POINT ( 'NONE',  ( 1.187384229799004931, 3.000000000000000000, 0.1987573470209236526 ) ) ;
#1044 = ORIENTED_EDGE ( 'NONE', *, *, #1234, .T. ) ;
#1045 = ORIENTED_EDGE ( 'NONE', *, *, #2442, .T. ) ;
#1046 = CARTESIAN_POINT ( 'NONE',  ( 0.6950570517042602425, 2.999900000000000677, 0.6333495018306486424 ) ) ;
#1047 = CARTESIAN_POINT ( 'NONE',  ( 0.7025245258168983931, 3.000000000000000000, 1.159258259995249452 ) ) ;
#1048 = ADVANCED_FACE ( 'NONE', ( #1429 ), #2, .F. ) ;
#1049 = CARTESIAN_POINT ( 'NONE',  ( 1.604999999999999538, 0.000000000000000000, -1.625000000000000444 ) ) ;
#1050 = ORIENTED_EDGE ( 'NONE', *, *, #3678, .T. ) ;
#1051 = VECTOR ( 'NONE', #2308, 1000.000000000000000 ) ;
#1052 = FACE_BOUND ( 'NONE', #1233, .T. ) ;
#1053 = CARTESIAN_POINT ( 'NONE',  ( 1.694951558879835396, 3.000000000000000888, 1.223865353339638640 ) ) ;
#1054 = EDGE_CURVE ( 'NONE', #465, #174, #2638, .T. ) ;
#1055 = B_SPLINE_SURFACE_WITH_KNOTS ( 'NONE', 3, 1, ( 
 ( #1605, #2692 ),
 ( #3295, #1273 ),
 ( #1294, #129 ),
 ( #419, #2953 ),
 ( #167, #1563 ),
 ( #2407, #2427 ),
 ( #1004, #2134 ),
 ( #1828, #2757 ),
 ( #699, #2368 ),
 ( #1530, #2988 ),
 ( #716, #1866 ) ),
 .UNSPECIFIED., .F., .F., .F.,
 ( 4, 1, 1, 1, 1, 1, 1, 1, 4 ),
 ( 2, 2 ),
 ( 0.000000000000000000, 0.08269940838263031835, 0.1609352856402979093, 0.2384022412677354041, 0.3252932597831261208, 0.4321161260274616334, 0.5729322032451379387, 0.7592645677637452906, 1.000000000000000000 ),
 ( 0.000000000000000000, 1.000000000000000000 ),
 .UNSPECIFIED. ) ;
#1056 = VECTOR ( 'NONE', #13, 1000.000000000000000 ) ;
#1057 = CARTESIAN_POINT ( 'NONE',  ( 1.642807023916652343, 3.000000000000000444, -0.2488529470967235091 ) ) ;
#1058 = PRESENTATION_STYLE_ASSIGNMENT (( #2788 ) ) ;
#1059 = CARTESIAN_POINT ( 'NONE',  ( 1.693265861239841019, 2.999900000000000233, 0.5921982956610357673 ) ) ;
#1060 = CARTESIAN_POINT ( 'NONE',  ( 0.4239819072043588544, 2.999900000000000233, 0.000000000000000000 ) ) ;
#1061 = CARTESIAN_POINT ( 'NONE',  ( 1.694966950387240212, 3.000000000000000000, -0.4037242706261350844 ) ) ;
#1062 = CARTESIAN_POINT ( 'NONE',  ( 1.677359608188032869, 2.999900000000000233, 0.7105916486709128455 ) ) ;
#1063 = VERTEX_POINT ( 'NONE', #2061 ) ;
#1065 = VECTOR ( 'NONE', #1764, 1000.000000000000000 ) ;
#1064 = DIRECTION ( 'NONE',  ( -0.000000000000000000, 1.000000000000000000, -0.000000000000000000 ) ) ;
#1066 = ORIENTED_EDGE ( 'NONE', *, *, #1440, .T. ) ;
#1067 = CARTESIAN_POINT ( 'NONE',  ( 0.6949669503872402121, 3.000000000000000000, -0.1829062559202528082 ) ) ;
#1068 = DIRECTION ( 'NONE',  ( -0.8571493051170773203, 0.000000000000000000, -0.5150680234078907072 ) ) ;
#1069 = PRESENTATION_LAYER_ASSIGNMENT (  '', '', ( #2853 ) ) ;
#1070 = VERTEX_POINT ( 'NONE', #2141 ) ;
#1071 = ORIENTED_EDGE ( 'NONE', *, *, #997, .F. ) ;
#1072 = CARTESIAN_POINT ( 'NONE',  ( 1.089268420975475493, 2.999900000000000233, 0.1063860234915118830 ) ) ;
#1073 = EDGE_CURVE ( 'NONE', #1114, #1172, #1518, .T. ) ;
#1074 = EDGE_CURVE ( 'NONE', #574, #2937, #2071, .T. ) ;
#1075 = DIRECTION ( 'NONE',  ( -0.000000000000000000, 1.000000000000000000, -0.000000000000000000 ) ) ;
#1076 = DIRECTION ( 'NONE',  ( -0.5121029854762093603, 0.000000000000000000, 0.8589240550050705192 ) ) ;
#1077 = DIRECTION ( 'NONE',  ( 0.8679317172888708631, 0.000000000000000000, 0.4966835351851232039 ) ) ;
#1078 = CARTESIAN_POINT ( 'NONE',  ( 0.4239819072043588544, 3.000000000000000000, 0.000000000000000000 ) ) ;
#1079 = CARTESIAN_POINT ( 'NONE',  ( 1.673484815580986496, 2.999900000000000677, 0.3404717818220551195 ) ) ;
#1080 = DIRECTION ( 'NONE',  ( -1.000000000000000000, 0.000000000000000000, -0.000000000000000000 ) ) ;
#1081 = CARTESIAN_POINT ( 'NONE',  ( 1.677359608188032869, 2.999900000000000233, -0.1129377630937932475 ) ) ;
#1082 = CARTESIAN_POINT ( 'NONE',  ( 1.671299670975475493, 3.000000000000000000, 0.3391525676091589059 ) ) ;
#1083 = ORIENTED_EDGE ( 'NONE', *, *, #2276, .T. ) ;
#1084 = CARTESIAN_POINT ( 'NONE',  ( 0.6950570517042602425, 3.000000000000000444, -0.1901799099340576449 ) ) ;
#1085 = CARTESIAN_POINT ( 'NONE',  ( 0.6950230845708413874, 2.999999999999999556, 1.208016864795694145 ) ) ;
#1086 = CARTESIAN_POINT ( 'NONE',  ( 1.671299670975475493, 2.999900000000000233, -0.9333658147437822183 ) ) ;
#1087 = ORIENTED_EDGE ( 'NONE', *, *, #3662, .F. ) ;
#1088 = ADVANCED_FACE ( 'NONE', ( #1815 ), #974, .T. ) ;
#1089 = CARTESIAN_POINT ( 'NONE',  ( 1.693335768749239190, 3.000000000000000444, 0.4584512209538114114 ) ) ;
#1090 = CARTESIAN_POINT ( 'NONE',  ( 0.6950256249081662174, 2.999899999999999789, -0.9877423147426570571 ) ) ;
#1091 = EDGE_CURVE ( 'NONE', #2496, #794, #1837, .T. ) ;
#1092 = DIRECTION ( 'NONE',  ( 1.000000000000000000, -0.000000000000000000, -2.644395542647572752E-16 ) ) ;
#1093 = VECTOR ( 'NONE', #887, 1000.000000000000000 ) ;
#1094 = CARTESIAN_POINT ( 'NONE',  ( 1.671299670975475493, 2.999900000000000233, -0.1098364029790764168 ) ) ;
#1095 = COLOUR_RGB ( '',1.000000000000000000, 1.000000000000000000, 1.000000000000000000 ) ;
#1096 = DIRECTION ( 'NONE',  ( 2.412262657225288938E-13, 1.000000000000000000, 4.396374354361129504E-13 ) ) ;
#1097 = CARTESIAN_POINT ( 'NONE',  ( 0.6949669503872402121, 2.999900000000000233, -1.006435667684958402 ) ) ;
#1098 = B_SPLINE_CURVE_WITH_KNOTS ( 'NONE', 3,
 ( #1402, #1990, #1704, #1689 ),
 .UNSPECIFIED., .F., .F.,
 ( 4, 4 ),
 ( 0.2727272727272727071, 0.3636363636363636465 ),
 .UNSPECIFIED. ) ;
#1099 = FACE_OUTER_BOUND ( 'NONE', #2737, .T. ) ;
#1100 = CARTESIAN_POINT ( 'NONE',  ( 1.694050612121599242, 3.000000000000000444, 0.3836955046114279844 ) ) ;
#1101 = VECTOR ( 'NONE', #2707, 1000.000000000000000 ) ;
#1102 = VERTEX_POINT ( 'NONE', #2960 ) ;
#1103 = SURFACE_SIDE_STYLE ('',( #503 ) ) ;
#1104 = DIRECTION ( 'NONE',  ( -0.000000000000000000, -0.000000000000000000, -1.000000000000000000 ) ) ;
#1105 = CARTESIAN_POINT ( 'NONE',  ( -1.604999999999999538, -0.1000000000000000056, -1.625000000000000000 ) ) ;
#1106 = EDGE_LOOP ( 'NONE', ( #1711, #1560, #1185, #3046 ) ) ;
#1107 = LINE ( 'NONE', #1996, #1891 ) ;
#1108 = PLANE ( 'NONE',  #215 ) ;
#1109 = CARTESIAN_POINT ( 'NONE',  ( 1.647800524902918395, 2.999900000000000677, -1.075122261105204258 ) ) ;
#1110 = CARTESIAN_POINT ( 'NONE',  ( 1.694966950387240434, 3.000000000000000444, -0.1904889765084882003 ) ) ;
#1111 = LINE ( 'NONE', #2251, #1444 ) ;
#1112 = CARTESIAN_POINT ( 'NONE',  ( 1.276998200387240434, 2.999900000000000233, 0.9370385970209240689 ) ) ;
#1113 = LINE ( 'NONE', #1923, #1852 ) ;
#1114 = VERTEX_POINT ( 'NONE', #929 ) ;
#1115 = ADVANCED_FACE ( 'NONE', ( #2334 ), #1362, .T. ) ;
#1116 = CARTESIAN_POINT ( 'NONE',  ( 0.7471268768578285258, 3.000000000000000000, -0.2378235353320174994 ) ) ;
#1117 = EDGE_CURVE ( 'NONE', #3086, #2405, #1880, .T. ) ;
#1118 = CARTESIAN_POINT ( 'NONE',  ( 0.6992534118308416646, 3.000000000000000000, 1.167156840804831619 ) ) ;
#1119 = CARTESIAN_POINT ( 'NONE',  ( 0.1381008048421512036, 3.000000000000000000, -0.6440314960629917040 ) ) ;
#1120 = EDGE_LOOP ( 'NONE', ( #3091, #2759, #165, #2466 ) ) ;
#1121 = CARTESIAN_POINT ( 'NONE',  ( -0.7849999999999994760, -0.1000000000000000056, 1.625000000000000000 ) ) ;
#1122 = VECTOR ( 'NONE', #1077, 1000.000000000000114 ) ;
#1123 = CARTESIAN_POINT ( 'NONE',  ( 1.671299670975475493, 2.999900000000000233, 0.3391525676091589059 ) ) ;
#1124 = ADVANCED_FACE ( 'NONE', ( #471 ), #510, .T. ) ;
#1125 = CARTESIAN_POINT ( 'NONE',  ( 0.7471268768578285258, 3.000000000000000000, 1.283545949962100474 ) ) ;
#1126 = CARTESIAN_POINT ( 'NONE',  ( 1.694962688120278616, 3.000000000000000444, -0.1831331705661334852 ) ) ;
#1127 = VECTOR ( 'NONE', #624, 1000.000000000000000 ) ;
#1128 = VERTEX_POINT ( 'NONE', #1853 ) ;
#1129 = DIRECTION ( 'NONE',  ( -0.8571493051170774313, 0.000000000000000000, -0.5150680234078905961 ) ) ;
#1130 = EDGE_CURVE ( 'NONE', #1533, #1151, #1632, .T. ) ;
#1131 = DIRECTION ( 'NONE',  ( 0.6128916609699361917, -0.000000000000000000, -0.7901669519244098883 ) ) ;
#1132 = CARTESIAN_POINT ( 'NONE',  ( 1.686390847390480063, 2.999899999999999345, 0.4808027176573406725 ) ) ;
#1133 = CARTESIAN_POINT ( 'NONE',  ( 0.6950570517042602425, 3.000000000000000444, 0.6333495018306486424 ) ) ;
#1134 = ORIENTED_EDGE ( 'NONE', *, *, #1898, .F. ) ;
#1135 = CARTESIAN_POINT ( 'NONE',  ( 0.6952184970927525187, 3.000000000000000888, -0.2032129924333766491 ) ) ;
#1136 = FACE_OUTER_BOUND ( 'NONE', #3466, .T. ) ;
#1137 = CARTESIAN_POINT ( 'NONE',  ( 0.7186342297990049310, 2.999900000000000233, 1.145448523491512161 ) ) ;
#1138 = ORIENTED_EDGE ( 'NONE', *, *, #1234, .F. ) ;
#1139 = CARTESIAN_POINT ( 'NONE',  ( 0.6949669503872402121, 2.999900000000000233, -0.1829062559202528082 ) ) ;
#1140 = CARTESIAN_POINT ( 'NONE',  ( 1.647798083292064453, 3.000000000000000000, 1.298759556474378796 ) ) ;
#1141 = CARTESIAN_POINT ( 'NONE',  ( 0.6949669503872402121, 3.000000000000000000, -1.006435667684958402 ) ) ;
#1142 = EDGE_CURVE ( 'NONE', #1349, #917, #3093, .T. ) ;
#1143 = LINE ( 'NONE', #261, #270 ) ;
#1144 = CARTESIAN_POINT ( 'NONE',  ( 0.6992534118308416646, 3.000000000000000444, -0.4799019827245800673 ) ) ;
#1145 = ORIENTED_EDGE ( 'NONE', *, *, #2872, .T. ) ;
#1146 = CARTESIAN_POINT ( 'NONE',  ( 1.642807023916652120, 3.000000000000000000, 1.295954038197394631 ) ) ;
#1147 = CARTESIAN_POINT ( 'NONE',  ( 1.694962688120278616, 3.000000000000000888, -0.1831331705661334852 ) ) ;
#1148 =( LENGTH_UNIT ( ) NAMED_UNIT ( * ) SI_UNIT ( .MILLI., .METRE. ) );
#1149 = VECTOR ( 'NONE', #2873, 1000.000000000000000 ) ;
#1150 = CARTESIAN_POINT ( 'NONE',  ( 0.2008905686216796438, 2.999900000000000233, 0.01724409448819043400 ) ) ;
#1151 = VERTEX_POINT ( 'NONE', #2722 ) ;
#1152 = CARTESIAN_POINT ( 'NONE',  ( -0.4373228172050933060, 3.000000000000000000, -0.3764385826771631249 ) ) ;
#1153 = VECTOR ( 'NONE', #3035, 1000.000000000000000 ) ;
#1154 = CARTESIAN_POINT ( 'NONE',  ( 1.683008949238502749, 2.999899999999999345, 1.171059866281955353 ) ) ;
#1155 = VERTEX_POINT ( 'NONE', #3622 ) ;
#1156 = CARTESIAN_POINT ( 'NONE',  ( 1.656409784731315504, 3.000000000000001332, -1.079846107237595776 ) ) ;
#1157 = FACE_OUTER_BOUND ( 'NONE', #132, .T. ) ;
#1158 = B_SPLINE_CURVE_WITH_KNOTS ( 'NONE', 3,
 ( #2906, #630, #336, #3154 ),
 .UNSPECIFIED., .F., .F.,
 ( 4, 4 ),
 ( 0.8181818181818183433, 0.9090909090909092827 ),
 .UNSPECIFIED. ) ;
#1159 = CARTESIAN_POINT ( 'NONE',  ( 0.4176771827949076199, 2.999900000000000233, -0.1964149606299218087 ) ) ;
#1160 = CARTESIAN_POINT ( 'NONE',  ( 1.671299670975475493, 2.999900000000000233, -0.4843768441555468818 ) ) ;
#1161 = EDGE_CURVE ( 'NONE', #2329, #2937, #175, .T. ) ;
#1162 = CARTESIAN_POINT ( 'NONE',  ( -0.8143495888586361753, 2.999900000000000233, 0.2976614173228401272 ) ) ;
#1163 = ORIENTED_EDGE ( 'NONE', *, *, #2277, .T. ) ;
#1164 = CARTESIAN_POINT ( 'NONE',  ( 1.604999999999999538, 0.000000000000000000, 1.625000000000000444 ) ) ;
#1165 = ADVANCED_FACE ( 'NONE', ( #2196, #3307, #211 ), #1364, .F. ) ;
#1166 = CARTESIAN_POINT ( 'NONE',  ( 1.692703783910344928, 3.000000000000000000, -0.1399931739601677771 ) ) ;
#1167 = DIRECTION ( 'NONE',  ( -0.000000000000000000, 1.000000000000000000, -0.000000000000000000 ) ) ;
#1168 = AXIS2_PLACEMENT_3D ( 'NONE', #2740, #2956, #1590 ) ;
#1169 = ORIENTED_EDGE ( 'NONE', *, *, #2122, .T. ) ;
#1170 = SURFACE_SIDE_STYLE ('',( #1481 ) ) ;
#1171 = CARTESIAN_POINT ( 'NONE',  ( -0.4373228172050933060, 2.999900000000000233, -0.3764385826771631249 ) ) ;
#1172 = VERTEX_POINT ( 'NONE', #320 ) ;
#1173 = CARTESIAN_POINT ( 'NONE',  ( 1.668360285013242628, 2.999899999999999789, -1.084430368394831756 ) ) ;
#1174 = B_SPLINE_CURVE_WITH_KNOTS ( 'NONE', 3,
 ( #1325, #1796, #2943, #374 ),
 .UNSPECIFIED., .F., .F.,
 ( 4, 4 ),
 ( 0.3636363636363636465, 0.4545454545454545858 ),
 .UNSPECIFIED. ) ;
#1175 = CARTESIAN_POINT ( 'NONE',  ( 1.691020684309345157, 2.999900000000000233, 1.295068937084127070 ) ) ;
#1176 = CARTESIAN_POINT ( 'NONE',  ( 1.694050612121599020, 3.000000000000000444, 1.207224916376134383 ) ) ;
#1177 = STYLED_ITEM ( 'NONE', ( #484 ), #180 ) ;
#1178 = CARTESIAN_POINT ( 'NONE',  ( 0.6949669503872402121, 2.999900000000000233, 0.6406231558444533958 ) ) ;
#1179 = CARTESIAN_POINT ( 'NONE',  ( 1.691048645160770691, 2.999900000000000233, -0.2454924549030464698 ) ) ;
#1180 = ORIENTED_EDGE ( 'NONE', *, *, #3061, .T. ) ;
#1181 = PRESENTATION_STYLE_ASSIGNMENT (( #2600 ) ) ;
#1182 = LINE ( 'NONE', #2682, #141 ) ;
#1183 = EDGE_LOOP ( 'NONE', ( #2794, #3507, #345, #3210 ) ) ;
#1184 = DIRECTION ( 'NONE',  ( -0.8660872391925199532, 0.000000000000000000, -0.4998928826337484255 ) ) ;
#1185 = ORIENTED_EDGE ( 'NONE', *, *, #895, .T. ) ;
#1186 = CARTESIAN_POINT ( 'NONE',  ( 1.671299670975475493, 2.999900000000000233, 1.162681979373865193 ) ) ;
#1187 = DIRECTION ( 'NONE',  ( -0.000000000000000000, 1.000000000000000000, -0.000000000000000000 ) ) ;
#1188 = DIRECTION ( 'NONE',  ( -0.8599778663242775290, 0.000000000000000000, 0.5103313329909725526 ) ) ;
#1189 = ORIENTED_EDGE ( 'NONE', *, *, #2097, .T. ) ;
#1190 = CARTESIAN_POINT ( 'NONE',  ( 1.693265861239841241, 2.999900000000000233, -1.054860527868375808 ) ) ;
#1191 = CARTESIAN_POINT ( 'NONE',  ( 0.4239819072043588544, 2.999900000000000233, 0.000000000000000000 ) ) ;
#1192 = CARTESIAN_POINT ( 'NONE',  ( 1.642807023916652120, 2.999900000000000233, -0.3511047853320174439 ) ) ;
#1193 = CARTESIAN_POINT ( 'NONE',  ( 0.7108649602054266659, 2.999999999999999556, -0.3501276458642908485 ) ) ;
#1194 = ORIENTED_EDGE ( 'NONE', *, *, #64, .F. ) ;
#1195 = VECTOR ( 'NONE', #3187, 1000.000000000000000 ) ;
#1196 = FACE_OUTER_BOUND ( 'NONE', #1907, .T. ) ;
#1197 = FACE_OUTER_BOUND ( 'NONE', #906, .T. ) ;
#1198 = ADVANCED_FACE ( 'NONE', ( #2894 ), #302, .F. ) ;
#1199 = ORIENTED_EDGE ( 'NONE', *, *, #399, .T. ) ;
#1200 = CARTESIAN_POINT ( 'NONE',  ( 0.7075269973100262177, 2.999900000000001121, 0.3304348256741754253 ) ) ;
#1201 = LINE ( 'NONE', #2316, #1036 ) ;
#1202 = CARTESIAN_POINT ( 'NONE',  ( 0.7031561179726393274, 2.999900000000001121, -1.067196276341844108 ) ) ;
#1203 = ORIENTED_EDGE ( 'NONE', *, *, #2315, .T. ) ;
#1204 = CARTESIAN_POINT ( 'NONE',  ( -0.7849999999999994760, -0.1000000000000000056, 1.625000000000000000 ) ) ;
#1205 = CARTESIAN_POINT ( 'NONE',  ( 0.6992534118308416646, 3.000000000000000444, -0.4799019827245800673 ) ) ;
#1206 = EDGE_CURVE ( 'NONE', #3501, #1849, #26, .T. ) ;
#1207 = CARTESIAN_POINT ( 'NONE',  ( 1.694930599229935053, 2.999900000000000677, -0.3961378121837809130 ) ) ;
#1208 = UNCERTAINTY_MEASURE_WITH_UNIT (LENGTH_MEASURE( 1.000000000000000082E-05 ), #2984, 'distance_accuracy_value', 'NONE');
#1209 = VERTEX_POINT ( 'NONE', #45 ) ;
#1210 = CARTESIAN_POINT ( 'NONE',  ( 0.6949669503872402121, 2.999900000000000233, 0.4041801411385707032 ) ) ;
#1211 = CARTESIAN_POINT ( 'NONE',  ( 2.150000000000000799, 0.000000000000000000, 2.150000000000000799 ) ) ;
#1212 = LINE ( 'NONE', #3461, #1817 ) ;
#1213 = CARTESIAN_POINT ( 'NONE',  ( 1.689871298297997981, 3.000000000000000888, -0.9537645181380300929 ) ) ;
#1214 = CARTESIAN_POINT ( 'NONE',  ( 0.6949669503872402121, 2.999900000000000233, -0.4193492706261351399 ) ) ;
#1215 = ORIENTED_EDGE ( 'NONE', *, *, #765, .F. ) ;
#1216 = CARTESIAN_POINT ( 'NONE',  ( 0.7031561179726392163, 2.999900000000000677, 0.5798625471875679116 ) ) ;
#1217 = CARTESIAN_POINT ( 'NONE',  ( 1.691048645160770691, 3.000000000000000000, -0.2454924549030464698 ) ) ;
#1218 = EDGE_LOOP ( 'NONE', ( #1818, #566, #3028, #724 ) ) ;
#1219 = CARTESIAN_POINT ( 'NONE',  ( 1.604999999999999538, -0.1000000000000000056, -1.625000000000000444 ) ) ;
#1220 = PLANE ( 'NONE',  #1713 ) ;
#1221 = ORIENTED_EDGE ( 'NONE', *, *, #1130, .F. ) ;
#1222 = SURFACE_STYLE_FILL_AREA ( #2064 ) ;
#1223 = VECTOR ( 'NONE', #1997, 1000.000000000000000 ) ;
#1224 = ORIENTED_EDGE ( 'NONE', *, *, #2189, .F. ) ;
#1225 = CARTESIAN_POINT ( 'NONE',  ( 0.7186342297990049310, 2.999900000000000233, -0.5016103000378997478 ) ) ;
#1226 = CARTESIAN_POINT ( 'NONE',  ( 0.6950256249081664395, 3.000000000000001332, -0.1642129029779512417 ) ) ;
#1227 = B_SPLINE_CURVE_WITH_KNOTS ( 'NONE', 3,
 ( #2123, #473, #452, #1614 ),
 .UNSPECIFIED., .F., .F.,
 ( 4, 4 ),
 ( 0.09090909090909091161, 0.1818181818181818232 ),
 .UNSPECIFIED. ) ;
#1228 = CARTESIAN_POINT ( 'NONE',  ( 0.2008905686216796438, 2.999900000000000233, 0.01724409448819043400 ) ) ;
#1229 = EDGE_LOOP ( 'NONE', ( #1887, #1869, #2781, #3419 ) ) ;
#1230 = VECTOR ( 'NONE', #409, 1000.000000000000000 ) ;
#1231 = EDGE_CURVE ( 'NONE', #1356, #2264, #1487, .T. ) ;
#1232 = PRODUCT_CONTEXT ( 'NONE', #2615, 'mechanical' ) ;
#1233 = EDGE_LOOP ( 'NONE', ( #1422, #2658, #297, #2313, #754, #2364, #51, #237, #2910, #939, #1863, #709, #902, #713, #2470, #1777 ) ) ;
#1234 = EDGE_CURVE ( 'NONE', #20, #2829, #1212, .T. ) ;
#1235 = CARTESIAN_POINT ( 'NONE',  ( 0.6982882561173680003, 2.999999999999999556, 0.4588648911446127632 ) ) ;
#1236 = CARTESIAN_POINT ( 'NONE',  ( -1.843529790660224821, 2.999900000000000233, -1.597050532934600531 ) ) ;
#1237 = CARTESIAN_POINT ( 'NONE',  ( 1.694966950387240212, 3.000000000000000000, -1.014018388273193905 ) ) ;
#1238 = CARTESIAN_POINT ( 'NONE',  ( 0.6949881018814876299, 2.999900000000000677, -0.1761675158166620403 ) ) ;
#1239 = VERTEX_POINT ( 'NONE', #2032 ) ;
#1240 = CARTESIAN_POINT ( 'NONE',  ( 0.6949669503872402121, 3.000000000000000000, 1.227709552903276879 ) ) ;
#1241 = CARTESIAN_POINT ( 'NONE',  ( 1.694966950387240434, 2.999900000000000677, -0.1904889765084882003 ) ) ;
#1242 = ORIENTED_EDGE ( 'NONE', *, *, #2993, .F. ) ;
#1243 = CARTESIAN_POINT ( 'NONE',  ( 0.6958075284347930989, 3.000000000000000444, 0.3674439216072413195 ) ) ;
#1244 = DIRECTION ( 'NONE',  ( 0.5027042891722012241, 0.000000000000000000, 0.8644584418281031635 ) ) ;
#1245 = DIRECTION ( 'NONE',  ( -0.8599778663242775290, 0.000000000000000000, 0.5103313329909726637 ) ) ;
#1246 = CARTESIAN_POINT ( 'NONE',  ( 0.7420388912173697671, 2.999900000000000677, 0.4627073679540392726 ) ) ;
#1247 = PLANE ( 'NONE',  #2713 ) ;
#1248 = ADVANCED_FACE ( 'NONE', ( #1157 ), #1616, .F. ) ;
#1249 = CARTESIAN_POINT ( 'NONE',  ( 0.7186342297990049310, 2.999900000000000233, -0.1075386088614292829 ) ) ;
#1250 = DIRECTION ( 'NONE',  ( -0.8701091694029016166, 0.000000000000000000, 0.4928590400114343240 ) ) ;
#1251 = ORIENTED_EDGE ( 'NONE', *, *, #2410, .F. ) ;
#1252 = CARTESIAN_POINT ( 'NONE',  ( 0.6958075284347928768, 2.999899999999999789, 1.190973333371947218 ) ) ;
#1253 = ORIENTED_EDGE ( 'NONE', *, *, #1299, .T. ) ;
#1254 = CARTESIAN_POINT ( 'NONE',  ( 1.694966950387240212, 3.000000000000000000, 1.243334552903277102 ) ) ;
#1255 = LINE ( 'NONE', #2347, #458 ) ;
#1256 = PLANE ( 'NONE',  #501 ) ;
#1257 = ORIENTED_EDGE ( 'NONE', *, *, #3150, .F. ) ;
#1258 = CARTESIAN_POINT ( 'NONE',  ( 1.694937146817277362, 2.999900000000000677, -0.1984600711412838336 ) ) ;
#1259 = CARTESIAN_POINT ( 'NONE',  ( -0.8143495888586361753, 2.999900000000000233, 0.2976614173228401272 ) ) ;
#1260 = EDGE_CURVE ( 'NONE', #684, #3586, #3363, .T. ) ;
#1261 = CARTESIAN_POINT ( 'NONE',  ( 0.7129990501655021351, 2.999999999999999556, -0.1113733413341223555 ) ) ;
#1262 = CARTESIAN_POINT ( 'NONE',  ( 1.694866229732195473, 2.999900000000000677, 1.264354875787558896 ) ) ;
#1263 = CARTESIAN_POINT ( 'NONE',  ( 0.6992534118308416646, 2.999900000000000677, 0.3436274290401257203 ) ) ;
#1264 = B_SPLINE_CURVE_WITH_KNOTS ( 'NONE', 3,
 ( #2755, #1315, #2969, #1909, #1865, #3025, #2426, #2691, #2446, #2711, #3612 ),
 .UNSPECIFIED., .F., .F.,
 ( 4, 1, 1, 1, 1, 1, 1, 1, 4 ),
 ( 0.000000000000000000, 0.1506145446497698381, 0.2596734740599809244, 0.3388177727155975427, 0.4102835628096075382, 0.5019338459622277870, 0.6260648387140310689, 0.7889788725463122709, 1.000000000000000000 ),
 .UNSPECIFIED. ) ;
#1265 = CARTESIAN_POINT ( 'NONE',  ( 0.7420388912173697671, 3.000000000000000444, 0.4627073679540392726 ) ) ;
#1266 = FACE_OUTER_BOUND ( 'NONE', #1218, .T. ) ;
#1267 = CARTESIAN_POINT ( 'NONE',  ( 0.6950256249081664395, 2.999900000000001121, 0.6593165087867551843 ) ) ;
#1268 = CARTESIAN_POINT ( 'NONE',  ( 0.6949669503872402121, 3.000000000000000000, 0.4041801411385707032 ) ) ;
#1269 = ORIENTED_EDGE ( 'NONE', *, *, #2315, .F. ) ;
#1270 = CARTESIAN_POINT ( 'NONE',  ( 0.6950570517042602425, 2.999900000000000677, -0.1901799099340576449 ) ) ;
#1271 = VERTEX_POINT ( 'NONE', #2970 ) ;
#1272 = CARTESIAN_POINT ( 'NONE',  ( -0.9360125809846201461, 3.000000000000000000, -0.3723968503936953556 ) ) ;
#1273 = CARTESIAN_POINT ( 'NONE',  ( 0.7167214233176066873, 3.000000000000000000, 0.7146891405597047831 ) ) ;
#1274 = AXIS2_PLACEMENT_3D ( 'NONE', #2318, #2603, #3470 ) ;
#1275 = CARTESIAN_POINT ( 'NONE',  ( 1.677359608188032869, 3.000000000000000000, -0.9364671748584989519 ) ) ;
#1276 = DIRECTION ( 'NONE',  ( 0.8644584418281030525, 0.000000000000000000, -0.5027042891722014462 ) ) ;
#1277 = VERTEX_POINT ( 'NONE', #1585 ) ;
#1278 = CARTESIAN_POINT ( 'NONE',  ( 1.694966950387240434, 2.999900000000000677, -0.1904889765084882003 ) ) ;
#1279 = DIRECTION ( 'NONE',  ( 1.000000000000000000, 0.000000000000000000, 0.000000000000000000 ) ) ;
#1280 = B_SPLINE_CURVE_WITH_KNOTS ( 'NONE', 3,
 ( #1303, #3328, #2418, #689 ),
 .UNSPECIFIED., .F., .F.,
 ( 4, 4 ),
 ( 0.8181818181818183433, 0.9090909090909092827 ),
 .UNSPECIFIED. ) ;
#1281 = AXIS2_PLACEMENT_3D ( 'NONE', #2991, #421, #1868 ) ;
#1282 = EDGE_CURVE ( 'NONE', #2155, #1318, #383, .T. ) ;
#1283 = CARTESIAN_POINT ( 'NONE',  ( 0.6950230845708413874, 3.000000000000000444, 0.3844874530309878580 ) ) ;
#1284 = LINE ( 'NONE', #1553, #840 ) ;
#1285 =( LENGTH_UNIT ( ) NAMED_UNIT ( * ) SI_UNIT ( .MILLI., .METRE. ) );
#1286 = CARTESIAN_POINT ( 'NONE',  ( -1.843529790660226375, 3.000000000000000000, 1.597050532934600975 ) ) ;
#1287 = VERTEX_POINT ( 'NONE', #2172 ) ;
#1288 = DIRECTION ( 'NONE',  ( 0.8604455470465083300, 0.000000000000000000, -0.5095424031107078644 ) ) ;
#1289 = CARTESIAN_POINT ( 'NONE',  ( 0.7025245258168983931, 2.999999999999999556, -0.4878005635341626789 ) ) ;
#1290 = ADVANCED_FACE ( 'NONE', ( #3552 ), #3026, .F. ) ;
#1291 = ORIENTED_EDGE ( 'NONE', *, *, #2253, .F. ) ;
#1292 = ORIENTED_EDGE ( 'NONE', *, *, #1334, .F. ) ;
#1293 = CARTESIAN_POINT ( 'NONE',  ( 0.6952184970927525187, 2.999900000000001121, 0.6203164193313298602 ) ) ;
#1294 = CARTESIAN_POINT ( 'NONE',  ( 0.7129990501655021351, 2.999899999999999789, 0.7121560704305837097 ) ) ;
#1295 = CARTESIAN_POINT ( 'NONE',  ( 1.671299670975475493, 2.999900000000000233, 0.3391525676091589059 ) ) ;
#1296 = CARTESIAN_POINT ( 'NONE',  ( 1.682633936342075032, 2.999900000000001121, -0.1170630488940522657 ) ) ;
#1297 = EDGE_LOOP ( 'NONE', ( #2025, #2090, #219, #1163 ) ) ;
#1298 =( GEOMETRIC_REPRESENTATION_CONTEXT ( 3 ) GLOBAL_UNCERTAINTY_ASSIGNED_CONTEXT ( ( #2625 ) ) GLOBAL_UNIT_ASSIGNED_CONTEXT ( ( #3284, #1854, #975 ) ) REPRESENTATION_CONTEXT ( 'NONE', 'WORKASPACE' ) );
#1299 = EDGE_CURVE ( 'NONE', #2177, #1707, #1846, .T. ) ;
#1300 = LINE ( 'NONE', #1009, #3141 ) ;
#1301 = VECTOR ( 'NONE', #2982, 999.9999999999998863 ) ;
#1302 = CARTESIAN_POINT ( 'NONE',  ( 0.6949669503872402121, 2.999900000000000233, -0.1829062559202528082 ) ) ;
#1303 = CARTESIAN_POINT ( 'NONE',  ( -0.1632645494885593962, 3.000000000000000000, -0.6440314960629905938 ) ) ;
#1304 = DIRECTION ( 'NONE',  ( 0.8604455470465083300, 0.000000000000000000, -0.5095424031107078644 ) ) ;
#1305 = CARTESIAN_POINT ( 'NONE',  ( 1.694866229732195473, 2.999900000000000677, 1.264354875787558896 ) ) ;
#1306 = EDGE_CURVE ( 'NONE', #2733, #2370, #986, .T. ) ;
#1307 = CARTESIAN_POINT ( 'NONE',  ( 0.7167214233176066873, 3.000000000000000000, -0.9323696829697073474 ) ) ;
#1308 = MECHANICAL_DESIGN_GEOMETRIC_PRESENTATION_REPRESENTATION (  '', ( #330 ), #470 ) ;
#1309 = CARTESIAN_POINT ( 'NONE',  ( 0.7129990501655021351, 2.999899999999999789, 0.7121560704305837097 ) ) ;
#1310 = CARTESIAN_POINT ( 'NONE',  ( 1.694966950387240212, 2.999900000000000233, 0.4198051411385707032 ) ) ;
#1311 = CARTESIAN_POINT ( 'NONE',  ( -2.149999999999999911, 3.000000000000000000, 2.150000000000000799 ) ) ;
#1312 = ORIENTED_EDGE ( 'NONE', *, *, #1411, .T. ) ;
#1313 = ORIENTED_EDGE ( 'NONE', *, *, #2817, .T. ) ;
#1314 = ADVANCED_FACE ( 'NONE', ( #147 ), #1055, .T. ) ;
#1315 = CARTESIAN_POINT ( 'NONE',  ( 1.647800524902918395, 3.000000000000000444, -1.075122261105204258 ) ) ;
#1316 = DIRECTION ( 'NONE',  ( -0.000000000000000000, -1.000000000000000000, -0.000000000000000000 ) ) ;
#1317 = SURFACE_STYLE_FILL_AREA ( #3614 ) ;
#1318 = VERTEX_POINT ( 'NONE', #3008 ) ;
#1319 = ORIENTED_EDGE ( 'NONE', *, *, #570, .T. ) ;
#1320 = LINE ( 'NONE', #3342, #3331 ) ;
#1321 = ORIENTED_EDGE ( 'NONE', *, *, #3662, .T. ) ;
#1322 = CARTESIAN_POINT ( 'NONE',  ( 1.656409784731315504, 3.000000000000001332, -0.2563166954728895996 ) ) ;
#1323 = DIRECTION ( 'NONE',  ( 0.000000000000000000, 0.000000000000000000, 1.000000000000000000 ) ) ;
#1324 = DIRECTION ( 'NONE',  ( -1.000000000000000000, 0.000000000000000000, 4.034240641806528883E-16 ) ) ;
#1325 = CARTESIAN_POINT ( 'NONE',  ( -0.4373228172050933060, 2.999900000000000233, -0.3764385826771631249 ) ) ;
#1326 = EDGE_CURVE ( 'NONE', #442, #2412, #2712, .T. ) ;
#1327 = CARTESIAN_POINT ( 'NONE',  ( -1.843529790660226375, 2.999900000000000233, 1.597050532934600975 ) ) ;
#1328 = CARTESIAN_POINT ( 'NONE',  ( 1.694050612121599242, 3.000000000000000444, -0.4398339071532778588 ) ) ;
#1329 = CARTESIAN_POINT ( 'NONE',  ( 1.682633936342075032, 2.999900000000001121, 0.7064663628706541187 ) ) ;
#1330 = CARTESIAN_POINT ( 'NONE',  ( 1.642807023916652120, 2.999900000000000233, -0.3511047853320174439 ) ) ;
#1331 = EDGE_LOOP ( 'NONE', ( #3024, #2865, #1460, #2599 ) ) ;
#1332 = VERTEX_POINT ( 'NONE', #2447 ) ;
#1333 = SURFACE_STYLE_FILL_AREA ( #2406 ) ;
#1334 = EDGE_CURVE ( 'NONE', #1151, #1783, #2092, .T. ) ;
#1335 = CARTESIAN_POINT ( 'NONE',  ( 0.6992534118308416646, 2.999900000000000233, 1.167156840804831619 ) ) ;
#1336 = DIRECTION ( 'NONE',  ( 0.8604455470465083300, 0.000000000000000000, -0.5095424031107078644 ) ) ;
#1337 = VERTEX_POINT ( 'NONE', #111 ) ;
#1338 = DIRECTION ( 'NONE',  ( -1.008560160451632221E-16, 0.000000000000000000, -1.000000000000000000 ) ) ;
#1339 = VERTEX_POINT ( 'NONE', #3254 ) ;
#1340 = CARTESIAN_POINT ( 'NONE',  ( 1.276998200387240434, 3.000000000000000000, 0.1135091852562177817 ) ) ;
#1341 = AXIS2_PLACEMENT_3D ( 'NONE', #3102, #1646, #3356 ) ;
#1342 = DIRECTION ( 'NONE',  ( 0.000000000000000000, -0.000000000000000000, -1.000000000000000000 ) ) ;
#1343 = FACE_OUTER_BOUND ( 'NONE', #1908, .T. ) ;
#1344 = VECTOR ( 'NONE', #1708, 1000.000000000000227 ) ;
#1345 = CARTESIAN_POINT ( 'NONE',  ( 1.642807023916652343, 3.000000000000000444, 0.5746764646679829447 ) ) ;
#1346 = CARTESIAN_POINT ( 'NONE',  ( 0.6957715594782747370, 3.000000000000000000, -0.9718276560936097708 ) ) ;
#1347 = CARTESIAN_POINT ( 'NONE',  ( 1.694961377924933066, 2.999900000000000233, 0.4127563591144912669 ) ) ;
#1348 = CARTESIAN_POINT ( 'NONE',  ( 0.7186342297990049310, 2.999900000000000233, -0.9310680206261351399 ) ) ;
#1349 = VERTEX_POINT ( 'NONE', #1254 ) ;
#1350 = CARTESIAN_POINT ( 'NONE',  ( -0.5432747857090265420, 3.000000000000000000, 0.4078110236220509610 ) ) ;
#1351 = ORIENTED_EDGE ( 'NONE', *, *, #1981, .T. ) ;
#1352 = DIRECTION ( 'NONE',  ( -0.000000000000000000, 1.000000000000000000, -0.000000000000000000 ) ) ;
#1353 = CARTESIAN_POINT ( 'NONE',  ( 1.642807023916652120, 2.999900000000000233, 1.295954038197394631 ) ) ;
#1354 = DIRECTION ( 'NONE',  ( -0.000000000000000000, 1.000000000000000000, -0.000000000000000000 ) ) ;
#1355 = EDGE_CURVE ( 'NONE', #3633, #1805, #660, .T. ) ;
#1356 = VERTEX_POINT ( 'NONE', #2257 ) ;
#1357 = EDGE_CURVE ( 'NONE', #3062, #2829, #1376, .T. ) ;
#1358 = AXIS2_PLACEMENT_3D ( 'NONE', #87, #2294, #1453 ) ;
#1359 = CARTESIAN_POINT ( 'NONE',  ( 1.642807023916652120, 3.000000000000000000, -0.3511047853320174439 ) ) ;
#1360 = ORIENTED_EDGE ( 'NONE', *, *, #1496, .T. ) ;
#1361 = DIRECTION ( 'NONE',  ( -0.000000000000000000, 1.000000000000000000, -0.000000000000000000 ) ) ;
#1362 = B_SPLINE_SURFACE_WITH_KNOTS ( 'NONE', 3, 1, ( 
 ( #667, #3223 ),
 ( #2978, #2417 ),
 ( #1794, #1283 ),
 ( #2701, #1243 ),
 ( #1552, #2375 ),
 ( #3558, #136 ),
 ( #1477, #2617 ),
 ( #1200, #3486 ),
 ( #907, #1774 ),
 ( #2922, #779 ),
 ( #1010, #2215 ) ),
 .UNSPECIFIED., .F., .F., .F.,
 ( 4, 1, 1, 1, 1, 1, 1, 1, 4 ),
 ( 2, 2 ),
 ( 0.000000000000000000, 0.2339648385054096391, 0.4198783559695586920, 0.5659151998979445874, 0.6801214999993746568, 0.7723010949812563197, 0.8443163158709258154, 0.9185860088431500037, 0.9999999999999998890 ),
 ( 0.000000000000000000, 1.000000000000000000 ),
 .UNSPECIFIED. ) ;
#1363 = VECTOR ( 'NONE', #704, 1000.000000000000000 ) ;
#1364 = PLANE ( 'NONE',  #2352 ) ;
#1365 = CARTESIAN_POINT ( 'NONE',  ( 0.6951264900699229976, 2.999899999999999789, 1.235743418430763407 ) ) ;
#1366 = CARTESIAN_POINT ( 'NONE',  ( 1.694937146817277362, 3.000000000000000444, 0.6250693406234225646 ) ) ;
#1367 = CARTESIAN_POINT ( 'NONE',  ( 0.7167214233176066873, 3.000000000000000000, -0.9323696829697073474 ) ) ;
#1368 = CARTESIAN_POINT ( 'NONE',  ( 1.694961377924933066, 3.000000000000000000, 0.4127563591144912669 ) ) ;
#1369 = CARTESIAN_POINT ( 'NONE',  ( 0.7028656193565712140, 2.999900000000001121, -0.9437601458386377651 ) ) ;
#1370 = CARTESIAN_POINT ( 'NONE',  ( -1.228496045551548566, 2.999900000000000233, -0.2716748031496010740 ) ) ;
#1371 = ORIENTED_EDGE ( 'NONE', *, *, #2959, .F. ) ;
#1373 = MECHANICAL_DESIGN_GEOMETRIC_PRESENTATION_REPRESENTATION (  '', ( #1177 ), #99 ) ;
#1372 = CARTESIAN_POINT ( 'NONE',  ( 1.668356728445578474, 2.999899999999999789, 0.4849187002408792413 ) ) ;
#1374 = ADVANCED_FACE ( 'NONE', ( #239 ), #2544, .T. ) ;
#1375 = ORIENTED_EDGE ( 'NONE', *, *, #3421, .F. ) ;
#1376 = LINE ( 'NONE', #755, #1449 ) ;
#1377 = DIRECTION ( 'NONE',  ( 1.000000000000000000, 0.000000000000000000, -0.000000000000000000 ) ) ;
#1378 = ORIENTED_EDGE ( 'NONE', *, *, #3390, .T. ) ;
#1379 = EDGE_CURVE ( 'NONE', #47, #271, #3337, .T. ) ;
#1380 = LINE ( 'NONE', #1121, #2898 ) ;
#1381 = CARTESIAN_POINT ( 'NONE',  ( 1.671299670975475493, 2.999900000000000233, -0.9333658147437822183 ) ) ;
#1382 = CARTESIAN_POINT ( 'NONE',  ( 0.000000000000000000, -0.1000000000000000056, 0.000000000000000000 ) ) ;
#1383 = CARTESIAN_POINT ( 'NONE',  ( 1.692703783910344928, 2.999899999999999789, 0.6835362378045384268 ) ) ;
#1384 = FACE_OUTER_BOUND ( 'NONE', #2975, .T. ) ;
#1385 = CARTESIAN_POINT ( 'NONE',  ( 1.687430029386157271, 3.000000000000000444, 0.3532938350170816144 ) ) ;
#1386 = CARTESIAN_POINT ( 'NONE',  ( 1.677359608188032869, 2.999900000000000233, -0.1129377630937932475 ) ) ;
#1387 = CARTESIAN_POINT ( 'NONE',  ( 1.687430029386157271, 3.000000000000000444, 0.3532938350170816144 ) ) ;
#1388 = VECTOR ( 'NONE', #3683, 1000.000000000000114 ) ;
#1389 = ORIENTED_EDGE ( 'NONE', *, *, #1699, .F. ) ;
#1390 = LINE ( 'NONE', #1942, #3672 ) ;
#1391 = CARTESIAN_POINT ( 'NONE',  ( 0.6975102315642286444, 2.999999999999999556, 1.177637547268148843 ) ) ;
#1392 = LINE ( 'NONE', #1663, #1709 ) ;
#1393 = EDGE_LOOP ( 'NONE', ( #2366, #3685, #1627, #2056 ) ) ;
#1394 = PLANE ( 'NONE',  #969 ) ;
#1395 = CARTESIAN_POINT ( 'NONE',  ( 1.694866229732195695, 2.999900000000000233, 0.4408254640228527754 ) ) ;
#1396 = CARTESIAN_POINT ( 'NONE',  ( -0.9126810849216281385, 3.000000000000000000, -0.5326559055118056385 ) ) ;
#1397 = DIRECTION ( 'NONE',  ( -0.4928590400114342129, 0.000000000000000000, -0.8701091694029017276 ) ) ;
#1398 = ADVANCED_FACE ( 'NONE', ( #3687 ), #3590, .F. ) ;
#1399 = ADVANCED_FACE ( 'NONE', ( #3119 ), #505, .F. ) ;
#1400 = AXIS2_PLACEMENT_3D ( 'NONE', #3456, #2644, #1448 ) ;
#1401 = CARTESIAN_POINT ( 'NONE',  ( 1.677578225062696049, 2.999900000000000677, -0.4805863591837926663 ) ) ;
#1402 = CARTESIAN_POINT ( 'NONE',  ( -0.9126810849216281385, 2.999900000000000233, -0.5326559055118056385 ) ) ;
#1403 = CARTESIAN_POINT ( 'NONE',  ( 0.1952023796453038751, 2.999900000000000233, 0.4281283464566952301 ) ) ;
#1404 = ORIENTED_EDGE ( 'NONE', *, *, #2180, .F. ) ;
#1405 = CARTESIAN_POINT ( 'NONE',  ( 1.694962688120278616, 2.999900000000000233, -1.006662582330839273 ) ) ;
#1406 = ADVANCED_FACE ( 'NONE', ( #3067 ), #3294, .T. ) ;
#1407 = DIRECTION ( 'NONE',  ( -0.8571493051170774313, 0.000000000000000000, -0.5150680234078905961 ) ) ;
#1408 = ORIENTED_EDGE ( 'NONE', *, *, #509, .F. ) ;
#1409 = LINE ( 'NONE', #2260, #3422 ) ;
#1410 = CARTESIAN_POINT ( 'NONE',  ( 1.694966950387240212, 3.000000000000000888, 0.4198051411385707032 ) ) ;
#1411 = EDGE_CURVE ( 'NONE', #398, #121, #3375, .T. ) ;
#1412 = B_SPLINE_CURVE_WITH_KNOTS ( 'NONE', 3,
 ( #1686, #814, #798, #263, #1654, #1442, #1985, #3644, #2822, #1952, #1670 ),
 .UNSPECIFIED., .F., .F.,
 ( 4, 1, 1, 1, 1, 1, 1, 1, 4 ),
 ( 0.000000000000000000, 0.2339648385054096391, 0.4198783559695586920, 0.5659151998979445874, 0.6801214999993746568, 0.7723010949812563197, 0.8443163158709258154, 0.9185860088431500037, 0.9999999999999998890 ),
 .UNSPECIFIED. ) ;
#1413 = CARTESIAN_POINT ( 'NONE',  ( -0.5404921085436723560, 3.000000000000000000, 0.6632763779527598436 ) ) ;
#1414 = LINE ( 'NONE', #2263, #1428 ) ;
#1415 = CARTESIAN_POINT ( 'NONE',  ( 1.671299670975475493, 3.000000000000000000, -0.4843768441555468818 ) ) ;
#1416 = LINE ( 'NONE', #2551, #2643 ) ;
#1417 = CARTESIAN_POINT ( 'NONE',  ( 0.2008905686216796438, 3.000000000000000000, 0.01724409448819043400 ) ) ;
#1418 = ORIENTED_EDGE ( 'NONE', *, *, #1618, .T. ) ;
#1419 = CARTESIAN_POINT ( 'NONE',  ( 0.6949881018814876299, 3.000000000000000444, 0.6473618959480442747 ) ) ;
#1420 = DIRECTION ( 'NONE',  ( 0.8604455470465083300, 0.000000000000000000, -0.5095424031107078644 ) ) ;
#1421 = FACE_OUTER_BOUND ( 'NONE', #328, .T. ) ;
#1422 = ORIENTED_EDGE ( 'NONE', *, *, #2325, .T. ) ;
#1423 = EDGE_CURVE ( 'NONE', #1318, #20, #2491, .T. ) ;
#1424 = CARTESIAN_POINT ( 'NONE',  ( -1.228496045551548566, 3.000000000000000000, -0.2716748031496010740 ) ) ;
#1425 = CARTESIAN_POINT ( 'NONE',  ( 1.694966950387240212, 3.000000000000000000, 1.243334552903277102 ) ) ;
#1426 = CARTESIAN_POINT ( 'NONE',  ( 1.689871298297997981, 2.999900000000001121, 0.6932943053913822595 ) ) ;
#1427 = CARTESIAN_POINT ( 'NONE',  ( 0.7075269973100262177, 2.999900000000001121, -0.4930945860905305289 ) ) ;
#1428 = VECTOR ( 'NONE', #3694, 1000.000000000000000 ) ;
#1429 = FACE_OUTER_BOUND ( 'NONE', #1761, .T. ) ;
#1430 = CARTESIAN_POINT ( 'NONE',  ( 0.7031561179726392163, 3.000000000000000444, -0.2436668645771384867 ) ) ;
#1431 = ADVANCED_FACE ( 'NONE', ( #1662 ), #2814, .T. ) ;
#1432 = CARTESIAN_POINT ( 'NONE',  ( 0.2008905686216796438, 2.999900000000000233, 0.01724409448819043400 ) ) ;
#1433 = EDGE_LOOP ( 'NONE', ( #3322, #582, #386, #3334 ) ) ;
#1434 = DIRECTION ( 'NONE',  ( 0.8644584418281029414, 0.000000000000000000, -0.5027042891722014462 ) ) ;
#1435 = VERTEX_POINT ( 'NONE', #3702 ) ;
#1436 = ADVANCED_FACE ( 'NONE', ( #1136 ), #2455, .T. ) ;
#1437 =( LENGTH_UNIT ( ) NAMED_UNIT ( * ) SI_UNIT ( .MILLI., .METRE. ) );
#1438 = CARTESIAN_POINT ( 'NONE',  ( 0.4387693087791625923, 2.999900000000000233, 0.4607834645669304785 ) ) ;
#1439 = CARTESIAN_POINT ( 'NONE',  ( 0.7471268768578285258, 2.999900000000000233, -0.3635128735673115452 ) ) ;
#1440 = EDGE_CURVE ( 'NONE', #652, #3501, #3647, .T. ) ;
#1441 = CARTESIAN_POINT ( 'NONE',  ( -1.604999999999999538, -0.1000000000000000056, -1.625000000000000000 ) ) ;
#1442 = CARTESIAN_POINT ( 'NONE',  ( 0.6992534118308416646, 2.999900000000000677, -0.4799019827245800673 ) ) ;
#1443 = VERTEX_POINT ( 'NONE', #2440 ) ;
#1444 = VECTOR ( 'NONE', #1718, 1000.000000000000000 ) ;
#1445 = CARTESIAN_POINT ( 'NONE',  ( 0.7186342297990049310, 2.999900000000000233, 1.145448523491512161 ) ) ;
#1446 = CARTESIAN_POINT ( 'NONE',  ( 0.7108521438061915498, 2.999899999999999789, -0.2491625345341925979 ) ) ;
#1447 = ORIENTED_EDGE ( 'NONE', *, *, #1357, .T. ) ;
#1448 = DIRECTION ( 'NONE',  ( 0.000000000000000000, 0.000000000000000000, -1.000000000000000000 ) ) ;
#1449 = VECTOR ( 'NONE', #1104, 1000.000000000000000 ) ;
#1450 = CARTESIAN_POINT ( 'NONE',  ( 1.673484815580986718, 2.999900000000000677, 1.164001193586761573 ) ) ;
#1451 = ORIENTED_EDGE ( 'NONE', *, *, #761, .F. ) ;
#1452 = FACE_OUTER_BOUND ( 'NONE', #2112, .T. ) ;
#1453 = DIRECTION ( 'NONE',  ( 1.000000000000000000, 0.000000000000000000, 0.000000000000000000 ) ) ;
#1454 = CARTESIAN_POINT ( 'NONE',  ( 0.7471268768578285258, 2.999900000000000233, 0.4600165381973942424 ) ) ;
#1455 = CARTESIAN_POINT ( 'NONE',  ( 0.7332017872868350494, 2.999900000000000677, -0.3561484570713960296 ) ) ;
#1456 = CARTESIAN_POINT ( 'NONE',  ( 1.671299670975475493, 2.999900000000000233, 0.7136930087856298011 ) ) ;
#1457 = PLANE ( 'NONE',  #2202 ) ;
#1458 = SURFACE_SIDE_STYLE ('',( #309 ) ) ;
#1459 = FACE_OUTER_BOUND ( 'NONE', #2065, .T. ) ;
#1460 = ORIENTED_EDGE ( 'NONE', *, *, #668, .T. ) ;
#1461 = LINE ( 'NONE', #3489, #2160 ) ;
#1462 = STYLED_ITEM ( 'NONE', ( #396 ), #2219 ) ;
#1463 = EDGE_LOOP ( 'NONE', ( #380, #416, #2868, #1812 ) ) ;
#1464 = CARTESIAN_POINT ( 'NONE',  ( 0.7471268768578285258, 2.999900000000000233, -0.2378235353320174994 ) ) ;
#1465 = B_SPLINE_CURVE_WITH_KNOTS ( 'NONE', 3,
 ( #1550, #3304, #469, #2120 ),
 .UNSPECIFIED., .F., .F.,
 ( 4, 4 ),
 ( 0.7272727272727274039, 0.8181818181818183433 ),
 .UNSPECIFIED. ) ;
#1466 = CARTESIAN_POINT ( 'NONE',  ( -1.843529790660226375, 3.000000000000000000, 1.597050532934600975 ) ) ;
#1467 = ORIENTED_EDGE ( 'NONE', *, *, #1379, .T. ) ;
#1468 = CARTESIAN_POINT ( 'NONE',  ( 0.7471268768578285258, 2.999900000000000233, -0.2378235353320174994 ) ) ;
#1469 = CARTESIAN_POINT ( 'NONE',  ( 1.691048645160770469, 3.000000000000000444, -1.069021866667752452 ) ) ;
#1470 = PRESENTATION_STYLE_ASSIGNMENT (( #3213 ) ) ;
#1471 = CARTESIAN_POINT ( 'NONE',  ( 1.668356728445578252, 2.999899999999999789, 1.308448112005585084 ) ) ;
#1472 = ADVANCED_FACE ( 'NONE', ( #3332 ), #3583, .T. ) ;
#1473 = CARTESIAN_POINT ( 'NONE',  ( 0.3200401749208922064, 2.999900000000000233, -0.4187787401574777912 ) ) ;
#1474 = ORIENTED_EDGE ( 'NONE', *, *, #640, .F. ) ;
#1475 = CARTESIAN_POINT ( 'NONE',  ( 1.694884334082953581, 2.999900000000000233, -1.036114478791978710 ) ) ;
#1476 = CARTESIAN_POINT ( 'NONE',  ( 1.668360285013242628, 2.999999999999999556, -0.2609009566301258576 ) ) ;
#1477 = CARTESIAN_POINT ( 'NONE',  ( 0.7025245258168983931, 2.999899999999999789, 0.3357288482305430533 ) ) ;
#1478 = DIRECTION ( 'NONE',  ( -1.000000000000000000, -0.000000000000000000, -0.000000000000000000 ) ) ;
#1479 = LINE ( 'NONE', #296, #53 ) ;
#1480 = ORIENTED_EDGE ( 'NONE', *, *, #2872, .F. ) ;
#1481 = SURFACE_STYLE_FILL_AREA ( #1780 ) ;
#1482 = CARTESIAN_POINT ( 'NONE',  ( 0.6950230845708413874, 3.000000000000000444, -0.4390419587337179852 ) ) ;
#1483 = CARTESIAN_POINT ( 'NONE',  ( 1.187384229799004931, 3.000000000000000000, 1.022286758785629912 ) ) ;
#1484 = VERTEX_POINT ( 'NONE', #3350 ) ;
#1485 = APPLICATION_PROTOCOL_DEFINITION ( 'draft international standard', 'automotive_design', 1998, #2615 ) ;
#1486 = FACE_OUTER_BOUND ( 'NONE', #3459, .T. ) ;
#1487 = LINE ( 'NONE', #1786, #1223 ) ;
#1488 = CARTESIAN_POINT ( 'NONE',  ( 1.692703783910345816, 2.999900000000000677, -0.9635225857248734815 ) ) ;
#1489 = CARTESIAN_POINT ( 'NONE',  ( 0.1381008048421512036, 2.999900000000000233, -0.6440314960629917040 ) ) ;
#1490 = VERTEX_POINT ( 'NONE', #2463 ) ;
#1491 = CARTESIAN_POINT ( 'NONE',  ( 0.6951264900699232197, 2.999900000000001121, -0.4113154050986483345 ) ) ;
#1492 = CARTESIAN_POINT ( 'NONE',  ( -1.008836990433439107, 2.999900000000000233, -0.2119086614173194272 ) ) ;
#1493 =( NAMED_UNIT ( * ) PLANE_ANGLE_UNIT ( ) SI_UNIT ( $, .RADIAN. ) );
#1494 = EDGE_CURVE ( 'NONE', #1063, #2382, #708, .T. ) ;
#1495 = CARTESIAN_POINT ( 'NONE',  ( 1.694966950387240212, 2.999900000000000233, 1.243334552903277102 ) ) ;
#1496 = EDGE_CURVE ( 'NONE', #2207, #1443, #836, .T. ) ;
#1497 = ORIENTED_EDGE ( 'NONE', *, *, #2729, .F. ) ;
#1498 = CARTESIAN_POINT ( 'NONE',  ( 1.642807023916652120, 3.000000000000000000, 0.4724246264326883438 ) ) ;
#1499 = CARTESIAN_POINT ( 'NONE',  ( -0.7849999999999994760, -0.1000000000000000056, 1.625000000000000000 ) ) ;
#1500 = CARTESIAN_POINT ( 'NONE',  ( 1.671299670975475493, 2.999900000000000233, -0.9333658147437822183 ) ) ;
#1501 = CARTESIAN_POINT ( 'NONE',  ( 0.6975049517387400533, 3.000000000000001332, -0.1362917807751811705 ) ) ;
#1502 = LINE ( 'NONE', #3155, #3468 ) ;
#1503 = UNCERTAINTY_MEASURE_WITH_UNIT (LENGTH_MEASURE( 1.000000000000000082E-05 ), #1148, 'distance_accuracy_value', 'NONE');
#1504 = ORIENTED_EDGE ( 'NONE', *, *, #1635, .T. ) ;
#1505 = CARTESIAN_POINT ( 'NONE',  ( 0.7420627163094617451, 3.000000000000000000, -1.063963295000720066 ) ) ;
#1506 = EDGE_CURVE ( 'NONE', #983, #3204, #1833, .T. ) ;
#1507 = CARTESIAN_POINT ( 'NONE',  ( 0.7211376614994798873, 3.000000000000000444, 0.4724627688794500457 ) ) ;
#1508 =( NAMED_UNIT ( * ) SI_UNIT ( $, .STERADIAN. ) SOLID_ANGLE_UNIT ( ) );
#1509 = VECTOR ( 'NONE', #1776, 1000.000000000000000 ) ;
#1510 = CARTESIAN_POINT ( 'NONE',  ( 1.656402406387030846, 2.999900000000000677, 1.303596121998508162 ) ) ;
#1511 = PRESENTATION_LAYER_ASSIGNMENT (  '', '', ( #845 ) ) ;
#1512 = CARTESIAN_POINT ( 'NONE',  ( 0.6949669503872402121, 2.999900000000000233, -0.1829062559202528082 ) ) ;
#1513 = VERTEX_POINT ( 'NONE', #198 ) ;
#1514 = DIRECTION ( 'NONE',  ( -0.000000000000000000, 1.000000000000000000, -0.000000000000000000 ) ) ;
#1515 = CARTESIAN_POINT ( 'NONE',  ( 1.694966950387240434, 3.000000000000000444, -0.1904889765084882003 ) ) ;
#1516 = ADVANCED_FACE ( 'NONE', ( #1617 ), #2768, .T. ) ;
#1517 = ORIENTED_EDGE ( 'NONE', *, *, #468, .F. ) ;
#1518 = LINE ( 'NONE', #626, #3125 ) ;
#1519 = SURFACE_STYLE_USAGE ( .BOTH. , #2356 ) ;
#1520 = CARTESIAN_POINT ( 'NONE',  ( 1.671299670975475493, 2.999900000000000233, 1.162681979373865193 ) ) ;
#1521 =( GEOMETRIC_REPRESENTATION_CONTEXT ( 3 ) GLOBAL_UNCERTAINTY_ASSIGNED_CONTEXT ( ( #1760 ) ) GLOBAL_UNIT_ASSIGNED_CONTEXT ( ( #882, #361, #1508 ) ) REPRESENTATION_CONTEXT ( 'NONE', 'WORKASPACE' ) );
#1522 = CARTESIAN_POINT ( 'NONE',  ( 1.694966950387240212, 2.999900000000000233, 1.243334552903277102 ) ) ;
#1523 = FACE_OUTER_BOUND ( 'NONE', #2224, .T. ) ;
#1524 = SURFACE_STYLE_USAGE ( .BOTH. , #377 ) ;
#1525 = CARTESIAN_POINT ( 'NONE',  ( 0.7186342297990050421, 2.999900000000000677, 0.3219191117268060953 ) ) ;
#1526 = ORIENTED_EDGE ( 'NONE', *, *, #1161, .F. ) ;
#1527 = AXIS2_PLACEMENT_3D ( 'NONE', #173, #3281, #2179 ) ;
#1528 = CARTESIAN_POINT ( 'NONE',  ( 0.7210980718333989126, 3.000000000000000000, -1.072498408463537167 ) ) ;
#1529 = ORIENTED_EDGE ( 'NONE', *, *, #914, .F. ) ;
#1530 = CARTESIAN_POINT ( 'NONE',  ( 0.6949881018814876299, 2.999900000000000677, 0.6473618959480442747 ) ) ;
#1531 = CARTESIAN_POINT ( 'NONE',  ( -0.7849999999999994760, 0.000000000000000000, 1.625000000000000000 ) ) ;
#1532 = CARTESIAN_POINT ( 'NONE',  ( 1.690244320670792222, 2.999899999999999789, 0.3610506391608527266 ) ) ;
#1533 = VERTEX_POINT ( 'NONE', #2998 ) ;
#1534 = CARTESIAN_POINT ( 'NONE',  ( 1.694961377924933066, 2.999900000000000233, 1.236285770879197665 ) ) ;
#1535 = CARTESIAN_POINT ( 'NONE',  ( -0.8143495888586361753, 3.000000000000000000, 0.2976614173228401272 ) ) ;
#1536 = AXIS2_PLACEMENT_3D ( 'NONE', #1094, #1397, #2236 ) ;
#1537 = DIRECTION ( 'NONE',  ( -1.000000000000000000, 0.000000000000000000, 0.000000000000000000 ) ) ;
#1538 = LINE ( 'NONE', #411, #781 ) ;
#1539 = CARTESIAN_POINT ( 'NONE',  ( 0.7108649602054266659, 2.999899999999999789, 0.4734017659004148282 ) ) ;
#1540 = LINE ( 'NONE', #3019, #1101 ) ;
#1541 = ORIENTED_EDGE ( 'NONE', *, *, #1306, .F. ) ;
#1542 = ORIENTED_EDGE ( 'NONE', *, *, #2721, .T. ) ;
#1543 = CARTESIAN_POINT ( 'NONE',  ( 1.671299670975475493, 2.999900000000000233, -0.4843768441555468818 ) ) ;
#1544 = CARTESIAN_POINT ( 'NONE',  ( 0.7211376614994803314, 3.000000000000001332, 1.295992180644156999 ) ) ;
#1545 = LINE ( 'NONE', #2428, #3640 ) ;
#1546 = CARTESIAN_POINT ( 'NONE',  ( 0.7074508662698739681, 2.999900000000000677, -0.1151328018261325442 ) ) ;
#1547 = ORIENTED_EDGE ( 'NONE', *, *, #2700, .T. ) ;
#1548 = ADVANCED_FACE ( 'NONE', ( #1035 ), #3327, .T. ) ;
#1549 = LINE ( 'NONE', #208, #3246 ) ;
#1550 = CARTESIAN_POINT ( 'NONE',  ( 0.2008905686216796438, 3.000000000000000000, 0.01724409448819043400 ) ) ;
#1551 = EDGE_CURVE ( 'NONE', #1332, #3339, #490, .T. ) ;
#1552 = CARTESIAN_POINT ( 'NONE',  ( 0.6975102315642288664, 2.999900000000000233, 0.3541081355034425560 ) ) ;
#1553 = CARTESIAN_POINT ( 'NONE',  ( 1.642807023916652120, 2.999900000000000233, 0.4724246264326883438 ) ) ;
#1554 = DIRECTION ( 'NONE',  ( -1.000000000000000000, 0.000000000000000000, -2.644395542647572752E-16 ) ) ;
#1555 = CARTESIAN_POINT ( 'NONE',  ( 0.7332017872868350494, 3.000000000000000444, 0.4673809546933098691 ) ) ;
#1556 = CARTESIAN_POINT ( 'NONE',  ( 0.7074508662698738570, 2.999899999999999789, -0.9386622135908385678 ) ) ;
#1557 = CARTESIAN_POINT ( 'NONE',  ( 0.6975049517387400533, 2.999900000000001121, 0.6872376309895250612 ) ) ;
#1558 = CARTESIAN_POINT ( 'NONE',  ( 0.7167214233176066873, 3.000000000000000444, -0.1088402712050014765 ) ) ;
#1559 = CARTESIAN_POINT ( 'NONE',  ( 1.686390847390480063, 2.999899999999999345, -0.3427266941073649487 ) ) ;
#1560 = ORIENTED_EDGE ( 'NONE', *, *, #2915, .F. ) ;
#1561 = ORIENTED_EDGE ( 'NONE', *, *, #1725, .T. ) ;
#1562 = DIRECTION ( 'NONE',  ( 0.5095424031107078644, 0.000000000000000000, 0.8604455470465083300 ) ) ;
#1563 = CARTESIAN_POINT ( 'NONE',  ( 0.7028656193565711030, 3.000000000000000444, 0.7032986776907742543 ) ) ;
#1564 = AXIS2_PLACEMENT_3D ( 'NONE', #816, #1687, #2882 ) ;
#1565 = LINE ( 'NONE', #420, #3276 ) ;
#1566 = CARTESIAN_POINT ( 'NONE',  ( 1.673407653665099692, 2.999900000000000233, -0.1109152282551151558 ) ) ;
#1567 = ORIENTED_EDGE ( 'NONE', *, *, #720, .F. ) ;
#1568 = VECTOR ( 'NONE', #1352, 1000.000000000000000 ) ;
#1569 = CARTESIAN_POINT ( 'NONE',  ( 1.686390847390480063, 2.999999999999999112, -0.3427266941073649487 ) ) ;
#1570 = LINE ( 'NONE', #3031, #1823 ) ;
#1571 = EDGE_CURVE ( 'NONE', #271, #3455, #2723, .T. ) ;
#1572 = MECHANICAL_DESIGN_GEOMETRIC_PRESENTATION_REPRESENTATION (  '', ( #1634 ), #3609 ) ;
#1573 = ORIENTED_EDGE ( 'NONE', *, *, #827, .F. ) ;
#1574 = CARTESIAN_POINT ( 'NONE',  ( 1.642807023916652120, 3.000000000000000000, 1.295954038197394631 ) ) ;
#1575 = DIRECTION ( 'NONE',  ( -1.000000000000000000, 0.000000000000000000, -0.000000000000000000 ) ) ;
#1576 = CARTESIAN_POINT ( 'NONE',  ( 1.694884334082952693, 2.999999999999999556, 0.6109443447374329761 ) ) ;
#1577 = CARTESIAN_POINT ( 'NONE',  ( 0.7025245258168983931, 3.000000000000000000, 1.159258259995249452 ) ) ;
#1578 = CARTESIAN_POINT ( 'NONE',  ( 0.6954092308500675612, 3.000000000000000000, 0.4264518525024046935 ) ) ;
#1579 = CARTESIAN_POINT ( 'NONE',  ( 0.6957715594782747370, 3.000000000000000000, -0.9718276560936097708 ) ) ;
#1580 = CARTESIAN_POINT ( 'NONE',  ( -0.7601558880712370181, 3.000000000000000000, -0.5624503937007845344 ) ) ;
#1581 = CARTESIAN_POINT ( 'NONE',  ( -0.9126810849216281385, 2.999900000000000233, -0.5326559055118056385 ) ) ;
#1582 = ORIENTED_EDGE ( 'NONE', *, *, #3615, .F. ) ;
#1583 = VERTEX_POINT ( 'NONE', #472 ) ;
#1584 = CARTESIAN_POINT ( 'NONE',  ( 1.671299670975475493, 3.000000000000000000, 0.7136930087856298011 ) ) ;
#1585 = CARTESIAN_POINT ( 'NONE',  ( 1.187384229799004931, 2.999900000000000233, 0.1987573470209236526 ) ) ;
#1586 = CARTESIAN_POINT ( 'NONE',  ( 1.671299670975475493, 2.999900000000000233, -0.1098364029790764168 ) ) ;
#1587 = EDGE_LOOP ( 'NONE', ( #3258, #2170, #2573, #978 ) ) ;
#1588 = CARTESIAN_POINT ( 'NONE',  ( 0.000000000000000000, 3.000000000000000000, 0.000000000000000000 ) ) ;
#1589 = ORIENTED_EDGE ( 'NONE', *, *, #331, .F. ) ;
#1590 = DIRECTION ( 'NONE',  ( 0.000000000000000000, -4.396374354359650737E-13, 1.000000000000000000 ) ) ;
#1591 = EDGE_CURVE ( 'NONE', #2322, #1102, #3576, .T. ) ;
#1592 = ORIENTED_EDGE ( 'NONE', *, *, #802, .F. ) ;
#1593 = CARTESIAN_POINT ( 'NONE',  ( 1.686483065428980188, 3.000000000000000000, -0.2556229619140527598 ) ) ;
#1594 = DIRECTION ( 'NONE',  ( 4.752144688529600240E-16, -0.000000000000000000, -1.000000000000000000 ) ) ;
#1595 = CARTESIAN_POINT ( 'NONE',  ( 2.149999999999999023, 3.000000000000000000, -2.149999999999999023 ) ) ;
#1596 = CARTESIAN_POINT ( 'NONE',  ( 0.7075269973100259957, 3.000000000000000000, 1.153964237438881435 ) ) ;
#1597 = EDGE_CURVE ( 'NONE', #1318, #3062, #3599, .T. ) ;
#1598 = COLOUR_RGB ( '',0.8274509803921568096, 0.8392156862745098200, 0.8274509803921568096 ) ;
#1599 = CARTESIAN_POINT ( 'NONE',  ( 0.6949669503872402121, 2.999900000000000233, 0.6406231558444533958 ) ) ;
#1600 = DIRECTION ( 'NONE',  ( 4.752144688529600240E-16, -0.000000000000000000, -1.000000000000000000 ) ) ;
#1601 = CARTESIAN_POINT ( 'NONE',  ( 0.7471268768578285258, 2.999900000000000233, 0.4600165381973942424 ) ) ;
#1602 = ORIENTED_EDGE ( 'NONE', *, *, #687, .F. ) ;
#1603 = ORIENTED_EDGE ( 'NONE', *, *, #2556, .F. ) ;
#1604 = B_SPLINE_CURVE_WITH_KNOTS ( 'NONE', 3,
 ( #3428, #2249, #3709, #1413 ),
 .UNSPECIFIED., .F., .F.,
 ( 4, 4 ),
 ( 0.1818181818181818232, 0.2727272727272727071 ),
 .UNSPECIFIED. ) ;
#1605 = CARTESIAN_POINT ( 'NONE',  ( 0.7186342297990049310, 2.999900000000000233, 0.7159908029032769905 ) ) ;
#1606 = CARTESIAN_POINT ( 'NONE',  ( 0.6962516497033197638, 2.999999999999999112, -1.044285611176056783 ) ) ;
#1607 = ORIENTED_EDGE ( 'NONE', *, *, #246, .F. ) ;
#1608 = VECTOR ( 'NONE', #2076, 1000.000000000000000 ) ;
#1609 = CARTESIAN_POINT ( 'NONE',  ( 1.689871298297997981, 2.999900000000001121, -0.1302351063733241665 ) ) ;
#1610 = ORIENTED_EDGE ( 'NONE', *, *, #232, .T. ) ;
#1611 = B_SPLINE_CURVE_WITH_KNOTS ( 'NONE', 3,
 ( #2290, #2069, #2624, #2606, #299, #2908, #357, #379, #3474, #2305, #1744 ),
 .UNSPECIFIED., .F., .F.,
 ( 4, 1, 1, 1, 1, 1, 1, 1, 4 ),
 ( 0.000000000000000000, 0.1506145446497698381, 0.2596734740599809244, 0.3388177727155975427, 0.4102835628096075382, 0.5019338459622277870, 0.6260648387140319571, 0.7889788725463112717, 1.000000000000000000 ),
 .UNSPECIFIED. ) ;
#1612 = CARTESIAN_POINT ( 'NONE',  ( 1.683008949238502749, 2.999999999999999112, 1.171059866281955353 ) ) ;
#1613 = CARTESIAN_POINT ( 'NONE',  ( 0.7186342297990049310, 2.999900000000000233, 0.3219191117268060398 ) ) ;
#1614 = CARTESIAN_POINT ( 'NONE',  ( 0.4239819072043588544, 3.000000000000000000, 0.000000000000000000 ) ) ;
#1615 = CARTESIAN_POINT ( 'NONE',  ( 0.6991903068836543556, 3.000000000000000444, -0.9505266915923248350 ) ) ;
#1616 = B_SPLINE_SURFACE_WITH_KNOTS ( 'NONE', 3, 1, ( 
 ( #3140, #3175 ),
 ( #567, #2610 ),
 ( #1438, #2575 ),
 ( #1191, #8 ) ),
 .UNSPECIFIED., .F., .F., .F.,
 ( 4, 4 ),
 ( 2, 2 ),
 ( 0.09090909090909091161, 0.1818181818181818232 ),
 ( 0.000000000000000000, 1.000000000000000000 ),
 .UNSPECIFIED. ) ;
#1617 = FACE_OUTER_BOUND ( 'NONE', #3587, .T. ) ;
#1618 = EDGE_CURVE ( 'NONE', #174, #989, #3308, .T. ) ;
#1619 = LINE ( 'NONE', #2769, #321 ) ;
#1620 = EDGE_CURVE ( 'NONE', #1727, #2358, #1033, .T. ) ;
#1621 = ORIENTED_EDGE ( 'NONE', *, *, #2122, .F. ) ;
#1622 = DIRECTION ( 'NONE',  ( -1.000000000000000000, -0.000000000000000000, -0.000000000000000000 ) ) ;
#1623 = ORIENTED_EDGE ( 'NONE', *, *, #1787, .T. ) ;
#1624 = CARTESIAN_POINT ( 'NONE',  ( 1.694966950387240212, 2.999900000000000233, -1.014018388273193905 ) ) ;
#1625 = CARTESIAN_POINT ( 'NONE',  ( 1.276998200387240434, 2.999900000000000233, 0.1135091852562177817 ) ) ;
#1626 = CARTESIAN_POINT ( 'NONE',  ( 0.7471268768578285258, 2.999900000000000233, 0.5857058764326887879 ) ) ;
#1627 = ORIENTED_EDGE ( 'NONE', *, *, #2671, .T. ) ;
#1628 = LINE ( 'NONE', #1359, #842 ) ;
#1629 = CARTESIAN_POINT ( 'NONE',  ( 1.691020684309345601, 3.000000000000001776, 0.4715395253194210046 ) ) ;
#1630 = STYLED_ITEM ( 'NONE', ( #2114 ), #2566 ) ;
#1631 = VECTOR ( 'NONE', #1323, 1000.000000000000000 ) ;
#1632 = LINE ( 'NONE', #3326, #370 ) ;
#1633 = SURFACE_STYLE_FILL_AREA ( #3623 ) ;
#1634 = STYLED_ITEM ( 'NONE', ( #2138 ), #2921 ) ;
#1635 = EDGE_CURVE ( 'NONE', #393, #183, #137, .T. ) ;
#1636 =( GEOMETRIC_REPRESENTATION_CONTEXT ( 3 ) GLOBAL_UNCERTAINTY_ASSIGNED_CONTEXT ( ( #82 ) ) GLOBAL_UNIT_ASSIGNED_CONTEXT ( ( #2161, #1932, #489 ) ) REPRESENTATION_CONTEXT ( 'NONE', 'WORKASPACE' ) );
#1637 = CARTESIAN_POINT ( 'NONE',  ( 1.678652372839754436, 2.999999999999999556, 0.5621310557260960072 ) ) ;
#1638 = DIRECTION ( 'NONE',  ( -0.000000000000000000, 1.000000000000000000, -0.000000000000000000 ) ) ;
#1639 = CARTESIAN_POINT ( 'NONE',  ( 1.690073583634706056, 2.999900000000000233, -0.2467648862062044035 ) ) ;
#1640 = CARTESIAN_POINT ( 'NONE',  ( 0.7074508662698738570, 2.999899999999999789, -0.9386622135908385678 ) ) ;
#1641 = CARTESIAN_POINT ( 'NONE',  ( 0.7849999999999996980, 0.000000000000000000, 1.625000000000000222 ) ) ;
#1642 = VERTEX_POINT ( 'NONE', #1011 ) ;
#1643 = CARTESIAN_POINT ( 'NONE',  ( 1.089268420975475493, 2.999900000000000233, 0.1063860234915118830 ) ) ;
#1644 = VERTEX_POINT ( 'NONE', #193 ) ;
#1645 = PRESENTATION_STYLE_ASSIGNMENT (( #1959 ) ) ;
#1646 = DIRECTION ( 'NONE',  ( -3.597633758841863997E-15, 0.000000000000000000, -1.000000000000000000 ) ) ;
#1647 =( NAMED_UNIT ( * ) PLANE_ANGLE_UNIT ( ) SI_UNIT ( $, .RADIAN. ) );
#1648 = ORIENTED_EDGE ( 'NONE', *, *, #2450, .F. ) ;
#1649 = DIRECTION ( 'NONE',  ( -0.000000000000000000, 1.000000000000000000, -0.000000000000000000 ) ) ;
#1650 = CARTESIAN_POINT ( 'NONE',  ( 1.694955180068616896, 2.999999999999999556, -0.9937052121039300356 ) ) ;
#1651 = VECTOR ( 'NONE', #1594, 1000.000000000000000 ) ;
#1652 = CARTESIAN_POINT ( 'NONE',  ( 1.668356728445578252, 2.999999999999999556, 1.308448112005585084 ) ) ;
#1653 = CARTESIAN_POINT ( 'NONE',  ( 1.694962688120278616, 2.999900000000000677, 0.6403962411985729686 ) ) ;
#1654 = CARTESIAN_POINT ( 'NONE',  ( 0.6975102315642288664, 2.999900000000000233, -0.4694212762612633427 ) ) ;
#1655 = CARTESIAN_POINT ( 'NONE',  ( 1.671299670975475493, 3.000000000000000000, -0.4843768441555468818 ) ) ;
#1656 = CARTESIAN_POINT ( 'NONE',  ( 0.7211376614994798873, 2.999900000000000677, 0.4724627688794500457 ) ) ;
#1657 = CARTESIAN_POINT ( 'NONE',  ( 1.686675839746154315, 2.999899999999999345, -0.1227152731926358514 ) ) ;
#1659 = COLOUR_RGB ( '',0.8274509803921568096, 0.8392156862745098200, 0.8274509803921568096 ) ;
#1658 = CARTESIAN_POINT ( 'NONE',  ( -1.008836990433439107, 2.999900000000000233, -0.2119086614173194272 ) ) ;
#1660 = VERTEX_POINT ( 'NONE', #3347 ) ;
#1661 = CARTESIAN_POINT ( 'NONE',  ( 0.6990214886042269704, 3.000000000000000000, -0.2338944340513482156 ) ) ;
#1662 = FACE_OUTER_BOUND ( 'NONE', #1433, .T. ) ;
#1663 = CARTESIAN_POINT ( 'NONE',  ( 1.089268420975475493, 2.999900000000000233, 0.9299154352562181147 ) ) ;
#1664 = EDGE_LOOP ( 'NONE', ( #3182, #317, #279, #1561 ) ) ;
#1665 = LINE ( 'NONE', #2845, #2776 ) ;
#1666 = CARTESIAN_POINT ( 'NONE',  ( 1.642807023916652120, 3.000000000000000888, 0.4724246264326883438 ) ) ;
#1667 = EDGE_CURVE ( 'NONE', #2177, #1277, #1284, .T. ) ;
#1668 = ADVANCED_FACE ( 'NONE', ( #1343 ), #3262, .F. ) ;
#1669 = CARTESIAN_POINT ( 'NONE',  ( 1.673407653665099692, 2.999900000000000233, 0.7126141835095910482 ) ) ;
#1670 = CARTESIAN_POINT ( 'NONE',  ( 0.7186342297990050421, 2.999900000000000677, -0.5016103000378998589 ) ) ;
#1671 = EDGE_CURVE ( 'NONE', #1209, #1337, #2979, .T. ) ;
#1672 = CARTESIAN_POINT ( 'NONE',  ( 1.677578225062696049, 2.999900000000000677, 0.3429430525809133434 ) ) ;
#1673 = CARTESIAN_POINT ( 'NONE',  ( 0.7420627163094615231, 2.999999999999999556, -0.2404338832360143341 ) ) ;
#1674 = CARTESIAN_POINT ( 'NONE',  ( 1.671299670975475493, 3.000000000000000000, 0.7136930087856298011 ) ) ;
#1675 = STYLED_ITEM ( 'NONE', ( #1739 ), #670 ) ;
#1676 = ORIENTED_EDGE ( 'NONE', *, *, #54, .F. ) ;
#1677 = CARTESIAN_POINT ( 'NONE',  ( 0.7031561179726392163, 3.000000000000000444, -0.2436668645771384867 ) ) ;
#1678 = CARTESIAN_POINT ( 'NONE',  ( 0.7131071931185164470, 3.000000000000000888, 1.149974428646697744 ) ) ;
#1679 = CARTESIAN_POINT ( 'NONE',  ( 1.276998200387240434, 3.000000000000000000, -0.7100202265084879505 ) ) ;
#1680 = ORIENTED_EDGE ( 'NONE', *, *, #1799, .T. ) ;
#1681 = EDGE_CURVE ( 'NONE', #1642, #59, #2702, .T. ) ;
#1682 = B_SPLINE_CURVE_WITH_KNOTS ( 'NONE', 3,
 ( #1082, #3371, #2811, #236, #1387, #2524, #3667, #1100, #2241, #804, #3386 ),
 .UNSPECIFIED., .F., .F.,
 ( 4, 1, 1, 1, 1, 1, 1, 1, 4 ),
 ( 0.000000000000000000, 0.08608748684242820137, 0.1612668260071344339, 0.2388542627190383960, 0.3281828305663093137, 0.4373273942705394046, 0.5807184561777913867, 0.7620511388035708933, 1.000000000000000000 ),
 .UNSPECIFIED. ) ;
#1683 = DIRECTION ( 'NONE',  ( 0.8604455470465083300, 0.000000000000000000, -0.5095424031107078644 ) ) ;
#1684 = LINE ( 'NONE', #3094, #27 ) ;
#1685 = CARTESIAN_POINT ( 'NONE',  ( 0.6949669503872402121, 2.999900000000000233, 1.227709552903276879 ) ) ;
#1686 = CARTESIAN_POINT ( 'NONE',  ( 0.6949669503872402121, 2.999900000000000233, -0.4193492706261351399 ) ) ;
#1687 = DIRECTION ( 'NONE',  ( 0.000000000000000000, 0.000000000000000000, -1.000000000000000000 ) ) ;
#1688 = EDGE_CURVE ( 'NONE', #3535, #1102, #2500, .T. ) ;
#1689 = CARTESIAN_POINT ( 'NONE',  ( -1.228496045551548566, 2.999900000000000233, -0.2716748031496010740 ) ) ;
#1690 = DIRECTION ( 'NONE',  ( -0.000000000000000000, 1.000000000000000000, -0.000000000000000000 ) ) ;
#1691 = ORIENTED_EDGE ( 'NONE', *, *, #1161, .T. ) ;
#1692 = CARTESIAN_POINT ( 'NONE',  ( 1.677359608188032869, 2.999900000000000233, -0.9364671748584989519 ) ) ;
#1693 = B_SPLINE_CURVE_WITH_KNOTS ( 'NONE', 3,
 ( #1624, #1405, #1975, #3374, #2513, #3101, #2827, #2813, #1692, #3389, #1925 ),
 .UNSPECIFIED., .F., .F.,
 ( 4, 1, 1, 1, 1, 1, 1, 1, 4 ),
 ( 0.000000000000000000, 0.2475841483258835463, 0.4361234509600928066, 0.5765471439970858425, 0.6891935206218181564, 0.7769127325059270728, 0.8506699786920537409, 0.9203469832125574790, 0.9999999999999998890 ),
 .UNSPECIFIED. ) ;
#1694 = CARTESIAN_POINT ( 'NONE',  ( 0.7186342297990049310, 3.000000000000000000, 1.145448523491512161 ) ) ;
#1695 = CARTESIAN_POINT ( 'NONE',  ( 1.694966950387240212, 2.999900000000000233, 1.243334552903277102 ) ) ;
#1696 = VERTEX_POINT ( 'NONE', #3660 ) ;
#1697 = FACE_OUTER_BOUND ( 'NONE', #1766, .T. ) ;
#1698 = CARTESIAN_POINT ( 'NONE',  ( 0.6957018612905488952, 3.000000000000000444, 1.268779234130675393 ) ) ;
#1699 = EDGE_CURVE ( 'NONE', #1513, #465, #1143, .T. ) ;
#1700 = VECTOR ( 'NONE', #3629, 1000.000000000000000 ) ;
#1701 = CARTESIAN_POINT ( 'NONE',  ( 0.6975102315642288664, 2.999900000000000233, -0.4694212762612633427 ) ) ;
#1702 = EDGE_LOOP ( 'NONE', ( #2529, #868, #757, #2100 ) ) ;
#1703 = FACE_OUTER_BOUND ( 'NONE', #923, .T. ) ;
#1704 = CARTESIAN_POINT ( 'NONE',  ( -1.190766911693281971, 2.999900000000000233, -0.4028220472440876554 ) ) ;
#1705 = EDGE_CURVE ( 'NONE', #3586, #3291, #79, .T. ) ;
#1706 = CARTESIAN_POINT ( 'NONE',  ( 0.7186342297990049310, 2.999900000000000233, 1.145448523491512161 ) ) ;
#1707 = VERTEX_POINT ( 'NONE', #2820 ) ;
#1708 = DIRECTION ( 'NONE',  ( 0.6128916609699361917, -0.000000000000000000, -0.7901669519244098883 ) ) ;
#1709 = VECTOR ( 'NONE', #286, 1000.000000000000000 ) ;
#1710 = LINE ( 'NONE', #1679, #865 ) ;
#1711 = ORIENTED_EDGE ( 'NONE', *, *, #1688, .F. ) ;
#1712 = SURFACE_STYLE_USAGE ( .BOTH. , #2803 ) ;
#1713 = AXIS2_PLACEMENT_3D ( 'NONE', #3185, #1537, #2901 ) ;
#1714 = DIRECTION ( 'NONE',  ( -0.4966835351851232039, 0.000000000000000000, 0.8679317172888708631 ) ) ;
#1715 = CARTESIAN_POINT ( 'NONE',  ( 1.677359608188032869, 2.999900000000000233, 0.7105916486709128455 ) ) ;
#1716 = LINE ( 'NONE', #3661, #1122 ) ;
#1717 = VERTEX_POINT ( 'NONE', #277 ) ;
#1718 = DIRECTION ( 'NONE',  ( -0.000000000000000000, 1.000000000000000000, -0.000000000000000000 ) ) ;
#1719 = CARTESIAN_POINT ( 'NONE',  ( 0.7333073083514421997, 2.999999999999999556, -0.2449469038232512108 ) ) ;
#1720 = CARTESIAN_POINT ( 'NONE',  ( -1.228496045551548566, 2.999900000000000233, -0.2716748031496010740 ) ) ;
#1721 = CARTESIAN_POINT ( 'NONE',  ( 0.6962516497033199858, 3.000000000000000444, 0.6027732123533547925 ) ) ;
#1722 = ORIENTED_EDGE ( 'NONE', *, *, #765, .T. ) ;
#1723 = ADVANCED_FACE ( 'NONE', ( #539 ), #774, .T. ) ;
#1724 = LINE ( 'NONE', #2869, #3602 ) ;
#1725 = EDGE_CURVE ( 'NONE', #3250, #3052, #245, .T. ) ;
#1726 = CARTESIAN_POINT ( 'NONE',  ( -0.1860385652365862952, 2.999900000000000233, 0.5529874015748044158 ) ) ;
#1727 = VERTEX_POINT ( 'NONE', #1396 ) ;
#1728 = CARTESIAN_POINT ( 'NONE',  ( -0.9360125809846201461, 2.999900000000000233, -0.3723968503936953556 ) ) ;
#1729 = CARTESIAN_POINT ( 'NONE',  ( 1.642807023916652120, 2.999900000000000233, 1.295954038197394631 ) ) ;
#1730 = CARTESIAN_POINT ( 'NONE',  ( -0.1632645494885593962, 2.999900000000000233, -0.6440314960629905938 ) ) ;
#1731 = CARTESIAN_POINT ( 'NONE',  ( 0.6952184970927525187, 3.000000000000000888, 0.6203164193313298602 ) ) ;
#1732 = CARTESIAN_POINT ( 'NONE',  ( 1.089268420975475493, 2.999900000000000233, 0.1063860234915118830 ) ) ;
#1733 = ORIENTED_EDGE ( 'NONE', *, *, #2802, .F. ) ;
#1734 = VECTOR ( 'NONE', #2124, 1000.000000000000000 ) ;
#1735 = LINE ( 'NONE', #2823, #3178 ) ;
#1736 = PRODUCT_DEFINITION ( 'UNKNOWN', '', #3033, #770 ) ;
#1737 = FILL_AREA_STYLE ('',( #590 ) ) ;
#1738 = ORIENTED_EDGE ( 'NONE', *, *, #268, .F. ) ;
#1739 = PRESENTATION_STYLE_ASSIGNMENT (( #2588 ) ) ;
#1740 = VECTOR ( 'NONE', #1994, 1000.000000000000000 ) ;
#1741 = ORIENTED_EDGE ( 'NONE', *, *, #2029, .T. ) ;
#1742 = EDGE_CURVE ( 'NONE', #1209, #2190, #3095, .T. ) ;
#1743 = CARTESIAN_POINT ( 'NONE',  ( 1.673407653665099692, 3.000000000000000000, -0.9344446400198208602 ) ) ;
#1744 = CARTESIAN_POINT ( 'NONE',  ( 1.694966950387240434, 3.000000000000000444, 0.6330404352562182257 ) ) ;
#1745 = VECTOR ( 'NONE', #888, 1000.000000000000000 ) ;
#1746 = EDGE_LOOP ( 'NONE', ( #1002, #1573, #1023, #2677 ) ) ;
#1747 = LINE ( 'NONE', #3173, #941 ) ;
#1748 = CARTESIAN_POINT ( 'NONE',  ( 1.686483065428980410, 2.999900000000000233, -1.079152373678758714 ) ) ;
#1749 = PLANE ( 'NONE',  #1953 ) ;
#1750 = CARTESIAN_POINT ( 'NONE',  ( 0.6950570517042601315, 3.000000000000000444, -1.013709321698763599 ) ) ;
#1751 = LINE ( 'NONE', #2897, #1056 ) ;
#1752 = CARTESIAN_POINT ( 'NONE',  ( 1.187384229799004931, 2.999900000000000233, 0.1987573470209236526 ) ) ;
#1753 = B_SPLINE_CURVE_WITH_KNOTS ( 'NONE', 3,
 ( #527, #2537, #3399, #2598, #3484, #2958, #3522, #1814, #2616, #50, #664 ),
 .UNSPECIFIED., .F., .F.,
 ( 4, 1, 1, 1, 1, 1, 1, 1, 4 ),
 ( 0.000000000000000000, 0.1528910399261259045, 0.2655498866055909790, 0.3469726293230778191, 0.4171409348174468512, 0.5027291515886457285, 0.6212628926146347430, 0.7862933040589772382, 1.000000000000000000 ),
 .UNSPECIFIED. ) ;
#1754 = ORIENTED_EDGE ( 'NONE', *, *, #2554, .T. ) ;
#1755 = LINE ( 'NONE', #1706, #1195 ) ;
#1756 = VECTOR ( 'NONE', #1361, 1000.000000000000000 ) ;
#1757 = ORIENTED_EDGE ( 'NONE', *, *, #2767, .T. ) ;
#1758 = CARTESIAN_POINT ( 'NONE',  ( 1.187384229799004931, 2.999900000000000233, -0.6247720647437822183 ) ) ;
#1759 = CARTESIAN_POINT ( 'NONE',  ( 1.694930599229935053, 3.000000000000001332, -0.3961378121837809130 ) ) ;
#1760 = UNCERTAINTY_MEASURE_WITH_UNIT (LENGTH_MEASURE( 1.000000000000000082E-05 ), #882, 'distance_accuracy_value', 'NONE');
#1761 = EDGE_LOOP ( 'NONE', ( #2512, #3282, #1389, #739 ) ) ;
#1762 =( NAMED_UNIT ( * ) SI_UNIT ( $, .STERADIAN. ) SOLID_ANGLE_UNIT ( ) );
#1763 = CARTESIAN_POINT ( 'NONE',  ( -0.7104787227169065966, 2.999900000000000233, -0.3389055118110217424 ) ) ;
#1764 = DIRECTION ( 'NONE',  ( -0.000000000000000000, 1.000000000000000000, -0.000000000000000000 ) ) ;
#1765 = CARTESIAN_POINT ( 'NONE',  ( 0.6957018612905488952, 2.999900000000000233, -0.3782795893987368485 ) ) ;
#1766 = EDGE_LOOP ( 'NONE', ( #477, #1928, #3494, #3619 ) ) ;
#1767 = PRESENTATION_LAYER_ASSIGNMENT (  '', '', ( #330 ) ) ;
#1768 = EDGE_CURVE ( 'NONE', #2358, #2264, #1604, .T. ) ;
#1769 = CARTESIAN_POINT ( 'NONE',  ( 0.7332017872868350494, 2.999900000000000677, -0.3561484570713960296 ) ) ;
#1770 = ADVANCED_FACE ( 'NONE', ( #849 ), #3692, .T. ) ;
#1771 = DIRECTION ( 'NONE',  ( -0.8701091694029016166, 0.000000000000000000, 0.4928590400114343240 ) ) ;
#1772 = B_SPLINE_CURVE_WITH_KNOTS ( 'NONE', 3,
 ( #10, #3197, #304, #922, #29, #620, #1789, #1176, #2932, #2561, #1425 ),
 .UNSPECIFIED., .F., .F.,
 ( 4, 1, 1, 1, 1, 1, 1, 1, 4 ),
 ( 0.000000000000000000, 0.08608748684242688298, 0.1612668260071338788, 0.2388542627190373691, 0.3281828305663094247, 0.4373273942705389605, 0.5807184561777908316, 0.7620511388035714484, 1.000000000000000000 ),
 .UNSPECIFIED. ) ;
#1773 = ORIENTED_EDGE ( 'NONE', *, *, #3235, .F. ) ;
#1774 = CARTESIAN_POINT ( 'NONE',  ( 0.7131071931185160029, 2.999999999999998668, 0.3264450168819910680 ) ) ;
#1775 = EDGE_CURVE ( 'NONE', #1783, #2496, #2454, .T. ) ;
#1776 = DIRECTION ( 'NONE',  ( -0.000000000000000000, 1.000000000000000000, -0.000000000000000000 ) ) ;
#1777 = ORIENTED_EDGE ( 'NONE', *, *, #457, .T. ) ;
#1778 =( NAMED_UNIT ( * ) PLANE_ANGLE_UNIT ( ) SI_UNIT ( $, .RADIAN. ) );
#1779 = ORIENTED_EDGE ( 'NONE', *, *, #3670, .T. ) ;
#1780 = FILL_AREA_STYLE ('',( #2571 ) ) ;
#1781 = CARTESIAN_POINT ( 'NONE',  ( 0.7131071931185160029, 2.999999999999998668, -0.4970843948827147196 ) ) ;
#1782 = CARTESIAN_POINT ( 'NONE',  ( 1.693335768749239190, 2.999899999999999789, -0.3650781908108940432 ) ) ;
#1783 = VERTEX_POINT ( 'NONE', #641 ) ;
#1784 = CARTESIAN_POINT ( 'NONE',  ( 0.6949669503872402121, 2.999900000000000233, -0.1829062559202528082 ) ) ;
#1785 = CARTESIAN_POINT ( 'NONE',  ( 1.647800524902918395, 3.000000000000000444, -1.075122261105204258 ) ) ;
#1786 = CARTESIAN_POINT ( 'NONE',  ( -0.5404921085436723560, 2.999900000000000233, 0.6632763779527598436 ) ) ;
#1787 = EDGE_CURVE ( 'NONE', #1660, #358, #2634, .T. ) ;
#1788 = LINE ( 'NONE', #619, #1065 ) ;
#1789 = CARTESIAN_POINT ( 'NONE',  ( 1.692619765420955158, 3.000000000000000000, 1.194425667907199173 ) ) ;
#1790 = ORIENTED_EDGE ( 'NONE', *, *, #417, .F. ) ;
#1791 = CARTESIAN_POINT ( 'NONE',  ( 0.7471268768578285258, 3.000000000000000000, 0.5857058764326887879 ) ) ;
#1792 = CARTESIAN_POINT ( 'NONE',  ( 1.647800524902918395, 3.000000000000000444, -0.2515928493404981925 ) ) ;
#1793 = VERTEX_POINT ( 'NONE', #346 ) ;
#1794 = CARTESIAN_POINT ( 'NONE',  ( 0.6950230845708413874, 2.999900000000000677, 0.3844874530309878580 ) ) ;
#1795 = PLANE ( 'NONE',  #3124 ) ;
#1796 = CARTESIAN_POINT ( 'NONE',  ( -0.5806732109058809765, 2.999900000000000233, -0.5220047244094457861 ) ) ;
#1797 = ORIENTED_EDGE ( 'NONE', *, *, #3107, .F. ) ;
#1798 = SURFACE_STYLE_FILL_AREA ( #2106 ) ;
#1799 = EDGE_CURVE ( 'NONE', #1435, #349, #3310, .T. ) ;
#1800 = FACE_OUTER_BOUND ( 'NONE', #3637, .T. ) ;
#1801 = LINE ( 'NONE', #1483, #3298 ) ;
#1802 = AXIS2_PLACEMENT_3D ( 'NONE', #1827, #1562, #715 ) ;
#1803 = ORIENTED_EDGE ( 'NONE', *, *, #1667, .F. ) ;
#1804 =( LENGTH_UNIT ( ) NAMED_UNIT ( * ) SI_UNIT ( .MILLI., .METRE. ) );
#1805 = VERTEX_POINT ( 'NONE', #1240 ) ;
#1806 = MECHANICAL_DESIGN_GEOMETRIC_PRESENTATION_REPRESENTATION (  '', ( #11 ), #1298 ) ;
#1807 = CARTESIAN_POINT ( 'NONE',  ( 1.686390847390480063, 2.999899999999999345, -0.3427266941073649487 ) ) ;
#1808 = CARTESIAN_POINT ( 'NONE',  ( 1.668360285013242628, 2.999899999999999789, 0.5626284551345802631 ) ) ;
#1809 = PRESENTATION_LAYER_ASSIGNMENT (  '', '', ( #3426 ) ) ;
#1810 = VECTOR ( 'NONE', #1075, 1000.000000000000000 ) ;
#1811 = DIRECTION ( 'NONE',  ( 0.000000000000000000, 0.000000000000000000, -1.000000000000000000 ) ) ;
#1812 = ORIENTED_EDGE ( 'NONE', *, *, #2668, .F. ) ;
#1813 = DIRECTION ( 'NONE',  ( -0.4928590400114343240, 0.000000000000000000, -0.8701091694029017276 ) ) ;
#1814 = CARTESIAN_POINT ( 'NONE',  ( 0.6957018612905488952, 2.999900000000000677, 1.268779234130675393 ) ) ;
#1815 = FACE_OUTER_BOUND ( 'NONE', #697, .T. ) ;
#1816 = CARTESIAN_POINT ( 'NONE',  ( 1.184167318034299088, 2.999900000000000233, 0.8462757293738651931 ) ) ;
#1817 = VECTOR ( 'NONE', #2346, 1000.000000000000000 ) ;
#1818 = ORIENTED_EDGE ( 'NONE', *, *, #3305, .T. ) ;
#1819 = CARTESIAN_POINT ( 'NONE',  ( 0.6949669503872402121, 3.000000000000000000, -1.006435667684958402 ) ) ;
#1820 = CARTESIAN_POINT ( 'NONE',  ( 0.7129990501655021351, 3.000000000000000000, -0.1113733413341223555 ) ) ;
#1821 = ADVANCED_FACE ( 'NONE', ( #1196 ), #153, .T. ) ;
#1822 = ORIENTED_EDGE ( 'NONE', *, *, #159, .T. ) ;
#1823 = VECTOR ( 'NONE', #1873, 1000.000000000000000 ) ;
#1824 = CARTESIAN_POINT ( 'NONE',  ( 0.6952184970927525187, 2.999900000000001121, -0.2032129924333766491 ) ) ;
#1825 = EDGE_LOOP ( 'NONE', ( #95, #83, #312, #241 ) ) ;
#1826 = B_SPLINE_CURVE_WITH_KNOTS ( 'NONE', 3,
 ( #1278, #3556, #466, #703, #2717, #1609, #498, #1296, #1081, #1566, #2411 ),
 .UNSPECIFIED., .F., .F.,
 ( 4, 1, 1, 1, 1, 1, 1, 1, 4 ),
 ( 0.000000000000000000, 0.2475841483258847675, 0.4361234509600928066, 0.5765471439970858425, 0.6891935206218181564, 0.7769127325059270728, 0.8506699786920537409, 0.9203469832125574790, 0.9999999999999998890 ),
 .UNSPECIFIED. ) ;
#1827 = CARTESIAN_POINT ( 'NONE',  ( 1.184167318034299088, 2.999900000000000233, 0.02274631760915894751 ) ) ;
#1828 = CARTESIAN_POINT ( 'NONE',  ( 0.6957715594782748481, 2.999900000000000233, 0.6752311674358022486 ) ) ;
#1829 =( LENGTH_UNIT ( ) NAMED_UNIT ( * ) SI_UNIT ( .MILLI., .METRE. ) );
#1830 = CARTESIAN_POINT ( 'NONE',  ( 1.694966950387240212, 2.999900000000000233, 0.4198051411385707032 ) ) ;
#1831 = ORIENTED_EDGE ( 'NONE', *, *, #604, .T. ) ;
#1832 = ADVANCED_FACE ( 'NONE', ( #662 ), #2035, .T. ) ;
#1833 = B_SPLINE_CURVE_WITH_KNOTS ( 'NONE', 3,
 ( #1655, #731, #1883, #3020, #455, #2749, #179, #1328, #2185, #3040, #1061 ),
 .UNSPECIFIED., .F., .F.,
 ( 4, 1, 1, 1, 1, 1, 1, 1, 4 ),
 ( 0.000000000000000000, 0.08608748684242820137, 0.1612668260071344339, 0.2388542627190383960, 0.3281828305663093137, 0.4373273942705394046, 0.5807184561777913867, 0.7620511388035708933, 1.000000000000000000 ),
 .UNSPECIFIED. ) ;
#1834 = CARTESIAN_POINT ( 'NONE',  ( 0.7186342297990049310, 3.000000000000000000, 1.145448523491512161 ) ) ;
#1835 = CARTESIAN_POINT ( 'NONE',  ( 1.686483065428980188, 2.999900000000000233, -0.2556229619140527598 ) ) ;
#1836 = VECTOR ( 'NONE', #3569, 1000.000000000000000 ) ;
#1837 = LINE ( 'NONE', #2081, #3610 ) ;
#1838 = DIRECTION ( 'NONE',  ( 0.000000000000000000, 0.000000000000000000, -1.000000000000000000 ) ) ;
#1839 = CARTESIAN_POINT ( 'NONE',  ( 1.686483065428980188, 3.000000000000000000, 0.5679064498506534164 ) ) ;
#1840 = LINE ( 'NONE', #3017, #595 ) ;
#1841 = CARTESIAN_POINT ( 'NONE',  ( 0.6954092308500675612, 2.999900000000000233, 0.4264518525024046935 ) ) ;
#1842 = DIRECTION ( 'NONE',  ( -1.000000000000000000, 0.000000000000000000, -4.752144688529600240E-16 ) ) ;
#1843 = ORIENTED_EDGE ( 'NONE', *, *, #2004, .T. ) ;
#1844 = EDGE_LOOP ( 'NONE', ( #36, #2626, #3146, #2696 ) ) ;
#1845 = CARTESIAN_POINT ( 'NONE',  ( -0.5808220298035193796, 2.999900000000000233, -0.1914330708661398095 ) ) ;
#1846 = LINE ( 'NONE', #186, #2187 ) ;
#1847 = CARTESIAN_POINT ( 'NONE',  ( 1.671299670975475493, 2.999900000000000233, -0.9333658147437822183 ) ) ;
#1848 = LINE ( 'NONE', #131, #2585 ) ;
#1849 = VERTEX_POINT ( 'NONE', #290 ) ;
#1850 = CARTESIAN_POINT ( 'NONE',  ( 1.677578225062696049, 3.000000000000000444, 1.166472464345619464 ) ) ;
#1851 = EDGE_LOOP ( 'NONE', ( #3611, #125, #1797, #2012 ) ) ;
#1852 = VECTOR ( 'NONE', #1690, 1000.000000000000000 ) ;
#1853 = CARTESIAN_POINT ( 'NONE',  ( 1.671299670975475493, 3.000000000000000000, 0.3391525676091589059 ) ) ;
#1854 =( NAMED_UNIT ( * ) PLANE_ANGLE_UNIT ( ) SI_UNIT ( $, .RADIAN. ) );
#1855 = CARTESIAN_POINT ( 'NONE',  ( 1.656409784731315504, 3.000000000000001332, 0.5672127162918170207 ) ) ;
#1856 = CARTESIAN_POINT ( 'NONE',  ( -1.843529790660226375, 2.999900000000000233, 1.597050532934600975 ) ) ;
#1857 = CARTESIAN_POINT ( 'NONE',  ( 0.6957018612905488952, 3.000000000000000000, 0.4452498223659689947 ) ) ;
#1858 = CARTESIAN_POINT ( 'NONE',  ( 0.6950256249081662174, 2.999999999999999556, -0.9877423147426570571 ) ) ;
#1859 = CARTESIAN_POINT ( 'NONE',  ( 1.187384229799004931, 2.999900000000000233, 1.022286758785629912 ) ) ;
#1860 = DIRECTION ( 'NONE',  ( 0.000000000000000000, 0.000000000000000000, -1.000000000000000000 ) ) ;
#1861 = CARTESIAN_POINT ( 'NONE',  ( 1.678431273444241256, 3.000000000000000888, -0.3379787101591259502 ) ) ;
#1862 = ORIENTED_EDGE ( 'NONE', *, *, #1506, .F. ) ;
#1863 = ORIENTED_EDGE ( 'NONE', *, *, #1355, .T. ) ;
#1864 = EDGE_CURVE ( 'NONE', #20, #3005, #3179, .T. ) ;
#1865 = CARTESIAN_POINT ( 'NONE',  ( 1.678652372839754436, 2.999999999999999556, -1.084927767803316012 ) ) ;
#1866 = CARTESIAN_POINT ( 'NONE',  ( 0.6949669503872402121, 3.000000000000000000, 0.6406231558444533958 ) ) ;
#1867 = LINE ( 'NONE', #1626, #2198 ) ;
#1868 = DIRECTION ( 'NONE',  ( -0.8660872391925199532, 0.000000000000000000, -0.4998928826337484255 ) ) ;
#1869 = ORIENTED_EDGE ( 'NONE', *, *, #2974, .F. ) ;
#1870 = STYLED_ITEM ( 'NONE', ( #1963 ), #2408 ) ;
#1871 = SURFACE_SIDE_STYLE ('',( #3029 ) ) ;
#1872 = ORIENTED_EDGE ( 'NONE', *, *, #948, .F. ) ;
#1873 = DIRECTION ( 'NONE',  ( -0.000000000000000000, 1.000000000000000000, -0.000000000000000000 ) ) ;
#1874 = EDGE_CURVE ( 'NONE', #1277, #3231, #1751, .T. ) ;
#1875 = ORIENTED_EDGE ( 'NONE', *, *, #1260, .T. ) ;
#1876 = FILL_AREA_STYLE_COLOUR ( '', #666 ) ;
#1877 = CARTESIAN_POINT ( 'NONE',  ( 2.149999999999999023, 3.000000000000000000, -2.149999999999999023 ) ) ;
#1878 = CARTESIAN_POINT ( 'NONE',  ( 0.6949669503872402121, 2.999900000000000233, 1.227709552903276879 ) ) ;
#1879 = CARTESIAN_POINT ( 'NONE',  ( 0.6958075284347930989, 2.999900000000000677, 0.3674439216072413195 ) ) ;
#1880 = B_SPLINE_CURVE_WITH_KNOTS ( 'NONE', 3,
 ( #1057, #3076, #1322, #1899, #2518, #1593, #2743, #2275, #3575, #3034, #2806 ),
 .UNSPECIFIED., .F., .F.,
 ( 4, 1, 1, 1, 1, 1, 1, 1, 4 ),
 ( 0.000000000000000000, 0.1506145446497698381, 0.2596734740599809244, 0.3388177727155975427, 0.4102835628096075382, 0.5019338459622277870, 0.6260648387140319571, 0.7889788725463112717, 1.000000000000000000 ),
 .UNSPECIFIED. ) ;
#1881 = CARTESIAN_POINT ( 'NONE',  ( 0.7028656193565712140, 2.999900000000001121, -0.9437601458386377651 ) ) ;
#1882 = FILL_AREA_STYLE_COLOUR ( '', #3184 ) ;
#1883 = CARTESIAN_POINT ( 'NONE',  ( 1.677578225062696049, 3.000000000000000444, -0.4805863591837926663 ) ) ;
#1884 =( NAMED_UNIT ( * ) PLANE_ANGLE_UNIT ( ) SI_UNIT ( $, .RADIAN. ) );
#1885 = PRESENTATION_LAYER_ASSIGNMENT (  '', '', ( #852 ) ) ;
#1886 = EDGE_LOOP ( 'NONE', ( #2009, #2812, #3551, #200 ) ) ;
#1887 = ORIENTED_EDGE ( 'NONE', *, *, #3061, .F. ) ;
#1888 = SURFACE_STYLE_USAGE ( .BOTH. , #3274 ) ;
#1889 = B_SPLINE_SURFACE_WITH_KNOTS ( 'NONE', 3, 1, ( 
 ( #3212, #635 ),
 ( #3174, #1785 ),
 ( #2931, #1156 ),
 ( #1173, #2031 ),
 ( #599, #2053 ),
 ( #1748, #382 ),
 ( #319, #1469 ),
 ( #1190, #2326 ),
 ( #3233, #3478 ),
 ( #7, #617 ),
 ( #898, #3158 ) ),
 .UNSPECIFIED., .F., .F., .F.,
 ( 4, 1, 1, 1, 1, 1, 1, 1, 4 ),
 ( 2, 2 ),
 ( 0.000000000000000000, 0.1506145446497698381, 0.2596734740599809244, 0.3388177727155975427, 0.4102835628096075382, 0.5019338459622277870, 0.6260648387140310689, 0.7889788725463122709, 1.000000000000000000 ),
 ( 0.000000000000000000, 1.000000000000000000 ),
 .UNSPECIFIED. ) ;
#1890 = CARTESIAN_POINT ( 'NONE',  ( 1.694937146817277362, 2.999900000000000677, 0.6250693406234225646 ) ) ;
#1891 = VECTOR ( 'NONE', #3409, 1000.000000000000000 ) ;
#1892 = CARTESIAN_POINT ( 'NONE',  ( 0.7108521438061916609, 2.999900000000001121, -1.072691946298899079 ) ) ;
#1893 = EDGE_LOOP ( 'NONE', ( #1962, #3412, #154, #2589 ) ) ;
#1894 = DIRECTION ( 'NONE',  ( -0.000000000000000000, 1.000000000000000000, -0.000000000000000000 ) ) ;
#1895 = ORIENTED_EDGE ( 'NONE', *, *, #3270, .T. ) ;
#1896 = CARTESIAN_POINT ( 'NONE',  ( 1.687430029386158159, 2.999900000000001121, 1.176823246781788290 ) ) ;
#1897 = EDGE_CURVE ( 'NONE', #790, #983, #324, .T. ) ;
#1898 = EDGE_CURVE ( 'NONE', #1287, #2710, #439, .T. ) ;
#1899 = CARTESIAN_POINT ( 'NONE',  ( 1.668360285013242628, 2.999999999999999556, -0.2609009566301258576 ) ) ;
#1900 = DIRECTION ( 'NONE',  ( -0.000000000000000000, 1.000000000000000000, -0.000000000000000000 ) ) ;
#1901 = CARTESIAN_POINT ( 'NONE',  ( 1.694966950387240434, 2.999900000000000677, 0.6330404352562182257 ) ) ;
#1902 = CARTESIAN_POINT ( 'NONE',  ( 0.6950256249081662174, 2.999999999999999556, -0.9877423147426570571 ) ) ;
#1903 = VECTOR ( 'NONE', #960, 1000.000000000000000 ) ;
#1904 = CARTESIAN_POINT ( 'NONE',  ( -2.150000000000000355, 3.000000000000000000, -2.149999999999999023 ) ) ;
#1905 = CARTESIAN_POINT ( 'NONE',  ( 0.6958075284347930989, 3.000000000000000444, 0.3674439216072413195 ) ) ;
#1906 = CARTESIAN_POINT ( 'NONE',  ( 1.671299670975475493, 3.000000000000000444, 0.7136930087856298011 ) ) ;
#1907 = EDGE_LOOP ( 'NONE', ( #2096, #1872, #1754, #3519 ) ) ;
#1908 = EDGE_LOOP ( 'NONE', ( #2826, #23, #2602, #1203 ) ) ;
#1909 = CARTESIAN_POINT ( 'NONE',  ( 1.668360285013242628, 2.999999999999999556, -1.084430368394831756 ) ) ;
#1910 = CARTESIAN_POINT ( 'NONE',  ( 0.7025245258168983931, 2.999900000000000233, 1.159258259995249452 ) ) ;
#1911 = ORIENTED_EDGE ( 'NONE', *, *, #2556, .T. ) ;
#1912 = DIRECTION ( 'NONE',  ( 0.8644584418281030525, 0.000000000000000000, -0.5027042891722012241 ) ) ;
#1913 = EDGE_LOOP ( 'NONE', ( #3273, #3188, #164, #1253 ) ) ;
#1914 = EDGE_CURVE ( 'NONE', #1155, #1583, #2414, .T. ) ;
#1915 = CARTESIAN_POINT ( 'NONE',  ( 1.677359608188032869, 3.000000000000000000, -0.9364671748584989519 ) ) ;
#1916 = FILL_AREA_STYLE_COLOUR ( '', #2285 ) ;
#1917 = DIRECTION ( 'NONE',  ( 0.5027042891722015572, 0.000000000000000000, 0.8644584418281030525 ) ) ;
#1918 = PRESENTATION_STYLE_ASSIGNMENT (( #492 ) ) ;
#1919 = CARTESIAN_POINT ( 'NONE',  ( -0.5808220298035193796, 2.999900000000000233, -0.1914330708661398095 ) ) ;
#1920 = CARTESIAN_POINT ( 'NONE',  ( 1.694050612121599242, 2.999900000000000677, 0.3836955046114279844 ) ) ;
#1921 = CARTESIAN_POINT ( 'NONE',  ( 1.673407653665099692, 2.999900000000000233, 0.7126141835095910482 ) ) ;
#1922 = VERTEX_POINT ( 'NONE', #742 ) ;
#1923 = CARTESIAN_POINT ( 'NONE',  ( 1.642807023916652343, 2.999900000000000677, -0.2488529470967235091 ) ) ;
#1924 = ORIENTED_EDGE ( 'NONE', *, *, #90, .F. ) ;
#1925 = CARTESIAN_POINT ( 'NONE',  ( 1.671299670975475493, 2.999900000000000233, -0.9333658147437822183 ) ) ;
#1926 = CARTESIAN_POINT ( 'NONE',  ( 0.6982882561173680003, 2.999999999999999556, 1.282394302909318773 ) ) ;
#1927 = DIRECTION ( 'NONE',  ( -0.000000000000000000, 1.000000000000000000, -0.000000000000000000 ) ) ;
#1928 = ORIENTED_EDGE ( 'NONE', *, *, #232, .F. ) ;
#1929 = VECTOR ( 'NONE', #1245, 1000.000000000000000 ) ;
#1930 = CARTESIAN_POINT ( 'NONE',  ( 1.694966950387240212, 3.000000000000000000, -1.014018388273193905 ) ) ;
#1931 = AXIS2_PLACEMENT_3D ( 'NONE', #1613, #1917, #212 ) ;
#1932 =( NAMED_UNIT ( * ) PLANE_ANGLE_UNIT ( ) SI_UNIT ( $, .RADIAN. ) );
#1933 = CARTESIAN_POINT ( 'NONE',  ( 0.7211376614994803314, 2.999900000000001565, 1.295992180644156999 ) ) ;
#1934 = AXIS2_PLACEMENT_3D ( 'NONE', #1588, #2780, #2431 ) ;
#1935 = CARTESIAN_POINT ( 'NONE',  ( 0.7025245258168983931, 2.999999999999999556, -0.4878005635341626789 ) ) ;
#1936 = CARTESIAN_POINT ( 'NONE',  ( 0.4176771827949076199, 2.999900000000000233, -0.1964149606299218087 ) ) ;
#1937 = CARTESIAN_POINT ( 'NONE',  ( 0.7186342297990050421, 3.000000000000000444, 0.3219191117268060953 ) ) ;
#1938 = CARTESIAN_POINT ( 'NONE',  ( 1.682633936342075032, 3.000000000000001332, 0.7064663628706541187 ) ) ;
#1939 = CARTESIAN_POINT ( 'NONE',  ( -0.7849999999999994760, -0.1000000000000000056, -1.625000000000000000 ) ) ;
#1940 = CARTESIAN_POINT ( 'NONE',  ( -0.1860385652365862952, 2.999900000000000233, 0.5529874015748044158 ) ) ;
#1941 = ORIENTED_EDGE ( 'NONE', *, *, #3107, .T. ) ;
#1942 = CARTESIAN_POINT ( 'NONE',  ( 1.276998200387240434, 2.999900000000000233, -0.7100202265084879505 ) ) ;
#1943 = EDGE_CURVE ( 'NONE', #1151, #3339, #1570, .T. ) ;
#1944 = CARTESIAN_POINT ( 'NONE',  ( -1.347742502244459573, 3.000000000000000000, 0.1427929133858330257 ) ) ;
#1945 = CARTESIAN_POINT ( 'NONE',  ( 0.7471268768578285258, 2.999900000000000233, -1.061352947096723343 ) ) ;
#1946 = EDGE_LOOP ( 'NONE', ( #2149, #2636, #68, #639 ) ) ;
#1947 = CARTESIAN_POINT ( 'NONE',  ( -0.5404921085436723560, 2.999900000000000233, 0.6632763779527598436 ) ) ;
#1948 = CARTESIAN_POINT ( 'NONE',  ( 1.642807023916652120, 2.999900000000000233, 0.4724246264326883438 ) ) ;
#1949 = ADVANCED_FACE ( 'NONE', ( #3536 ), #725, .T. ) ;
#1950 = AXIS2_PLACEMENT_3D ( 'NONE', #1311, #1860, #1080 ) ;
#1951 = CARTESIAN_POINT ( 'NONE',  ( 0.6951264900699229976, 2.999999999999999556, 1.235743418430763407 ) ) ;
#1952 = CARTESIAN_POINT ( 'NONE',  ( 0.7167363701304686474, 2.999900000000000677, -0.5000562063428156678 ) ) ;
#1953 = AXIS2_PLACEMENT_3D ( 'NONE', #88, #2611, #3517 ) ;
#1954 = CARTESIAN_POINT ( 'NONE',  ( 0.6950230845708413874, 3.000000000000000444, 0.3844874530309878580 ) ) ;
#1955 = CARTESIAN_POINT ( 'NONE',  ( 0.6962516497033199858, 3.000000000000000444, -0.2207561994113515225 ) ) ;
#1956 = CARTESIAN_POINT ( 'NONE',  ( 0.1952023796453038751, 3.000000000000000000, 0.4281283464566952301 ) ) ;
#1957 = VECTOR ( 'NONE', #84, 1000.000000000000000 ) ;
#1958 = ORIENTED_EDGE ( 'NONE', *, *, #3706, .F. ) ;
#1959 = SURFACE_STYLE_USAGE ( .BOTH. , #1103 ) ;
#1960 = CARTESIAN_POINT ( 'NONE',  ( 0.6949669503872402121, 3.000000000000000000, 1.227709552903276879 ) ) ;
#1961 = PRESENTATION_STYLE_ASSIGNMENT (( #808 ) ) ;
#1962 = ORIENTED_EDGE ( 'NONE', *, *, #2668, .T. ) ;
#1963 = PRESENTATION_STYLE_ASSIGNMENT (( #1712 ) ) ;
#1964 = EDGE_CURVE ( 'NONE', #3245, #1490, #1465, .T. ) ;
#1965 = LINE ( 'NONE', #2605, #1756 ) ;
#1966 = ADVANCED_FACE ( 'NONE', ( #2699 ), #445, .F. ) ;
#1967 = CARTESIAN_POINT ( 'NONE',  ( 0.6949669503872402121, 3.000000000000000000, 1.227709552903276879 ) ) ;
#1968 = CARTESIAN_POINT ( 'NONE',  ( 0.6949669503872402121, 2.999900000000000233, -0.4193492706261351399 ) ) ;
#1969 = ORIENTED_EDGE ( 'NONE', *, *, #1914, .F. ) ;
#1970 = CARTESIAN_POINT ( 'NONE',  ( 1.671299670975475493, 3.000000000000000000, -0.4843768441555468818 ) ) ;
#1971 = CARTESIAN_POINT ( 'NONE',  ( 0.7210980718333990236, 3.000000000000000888, -0.2489689966988314074 ) ) ;
#1972 = CARTESIAN_POINT ( 'NONE',  ( 1.673407653665099692, 3.000000000000000000, 0.7126141835095910482 ) ) ;
#1973 = VECTOR ( 'NONE', #2838, 1000.000000000000114 ) ;
#1974 = VERTEX_POINT ( 'NONE', #134 ) ;
#1975 = CARTESIAN_POINT ( 'NONE',  ( 1.694955180068616896, 2.999899999999999789, -0.9937052121039300356 ) ) ;
#1976 = CARTESIAN_POINT ( 'NONE',  ( 0.6954092308500674502, 2.999999999999999112, 1.249981264267110648 ) ) ;
#1977 = CARTESIAN_POINT ( 'NONE',  ( 0.6954092308500675612, 3.000000000000000000, -0.3970775592623011496 ) ) ;
#1978 = B_SPLINE_CURVE_WITH_KNOTS ( 'NONE', 3,
 ( #507, #2230, #524, #2818, #3105, #1807, #2609, #44, #655, #2893, #341 ),
 .UNSPECIFIED., .F., .F.,
 ( 4, 1, 1, 1, 1, 1, 1, 1, 4 ),
 ( 0.000000000000000000, 0.2090174448045498401, 0.3701215845098707047, 0.4868884033316092097, 0.5748632755078615375, 0.6458207185090941715, 0.7281441267704349407, 0.8423061535616730433, 1.000000000000000000 ),
 .UNSPECIFIED. ) ;
#1979 = ORIENTED_EDGE ( 'NONE', *, *, #2637, .F. ) ;
#1980 = CARTESIAN_POINT ( 'NONE',  ( 1.184167318034299088, 3.000000000000000000, 0.8462757293738651931 ) ) ;
#1981 = EDGE_CURVE ( 'NONE', #2829, #2080, #1320, .T. ) ;
#1982 = CARTESIAN_POINT ( 'NONE',  ( 0.7332017872868343833, 2.999899999999999345, 1.290910366458015268 ) ) ;
#1983 = EDGE_CURVE ( 'NONE', #1339, #1128, #2453, .T. ) ;
#1984 = PRESENTATION_LAYER_ASSIGNMENT (  '', '', ( #837 ) ) ;
#1985 = CARTESIAN_POINT ( 'NONE',  ( 0.7025245258168983931, 2.999899999999999789, -0.4878005635341626789 ) ) ;
#1986 = AXIS2_PLACEMENT_3D ( 'NONE', #2557, #2270, #1420 ) ;
#1987 = ORIENTED_EDGE ( 'NONE', *, *, #3006, .T. ) ;
#1988 = CARTESIAN_POINT ( 'NONE',  ( 1.673484815580986496, 3.000000000000000444, -0.4830576299426507236 ) ) ;
#1989 =( GEOMETRIC_REPRESENTATION_CONTEXT ( 3 ) GLOBAL_UNCERTAINTY_ASSIGNED_CONTEXT ( ( #2047 ) ) GLOBAL_UNIT_ASSIGNED_CONTEXT ( ( #2946, #674, #3039 ) ) REPRESENTATION_CONTEXT ( 'NONE', 'WORKASPACE' ) );
#1990 = CARTESIAN_POINT ( 'NONE',  ( -1.065196832953125838, 2.999900000000000233, -0.5028637795275556766 ) ) ;
#1991 = CARTESIAN_POINT ( 'NONE',  ( 1.678431273444241256, 3.000000000000000000, 0.4855507016055799485 ) ) ;
#1992 = CARTESIAN_POINT ( 'NONE',  ( 0.7108521438061915498, 2.999999999999999556, 0.5743668772305134951 ) ) ;
#1993 = ORIENTED_EDGE ( 'NONE', *, *, #3508, .F. ) ;
#1994 = DIRECTION ( 'NONE',  ( 0.8589240550050705192, 0.000000000000000000, 0.5121029854762092492 ) ) ;
#1995 = ORIENTED_EDGE ( 'NONE', *, *, #2253, .T. ) ;
#1996 = CARTESIAN_POINT ( 'NONE',  ( 0.7471268768578285258, 3.000000000000000000, 0.5857058764326887879 ) ) ;
#1997 = DIRECTION ( 'NONE',  ( -0.000000000000000000, 1.000000000000000000, -0.000000000000000000 ) ) ;
#1998 = CARTESIAN_POINT ( 'NONE',  ( 0.6951264900699232197, 2.999900000000001121, -0.4113154050986483345 ) ) ;
#1999 =( GEOMETRIC_REPRESENTATION_CONTEXT ( 3 ) GLOBAL_UNCERTAINTY_ASSIGNED_CONTEXT ( ( #2363 ) ) GLOBAL_UNIT_ASSIGNED_CONTEXT ( ( #636, #618, #2913 ) ) REPRESENTATION_CONTEXT ( 'NONE', 'WORKASPACE' ) );
#2000 = CARTESIAN_POINT ( 'NONE',  ( 0.7471268768578285258, 2.999900000000000233, -1.061352947096723343 ) ) ;
#2001 = VECTOR ( 'NONE', #3410, 1000.000000000000114 ) ;
#2002 = CARTESIAN_POINT ( 'NONE',  ( 1.689871298297997981, 3.000000000000000888, -0.1302351063733241665 ) ) ;
#2003 = ADVANCED_FACE ( 'NONE', ( #3596 ), #3330, .T. ) ;
#2004 = EDGE_CURVE ( 'NONE', #465, #1922, #2432, .T. ) ;
#2005 = ORIENTED_EDGE ( 'NONE', *, *, #1073, .T. ) ;
#2006 = CARTESIAN_POINT ( 'NONE',  ( 1.692619765420955158, 2.999900000000000677, -0.4526331556222130681 ) ) ;
#2007 = FACE_OUTER_BOUND ( 'NONE', #3372, .T. ) ;
#2008 = CARTESIAN_POINT ( 'NONE',  ( 0.7031561179726392163, 3.000000000000000444, 0.5798625471875679116 ) ) ;
#2009 = ORIENTED_EDGE ( 'NONE', *, *, #871, .F. ) ;
#2010 = COLOUR_RGB ( '',0.8274509803921568096, 0.8392156862745098200, 0.8274509803921568096 ) ;
#2011 = CARTESIAN_POINT ( 'NONE',  ( 1.694866229732195695, 2.999900000000000233, -0.3827039477418532343 ) ) ;
#2012 = ORIENTED_EDGE ( 'NONE', *, *, #598, .T. ) ;
#2013 = CARTESIAN_POINT ( 'NONE',  ( 1.276998200387240434, 2.999900000000000233, -0.7100202265084879505 ) ) ;
#2014 = FILL_AREA_STYLE_COLOUR ( '', #86 ) ;
#2015 = CARTESIAN_POINT ( 'NONE',  ( 1.276998200387240434, 2.999900000000000233, 0.9370385970209240689 ) ) ;
#2016 = EDGE_CURVE ( 'NONE', #1533, #1332, #1300, .T. ) ;
#2017 = CARTESIAN_POINT ( 'NONE',  ( 1.656409784731315504, 2.999900000000001565, -0.2563166954728895996 ) ) ;
#2018 = FACE_OUTER_BOUND ( 'NONE', #203, .T. ) ;
#2019 = EDGE_CURVE ( 'NONE', #121, #1128, #2889, .T. ) ;
#2020 = ORIENTED_EDGE ( 'NONE', *, *, #262, .T. ) ;
#2021 = CARTESIAN_POINT ( 'NONE',  ( 1.694961377924933066, 3.000000000000000000, -0.4107730526502146873 ) ) ;
#2022 = CARTESIAN_POINT ( 'NONE',  ( 1.694966950387240212, 3.000000000000000000, -0.4037242706261350844 ) ) ;
#2023 = VERTEX_POINT ( 'NONE', #1466 ) ;
#2024 = CARTESIAN_POINT ( 'NONE',  ( 0.6962516497033197638, 2.999899999999999345, -1.044285611176056783 ) ) ;
#2025 = ORIENTED_EDGE ( 'NONE', *, *, #1142, .F. ) ;
#2026 = CARTESIAN_POINT ( 'NONE',  ( 1.691020684309345601, 2.999900000000001121, 0.4715395253194210046 ) ) ;
#2027 = CARTESIAN_POINT ( 'NONE',  ( 1.690244320670791556, 2.999899999999999789, 1.184580050925558625 ) ) ;
#2028 = ORIENTED_EDGE ( 'NONE', *, *, #1775, .T. ) ;
#2029 = EDGE_CURVE ( 'NONE', #2741, #2968, #2785, .T. ) ;
#2030 = DIRECTION ( 'NONE',  ( -0.000000000000000000, 1.000000000000000000, -0.000000000000000000 ) ) ;
#2031 = CARTESIAN_POINT ( 'NONE',  ( 1.668360285013242628, 2.999999999999999556, -1.084430368394831756 ) ) ;
#2032 = CARTESIAN_POINT ( 'NONE',  ( 1.089268420975475493, 3.000000000000000000, 0.1063860234915118830 ) ) ;
#2033 = CARTESIAN_POINT ( 'NONE',  ( 1.686390847390480285, 3.000000000000000444, 1.304332129422046904 ) ) ;
#2034 = CARTESIAN_POINT ( 'NONE',  ( -0.5404921085436723560, 2.999900000000000233, 0.6632763779527598436 ) ) ;
#2035 = PLANE ( 'NONE',  #387 ) ;
#2036 = DIRECTION ( 'NONE',  ( -0.8599778663242775290, 0.000000000000000000, 0.5103313329909726637 ) ) ;
#2037 = VERTEX_POINT ( 'NONE', #1072 ) ;
#2038 = VECTOR ( 'NONE', #3311, 1000.000000000000000 ) ;
#2039 = CARTESIAN_POINT ( 'NONE',  ( -0.1632645494885593962, 3.000000000000000000, -0.6440314960629905938 ) ) ;
#2040 = CARTESIAN_POINT ( 'NONE',  ( 0.7471268768578285258, 3.000000000000000000, 0.5857058764326887879 ) ) ;
#2041 = ORIENTED_EDGE ( 'NONE', *, *, #323, .F. ) ;
#2042 = CARTESIAN_POINT ( 'NONE',  ( 0.7186342297990049310, 3.000000000000000000, -0.1075386088614292829 ) ) ;
#2043 = COLOUR_RGB ( '',0.8274509803921568096, 0.8392156862745098200, 0.8274509803921568096 ) ;
#2044 = ORIENTED_EDGE ( 'NONE', *, *, #613, .T. ) ;
#2045 = CARTESIAN_POINT ( 'NONE',  ( 0.6949669503872402121, 3.000000000000000444, -0.1829062559202528082 ) ) ;
#2046 = CARTESIAN_POINT ( 'NONE',  ( 1.694050612121599020, 2.999900000000000677, 1.207224916376134383 ) ) ;
#2047 = UNCERTAINTY_MEASURE_WITH_UNIT (LENGTH_MEASURE( 1.000000000000000082E-05 ), #2946, 'distance_accuracy_value', 'NONE');
#2048 = AXIS2_PLACEMENT_3D ( 'NONE', #1904, #1040, #1338 ) ;
#2049 = ORIENTED_EDGE ( 'NONE', *, *, #734, .F. ) ;
#2050 = EDGE_CURVE ( 'NONE', #3501, #59, #40, .T. ) ;
#2051 = B_SPLINE_CURVE_WITH_KNOTS ( 'NONE', 3,
 ( #3572, #2495, #2994, #171, #2451, #1569, #3594, #1008, #3302, #685, #1029 ),
 .UNSPECIFIED., .F., .F.,
 ( 4, 1, 1, 1, 1, 1, 1, 1, 4 ),
 ( 0.000000000000000000, 0.2090174448045498401, 0.3701215845098707047, 0.4868884033316092097, 0.5748632755078615375, 0.6458207185090941715, 0.7281441267704349407, 0.8423061535616730433, 1.000000000000000000 ),
 .UNSPECIFIED. ) ;
#2052 = EDGE_CURVE ( 'NONE', #3134, #2950, #2261, .T. ) ;
#2053 = CARTESIAN_POINT ( 'NONE',  ( 1.678652372839754436, 2.999999999999999556, -1.084927767803316012 ) ) ;
#2054 = CARTESIAN_POINT ( 'NONE',  ( 1.678431273444241922, 2.999900000000000677, 1.309080113370286513 ) ) ;
#2055 = CARTESIAN_POINT ( 'NONE',  ( 0.6957018612905488952, 3.000000000000000000, -0.3782795893987368485 ) ) ;
#2056 = ORIENTED_EDGE ( 'NONE', *, *, #622, .T. ) ;
#2057 = EDGE_CURVE ( 'NONE', #593, #3245, #1684, .T. ) ;
#2058 = CARTESIAN_POINT ( 'NONE',  ( 0.7211376614994798873, 2.999900000000000677, -0.3510666428852558529 ) ) ;
#2059 = CARTESIAN_POINT ( 'NONE',  ( 1.671299670975475493, 3.000000000000000000, 0.7136930087856298011 ) ) ;
#2060 = ORIENTED_EDGE ( 'NONE', *, *, #2622, .T. ) ;
#2061 = CARTESIAN_POINT ( 'NONE',  ( -1.008836990433439107, 3.000000000000000000, -0.2119086614173194272 ) ) ;
#2062 = DIRECTION ( 'NONE',  ( 0.8644584418281031635, 0.000000000000000000, -0.5027042891722012241 ) ) ;
#2063 = ORIENTED_EDGE ( 'NONE', *, *, #946, .F. ) ;
#2064 = FILL_AREA_STYLE ('',( #2302 ) ) ;
#2065 = EDGE_LOOP ( 'NONE', ( #1371, #2992, #221, #1610 ) ) ;
#2066 = CARTESIAN_POINT ( 'NONE',  ( 1.642807023916652343, 3.000000000000000444, 0.5746764646679829447 ) ) ;
#2067 = EDGE_CURVE ( 'NONE', #794, #2968, #2508, .T. ) ;
#2068 = CARTESIAN_POINT ( 'NONE',  ( 1.089268420975475493, 2.999900000000000233, 0.9299154352562181147 ) ) ;
#2069 = CARTESIAN_POINT ( 'NONE',  ( 1.647800524902918395, 3.000000000000000444, 0.5719365624242082058 ) ) ;
#2070 = UNCERTAINTY_MEASURE_WITH_UNIT (LENGTH_MEASURE( 1.000000000000000082E-05 ), #2467, 'distance_accuracy_value', 'NONE');
#2071 = B_SPLINE_CURVE_WITH_KNOTS ( 'NONE', 3,
 ( #118, #2394, #1261, #408, #3241, #3540, #2900, #3283, #73, #350, #2354 ),
 .UNSPECIFIED., .F., .F.,
 ( 4, 1, 1, 1, 1, 1, 1, 1, 4 ),
 ( 0.000000000000000000, 0.08269940838263031835, 0.1609352856402979093, 0.2384022412677354041, 0.3252932597831261208, 0.4321161260274616334, 0.5729322032451379387, 0.7592645677637452906, 1.000000000000000000 ),
 .UNSPECIFIED. ) ;
#2072 = ORIENTED_EDGE ( 'NONE', *, *, #2578, .T. ) ;
#2073 = CARTESIAN_POINT ( 'NONE',  ( 0.6990214886042269704, 2.999900000000000233, -0.2338944340513482156 ) ) ;
#2074 = CARTESIAN_POINT ( 'NONE',  ( 0.6957018612905488952, 3.000000000000000000, 0.4452498223659689947 ) ) ;
#2075 = VECTOR ( 'NONE', #692, 1000.000000000000000 ) ;
#2076 = DIRECTION ( 'NONE',  ( -1.000000000000000000, -0.000000000000000000, 3.597633758841863208E-15 ) ) ;
#2077 = ORIENTED_EDGE ( 'NONE', *, *, #1671, .F. ) ;
#2078 = CARTESIAN_POINT ( 'NONE',  ( 0.7420627163094615231, 2.999899999999999789, 0.5830955285286918421 ) ) ;
#2079 = CARTESIAN_POINT ( 'NONE',  ( 1.686483065428980188, 3.000000000000000000, -0.2556229619140527598 ) ) ;
#2080 = VERTEX_POINT ( 'NONE', #3361 ) ;
#2081 = CARTESIAN_POINT ( 'NONE',  ( 1.694966950387240212, 2.999900000000000233, -1.014018388273193905 ) ) ;
#2082 = CARTESIAN_POINT ( 'NONE',  ( 1.647798083292064453, 2.999900000000000233, 1.298759556474378796 ) ) ;
#2083 = DIRECTION ( 'NONE',  ( 1.000000000000000000, 0.000000000000000000, 0.000000000000000000 ) ) ;
#2084 = CARTESIAN_POINT ( 'NONE',  ( 0.6949669503872402121, 2.999900000000000233, 0.4041801411385707032 ) ) ;
#2085 = LINE ( 'NONE', #694, #2782 ) ;
#2086 = CARTESIAN_POINT ( 'NONE',  ( 0.7028656193565711030, 2.999900000000000677, -0.1202307340739319219 ) ) ;
#2087 = FACE_OUTER_BOUND ( 'NONE', #224, .T. ) ;
#2088 = ORIENTED_EDGE ( 'NONE', *, *, #690, .T. ) ;
#2089 = LINE ( 'NONE', #3496, #2434 ) ;
#2090 = ORIENTED_EDGE ( 'NONE', *, *, #250, .F. ) ;
#2091 = CARTESIAN_POINT ( 'NONE',  ( -1.008836990433439107, 3.000000000000000000, -0.2119086614173194272 ) ) ;
#2092 = LINE ( 'NONE', #656, #663 ) ;
#2093 = ADVANCED_BREP_SHAPE_REPRESENTATION ( 'XGL4030', ( #2408, #3693 ), #627 ) ;
#2094 = CARTESIAN_POINT ( 'NONE',  ( 1.682633936342075032, 2.999900000000001121, -0.9405924606587581227 ) ) ;
#2095 = DIRECTION ( 'NONE',  ( 0.7901669519244098883, 0.000000000000000000, 0.6128916609699363027 ) ) ;
#2096 = ORIENTED_EDGE ( 'NONE', *, *, #457, .F. ) ;
#2097 = EDGE_CURVE ( 'NONE', #2963, #574, #2517, .T. ) ;
#2098 = CARTESIAN_POINT ( 'NONE',  ( 1.694966950387240212, 2.999900000000000233, -1.014018388273193905 ) ) ;
#2099 = CARTESIAN_POINT ( 'NONE',  ( 0.7186342297990050421, 3.000000000000000444, -0.5016103000378998589 ) ) ;
#2100 = ORIENTED_EDGE ( 'NONE', *, *, #2016, .T. ) ;
#2101 = EDGE_CURVE ( 'NONE', #1849, #3674, #1965, .T. ) ;
#2102 = LINE ( 'NONE', #55, #3703 ) ;
#2103 = LINE ( 'NONE', #3244, #425 ) ;
#2104 = ORIENTED_EDGE ( 'NONE', *, *, #250, .T. ) ;
#2105 = CARTESIAN_POINT ( 'NONE',  ( 0.7129990501655021351, 2.999899999999999789, -0.9349027530988278656 ) ) ;
#2106 = FILL_AREA_STYLE ('',( #1882 ) ) ;
#2107 = CARTESIAN_POINT ( 'NONE',  ( 0.7129990501655021351, 2.999899999999999789, -0.1113733413341223555 ) ) ;
#2108 = ADVANCED_FACE ( 'NONE', ( #3074 ), #2157, .T. ) ;
#2109 =( GEOMETRIC_REPRESENTATION_CONTEXT ( 3 ) GLOBAL_UNCERTAINTY_ASSIGNED_CONTEXT ( ( #894 ) ) GLOBAL_UNIT_ASSIGNED_CONTEXT ( ( #1437, #2212, #3379 ) ) REPRESENTATION_CONTEXT ( 'NONE', 'WORKASPACE' ) );
#2110 = ORIENTED_EDGE ( 'NONE', *, *, #1206, .F. ) ;
#2111 = CARTESIAN_POINT ( 'NONE',  ( 0.7186342297990049310, 2.999900000000000233, 1.145448523491512161 ) ) ;
#2112 = EDGE_LOOP ( 'NONE', ( #809, #579, #2028, #415 ) ) ;
#2113 = VECTOR ( 'NONE', #2744, 1000.000000000000000 ) ;
#2114 = PRESENTATION_STYLE_ASSIGNMENT (( #1888 ) ) ;
#2115 = CARTESIAN_POINT ( 'NONE',  ( -1.604999999999999538, -0.1000000000000000056, 1.625000000000000000 ) ) ;
#2116 = LINE ( 'NONE', #2327, #2903 ) ;
#2117 = COLOUR_RGB ( '',0.8274509803921568096, 0.8392156862745098200, 0.8274509803921568096 ) ;
#2118 = FACE_OUTER_BOUND ( 'NONE', #815, .T. ) ;
#2119 = ORIENTED_EDGE ( 'NONE', *, *, #1864, .T. ) ;
#2120 = CARTESIAN_POINT ( 'NONE',  ( -0.5432747857090265420, 3.000000000000000000, 0.4078110236220509610 ) ) ;
#2121 = CARTESIAN_POINT ( 'NONE',  ( 1.690073583634706056, 2.999900000000000233, 0.5767645255585018838 ) ) ;
#2122 = EDGE_CURVE ( 'NONE', #2023, #1642, #2819, .T. ) ;
#2123 = CARTESIAN_POINT ( 'NONE',  ( -0.5404921085436723560, 3.000000000000000000, 0.6632763779527598436 ) ) ;
#2124 = DIRECTION ( 'NONE',  ( -0.000000000000000000, 1.000000000000000000, -0.000000000000000000 ) ) ;
#2125 = CARTESIAN_POINT ( 'NONE',  ( 0.7471268768578285258, 2.999900000000000233, 0.4600165381973942424 ) ) ;
#2126 = CARTESIAN_POINT ( 'NONE',  ( 0.6991903068836543556, 2.999900000000000677, -0.9505266915923248350 ) ) ;
#2127 = B_SPLINE_SURFACE_WITH_KNOTS ( 'NONE', 3, 1, ( 
 ( #2283, #1970 ),
 ( #2300, #1988 ),
 ( #1401, #249 ),
 ( #3432, #2538 ),
 ( #3129, #3114 ),
 ( #3400, #3452 ),
 ( #2006, #543 ),
 ( #3148, #2565 ),
 ( #589, #3681 ),
 ( #869, #2021 ),
 ( #3164, #280 ) ),
 .UNSPECIFIED., .F., .F., .F.,
 ( 4, 1, 1, 1, 1, 1, 1, 1, 4 ),
 ( 2, 2 ),
 ( 0.000000000000000000, 0.08608748684242820137, 0.1612668260071344339, 0.2388542627190383960, 0.3281828305663093137, 0.4373273942705394046, 0.5807184561777913867, 0.7620511388035708933, 1.000000000000000000 ),
 ( 0.000000000000000000, 1.000000000000000000 ),
 .UNSPECIFIED. ) ;
#2128 = CARTESIAN_POINT ( 'NONE',  ( 1.089268420975475493, 2.999900000000000233, 0.1063860234915118830 ) ) ;
#2129 = CARTESIAN_POINT ( 'NONE',  ( 0.7167363701304686474, 3.000000000000000444, -0.5000562063428156678 ) ) ;
#2130 = ORIENTED_EDGE ( 'NONE', *, *, #1571, .F. ) ;
#2131 = VECTOR ( 'NONE', #3053, 1000.000000000000000 ) ;
#2132 = ORIENTED_EDGE ( 'NONE', *, *, #2996, .T. ) ;
#2133 = CARTESIAN_POINT ( 'NONE',  ( 1.677578225062696049, 2.999900000000000677, -0.4805863591837926663 ) ) ;
#2134 = CARTESIAN_POINT ( 'NONE',  ( 0.6975049517387400533, 3.000000000000000888, 0.6872376309895250612 ) ) ;
#2135 = CARTESIAN_POINT ( 'NONE',  ( 0.6962516497033197638, 2.999899999999999345, -1.044285611176056783 ) ) ;
#2136 = CARTESIAN_POINT ( 'NONE',  ( -1.228496045551548566, 3.000000000000000000, -0.2716748031496010740 ) ) ;
#2137 = ORIENTED_EDGE ( 'NONE', *, *, #1620, .F. ) ;
#2138 = PRESENTATION_STYLE_ASSIGNMENT (( #3051 ) ) ;
#2139 = CARTESIAN_POINT ( 'NONE',  ( 1.694966950387240212, 2.999899999999999789, 1.243334552903277102 ) ) ;
#2140 = EDGE_LOOP ( 'NONE', ( #2670, #591, #1621, #1602 ) ) ;
#2141 = CARTESIAN_POINT ( 'NONE',  ( 1.276998200387240434, 3.000000000000000000, 0.9370385970209240689 ) ) ;
#2142 = CARTESIAN_POINT ( 'NONE',  ( -1.228496045551548566, 3.000000000000000000, -0.2716748031496010740 ) ) ;
#2143 = ADVANCED_FACE ( 'NONE', ( #3677 ), #1108, .T. ) ;
#2144 = CARTESIAN_POINT ( 'NONE',  ( 0.6949870368931667652, 2.999899999999999789, 0.3971335026910637889 ) ) ;
#2145 = CARTESIAN_POINT ( 'NONE',  ( 0.7108649602054266659, 2.999999999999999556, 0.4734017659004148282 ) ) ;
#2146 = CARTESIAN_POINT ( 'NONE',  ( 0.7186342297990049310, 2.999900000000000233, -0.9310680206261351399 ) ) ;
#2147 = LINE ( 'NONE', #178, #2284 ) ;
#2148 = CARTESIAN_POINT ( 'NONE',  ( 1.673407653665099692, 3.000000000000000444, 0.7126141835095910482 ) ) ;
#2149 = ORIENTED_EDGE ( 'NONE', *, *, #687, .T. ) ;
#2150 = ORIENTED_EDGE ( 'NONE', *, *, #2050, .F. ) ;
#2151 = LINE ( 'NONE', #3293, #3376 ) ;
#2152 = DIRECTION ( 'NONE',  ( -1.000000000000000000, -0.000000000000000000, -0.000000000000000000 ) ) ;
#2153 = CARTESIAN_POINT ( 'NONE',  ( 1.677359608188032869, 2.999900000000000233, -0.9364671748584989519 ) ) ;
#2154 = CARTESIAN_POINT ( 'NONE',  ( -0.9126810849216281385, 2.999900000000000233, -0.5326559055118056385 ) ) ;
#2155 = VERTEX_POINT ( 'NONE', #414 ) ;
#2156 = CARTESIAN_POINT ( 'NONE',  ( 1.694966950387240434, 2.999900000000000677, -0.1904889765084882003 ) ) ;
#2157 = B_SPLINE_SURFACE_WITH_KNOTS ( 'NONE', 3, 1, ( 
 ( #260, #1410 ),
 ( #876, #2248 ),
 ( #1395, #3658 ),
 ( #487, #1089 ),
 ( #2026, #1629 ),
 ( #3169, #594 ),
 ( #2547, #3690 ),
 ( #3396, #314 ),
 ( #210, #2232 ),
 ( #525, #3380 ),
 ( #1948, #1666 ) ),
 .UNSPECIFIED., .F., .F., .F.,
 ( 4, 1, 1, 1, 1, 1, 1, 1, 4 ),
 ( 2, 2 ),
 ( 0.000000000000000000, 0.2090174448045498401, 0.3701215845098707047, 0.4868884033316092097, 0.5748632755078615375, 0.6458207185090941715, 0.7281441267704349407, 0.8423061535616730433, 1.000000000000000000 ),
 ( 0.000000000000000000, 1.000000000000000000 ),
 .UNSPECIFIED. ) ;
#2158 = EDGE_LOOP ( 'NONE', ( #678, #677, #1779, #1066 ) ) ;
#2159 = B_SPLINE_SURFACE_WITH_KNOTS ( 'NONE', 3, 1, ( 
 ( #632, #614 ),
 ( #1207, #1759 ),
 ( #2011, #338 ),
 ( #1782, #2341 ),
 ( #3271, #1022 ),
 ( #1559, #1000 ),
 ( #3290, #1861 ),
 ( #3022, #2731 ),
 ( #2443, #3585 ),
 ( #2751, #2381 ),
 ( #1330, #3607 ) ),
 .UNSPECIFIED., .F., .F., .F.,
 ( 4, 1, 1, 1, 1, 1, 1, 1, 4 ),
 ( 2, 2 ),
 ( 0.000000000000000000, 0.2090174448045498401, 0.3701215845098707047, 0.4868884033316092097, 0.5748632755078615375, 0.6458207185090941715, 0.7281441267704349407, 0.8423061535616730433, 1.000000000000000000 ),
 ( 0.000000000000000000, 1.000000000000000000 ),
 .UNSPECIFIED. ) ;
#2160 = VECTOR ( 'NONE', #1184, 1000.000000000000114 ) ;
#2161 =( LENGTH_UNIT ( ) NAMED_UNIT ( * ) SI_UNIT ( .MILLI., .METRE. ) );
#2162 = SURFACE_STYLE_FILL_AREA ( #3348 ) ;
#2163 = DIRECTION ( 'NONE',  ( -4.034240641806528883E-16, -0.000000000000000000, -1.000000000000000000 ) ) ;
#2164 = ORIENTED_EDGE ( 'NONE', *, *, #1012, .F. ) ;
#2165 = CARTESIAN_POINT ( 'NONE',  ( 1.276998200387240434, 2.999900000000000233, 0.1135091852562177817 ) ) ;
#2166 = DIRECTION ( 'NONE',  ( -0.000000000000000000, 1.000000000000000000, -0.000000000000000000 ) ) ;
#2167 = CARTESIAN_POINT ( 'NONE',  ( 1.687430029386157271, 2.999900000000000677, 0.3532938350170816144 ) ) ;
#2168 = CARTESIAN_POINT ( 'NONE',  ( 0.7420388912173697671, 2.999900000000000677, 0.4627073679540392726 ) ) ;
#2169 = ORIENTED_EDGE ( 'NONE', *, *, #1494, .T. ) ;
#2170 = ORIENTED_EDGE ( 'NONE', *, *, #3684, .F. ) ;
#2171 = CARTESIAN_POINT ( 'NONE',  ( 0.7333073083514421997, 2.999899999999999789, 0.5785825079414548266 ) ) ;
#2172 = CARTESIAN_POINT ( 'NONE',  ( 1.642807023916652343, 2.999900000000000677, -0.2488529470967235091 ) ) ;
#2173 = CARTESIAN_POINT ( 'NONE',  ( 0.6990214886042268594, 2.999999999999999556, -1.057423845816054087 ) ) ;
#2174 = ADVANCED_FACE ( 'NONE', ( #3548 ), #3491, .T. ) ;
#2175 = ORIENTED_EDGE ( 'NONE', *, *, #2052, .F. ) ;
#2176 = EDGE_CURVE ( 'NONE', #349, #1484, #2948, .T. ) ;
#2177 = VERTEX_POINT ( 'NONE', #2907 ) ;
#2178 = AXIS2_PLACEMENT_3D ( 'NONE', #2240, #3385, #2837 ) ;
#2179 = DIRECTION ( 'NONE',  ( 4.752144688529600240E-16, 0.000000000000000000, -1.000000000000000000 ) ) ;
#2180 = EDGE_CURVE ( 'NONE', #1717, #479, #3269, .T. ) ;
#2181 = SURFACE_STYLE_USAGE ( .BOTH. , #1034 ) ;
#2182 = CARTESIAN_POINT ( 'NONE',  ( 0.7471268768578285258, 3.000000000000000000, -1.061352947096723343 ) ) ;
#2183 = CARTESIAN_POINT ( 'NONE',  ( 1.671299670975475493, 2.999900000000000233, 0.7136930087856298011 ) ) ;
#2184 = CARTESIAN_POINT ( 'NONE',  ( 1.694966950387240434, 2.999900000000000677, -0.1904889765084882003 ) ) ;
#2185 = CARTESIAN_POINT ( 'NONE',  ( 1.694951558879835396, 3.000000000000000888, -0.4231934701897740458 ) ) ;
#2186 = CARTESIAN_POINT ( 'NONE',  ( 0.6949669503872402121, 2.999900000000000233, 0.4041801411385707032 ) ) ;
#2187 = VECTOR ( 'NONE', #441, 1000.000000000000000 ) ;
#2188 = EDGE_LOOP ( 'NONE', ( #2640, #1291, #1875, #2088 ) ) ;
#2189 = EDGE_CURVE ( 'NONE', #1484, #3535, #717, .T. ) ;
#2190 = VERTEX_POINT ( 'NONE', #2926 ) ;
#2191 = B_SPLINE_SURFACE_WITH_KNOTS ( 'NONE', 3, 1, ( 
 ( #940, #2091 ),
 ( #1728, #1272 ),
 ( #2987, #461 ),
 ( #1845, #679 ) ),
 .UNSPECIFIED., .F., .F., .F.,
 ( 4, 4 ),
 ( 2, 2 ),
 ( 0.5454545454545455252, 0.6363636363636364646 ),
 ( 0.000000000000000000, 1.000000000000000000 ),
 .UNSPECIFIED. ) ;
#2192 = CARTESIAN_POINT ( 'NONE',  ( 0.7075269973100259957, 2.999900000000000233, 1.153964237438881435 ) ) ;
#2193 = ORIENTED_EDGE ( 'NONE', *, *, #3465, .F. ) ;
#2194 = FILL_AREA_STYLE_COLOUR ( '', #369 ) ;
#2195 = CARTESIAN_POINT ( 'NONE',  ( 1.694961377924933066, 3.000000000000000444, 1.236285770879197665 ) ) ;
#2196 = FACE_BOUND ( 'NONE', #1463, .T. ) ;
#2197 = SURFACE_SIDE_STYLE ('',( #1633 ) ) ;
#2198 = VECTOR ( 'NONE', #1354, 1000.000000000000000 ) ;
#2199 = CARTESIAN_POINT ( 'NONE',  ( 1.694884334082952693, 2.999899999999999789, 0.6109443447374329761 ) ) ;
#2200 = ADVANCED_FACE ( 'NONE', ( #2360 ), #482, .T. ) ;
#2201 = CARTESIAN_POINT ( 'NONE',  ( 0.4176771827949076199, 3.000000000000000000, -0.1964149606299218087 ) ) ;
#2202 = AXIS2_PLACEMENT_3D ( 'NONE', #1752, #3464, #2036 ) ;
#2203 = DIRECTION ( 'NONE',  ( 0.5095424031107078644, 0.000000000000000000, 0.8604455470465083300 ) ) ;
#2204 = CARTESIAN_POINT ( 'NONE',  ( 1.692703783910344928, 3.000000000000000000, 0.6835362378045384268 ) ) ;
#2205 = ORIENTED_EDGE ( 'NONE', *, *, #2361, .T. ) ;
#2206 = CARTESIAN_POINT ( 'NONE',  ( 1.691020684309345601, 2.999900000000001121, 0.4715395253194210046 ) ) ;
#2207 = VERTEX_POINT ( 'NONE', #1268 ) ;
#2208 = LINE ( 'NONE', #2543, #1568 ) ;
#2209 = CARTESIAN_POINT ( 'NONE',  ( -0.8834133683861913333, 2.999900000000000233, 0.5696811023622099235 ) ) ;
#2210 =( NAMED_UNIT ( * ) SI_UNIT ( $, .STERADIAN. ) SOLID_ANGLE_UNIT ( ) );
#2211 = EDGE_LOOP ( 'NONE', ( #3303, #3471, #2005, #721 ) ) ;
#2212 =( NAMED_UNIT ( * ) PLANE_ANGLE_UNIT ( ) SI_UNIT ( $, .RADIAN. ) );
#2213 = ORIENTED_EDGE ( 'NONE', *, *, #598, .F. ) ;
#2214 = DIRECTION ( 'NONE',  ( -0.000000000000000000, 1.000000000000000000, -0.000000000000000000 ) ) ;
#2215 = CARTESIAN_POINT ( 'NONE',  ( 0.7186342297990050421, 3.000000000000000444, 0.3219191117268060953 ) ) ;
#2216 = DIRECTION ( 'NONE',  ( 0.8589240550050705192, 0.000000000000000000, 0.5121029854762093603 ) ) ;
#2217 = CARTESIAN_POINT ( 'NONE',  ( 0.6949669503872402121, 3.000000000000000000, -0.4193492706261351399 ) ) ;
#2218 = DIRECTION ( 'NONE',  ( 0.8644584418281030525, 0.000000000000000000, -0.5027042891722014462 ) ) ;
#2219 = ADVANCED_FACE ( 'NONE', ( #1800 ), #3191, .F. ) ;
#2220 = CARTESIAN_POINT ( 'NONE',  ( -1.008836990433439107, 3.000000000000000000, -0.2119086614173194272 ) ) ;
#2221 = CARTESIAN_POINT ( 'NONE',  ( 1.694955180068616674, 2.999999999999999556, 0.6533536114254819838 ) ) ;
#2222 = CARTESIAN_POINT ( 'NONE',  ( 0.7028656193565711030, 2.999900000000000677, -0.1202307340739319219 ) ) ;
#2223 = LINE ( 'NONE', #252, #711 ) ;
#2224 = EDGE_LOOP ( 'NONE', ( #3695, #1993, #2858, #1189 ) ) ;
#2225 = CARTESIAN_POINT ( 'NONE',  ( 0.7028656193565711030, 3.000000000000000444, 0.7032986776907742543 ) ) ;
#2226 = ADVANCED_FACE ( 'NONE', ( #234 ), #3626, .T. ) ;
#2227 = CARTESIAN_POINT ( 'NONE',  ( 0.6958075284347928768, 2.999899999999999789, 1.190973333371947218 ) ) ;
#2228 = LINE ( 'NONE', #2843, #3147 ) ;
#2229 = ORIENTED_EDGE ( 'NONE', *, *, #399, .F. ) ;
#2230 = CARTESIAN_POINT ( 'NONE',  ( 1.694930599229935053, 2.999900000000000677, -0.3961378121837809130 ) ) ;
#2231 = VECTOR ( 'NONE', #1638, 1000.000000000000000 ) ;
#2232 = CARTESIAN_POINT ( 'NONE',  ( 1.656402406387030402, 3.000000000000001332, 0.4800667102338018188 ) ) ;
#2233 = STYLED_ITEM ( 'NONE', ( #1645 ), #2686 ) ;
#2234 = CARTESIAN_POINT ( 'NONE',  ( 0.7108649602054266659, 2.999900000000000233, 1.296931177665120671 ) ) ;
#2235 = VECTOR ( 'NONE', #2715, 1000.000000000000000 ) ;
#2236 = DIRECTION ( 'NONE',  ( -0.8701091694029017276, 0.000000000000000000, 0.4928590400114342129 ) ) ;
#2237 = B_SPLINE_CURVE_WITH_KNOTS ( 'NONE', 3,
 ( #2664, #435, #1309, #2421, #3288, #413, #1557, #2462, #1267, #2400, #1599 ),
 .UNSPECIFIED., .F., .F.,
 ( 4, 1, 1, 1, 1, 1, 1, 1, 4 ),
 ( 0.000000000000000000, 0.08269940838263031835, 0.1609352856402979093, 0.2384022412677354041, 0.3252932597831261208, 0.4321161260274616334, 0.5729322032451379387, 0.7592645677637452906, 1.000000000000000000 ),
 .UNSPECIFIED. ) ;
#2238 = CARTESIAN_POINT ( 'NONE',  ( 1.694951558879835396, 2.999900000000001121, 0.4003359415749320749 ) ) ;
#2239 = DIRECTION ( 'NONE',  ( -0.8660872391925199532, 0.000000000000000000, -0.4998928826337484255 ) ) ;
#2240 = CARTESIAN_POINT ( 'NONE',  ( 1.642807023916652120, 2.999900000000000233, -0.3511047853320174439 ) ) ;
#2241 = CARTESIAN_POINT ( 'NONE',  ( 1.694951558879835396, 3.000000000000000888, 0.4003359415749320749 ) ) ;
#2242 = ORIENTED_EDGE ( 'NONE', *, *, #294, .T. ) ;
#2243 = CARTESIAN_POINT ( 'NONE',  ( 0.7186342297990049310, 3.000000000000000000, 0.7159908029032769905 ) ) ;
#2244 = DIRECTION ( 'NONE',  ( 0.5150680234078907072, 0.000000000000000000, -0.8571493051170773203 ) ) ;
#2245 = SURFACE_STYLE_FILL_AREA ( #3357 ) ;
#2246 = EDGE_LOOP ( 'NONE', ( #3354, #282, #1542, #2242, #3070, #3387, #2516, #172, #1941, #2570, #951 ) ) ;
#2247 = CARTESIAN_POINT ( 'NONE',  ( 0.7186342297990050421, 2.999900000000000677, -0.5016103000378998589 ) ) ;
#2248 = CARTESIAN_POINT ( 'NONE',  ( 1.694930599229935053, 3.000000000000001332, 0.4273915995809250412 ) ) ;
#2249 = CARTESIAN_POINT ( 'NONE',  ( -1.347742502244459573, 3.000000000000000000, 0.1427929133858330257 ) ) ;
#2250 = CARTESIAN_POINT ( 'NONE',  ( 1.677359608188032869, 3.000000000000000000, -0.1129377630937932475 ) ) ;
#2251 = CARTESIAN_POINT ( 'NONE',  ( 0.7186342297990049310, 2.999900000000000233, -0.9310680206261351399 ) ) ;
#2252 = DIRECTION ( 'NONE',  ( -0.000000000000000000, 1.000000000000000000, -0.000000000000000000 ) ) ;
#2253 = EDGE_CURVE ( 'NONE', #684, #2716, #1619, .T. ) ;
#2254 = CARTESIAN_POINT ( 'NONE',  ( 1.694055144851021044, 3.000000000000000444, 0.6704477614070409874 ) ) ;
#2255 = EDGE_LOOP ( 'NONE', ( #1351, #777, #91, #1044 ) ) ;
#2256 = CARTESIAN_POINT ( 'NONE',  ( 1.187384229799004931, 3.000000000000000000, 1.022286758785629912 ) ) ;
#2257 = CARTESIAN_POINT ( 'NONE',  ( -0.5404921085436723560, 2.999900000000000233, 0.6632763779527598436 ) ) ;
#2258 = VERTEX_POINT ( 'NONE', #1581 ) ;
#2259 = EDGE_CURVE ( 'NONE', #3416, #2306, #2594, .T. ) ;
#2260 = CARTESIAN_POINT ( 'NONE',  ( 1.276998200387240434, 3.000000000000000000, 0.9370385970209240689 ) ) ;
#2261 = LINE ( 'NONE', #812, #2846 ) ;
#2262 = CARTESIAN_POINT ( 'NONE',  ( 0.7108649602054266659, 3.000000000000000000, 1.296931177665120671 ) ) ;
#2263 = CARTESIAN_POINT ( 'NONE',  ( -2.149999999999999911, 3.000000000000000000, 2.150000000000000799 ) ) ;
#2264 = VERTEX_POINT ( 'NONE', #3082 ) ;
#2265 = CARTESIAN_POINT ( 'NONE',  ( 1.187384229799004931, 3.000000000000000000, -0.6247720647437822183 ) ) ;
#2266 = CARTESIAN_POINT ( 'NONE',  ( 0.7420627163094615231, 2.999899999999999789, -0.2404338832360143341 ) ) ;
#2267 = CARTESIAN_POINT ( 'NONE',  ( 1.694966950387240212, 2.999900000000000233, 0.4198051411385707032 ) ) ;
#2268 = EDGE_LOOP ( 'NONE', ( #1979, #292, #109, #2620 ) ) ;
#2269 = CARTESIAN_POINT ( 'NONE',  ( 1.694966950387240212, 2.999900000000000233, -0.4037242706261350844 ) ) ;
#2270 = DIRECTION ( 'NONE',  ( 0.5095424031107078644, 0.000000000000000000, 0.8604455470465083300 ) ) ;
#2271 = CARTESIAN_POINT ( 'NONE',  ( 0.7420388912173697671, 3.000000000000000444, -0.3608220438106665706 ) ) ;
#2272 = ORIENTED_EDGE ( 'NONE', *, *, #3235, .T. ) ;
#2273 = B_SPLINE_CURVE_WITH_KNOTS ( 'NONE', 3,
 ( #2666, #1450, #893, #1154, #22, #2027, #877, #2046, #2647, #3492, #3209 ),
 .UNSPECIFIED., .F., .F.,
 ( 4, 1, 1, 1, 1, 1, 1, 1, 4 ),
 ( 0.000000000000000000, 0.08608748684242688298, 0.1612668260071338788, 0.2388542627190373691, 0.3281828305663094247, 0.4373273942705389605, 0.5807184561777908316, 0.7620511388035714484, 1.000000000000000000 ),
 .UNSPECIFIED. ) ;
#2274 = CARTESIAN_POINT ( 'NONE',  ( 0.7471268768578285258, 2.999900000000000233, -0.3635128735673115452 ) ) ;
#2275 = CARTESIAN_POINT ( 'NONE',  ( 1.693265861239841019, 3.000000000000000000, -0.2313311161036703811 ) ) ;
#2276 = EDGE_CURVE ( 'NONE', #3231, #3668, #2642, .T. ) ;
#2277 = EDGE_CURVE ( 'NONE', #1114, #917, #3333, .T. ) ;
#2278 = CARTESIAN_POINT ( 'NONE',  ( 0.6962516497033197638, 2.999999999999999112, -1.044285611176056783 ) ) ;
#2279 = CARTESIAN_POINT ( 'NONE',  ( 0.6957018612905488952, 2.999900000000000677, 1.268779234130675393 ) ) ;
#2280 = VECTOR ( 'NONE', #612, 1000.000000000000114 ) ;
#2281 = CARTESIAN_POINT ( 'NONE',  ( 0.7131071931185160029, 2.999899999999998901, -0.4970843948827147196 ) ) ;
#2282 = VERTEX_POINT ( 'NONE', #3384 ) ;
#2283 = CARTESIAN_POINT ( 'NONE',  ( 1.671299670975475493, 2.999900000000000233, -0.4843768441555468818 ) ) ;
#2284 = VECTOR ( 'NONE', #2166, 1000.000000000000000 ) ;
#2285 = COLOUR_RGB ( '',0.8274509803921568096, 0.8392156862745098200, 0.8274509803921568096 ) ;
#2286 = CARTESIAN_POINT ( 'NONE',  ( 1.694955180068616674, 2.999899999999999345, -0.1701758003392241647 ) ) ;
#2287 = CARTESIAN_POINT ( 'NONE',  ( 0.2008905686216796438, 3.000000000000000000, 0.01724409448819043400 ) ) ;
#2288 = ORIENTED_EDGE ( 'NONE', *, *, #2052, .T. ) ;
#2289 = PLANE ( 'NONE',  #2945 ) ;
#2290 = CARTESIAN_POINT ( 'NONE',  ( 1.642807023916652343, 3.000000000000000444, 0.5746764646679829447 ) ) ;
#2291 = ORIENTED_EDGE ( 'NONE', *, *, #1551, .F. ) ;
#2292 = EDGE_CURVE ( 'NONE', #2384, #191, #2522, .T. ) ;
#2293 = CARTESIAN_POINT ( 'NONE',  ( 1.694966950387240212, 2.999900000000000233, -1.014018388273193905 ) ) ;
#2294 = DIRECTION ( 'NONE',  ( -0.000000000000000000, 0.000000000000000000, 1.000000000000000000 ) ) ;
#2295 = CARTESIAN_POINT ( 'NONE',  ( 0.7025367830279435344, 2.999900000000000233, -0.3548009908250923106 ) ) ;
#2296 = DIRECTION ( 'NONE',  ( -0.000000000000000000, 1.000000000000000000, -0.000000000000000000 ) ) ;
#2297 = VECTOR ( 'NONE', #2708, 1000.000000000000000 ) ;
#2298 = FACE_OUTER_BOUND ( 'NONE', #3186, .T. ) ;
#2299 = ORIENTED_EDGE ( 'NONE', *, *, #2050, .T. ) ;
#2300 = CARTESIAN_POINT ( 'NONE',  ( 1.673484815580986496, 2.999900000000000677, -0.4830576299426507236 ) ) ;
#2301 = CARTESIAN_POINT ( 'NONE',  ( 1.673407653665099692, 2.999900000000000233, -0.1109152282551151558 ) ) ;
#2302 = FILL_AREA_STYLE_COLOUR ( '', #2929 ) ;
#2303 = VERTEX_POINT ( 'NONE', #3664 ) ;
#2304 = MECHANICAL_DESIGN_GEOMETRIC_PRESENTATION_REPRESENTATION (  '', ( #392 ), #826 ) ;
#2305 = CARTESIAN_POINT ( 'NONE',  ( 1.694937146817277362, 3.000000000000000444, 0.6250693406234225646 ) ) ;
#2306 = VERTEX_POINT ( 'NONE', #1097 ) ;
#2307 = CARTESIAN_POINT ( 'NONE',  ( 0.7108649602054266659, 2.999999999999999556, 0.4734017659004148282 ) ) ;
#2308 = DIRECTION ( 'NONE',  ( -1.000000000000000000, -0.000000000000000000, -0.000000000000000000 ) ) ;
#2309 = DIRECTION ( 'NONE',  ( -0.000000000000000000, 1.000000000000000000, -0.000000000000000000 ) ) ;
#2310 = CARTESIAN_POINT ( 'NONE',  ( 0.7471268768578285258, 3.000000000000000000, -0.3635128735673115452 ) ) ;
#2311 = CARTESIAN_POINT ( 'NONE',  ( 0.6950570517042602425, 2.999900000000000677, 0.6333495018306486424 ) ) ;
#2312 = CARTESIAN_POINT ( 'NONE',  ( 1.668360285013242628, 2.999899999999999789, -0.2609009566301258576 ) ) ;
#2313 = ORIENTED_EDGE ( 'NONE', *, *, #480, .T. ) ;
#2314 = CARTESIAN_POINT ( 'NONE',  ( 0.7849999999999996980, -0.1000000000000000056, 1.625000000000000222 ) ) ;
#2315 = EDGE_CURVE ( 'NONE', #2155, #38, #1380, .T. ) ;
#2316 = CARTESIAN_POINT ( 'NONE',  ( -1.604999999999999538, 0.000000000000000000, 1.625000000000000000 ) ) ;
#2317 = EDGE_CURVE ( 'NONE', #2885, #2716, #242, .T. ) ;
#2318 = CARTESIAN_POINT ( 'NONE',  ( -2.150000000000000355, 3.000000000000000000, -2.149999999999999023 ) ) ;
#2319 = ORIENTED_EDGE ( 'NONE', *, *, #2176, .F. ) ;
#2320 = DIRECTION ( 'NONE',  ( -0.000000000000000000, 1.000000000000000000, -0.000000000000000000 ) ) ;
#2321 = CARTESIAN_POINT ( 'NONE',  ( -0.4373228172050933060, 3.000000000000000000, -0.3764385826771631249 ) ) ;
#2322 = VERTEX_POINT ( 'NONE', #3638 ) ;
#2323 = VECTOR ( 'NONE', #1064, 1000.000000000000000 ) ;
#2324 = CARTESIAN_POINT ( 'NONE',  ( 0.7131071931185164470, 2.999900000000001121, 1.149974428646697744 ) ) ;
#2325 = EDGE_CURVE ( 'NONE', #3167, #2885, #1107, .T. ) ;
#2326 = CARTESIAN_POINT ( 'NONE',  ( 1.693265861239841241, 3.000000000000000000, -1.054860527868375808 ) ) ;
#2327 = CARTESIAN_POINT ( 'NONE',  ( 0.7471268768578285258, 2.999900000000000233, 1.283545949962100474 ) ) ;
#2328 = CARTESIAN_POINT ( 'NONE',  ( 0.7025367830279435344, 3.000000000000000000, -0.3548009908250923106 ) ) ;
#2329 = VERTEX_POINT ( 'NONE', #1139 ) ;
#2330 = CARTESIAN_POINT ( 'NONE',  ( 0.6949669503872402121, 3.000000000000000000, 0.6406231558444533958 ) ) ;
#2331 = CARTESIAN_POINT ( 'NONE',  ( 1.642807023916652343, 2.999900000000000677, -0.2488529470967235091 ) ) ;
#2332 = ADVANCED_FACE ( 'NONE', ( #846 ), #1394, .T. ) ;
#2333 = ORIENTED_EDGE ( 'NONE', *, *, #2841, .F. ) ;
#2334 = FACE_OUTER_BOUND ( 'NONE', #858, .T. ) ;
#2335 = CARTESIAN_POINT ( 'NONE',  ( 0.7186342297990049310, 2.999900000000000233, 1.145448523491512161 ) ) ;
#2336 = CARTESIAN_POINT ( 'NONE',  ( 0.7420627163094617451, 2.999900000000000233, -1.063963295000720066 ) ) ;
#2337 = EDGE_LOOP ( 'NONE', ( #3630, #3485, #253, #2104 ) ) ;
#2338 = DIRECTION ( 'NONE',  ( -1.000000000000000000, 0.000000000000000000, -0.000000000000000000 ) ) ;
#2339 = CARTESIAN_POINT ( 'NONE',  ( 0.6991903068836543556, 3.000000000000000888, -0.1269972798276188530 ) ) ;
#2340 = B_SPLINE_CURVE_WITH_KNOTS ( 'NONE', 3,
 ( #2487, #2541, #3650, #2254, #530, #2795, #478, #3045, #3085, #1972, #1674 ),
 .UNSPECIFIED., .F., .F.,
 ( 4, 1, 1, 1, 1, 1, 1, 1, 4 ),
 ( 0.000000000000000000, 0.2475841483258847675, 0.4361234509600928066, 0.5765471439970858425, 0.6891935206218181564, 0.7769127325059270728, 0.8506699786920537409, 0.9203469832125574790, 0.9999999999999998890 ),
 .UNSPECIFIED. ) ;
#2341 = CARTESIAN_POINT ( 'NONE',  ( 1.693335768749239190, 3.000000000000000444, -0.3650781908108940432 ) ) ;
#2342 = UNCERTAINTY_MEASURE_WITH_UNIT (LENGTH_MEASURE( 1.000000000000000082E-05 ), #740, 'distance_accuracy_value', 'NONE');
#2343 = VERTEX_POINT ( 'NONE', #2247 ) ;
#2344 = CARTESIAN_POINT ( 'NONE',  ( -1.843529790660225043, 3.000000000000000000, -1.597050532934600531 ) ) ;
#2345 = CARTESIAN_POINT ( 'NONE',  ( -0.7849999999999994760, 0.000000000000000000, 1.625000000000000000 ) ) ;
#2346 = DIRECTION ( 'NONE',  ( -0.000000000000000000, 1.000000000000000000, -0.000000000000000000 ) ) ;
#2347 = CARTESIAN_POINT ( 'NONE',  ( 0.1381008048421512036, 2.999900000000000233, -0.6440314960629917040 ) ) ;
#2348 = CARTESIAN_POINT ( 'NONE',  ( 1.276998200387240434, 2.999900000000000233, 0.9370385970209240689 ) ) ;
#2349 = EDGE_CURVE ( 'NONE', #546, #1356, #3641, .T. ) ;
#2350 = ORIENTED_EDGE ( 'NONE', *, *, #2498, .F. ) ;
#2351 = CARTESIAN_POINT ( 'NONE',  ( 0.7031561179726392163, 3.000000000000000444, 0.5798625471875679116 ) ) ;
#2352 = AXIS2_PLACEMENT_3D ( 'NONE', #3423, #3159, #847 ) ;
#2353 = CARTESIAN_POINT ( 'NONE',  ( 1.693265861239841019, 2.999900000000000233, -0.2313311161036703811 ) ) ;
#2354 = CARTESIAN_POINT ( 'NONE',  ( 0.6949669503872402121, 3.000000000000000000, -0.1829062559202528082 ) ) ;
#2355 = AXIS2_PLACEMENT_3D ( 'NONE', #2000, #1076, #2216 ) ;
#2356 = SURFACE_SIDE_STYLE ('',( #2884 ) ) ;
#2357 = LINE ( 'NONE', #2904, #537 ) ;
#2358 = VERTEX_POINT ( 'NONE', #1424 ) ;
#2359 = LINE ( 'NONE', #1186, #2883 ) ;
#2360 = FACE_OUTER_BOUND ( 'NONE', #2891, .T. ) ;
#2361 = EDGE_CURVE ( 'NONE', #3339, #188, #1665, .T. ) ;
#2362 = LINE ( 'NONE', #62, #1019 ) ;
#2363 = UNCERTAINTY_MEASURE_WITH_UNIT (LENGTH_MEASURE( 1.000000000000000082E-05 ), #636, 'distance_accuracy_value', 'NONE');
#2364 = ORIENTED_EDGE ( 'NONE', *, *, #2371, .T. ) ;
#2365 = CARTESIAN_POINT ( 'NONE',  ( 0.7333073083514421997, 2.999899999999999789, -0.2449469038232512108 ) ) ;
#2366 = ORIENTED_EDGE ( 'NONE', *, *, #2325, .F. ) ;
#2367 = CARTESIAN_POINT ( 'NONE',  ( -0.5808220298035193796, 2.999900000000000233, -0.1914330708661398095 ) ) ;
#2368 = CARTESIAN_POINT ( 'NONE',  ( 0.6950256249081664395, 3.000000000000000888, 0.6593165087867551843 ) ) ;
#2369 = CARTESIAN_POINT ( 'NONE',  ( 1.673484815580986496, 2.999900000000000677, 0.3404717818220551195 ) ) ;
#2370 = VERTEX_POINT ( 'NONE', #3072 ) ;
#2371 = EDGE_CURVE ( 'NONE', #1070, #2510, #1409, .T. ) ;
#2372 = CARTESIAN_POINT ( 'NONE',  ( 0.7210980718333990236, 2.999900000000001121, 0.5745604150658749631 ) ) ;
#2373 = LINE ( 'NONE', #2919, #2909 ) ;
#2374 = ORIENTED_EDGE ( 'NONE', *, *, #3503, .F. ) ;
#2375 = CARTESIAN_POINT ( 'NONE',  ( 0.6975102315642288664, 3.000000000000000000, 0.3541081355034425560 ) ) ;
#2376 =( NAMED_UNIT ( * ) PLANE_ANGLE_UNIT ( ) SI_UNIT ( $, .RADIAN. ) );
#2377 = LINE ( 'NONE', #431, #2038 ) ;
#2378 = CARTESIAN_POINT ( 'NONE',  ( 0.6949669503872402121, 3.000000000000000000, 0.4041801411385707032 ) ) ;
#2379 = DIRECTION ( 'NONE',  ( -0.000000000000000000, 1.000000000000000000, -0.000000000000000000 ) ) ;
#2380 = CARTESIAN_POINT ( 'NONE',  ( 0.7074508662698739681, 2.999900000000000677, -0.1151328018261325442 ) ) ;
#2381 = CARTESIAN_POINT ( 'NONE',  ( 1.647798083292064453, 3.000000000000000888, -0.3482992670550334458 ) ) ;
#2382 = VERTEX_POINT ( 'NONE', #2546 ) ;
#2383 = CARTESIAN_POINT ( 'NONE',  ( 0.7075269973100259957, 2.999900000000000233, 1.153964237438881435 ) ) ;
#2384 = VERTEX_POINT ( 'NONE', #552 ) ;
#2385 = FACE_OUTER_BOUND ( 'NONE', #1587, .T. ) ;
#2386 = CARTESIAN_POINT ( 'NONE',  ( 0.7471268768578285258, 3.000000000000000000, 1.283545949962100474 ) ) ;
#2387 = DIRECTION ( 'NONE',  ( -0.000000000000000000, 1.000000000000000000, -0.000000000000000000 ) ) ;
#2388 = PLANE ( 'NONE',  #1281 ) ;
#2389 = EDGE_LOOP ( 'NONE', ( #2193, #961, #2663, #352 ) ) ;
#2390 = EDGE_CURVE ( 'NONE', #1435, #2525, #3092, .T. ) ;
#2391 = CARTESIAN_POINT ( 'NONE',  ( 1.673484815580986718, 3.000000000000000444, 1.164001193586761573 ) ) ;
#2392 = ADVANCED_FACE ( 'NONE', ( #1697 ), #276, .T. ) ;
#2393 = FACE_OUTER_BOUND ( 'NONE', #928, .T. ) ;
#2394 = CARTESIAN_POINT ( 'NONE',  ( 0.7167214233176066873, 3.000000000000000000, -0.1088402712050014765 ) ) ;
#2395 = FACE_OUTER_BOUND ( 'NONE', #3012, .T. ) ;
#2396 = CARTESIAN_POINT ( 'NONE',  ( 0.7131071931185160029, 2.999899999999998901, 0.3264450168819910680 ) ) ;
#2397 = VECTOR ( 'NONE', #833, 1000.000000000000000 ) ;
#2398 = CARTESIAN_POINT ( 'NONE',  ( 0.6982882561173680003, 2.999999999999999556, 0.4588648911446127632 ) ) ;
#2399 = B_SPLINE_CURVE_WITH_KNOTS ( 'NONE', 3,
 ( #3530, #359, #2628, #1252, #2669, #653, #2892, #2383, #2324, #318, #2111 ),
 .UNSPECIFIED., .F., .F.,
 ( 4, 1, 1, 1, 1, 1, 1, 1, 4 ),
 ( 0.000000000000000000, 0.2339648385054086954, 0.4198783559695580814, 0.5659151998979448095, 0.6801214999993731025, 0.7723010949812566528, 0.8443163158709260374, 0.9185860088431486714, 1.000000000000000000 ),
 .UNSPECIFIED. ) ;
#2400 = CARTESIAN_POINT ( 'NONE',  ( 0.6949881018814876299, 2.999900000000000677, 0.6473618959480442747 ) ) ;
#2401 = CARTESIAN_POINT ( 'NONE',  ( 0.7186342297990049310, 3.000000000000000444, -0.1075386088614292829 ) ) ;
#2402 = PRESENTATION_LAYER_ASSIGNMENT (  '', '', ( #1870 ) ) ;
#2403 = VERTEX_POINT ( 'NONE', #288 ) ;
#2404 = CARTESIAN_POINT ( 'NONE',  ( 0.7471268768578285258, 3.000000000000000000, -1.061352947096723343 ) ) ;
#2405 = VERTEX_POINT ( 'NONE', #3139 ) ;
#2406 = FILL_AREA_STYLE ('',( #3047 ) ) ;
#2407 = CARTESIAN_POINT ( 'NONE',  ( 0.6991903068836543556, 2.999900000000000677, 0.6965321319370875175 ) ) ;
#2408 = MANIFOLD_SOLID_BREP ( 'Cut-Extrude1', #3691 ) ;
#2409 = PRESENTATION_LAYER_ASSIGNMENT (  '', '', ( #1634 ) ) ;
#2410 = EDGE_CURVE ( 'NONE', #1793, #47, #1978, .T. ) ;
#2411 = CARTESIAN_POINT ( 'NONE',  ( 1.671299670975475493, 2.999900000000000233, -0.1098364029790764168 ) ) ;
#2412 = VERTEX_POINT ( 'NONE', #1211 ) ;
#2413 = CARTESIAN_POINT ( 'NONE',  ( 0.7186342297990050421, 2.999900000000000677, 0.3219191117268060953 ) ) ;
#2414 = LINE ( 'NONE', #192, #1363 ) ;
#2415 = EDGE_CURVE ( 'NONE', #2733, #3306, #360, .T. ) ;
#2416 = ORIENTED_EDGE ( 'NONE', *, *, #2101, .F. ) ;
#2417 = CARTESIAN_POINT ( 'NONE',  ( 0.6949870368931667652, 2.999999999999999556, 0.3971335026910637889 ) ) ;
#2418 = CARTESIAN_POINT ( 'NONE',  ( 0.2031441119287660524, 3.000000000000000000, -0.1458212598425193962 ) ) ;
#2419 = DIRECTION ( 'NONE',  ( -0.000000000000000000, -1.000000000000000000, -0.000000000000000000 ) ) ;
#2420 = ORIENTED_EDGE ( 'NONE', *, *, #3325, .F. ) ;
#2421 = CARTESIAN_POINT ( 'NONE',  ( 0.7074508662698739681, 2.999900000000000677, 0.7083966099385738957 ) ) ;
#2422 = CARTESIAN_POINT ( 'NONE',  ( 0.7075269973100262177, 3.000000000000000888, -0.4930945860905305289 ) ) ;
#2423 = ORIENTED_EDGE ( 'NONE', *, *, #1897, .F. ) ;
#2424 = VECTOR ( 'NONE', #2239, 1000.000000000000114 ) ;
#2425 = ORIENTED_EDGE ( 'NONE', *, *, #2057, .T. ) ;
#2426 = CARTESIAN_POINT ( 'NONE',  ( 1.691048645160770469, 3.000000000000000444, -1.069021866667752452 ) ) ;
#2427 = CARTESIAN_POINT ( 'NONE',  ( 0.6991903068836543556, 3.000000000000000444, 0.6965321319370875175 ) ) ;
#2428 = CARTESIAN_POINT ( 'NONE',  ( 1.184167318034299088, 3.000000000000000000, 0.02274631760915894751 ) ) ;
#2429 = CARTESIAN_POINT ( 'NONE',  ( 0.7167214233176066873, 2.999900000000000233, -0.1088402712050014765 ) ) ;
#2430 = ORIENTED_EDGE ( 'NONE', *, *, #2540, .T. ) ;
#2431 = DIRECTION ( 'NONE',  ( 0.000000000000000000, -0.000000000000000000, 1.000000000000000000 ) ) ;
#2432 = LINE ( 'NONE', #2679, #2660 ) ;
#2433 = B_SPLINE_CURVE_WITH_KNOTS ( 'NONE', 3,
 ( #3570, #2369, #2793, #218, #701, #1532, #148, #1005, #719, #3518, #1830 ),
 .UNSPECIFIED., .F., .F.,
 ( 4, 1, 1, 1, 1, 1, 1, 1, 4 ),
 ( 0.000000000000000000, 0.08608748684242820137, 0.1612668260071344339, 0.2388542627190383960, 0.3281828305663093137, 0.4373273942705394046, 0.5807184561777913867, 0.7620511388035708933, 1.000000000000000000 ),
 .UNSPECIFIED. ) ;
#2434 = VECTOR ( 'NONE', #2030, 1000.000000000000000 ) ;
#2435 = CARTESIAN_POINT ( 'NONE',  ( 1.694966950387240212, 3.000000000000000000, 1.243334552903277102 ) ) ;
#2436 = CARTESIAN_POINT ( 'NONE',  ( 1.647800524902918395, 2.999900000000000677, 0.5719365624242082058 ) ) ;
#2437 = CARTESIAN_POINT ( 'NONE',  ( 0.6992534118308416646, 3.000000000000000000, 1.167156840804831619 ) ) ;
#2438 = CARTESIAN_POINT ( 'NONE',  ( 0.7025367830279435344, 2.999900000000000233, 0.4687284209396135881 ) ) ;
#2439 = CARTESIAN_POINT ( 'NONE',  ( -0.9126810849216281385, 3.000000000000000000, -0.5326559055118056385 ) ) ;
#2440 = CARTESIAN_POINT ( 'NONE',  ( 0.7186342297990050421, 3.000000000000000444, 0.3219191117268060953 ) ) ;
#2441 = ADVANCED_FACE ( 'NONE', ( #1486 ), #583, .T. ) ;
#2442 = EDGE_CURVE ( 'NONE', #2080, #38, #3460, .T. ) ;
#2443 = CARTESIAN_POINT ( 'NONE',  ( 1.656402406387030402, 2.999900000000000677, -0.3434627015309039688 ) ) ;
#2444 = ORIENTED_EDGE ( 'NONE', *, *, #342, .T. ) ;
#2445 = ORIENTED_EDGE ( 'NONE', *, *, #2019, .F. ) ;
#2446 = CARTESIAN_POINT ( 'NONE',  ( 1.694884334082953581, 3.000000000000000000, -1.036114478791978710 ) ) ;
#2447 = CARTESIAN_POINT ( 'NONE',  ( 0.7471268768578285258, 3.000000000000000000, -1.061352947096723343 ) ) ;
#2448 = CARTESIAN_POINT ( 'NONE',  ( 0.6990214886042268594, 2.999899999999999789, -1.057423845816054087 ) ) ;
#2449 = ORIENTED_EDGE ( 'NONE', *, *, #3497, .F. ) ;
#2450 = EDGE_CURVE ( 'NONE', #183, #2207, #2474, .T. ) ;
#2451 = CARTESIAN_POINT ( 'NONE',  ( 1.691020684309345601, 3.000000000000000888, -0.3519898864452849496 ) ) ;
#2452 = EDGE_LOOP ( 'NONE', ( #702, #3352, #597, #2425 ) ) ;
#2453 = LINE ( 'NONE', #1340, #2799 ) ;
#2454 = B_SPLINE_CURVE_WITH_KNOTS ( 'NONE', 3,
 ( #3679, #1109, #780, #511, #230, #2595, #3161, #947, #1475, #2878, #2098 ),
 .UNSPECIFIED., .F., .F.,
 ( 4, 1, 1, 1, 1, 1, 1, 1, 4 ),
 ( 0.000000000000000000, 0.1506145446497698381, 0.2596734740599809244, 0.3388177727155975427, 0.4102835628096075382, 0.5019338459622277870, 0.6260648387140310689, 0.7889788725463122709, 1.000000000000000000 ),
 .UNSPECIFIED. ) ;
#2455 = B_SPLINE_SURFACE_WITH_KNOTS ( 'NONE', 3, 1, ( 
 ( #273, #2809 ),
 ( #1079, #3081 ),
 ( #1672, #3315 ),
 ( #766, #475 ),
 ( #2167, #1385 ),
 ( #233, #3604 ),
 ( #2521, #2505 ),
 ( #1920, #3663 ),
 ( #2238, #1041 ),
 ( #1347, #1368 ),
 ( #1310, #495 ) ),
 .UNSPECIFIED., .F., .F., .F.,
 ( 4, 1, 1, 1, 1, 1, 1, 1, 4 ),
 ( 2, 2 ),
 ( 0.000000000000000000, 0.08608748684242820137, 0.1612668260071344339, 0.2388542627190383960, 0.3281828305663093137, 0.4373273942705394046, 0.5807184561777913867, 0.7620511388035708933, 1.000000000000000000 ),
 ( 0.000000000000000000, 1.000000000000000000 ),
 .UNSPECIFIED. ) ;
#2456 = ORIENTED_EDGE ( 'NONE', *, *, #3305, .F. ) ;
#2457 = DIRECTION ( 'NONE',  ( 0.000000000000000000, -1.000000000000000000, 0.000000000000000000 ) ) ;
#2458 = CARTESIAN_POINT ( 'NONE',  ( 1.187384229799004931, 3.000000000000000000, 0.1987573470209236526 ) ) ;
#2459 = ADVANCED_FACE ( 'NONE', ( #1452 ), #1889, .T. ) ;
#2460 = DIRECTION ( 'NONE',  ( 4.034240641806528883E-16, 0.000000000000000000, 1.000000000000000000 ) ) ;
#2461 = CARTESIAN_POINT ( 'NONE',  ( 0.6958075284347928768, 2.999999999999999556, 1.190973333371947218 ) ) ;
#2462 = CARTESIAN_POINT ( 'NONE',  ( 0.6957715594782748481, 2.999900000000000233, 0.6752311674358022486 ) ) ;
#2463 = CARTESIAN_POINT ( 'NONE',  ( -0.5432747857090265420, 3.000000000000000000, 0.4078110236220509610 ) ) ;
#2464 = CARTESIAN_POINT ( 'NONE',  ( 0.6957018612905488952, 2.999900000000000233, 0.4452498223659689947 ) ) ;
#2465 = ORIENTED_EDGE ( 'NONE', *, *, #1411, .F. ) ;
#2466 = ORIENTED_EDGE ( 'NONE', *, *, #1357, .F. ) ;
#2467 =( LENGTH_UNIT ( ) NAMED_UNIT ( * ) SI_UNIT ( .MILLI., .METRE. ) );
#2468 = CARTESIAN_POINT ( 'NONE',  ( -1.228496045551548566, 3.000000000000000000, -0.2716748031496010740 ) ) ;
#2469 = CARTESIAN_POINT ( 'NONE',  ( 0.1381008048421512036, 2.999900000000000233, -0.6440314960629917040 ) ) ;
#2470 = ORIENTED_EDGE ( 'NONE', *, *, #2637, .T. ) ;
#2471 = VECTOR ( 'NONE', #688, 1000.000000000000000 ) ;
#2472 = FACE_BOUND ( 'NONE', #945, .T. ) ;
#2473 = ORIENTED_EDGE ( 'NONE', *, *, #3388, .F. ) ;
#2474 = B_SPLINE_CURVE_WITH_KNOTS ( 'NONE', 3,
 ( #862, #85, #65, #1507, #2307, #3498, #1235, #2074, #301, #2952, #2912 ),
 .UNSPECIFIED., .F., .F.,
 ( 4, 1, 1, 1, 1, 1, 1, 1, 4 ),
 ( 0.000000000000000000, 0.1528910399261259045, 0.2655498866055905904, 0.3469726293230774861, 0.4171409348174465181, 0.5027291515886440632, 0.6212628926146340769, 0.7862933040589764611, 0.9999999999999998890 ),
 .UNSPECIFIED. ) ;
#2475 = MECHANICAL_DESIGN_GEOMETRIC_PRESENTATION_REPRESENTATION (  '', ( #3426 ), #1989 ) ;
#2476 = AXIS2_PLACEMENT_3D ( 'NONE', #2121, #329, #3261 ) ;
#2477 = DIRECTION ( 'NONE',  ( 0.8679317172888709742, 0.000000000000000000, 0.4966835351851230929 ) ) ;
#2478 = EDGE_CURVE ( 'NONE', #3005, #2080, #3195, .T. ) ;
#2479 = DIRECTION ( 'NONE',  ( 0.8589240550050705192, 0.000000000000000000, 0.5121029854762092492 ) ) ;
#2480 = CARTESIAN_POINT ( 'NONE',  ( -0.9126810849216281385, 3.000000000000000000, -0.5326559055118056385 ) ) ;
#2481 = CARTESIAN_POINT ( 'NONE',  ( 1.642807023916652343, 2.999900000000000677, 0.5746764646679829447 ) ) ;
#2482 = DIRECTION ( 'NONE',  ( -0.5121029854762093603, 0.000000000000000000, 0.8589240550050705192 ) ) ;
#2483 = CARTESIAN_POINT ( 'NONE',  ( -1.701719806763284604, 2.999900000000000233, -1.597050532934600531 ) ) ;
#2484 = CARTESIAN_POINT ( 'NONE',  ( 0.6949881018814876299, 2.999900000000000677, -0.9996969275813678557 ) ) ;
#2485 = VECTOR ( 'NONE', #1316, 1000.000000000000000 ) ;
#2486 = ORIENTED_EDGE ( 'NONE', *, *, #2410, .T. ) ;
#2487 = CARTESIAN_POINT ( 'NONE',  ( 1.694966950387240434, 3.000000000000000444, 0.6330404352562182257 ) ) ;
#2488 = ORIENTED_EDGE ( 'NONE', *, *, #1496, .F. ) ;
#2489 = DIRECTION ( 'NONE',  ( -1.000000000000000000, 0.000000000000000000, -2.644395542647572752E-16 ) ) ;
#2490 = B_SPLINE_SURFACE_WITH_KNOTS ( 'NONE', 3, 1, ( 
 ( #3538, #117 ),
 ( #1259, #1535 ),
 ( #2680, #322 ),
 ( #2612, #46 ) ),
 .UNSPECIFIED., .F., .F., .F.,
 ( 4, 4 ),
 ( 2, 2 ),
 ( 0.6363636363636364646, 0.7272727272727274039 ),
 ( 0.000000000000000000, 1.000000000000000000 ),
 .UNSPECIFIED. ) ;
#2491 = LINE ( 'NONE', #3088, #3606 ) ;
#2492 = VECTOR ( 'NONE', #538, 1000.000000000000000 ) ;
#2493 = CARTESIAN_POINT ( 'NONE',  ( 1.642807023916652343, 3.000000000000000444, -1.072382358861429408 ) ) ;
#2494 = ORIENTED_EDGE ( 'NONE', *, *, #1260, .F. ) ;
#2495 = CARTESIAN_POINT ( 'NONE',  ( 1.694930599229935053, 3.000000000000000444, -0.3961378121837809130 ) ) ;
#2496 = VERTEX_POINT ( 'NONE', #2293 ) ;
#2497 = DIRECTION ( 'NONE',  ( -0.000000000000000000, 1.000000000000000000, -0.000000000000000000 ) ) ;
#2498 = EDGE_CURVE ( 'NONE', #1271, #909, #100, .T. ) ;
#2499 = SURFACE_STYLE_FILL_AREA ( #3015 ) ;
#2500 = LINE ( 'NONE', #2535, #2001 ) ;
#2501 = PRESENTATION_LAYER_ASSIGNMENT (  '', '', ( #1177 ) ) ;
#2502 = CARTESIAN_POINT ( 'NONE',  ( 1.668360285013242628, 2.999899999999999789, 0.5626284551345802631 ) ) ;
#2503 = DIRECTION ( 'NONE',  ( 0.8589240550050705192, 0.000000000000000000, 0.5121029854762093603 ) ) ;
#2504 = ADVANCED_FACE ( 'NONE', ( #3515 ), #2191, .F. ) ;
#2505 = CARTESIAN_POINT ( 'NONE',  ( 1.692619765420955158, 3.000000000000000444, 0.3708962561424928306 ) ) ;
#2506 = CARTESIAN_POINT ( 'NONE',  ( 1.694055144851021044, 2.999900000000000677, 0.6704477614070409874 ) ) ;
#2507 = B_SPLINE_CURVE_WITH_KNOTS ( 'NONE', 3,
 ( #1543, #985, #2133, #3405, #3118, #806, #772, #3669, #3634, #254, #2269 ),
 .UNSPECIFIED., .F., .F.,
 ( 4, 1, 1, 1, 1, 1, 1, 1, 4 ),
 ( 0.000000000000000000, 0.08608748684242820137, 0.1612668260071344339, 0.2388542627190383960, 0.3281828305663093137, 0.4373273942705394046, 0.5807184561777913867, 0.7620511388035708933, 1.000000000000000000 ),
 .UNSPECIFIED. ) ;
#2508 = B_SPLINE_CURVE_WITH_KNOTS ( 'NONE', 3,
 ( #1930, #2831, #1650, #2804, #3473, #778, #226, #3642, #1915, #1743, #3457 ),
 .UNSPECIFIED., .F., .F.,
 ( 4, 1, 1, 1, 1, 1, 1, 1, 4 ),
 ( 0.000000000000000000, 0.2475841483258835463, 0.4361234509600928066, 0.5765471439970858425, 0.6891935206218181564, 0.7769127325059270728, 0.8506699786920537409, 0.9203469832125574790, 0.9999999999999998890 ),
 .UNSPECIFIED. ) ;
#2509 = CARTESIAN_POINT ( 'NONE',  ( -0.9126810849216281385, 3.000000000000000000, -0.5326559055118056385 ) ) ;
#2510 = VERTEX_POINT ( 'NONE', #166 ) ;
#2511 = CARTESIAN_POINT ( 'NONE',  ( 0.7186342297990049310, 2.999900000000000233, 0.7159908029032769905 ) ) ;
#2512 = ORIENTED_EDGE ( 'NONE', *, *, #152, .T. ) ;
#2513 = CARTESIAN_POINT ( 'NONE',  ( 1.692703783910345816, 2.999900000000000677, -0.9635225857248734815 ) ) ;
#2514 = CARTESIAN_POINT ( 'NONE',  ( 0.7108649602054266659, 3.000000000000000000, 1.296931177665120671 ) ) ;
#2515 = CARTESIAN_POINT ( 'NONE',  ( 0.7211376614994798873, 3.000000000000000444, -0.3510666428852558529 ) ) ;
#2516 = ORIENTED_EDGE ( 'NONE', *, *, #3144, .T. ) ;
#2517 = LINE ( 'NONE', #3106, #2131 ) ;
#2518 = CARTESIAN_POINT ( 'NONE',  ( 1.678652372839754436, 2.999999999999999556, -0.2613983560386101135 ) ) ;
#2519 = CARTESIAN_POINT ( 'NONE',  ( 0.7211376614994803314, 3.000000000000001332, 1.295992180644156999 ) ) ;
#2520 = PLANE ( 'NONE',  #1536 ) ;
#2521 = CARTESIAN_POINT ( 'NONE',  ( 1.692619765420955158, 2.999900000000000677, 0.3708962561424928306 ) ) ;
#2522 = LINE ( 'NONE', #801, #2424 ) ;
#2523 = CARTESIAN_POINT ( 'NONE',  ( 1.686675839746154315, 2.999999999999999556, -0.1227152731926358514 ) ) ;
#2524 = CARTESIAN_POINT ( 'NONE',  ( 1.690244320670792222, 2.999999999999999556, 0.3610506391608527266 ) ) ;
#2525 = VERTEX_POINT ( 'NONE', #418 ) ;
#2526 = CARTESIAN_POINT ( 'NONE',  ( 0.7129990501655021351, 2.999999999999999556, 0.7121560704305837097 ) ) ;
#2527 = CARTESIAN_POINT ( 'NONE',  ( 0.6949669503872402121, 2.999900000000000233, 1.227709552903276879 ) ) ;
#2528 = CARTESIAN_POINT ( 'NONE',  ( 0.7333073083514420887, 2.999900000000000233, -1.068476315587956860 ) ) ;
#2529 = ORIENTED_EDGE ( 'NONE', *, *, #3645, .F. ) ;
#2530 = DIRECTION ( 'NONE',  ( -0.5121029854762093603, 0.000000000000000000, 0.8589240550050705192 ) ) ;
#2531 = VECTOR ( 'NONE', #1129, 1000.000000000000000 ) ;
#2532 = DIRECTION ( 'NONE',  ( 1.000000000000000000, 0.000000000000000000, 0.000000000000000000 ) ) ;
#2533 = VECTOR ( 'NONE', #1649, 1000.000000000000000 ) ;
#2534 = ADVANCED_FACE ( 'NONE', ( #2385 ), #440, .T. ) ;
#2535 = CARTESIAN_POINT ( 'NONE',  ( 0.7186342297990049310, 3.000000000000000000, -0.5016103000378997478 ) ) ;
#2536 = VECTOR ( 'NONE', #1894, 1000.000000000000000 ) ;
#2537 = CARTESIAN_POINT ( 'NONE',  ( 0.7420388912173696561, 2.999899999999999789, 1.286236779718745282 ) ) ;
#2538 = CARTESIAN_POINT ( 'NONE',  ( 1.683008949238502749, 2.999999999999999556, -0.4759989572474563890 ) ) ;
#2539 = LINE ( 'NONE', #1112, #972 ) ;
#2540 = EDGE_CURVE ( 'NONE', #188, #794, #1264, .T. ) ;
#2541 = CARTESIAN_POINT ( 'NONE',  ( 1.694962688120278616, 3.000000000000000444, 0.6403962411985729686 ) ) ;
#2542 = ORIENTED_EDGE ( 'NONE', *, *, #2915, .T. ) ;
#2543 = CARTESIAN_POINT ( 'NONE',  ( 0.6949669503872402121, 2.999900000000000233, -1.006435667684958402 ) ) ;
#2544 = PLANE ( 'NONE',  #3071 ) ;
#2545 = ORIENTED_EDGE ( 'NONE', *, *, #555, .F. ) ;
#2546 = CARTESIAN_POINT ( 'NONE',  ( -0.5808220298035193796, 3.000000000000000000, -0.1914330708661398095 ) ) ;
#2547 = CARTESIAN_POINT ( 'NONE',  ( 1.678431273444241256, 2.999900000000000233, 0.4855507016055799485 ) ) ;
#2548 = CARTESIAN_POINT ( 'NONE',  ( 0.7471268768578285258, 2.999900000000000233, 1.283545949962100474 ) ) ;
#2549 = CARTESIAN_POINT ( 'NONE',  ( 0.6958075284347930989, 2.999900000000000677, -0.4560854901574646902 ) ) ;
#2550 = LINE ( 'NONE', #2265, #298 ) ;
#2551 = CARTESIAN_POINT ( 'NONE',  ( -0.4373228172050933060, 2.999900000000000233, -0.3764385826771631249 ) ) ;
#2552 = CARTESIAN_POINT ( 'NONE',  ( 1.604999999999999538, -0.1000000000000000056, -1.625000000000000444 ) ) ;
#2553 = ORIENTED_EDGE ( 'NONE', *, *, #3346, .F. ) ;
#2554 = EDGE_CURVE ( 'NONE', #1644, #896, #48, .T. ) ;
#2555 = CARTESIAN_POINT ( 'NONE',  ( 0.6949669503872402121, 3.000000000000000000, 0.6406231558444533958 ) ) ;
#2556 = EDGE_CURVE ( 'NONE', #909, #2382, #2151, .T. ) ;
#2557 = CARTESIAN_POINT ( 'NONE',  ( 1.184167318034299088, 2.999900000000000233, -0.8007830941555468263 ) ) ;
#2558 = FILL_AREA_STYLE_COLOUR ( '', #2010 ) ;
#2559 = VERTEX_POINT ( 'NONE', #1584 ) ;
#2560 = FILL_AREA_STYLE_COLOUR ( '', #1095 ) ;
#2561 = CARTESIAN_POINT ( 'NONE',  ( 1.694961377924933066, 3.000000000000000444, 1.236285770879197665 ) ) ;
#2562 = VECTOR ( 'NONE', #926, 1000.000000000000000 ) ;
#2563 = DIRECTION ( 'NONE',  ( -1.000000000000000000, -0.000000000000000000, -0.000000000000000000 ) ) ;
#2564 = CARTESIAN_POINT ( 'NONE',  ( 0.7075269973100262177, 3.000000000000000888, -0.4930945860905305289 ) ) ;
#2565 = CARTESIAN_POINT ( 'NONE',  ( 1.694050612121599242, 3.000000000000000444, -0.4398339071532778588 ) ) ;
#2566 = ADVANCED_FACE ( 'NONE', ( #736 ), #128, .F. ) ;
#2567 = CARTESIAN_POINT ( 'NONE',  ( 0.7210980718333990236, 2.999900000000001121, -0.2489689966988314074 ) ) ;
#2568 = CARTESIAN_POINT ( 'NONE',  ( 0.7471268768578285258, 2.999900000000000233, -1.061352947096723343 ) ) ;
#2569 = CARTESIAN_POINT ( 'NONE',  ( 0.2031441119287660524, 2.999900000000000233, -0.1458212598425193962 ) ) ;
#2570 = ORIENTED_EDGE ( 'NONE', *, *, #2349, .T. ) ;
#2571 = FILL_AREA_STYLE_COLOUR ( '', #3483 ) ;
#2572 = PLANE ( 'NONE',  #243 ) ;
#2573 = ORIENTED_EDGE ( 'NONE', *, *, #2800, .T. ) ;
#2574 = DIRECTION ( 'NONE',  ( -0.4966835351851229818, 0.000000000000000000, 0.8679317172888709742 ) ) ;
#2575 = CARTESIAN_POINT ( 'NONE',  ( 0.4387693087791625923, 3.000000000000000000, 0.4607834645669304785 ) ) ;
#2576 = CARTESIAN_POINT ( 'NONE',  ( 1.694966950387240434, 2.999900000000000677, 0.6330404352562182257 ) ) ;
#2577 = VECTOR ( 'NONE', #2218, 1000.000000000000114 ) ;
#2578 = EDGE_CURVE ( 'NONE', #790, #1793, #2507, .T. ) ;
#2579 = DIRECTION ( 'NONE',  ( 1.000000000000000000, 0.000000000000000000, 0.000000000000000000 ) ) ;
#2580 = PRESENTATION_LAYER_ASSIGNMENT (  '', '', ( #2233 ) ) ;
#2581 = CARTESIAN_POINT ( 'NONE',  ( 1.694884334082952693, 2.999999999999999556, -0.2125850670272729781 ) ) ;
#2582 = AXIS2_PLACEMENT_3D ( 'NONE', #1639, #1096, #751 ) ;
#2583 = ORIENTED_EDGE ( 'NONE', *, *, #3296, .T. ) ;
#2584 = CARTESIAN_POINT ( 'NONE',  ( -1.843529790660226375, 2.999900000000000233, 1.597050532934600975 ) ) ;
#2585 = VECTOR ( 'NONE', #1811, 1000.000000000000000 ) ;
#2586 = CARTESIAN_POINT ( 'NONE',  ( 1.689871298297997981, 3.000000000000001332, -0.1302351063733241665 ) ) ;
#2587 = ORIENTED_EDGE ( 'NONE', *, *, #90, .T. ) ;
#2588 = SURFACE_STYLE_USAGE ( .BOTH. , #592 ) ;
#2589 = ORIENTED_EDGE ( 'NONE', *, *, #2841, .T. ) ;
#2590 = CARTESIAN_POINT ( 'NONE',  ( 0.1952023796453038751, 2.999900000000000233, 0.4281283464566952301 ) ) ;
#2591 = ORIENTED_EDGE ( 'NONE', *, *, #2834, .F. ) ;
#2592 = CARTESIAN_POINT ( 'NONE',  ( -1.008836990433439107, 2.999900000000000233, -0.2119086614173194272 ) ) ;
#2593 = CARTESIAN_POINT ( 'NONE',  ( 0.7108649602054266659, 2.999899999999999789, -0.3501276458642908485 ) ) ;
#2594 = B_SPLINE_CURVE_WITH_KNOTS ( 'NONE', 3,
 ( #1348, #3289, #712, #1640, #1369, #767, #2792, #217, #3648, #2484, #3584 ),
 .UNSPECIFIED., .F., .F.,
 ( 4, 1, 1, 1, 1, 1, 1, 1, 4 ),
 ( 0.000000000000000000, 0.08269940838263042937, 0.1609352856402981036, 0.2384022412677357095, 0.3252932597831265094, 0.4321161260274621330, 0.5729322032451386049, 0.7592645677637475110, 1.000000000000000000 ),
 .UNSPECIFIED. ) ;
#2595 = CARTESIAN_POINT ( 'NONE',  ( 1.686483065428980410, 2.999900000000000233, -1.079152373678758714 ) ) ;
#2596 = EDGE_CURVE ( 'NONE', #2306, #937, #2208, .T. ) ;
#2597 = VECTOR ( 'NONE', #3208, 1000.000000000000114 ) ;
#2598 = CARTESIAN_POINT ( 'NONE',  ( 0.7211376614994803314, 2.999900000000001565, 1.295992180644156999 ) ) ;
#2599 = ORIENTED_EDGE ( 'NONE', *, *, #1007, .T. ) ;
#2600 = SURFACE_STYLE_USAGE ( .BOTH. , #1458 ) ;
#2601 = EDGE_CURVE ( 'NONE', #2496, #2741, #1693, .T. ) ;
#2602 = ORIENTED_EDGE ( 'NONE', *, *, #1282, .F. ) ;
#2603 = DIRECTION ( 'NONE',  ( 0.000000000000000000, 0.000000000000000000, 1.000000000000000000 ) ) ;
#2604 = ORIENTED_EDGE ( 'NONE', *, *, #1681, .T. ) ;
#2605 = CARTESIAN_POINT ( 'NONE',  ( -1.843529790660224821, 2.999900000000000233, -1.597050532934600531 ) ) ;
#2606 = CARTESIAN_POINT ( 'NONE',  ( 1.668360285013242628, 2.999999999999999556, 0.5626284551345802631 ) ) ;
#2607 = UNCERTAINTY_MEASURE_WITH_UNIT (LENGTH_MEASURE( 1.000000000000000082E-05 ), #1804, 'distance_accuracy_value', 'NONE');
#2608 = ORIENTED_EDGE ( 'NONE', *, *, #1231, .T. ) ;
#2609 = CARTESIAN_POINT ( 'NONE',  ( 1.678431273444241256, 2.999900000000000233, -0.3379787101591259502 ) ) ;
#2610 = CARTESIAN_POINT ( 'NONE',  ( 0.07224726153506878801, 3.000000000000000000, 0.8305275590551202125 ) ) ;
#2611 = DIRECTION ( 'NONE',  ( -0.5103313329909725526, 0.000000000000000000, -0.8599778663242776400 ) ) ;
#2612 = CARTESIAN_POINT ( 'NONE',  ( -1.008836990433439107, 2.999900000000000233, -0.2119086614173194272 ) ) ;
#2613 = EDGE_LOOP ( 'NONE', ( #3279, #1822, #2772, #1378, #2887, #6, #1319, #381, #2654, #1504, #3488, #1360, #1180, #890, #3198, #2060 ) ) ;
#2614 = DIRECTION ( 'NONE',  ( -0.8701091694029016166, 0.000000000000000000, 0.4928590400114342684 ) ) ;
#2615 = APPLICATION_CONTEXT ( 'automotive_design' ) ;
#2616 = CARTESIAN_POINT ( 'NONE',  ( 0.6954092308500674502, 2.999899999999999345, 1.249981264267110648 ) ) ;
#2617 = CARTESIAN_POINT ( 'NONE',  ( 0.7025245258168983931, 2.999999999999999556, 0.3357288482305430533 ) ) ;
#2618 = CARTESIAN_POINT ( 'NONE',  ( 1.691020684309345157, 2.999900000000000233, 1.295068937084127070 ) ) ;
#2619 = CARTESIAN_POINT ( 'NONE',  ( 1.694966950387240212, 3.000000000000000000, 0.4198051411385707032 ) ) ;
#2620 = ORIENTED_EDGE ( 'NONE', *, *, #948, .T. ) ;
#2621 =( NAMED_UNIT ( * ) PLANE_ANGLE_UNIT ( ) SI_UNIT ( $, .RADIAN. ) );
#2622 = EDGE_CURVE ( 'NONE', #2937, #2370, #2730, .T. ) ;
#2623 = CARTESIAN_POINT ( 'NONE',  ( 0.6975049517387400533, 2.999900000000001121, -0.1362917807751811705 ) ) ;
#2624 = CARTESIAN_POINT ( 'NONE',  ( 1.656409784731315504, 3.000000000000001332, 0.5672127162918170207 ) ) ;
#2625 = UNCERTAINTY_MEASURE_WITH_UNIT (LENGTH_MEASURE( 1.000000000000000082E-05 ), #3284, 'distance_accuracy_value', 'NONE');
#2626 = ORIENTED_EDGE ( 'NONE', *, *, #3130, .F. ) ;
#2627 = MECHANICAL_DESIGN_GEOMETRIC_PRESENTATION_REPRESENTATION (  '', ( #1675 ), #3537 ) ;
#2628 = CARTESIAN_POINT ( 'NONE',  ( 0.6950230845708413874, 2.999899999999999789, 1.208016864795694145 ) ) ;
#2629 = DIRECTION ( 'NONE',  ( -0.000000000000000000, -0.000000000000000000, 1.000000000000000000 ) ) ;
#2630 = SURFACE_SIDE_STYLE ('',( #2499 ) ) ;
#2631 = LINE ( 'NONE', #1454, #326 ) ;
#2632 = CARTESIAN_POINT ( 'NONE',  ( 0.6982882561173680003, 2.999899999999999789, -0.3646645206200928024 ) ) ;
#2633 = VERTEX_POINT ( 'NONE', #2256 ) ;
#2634 = LINE ( 'NONE', #587, #3089 ) ;
#2635 = PLANE ( 'NONE',  #3220 ) ;
#2636 = ORIENTED_EDGE ( 'NONE', *, *, #831, .F. ) ;
#2637 = EDGE_CURVE ( 'NONE', #191, #310, #488, .T. ) ;
#2638 = LINE ( 'NONE', #1219, #973 ) ;
#2639 = DIRECTION ( 'NONE',  ( -0.8660872391925199532, 0.000000000000000000, -0.4998928826337484255 ) ) ;
#2640 = ORIENTED_EDGE ( 'NONE', *, *, #285, .F. ) ;
#2641 = PLANE ( 'NONE',  #1274 ) ;
#2642 = B_SPLINE_CURVE_WITH_KNOTS ( 'NONE', 3,
 ( #1601, #2168, #516, #1656, #3021, #456, #2750, #2464, #3605, #1042, #2186 ),
 .UNSPECIFIED., .F., .F.,
 ( 4, 1, 1, 1, 1, 1, 1, 1, 4 ),
 ( 0.000000000000000000, 0.1528910399261259045, 0.2655498866055905904, 0.3469726293230774861, 0.4171409348174465181, 0.5027291515886440632, 0.6212628926146340769, 0.7862933040589764611, 0.9999999999999998890 ),
 .UNSPECIFIED. ) ;
#2643 = VECTOR ( 'NONE', #1131, 1000.000000000000227 ) ;
#2644 = DIRECTION ( 'NONE',  ( 1.000000000000000000, 0.000000000000000000, 0.000000000000000000 ) ) ;
#2645 = CARTESIAN_POINT ( 'NONE',  ( 0.6949870368931667652, 2.999999999999999556, -0.4263959090736419988 ) ) ;
#2646 = EDGE_CURVE ( 'NONE', #1155, #790, #1390, .T. ) ;
#2647 = CARTESIAN_POINT ( 'NONE',  ( 1.694951558879835396, 2.999900000000001121, 1.223865353339638640 ) ) ;
#2648 = EDGE_LOOP ( 'NONE', ( #2229, #3404, #170, #114 ) ) ;
#2649 = CARTESIAN_POINT ( 'NONE',  ( 0.7420627163094615231, 2.999899999999999789, -0.2404338832360143341 ) ) ;
#2650 = CARTESIAN_POINT ( 'NONE',  ( -0.7849999999999994760, -0.1000000000000000056, -1.625000000000000000 ) ) ;
#2651 = FILL_AREA_STYLE ('',( #2014 ) ) ;
#2652 = CARTESIAN_POINT ( 'NONE',  ( -1.701719806763284604, 3.000000000000000000, -1.597050532934600531 ) ) ;
#2653 = DIRECTION ( 'NONE',  ( -0.4966835351851230929, 0.000000000000000000, 0.8679317172888709742 ) ) ;
#2654 = ORIENTED_EDGE ( 'NONE', *, *, #965, .T. ) ;
#2655 = CARTESIAN_POINT ( 'NONE',  ( 0.7108521438061915498, 2.999999999999999556, 0.5743668772305134951 ) ) ;
#2656 = MECHANICAL_DESIGN_GEOMETRIC_PRESENTATION_REPRESENTATION (  '', ( #852 ), #1999 ) ;
#2657 = CARTESIAN_POINT ( 'NONE',  ( 1.642807023916652120, 2.999900000000000233, 0.4724246264326883438 ) ) ;
#2658 = ORIENTED_EDGE ( 'NONE', *, *, #2317, .T. ) ;
#2659 = DIRECTION ( 'NONE',  ( -0.000000000000000000, 1.000000000000000000, -0.000000000000000000 ) ) ;
#2660 = VECTOR ( 'NONE', #2718, 1000.000000000000000 ) ;
#2661 = CARTESIAN_POINT ( 'NONE',  ( -0.1632645494885593962, 2.999900000000000233, -0.6440314960629905938 ) ) ;
#2662 = CARTESIAN_POINT ( 'NONE',  ( 0.7186342297990050421, 2.999900000000000677, 0.3219191117268060953 ) ) ;
#2663 = ORIENTED_EDGE ( 'NONE', *, *, #115, .T. ) ;
#2664 = CARTESIAN_POINT ( 'NONE',  ( 0.7186342297990049310, 2.999900000000000233, 0.7159908029032769905 ) ) ;
#2665 = CARTESIAN_POINT ( 'NONE',  ( 0.7186342297990050421, 3.000000000000000444, -0.5016103000378998589 ) ) ;
#2666 = CARTESIAN_POINT ( 'NONE',  ( 1.671299670975475493, 2.999900000000000233, 1.162681979373865193 ) ) ;
#2667 = ORIENTED_EDGE ( 'NONE', *, *, #3434, .F. ) ;
#2668 = EDGE_CURVE ( 'NONE', #989, #3052, #3701, .T. ) ;
#2669 = CARTESIAN_POINT ( 'NONE',  ( 0.6975102315642286444, 2.999899999999999789, 1.177637547268148843 ) ) ;
#2670 = ORIENTED_EDGE ( 'NONE', *, *, #3270, .F. ) ;
#2671 = EDGE_CURVE ( 'NONE', #896, #714, #839, .T. ) ;
#2672 = CARTESIAN_POINT ( 'NONE',  ( 0.7210980718333990236, 2.999900000000001121, 0.5745604150658749631 ) ) ;
#2673 = DIRECTION ( 'NONE',  ( 0.8604455470465083300, 0.000000000000000000, -0.5095424031107078644 ) ) ;
#2674 = VECTOR ( 'NONE', #257, 1000.000000000000000 ) ;
#2675 = CARTESIAN_POINT ( 'NONE',  ( 1.694962688120278616, 3.000000000000000000, -1.006662582330839273 ) ) ;
#2676 = LINE ( 'NONE', #944, #433 ) ;
#2677 = ORIENTED_EDGE ( 'NONE', *, *, #1671, .T. ) ;
#2678 = VECTOR ( 'NONE', #2880, 1000.000000000000000 ) ;
#2679 = CARTESIAN_POINT ( 'NONE',  ( 1.604999999999999538, -0.1000000000000000056, -1.625000000000000444 ) ) ;
#2680 = CARTESIAN_POINT ( 'NONE',  ( -1.101834628228715252, 2.999900000000000233, -0.006963779527552688836 ) ) ;
#2681 = DIRECTION ( 'NONE',  ( 1.000000000000000000, 0.000000000000000000, -2.644395542647572752E-16 ) ) ;
#2682 = CARTESIAN_POINT ( 'NONE',  ( 1.642807023916652120, 3.000000000000000000, 1.295954038197394631 ) ) ;
#2683 = LINE ( 'NONE', #3286, #1734 ) ;
#2684 = CARTESIAN_POINT ( 'NONE',  ( 0.7025367830279435344, 3.000000000000000000, 0.4687284209396135881 ) ) ;
#2685 = CARTESIAN_POINT ( 'NONE',  ( 0.7074508662698738570, 2.999999999999999556, -0.9386622135908385678 ) ) ;
#2686 = ADVANCED_FACE ( 'NONE', ( #481 ), #2773, .F. ) ;
#2687 = CARTESIAN_POINT ( 'NONE',  ( 0.6950256249081664395, 2.999900000000001121, -0.1642129029779512417 ) ) ;
#2688 = EDGE_LOOP ( 'NONE', ( #3030, #2420, #1321, #2044 ) ) ;
#2689 = CARTESIAN_POINT ( 'NONE',  ( 0.7108521438061915498, 2.999899999999999789, -0.2491625345341925979 ) ) ;
#2690 = EDGE_LOOP ( 'NONE', ( #1292, #1221, #1474, #1, #63, #968, #3608, #3138, #1592, #984, #1251, #672, #2796, #1607, #400, #726 ) ) ;
#2691 = CARTESIAN_POINT ( 'NONE',  ( 1.693265861239841241, 3.000000000000000000, -1.054860527868375808 ) ) ;
#2692 = CARTESIAN_POINT ( 'NONE',  ( 0.7186342297990049310, 3.000000000000000000, 0.7159908029032769905 ) ) ;
#2693 = B_SPLINE_SURFACE_WITH_KNOTS ( 'NONE', 3, 1, ( 
 ( #3546, #979 ),
 ( #693, #19 ),
 ( #2569, #2854 ),
 ( #1150, #2287 ) ),
 .UNSPECIFIED., .F., .F., .F.,
 ( 4, 4 ),
 ( 2, 2 ),
 ( 0.8181818181818183433, 0.9090909090909092827 ),
 ( 0.000000000000000000, 1.000000000000000000 ),
 .UNSPECIFIED. ) ;
#2694 = FACE_OUTER_BOUND ( 'NONE', #1702, .T. ) ;
#2695 = CARTESIAN_POINT ( 'NONE',  ( 0.6957715594782748481, 2.999900000000000233, -0.1482982443289040941 ) ) ;
#2696 = ORIENTED_EDGE ( 'NONE', *, *, #2754, .T. ) ;
#2697 = B_SPLINE_CURVE_WITH_KNOTS ( 'NONE', 3,
 ( #3265, #2144, #2704, #1879, #2746, #1263, #691, #3525, #2396, #3543, #2662 ),
 .UNSPECIFIED., .F., .F.,
 ( 4, 1, 1, 1, 1, 1, 1, 1, 4 ),
 ( 0.000000000000000000, 0.2339648385054096391, 0.4198783559695586920, 0.5659151998979445874, 0.6801214999993746568, 0.7723010949812563197, 0.8443163158709258154, 0.9185860088431500037, 0.9999999999999998890 ),
 .UNSPECIFIED. ) ;
#2698 = CARTESIAN_POINT ( 'NONE',  ( 0.7186342297990049310, 2.999900000000000233, -0.1075386088614292829 ) ) ;
#2699 = FACE_OUTER_BOUND ( 'NONE', #853, .T. ) ;
#2700 = EDGE_CURVE ( 'NONE', #1102, #3595, #912, .T. ) ;
#2701 = CARTESIAN_POINT ( 'NONE',  ( 0.6958075284347930989, 2.999900000000000677, 0.3674439216072413195 ) ) ;
#2702 = LINE ( 'NONE', #3016, #1651 ) ;
#2703 =( NAMED_UNIT ( * ) PLANE_ANGLE_UNIT ( ) SI_UNIT ( $, .RADIAN. ) );
#2704 = CARTESIAN_POINT ( 'NONE',  ( 0.6950230845708413874, 2.999900000000000677, 0.3844874530309878580 ) ) ;
#2705 = VECTOR ( 'NONE', #474, 1000.000000000000000 ) ;
#2706 = ORIENTED_EDGE ( 'NONE', *, *, #2767, .F. ) ;
#2707 = DIRECTION ( 'NONE',  ( -0.000000000000000000, 1.000000000000000000, -0.000000000000000000 ) ) ;
#2708 = DIRECTION ( 'NONE',  ( -0.000000000000000000, 1.000000000000000000, -0.000000000000000000 ) ) ;
#2709 = EDGE_LOOP ( 'NONE', ( #2291, #771, #3287, #753 ) ) ;
#2710 = VERTEX_POINT ( 'NONE', #3168 ) ;
#2711 = CARTESIAN_POINT ( 'NONE',  ( 1.694937146817276918, 2.999999999999999556, -1.021989482905989233 ) ) ;
#2712 = LINE ( 'NONE', #942, #2485 ) ;
#2713 = AXIS2_PLACEMENT_3D ( 'NONE', #3563, #1842, #2728 ) ;
#2714 = SURFACE_STYLE_USAGE ( .BOTH. , #2777 ) ;
#2715 = DIRECTION ( 'NONE',  ( -0.000000000000000000, 1.000000000000000000, -0.000000000000000000 ) ) ;
#2716 = VERTEX_POINT ( 'NONE', #2066 ) ;
#2717 = CARTESIAN_POINT ( 'NONE',  ( 1.692703783910344928, 2.999899999999999789, -0.1399931739601677771 ) ) ;
#2718 = DIRECTION ( 'NONE',  ( 0.000000000000000000, 0.000000000000000000, 1.000000000000000000 ) ) ;
#2719 = ORIENTED_EDGE ( 'NONE', *, *, #1306, .T. ) ;
#2720 = ADVANCED_FACE ( 'NONE', ( #3207 ), #875, .T. ) ;
#2721 = EDGE_CURVE ( 'NONE', #75, #593, #1158, .T. ) ;
#2722 = CARTESIAN_POINT ( 'NONE',  ( 1.184167318034299088, 2.999900000000000233, -0.8007830941555468263 ) ) ;
#2723 = LINE ( 'NONE', #746, #367 ) ;
#2724 = CARTESIAN_POINT ( 'NONE',  ( 1.184167318034298866, 3.000000000000000000, -0.8007830941555468263 ) ) ;
#2725 = CARTESIAN_POINT ( 'NONE',  ( 0.7186342297990049310, 3.000000000000000000, 1.145448523491512161 ) ) ;
#2726 = ORIENTED_EDGE ( 'NONE', *, *, #2176, .T. ) ;
#2727 = CARTESIAN_POINT ( 'NONE',  ( 0.6957715594782747370, 2.999900000000000233, -0.9718276560936097708 ) ) ;
#2728 = DIRECTION ( 'NONE',  ( -4.752144688529600240E-16, 0.000000000000000000, 1.000000000000000000 ) ) ;
#2729 = EDGE_CURVE ( 'NONE', #2370, #2403, #1724, .T. ) ;
#2730 = B_SPLINE_CURVE_WITH_KNOTS ( 'NONE', 3,
 ( #1067, #1084, #1135, #532, #1661, #1677, #3686, #791, #821, #3087, #1116 ),
 .UNSPECIFIED., .F., .F.,
 ( 4, 1, 1, 1, 1, 1, 1, 1, 4 ),
 ( 0.000000000000000000, 0.2009044012478304608, 0.3599846282170893197, 0.4835952109184654124, 0.5715364693554777498, 0.6460191871590642565, 0.7285858147531649731, 0.8430130251172089917, 0.9999999999999998890 ),
 .UNSPECIFIED. ) ;
#2731 = CARTESIAN_POINT ( 'NONE',  ( 1.668356728445578474, 3.000000000000000444, -0.3386107115238264909 ) ) ;
#2732 = EDGE_LOOP ( 'NONE', ( #3408, #3194, #2119, #3023 ) ) ;
#2733 = VERTEX_POINT ( 'NONE', #1464 ) ;
#2734 = CARTESIAN_POINT ( 'NONE',  ( 0.6962516497033199858, 2.999900000000000677, 0.6027732123533547925 ) ) ;
#2735 = CARTESIAN_POINT ( 'NONE',  ( 1.691048645160770691, 2.999900000000000233, 0.5780369568616600118 ) ) ;
#2736 = CARTESIAN_POINT ( 'NONE',  ( 0.6950570517042601315, 3.000000000000000444, -1.013709321698763599 ) ) ;
#2737 = EDGE_LOOP ( 'NONE', ( #2933, #2049, #1467, #3050 ) ) ;
#2738 = FACE_BOUND ( 'NONE', #2140, .T. ) ;
#2739 = ADVANCED_FACE ( 'NONE', ( #39 ), #2888, .F. ) ;
#2740 = CARTESIAN_POINT ( 'NONE',  ( 1.690073583634706056, 2.999900000000000233, -1.070294297970910469 ) ) ;
#2741 = VERTEX_POINT ( 'NONE', #1500 ) ;
#2742 = VECTOR ( 'NONE', #291, 1000.000000000000000 ) ;
#2743 = CARTESIAN_POINT ( 'NONE',  ( 1.691048645160770691, 3.000000000000000000, -0.2454924549030464698 ) ) ;
#2744 = DIRECTION ( 'NONE',  ( -0.8599778663242775290, 0.000000000000000000, 0.5103313329909726637 ) ) ;
#2745 = CARTESIAN_POINT ( 'NONE',  ( 1.694966950387240434, 3.000000000000000444, 0.6330404352562182257 ) ) ;
#2746 = CARTESIAN_POINT ( 'NONE',  ( 0.6975102315642288664, 2.999900000000000233, 0.3541081355034425560 ) ) ;
#2747 = B_SPLINE_CURVE_WITH_KNOTS ( 'NONE', 3,
 ( #994, #671, #3226, #2461, #977, #2437, #1577, #1596, #729, #953, #2725 ),
 .UNSPECIFIED., .F., .F.,
 ( 4, 1, 1, 1, 1, 1, 1, 1, 4 ),
 ( 0.000000000000000000, 0.2339648385054086954, 0.4198783559695580814, 0.5659151998979448095, 0.6801214999993731025, 0.7723010949812566528, 0.8443163158709260374, 0.9185860088431486714, 1.000000000000000000 ),
 .UNSPECIFIED. ) ;
#2748 = DIRECTION ( 'NONE',  ( -0.8660872391925199532, 0.000000000000000000, -0.4998928826337484255 ) ) ;
#2749 = CARTESIAN_POINT ( 'NONE',  ( 1.690244320670792222, 2.999999999999999556, -0.4624787726038530611 ) ) ;
#2750 = CARTESIAN_POINT ( 'NONE',  ( 0.6982882561173680003, 2.999899999999999789, 0.4588648911446127632 ) ) ;
#2751 = CARTESIAN_POINT ( 'NONE',  ( 1.647798083292064453, 2.999900000000000233, -0.3482992670550334458 ) ) ;
#2752 = ORIENTED_EDGE ( 'NONE', *, *, #2817, .F. ) ;
#2753 = ORIENTED_EDGE ( 'NONE', *, *, #1667, .T. ) ;
#2754 = EDGE_CURVE ( 'NONE', #741, #2510, #2359, .T. ) ;
#2755 = CARTESIAN_POINT ( 'NONE',  ( 1.642807023916652343, 3.000000000000000444, -1.072382358861429408 ) ) ;
#2756 = B_SPLINE_CURVE_WITH_KNOTS ( 'NONE', 3,
 ( #2973, #2429, #683, #1546, #2222, #967, #658, #2695, #3369, #1238, #1512 ),
 .UNSPECIFIED., .F., .F.,
 ( 4, 1, 1, 1, 1, 1, 1, 1, 4 ),
 ( 0.000000000000000000, 0.08269940838263031835, 0.1609352856402979093, 0.2384022412677354041, 0.3252932597831261208, 0.4321161260274616334, 0.5729322032451379387, 0.7592645677637452906, 1.000000000000000000 ),
 .UNSPECIFIED. ) ;
#2757 = CARTESIAN_POINT ( 'NONE',  ( 0.6957715594782748481, 3.000000000000000000, 0.6752311674358022486 ) ) ;
#2758 = CARTESIAN_POINT ( 'NONE',  ( 0.7210980718333989126, 2.999900000000000233, -1.072498408463537167 ) ) ;
#2759 = ORIENTED_EDGE ( 'NONE', *, *, #2442, .F. ) ;
#2760 = CARTESIAN_POINT ( 'NONE',  ( -0.4373228172050933060, 3.000000000000000000, -0.3764385826771631249 ) ) ;
#2761 = ORIENTED_EDGE ( 'NONE', *, *, #3296, .F. ) ;
#2762 = CARTESIAN_POINT ( 'NONE',  ( 1.690244320670791556, 2.999899999999999345, 1.184580050925558625 ) ) ;
#2763 = B_SPLINE_SURFACE_WITH_KNOTS ( 'NONE', 3, 1, ( 
 ( #2331, #70 ),
 ( #327, #1792 ),
 ( #886, #3201 ),
 ( #2312, #1476 ),
 ( #2935, #389 ),
 ( #14, #2079 ),
 ( #1179, #1217 ),
 ( #2353, #3181 ),
 ( #3221, #2581 ),
 ( #368, #642 ),
 ( #1241, #1515 ) ),
 .UNSPECIFIED., .F., .F., .F.,
 ( 4, 1, 1, 1, 1, 1, 1, 1, 4 ),
 ( 2, 2 ),
 ( 0.000000000000000000, 0.1506145446497698381, 0.2596734740599809244, 0.3388177727155975427, 0.4102835628096075382, 0.5019338459622277870, 0.6260648387140319571, 0.7889788725463112717, 1.000000000000000000 ),
 ( 0.000000000000000000, 1.000000000000000000 ),
 .UNSPECIFIED. ) ;
#2764 = CARTESIAN_POINT ( 'NONE',  ( -1.065196832953125838, 3.000000000000000000, -0.5028637795275556766 ) ) ;
#2765 = CARTESIAN_POINT ( 'NONE',  ( 1.184167318034299088, 2.999900000000000233, 0.02274631760915894751 ) ) ;
#2766 = LINE ( 'NONE', #3057, #2577 ) ;
#2767 = EDGE_CURVE ( 'NONE', #2382, #2950, #3135, .T. ) ;
#2768 = PLANE ( 'NONE',  #971 ) ;
#2769 = CARTESIAN_POINT ( 'NONE',  ( 1.642807023916652343, 2.999900000000000677, 0.5746764646679829447 ) ) ;
#2770 = ORIENTED_EDGE ( 'NONE', *, *, #3280, .T. ) ;
#2771 = CARTESIAN_POINT ( 'NONE',  ( 0.7420627163094615231, 2.999999999999999556, 0.5830955285286918421 ) ) ;
#2772 = ORIENTED_EDGE ( 'NONE', *, *, #1117, .T. ) ;
#2773 = PLANE ( 'NONE',  #1400 ) ;
#2774 = ADVANCED_FACE ( 'NONE', ( #2856 ), #2289, .T. ) ;
#2775 = CARTESIAN_POINT ( 'NONE',  ( -0.5404921085436723560, 2.999900000000000233, 0.6632763779527598436 ) ) ;
#2776 = VECTOR ( 'NONE', #3123, 1000.000000000000000 ) ;
#2777 = SURFACE_SIDE_STYLE ('',( #1317 ) ) ;
#2778 = ORIENTED_EDGE ( 'NONE', *, *, #3280, .F. ) ;
#2779 = VECTOR ( 'NONE', #1407, 1000.000000000000000 ) ;
#2780 = DIRECTION ( 'NONE',  ( 0.000000000000000000, 1.000000000000000000, 0.000000000000000000 ) ) ;
#2781 = ORIENTED_EDGE ( 'NONE', *, *, #504, .T. ) ;
#2782 = VECTOR ( 'NONE', #3582, 1000.000000000000000 ) ;
#2783 = B_SPLINE_CURVE_WITH_KNOTS ( 'NONE', 3,
 ( #2927, #315, #3458, #3510 ),
 .UNSPECIFIED., .F., .F.,
 ( 4, 4 ),
 ( 0.6363636363636364646, 0.7272727272727274039 ),
 .UNSPECIFIED. ) ;
#2784 = MECHANICAL_DESIGN_GEOMETRIC_PRESENTATION_REPRESENTATION (  '', ( #3073 ), #1636 ) ;
#2785 = LINE ( 'NONE', #1381, #2492 ) ;
#2786 = EDGE_CURVE ( 'NONE', #1783, #188, #2147, .T. ) ;
#2787 = CARTESIAN_POINT ( 'NONE',  ( 1.656402406387030846, 3.000000000000000444, 1.303596121998508162 ) ) ;
#2788 = SURFACE_STYLE_USAGE ( .BOTH. , #2197 ) ;
#2789 = CARTESIAN_POINT ( 'NONE',  ( 1.694966950387240434, 3.000000000000000444, 0.6330404352562182257 ) ) ;
#2790 = PLANE ( 'NONE',  #2876 ) ;
#2791 = CARTESIAN_POINT ( 'NONE',  ( -0.7104787227169065966, 3.000000000000000000, -0.3389055118110217424 ) ) ;
#2792 = CARTESIAN_POINT ( 'NONE',  ( 0.6975049517387400533, 2.999900000000000677, -0.9598211925398869582 ) ) ;
#2793 = CARTESIAN_POINT ( 'NONE',  ( 1.677578225062696049, 2.999900000000000677, 0.3429430525809133434 ) ) ;
#2794 = ORIENTED_EDGE ( 'NONE', *, *, #1355, .F. ) ;
#2795 = CARTESIAN_POINT ( 'NONE',  ( 1.689871298297997981, 3.000000000000000888, 0.6932943053913822595 ) ) ;
#2796 = ORIENTED_EDGE ( 'NONE', *, *, #2646, .F. ) ;
#2797 = PRODUCT ( 'XGL4030', 'XGL4030', '', ( #1232 ) ) ;
#2798 = CARTESIAN_POINT ( 'NONE',  ( 0.6949870368931666542, 2.999999999999999556, 1.220662914455770132 ) ) ;
#2799 = VECTOR ( 'NONE', #2477, 1000.000000000000227 ) ;
#2800 = EDGE_CURVE ( 'NONE', #3306, #1287, #730, .T. ) ;
#2801 = VERTEX_POINT ( 'NONE', #1327 ) ;
#2802 = EDGE_CURVE ( 'NONE', #479, #1644, #2237, .T. ) ;
#2803 = SURFACE_SIDE_STYLE ('',( #225 ) ) ;
#2804 = CARTESIAN_POINT ( 'NONE',  ( 1.694055144851020378, 3.000000000000000000, -0.9766110621223713650 ) ) ;
#2805 = B_SPLINE_CURVE_WITH_KNOTS ( 'NONE', 3,
 ( #1495, #628, #1262, #3487, #2618, #908, #97, #332, #3203, #2082, #74 ),
 .UNSPECIFIED., .F., .F.,
 ( 4, 1, 1, 1, 1, 1, 1, 1, 4 ),
 ( 0.000000000000000000, 0.2090174448045485911, 0.3701215845098696500, 0.4868884033316097648, 0.5748632755078614265, 0.6458207185090941715, 0.7281441267704350517, 0.8423061535616733764, 1.000000000000000000 ),
 .UNSPECIFIED. ) ;
#2806 = CARTESIAN_POINT ( 'NONE',  ( 1.694966950387240434, 3.000000000000000444, -0.1904889765084882003 ) ) ;
#2807 = CARTESIAN_POINT ( 'NONE',  ( 0.6954092308500674502, 2.999999999999999112, 1.249981264267110648 ) ) ;
#2808 = CARTESIAN_POINT ( 'NONE',  ( 0.7186342297990050421, 2.999900000000000677, -0.5016103000378998589 ) ) ;
#2809 = CARTESIAN_POINT ( 'NONE',  ( 1.671299670975475493, 3.000000000000000000, 0.3391525676091589059 ) ) ;
#2810 = CARTESIAN_POINT ( 'NONE',  ( 1.671299670975475493, 2.999900000000000233, -0.1098364029790764168 ) ) ;
#2811 = CARTESIAN_POINT ( 'NONE',  ( 1.677578225062696049, 3.000000000000000444, 0.3429430525809133434 ) ) ;
#2812 = ORIENTED_EDGE ( 'NONE', *, *, #1007, .F. ) ;
#2813 = CARTESIAN_POINT ( 'NONE',  ( 1.682633936342075032, 2.999900000000001121, -0.9405924606587581227 ) ) ;
#2814 = PLANE ( 'NONE',  #1986 ) ;
#2815 = DIRECTION ( 'NONE',  ( 0.8679317172888709742, 0.000000000000000000, 0.4966835351851229818 ) ) ;
#2816 = ORIENTED_EDGE ( 'NONE', *, *, #417, .T. ) ;
#2817 = EDGE_CURVE ( 'NONE', #1172, #551, #3547, .T. ) ;
#2818 = CARTESIAN_POINT ( 'NONE',  ( 1.693335768749239190, 2.999899999999999789, -0.3650781908108940432 ) ) ;
#2819 = LINE ( 'NONE', #244, #3392 ) ;
#2820 = CARTESIAN_POINT ( 'NONE',  ( 1.642807023916652120, 3.000000000000000000, 0.4724246264326883438 ) ) ;
#2821 = VECTOR ( 'NONE', #1250, 1000.000000000000000 ) ;
#2822 = CARTESIAN_POINT ( 'NONE',  ( 0.7131071931185160029, 2.999899999999998901, -0.4970843948827147196 ) ) ;
#2823 = CARTESIAN_POINT ( 'NONE',  ( 0.6949669503872402121, 2.999900000000000233, 0.6406231558444533958 ) ) ;
#2824 = CARTESIAN_POINT ( 'NONE',  ( 0.6952184970927525187, 2.999900000000001121, -0.2032129924333766491 ) ) ;
#2825 = LINE ( 'NONE', #788, #1388 ) ;
#2826 = ORIENTED_EDGE ( 'NONE', *, *, #3199, .T. ) ;
#2827 = CARTESIAN_POINT ( 'NONE',  ( 1.686675839746154315, 2.999899999999999345, -0.9462446849573414864 ) ) ;
#2828 = CARTESIAN_POINT ( 'NONE',  ( 0.7131071931185164470, 2.999900000000001121, 1.149974428646697744 ) ) ;
#2829 = VERTEX_POINT ( 'NONE', #980 ) ;
#2830 = DIRECTION ( 'NONE',  ( -0.8660872391925199532, 0.000000000000000000, -0.4998928826337484255 ) ) ;
#2831 = CARTESIAN_POINT ( 'NONE',  ( 1.694962688120278616, 3.000000000000000000, -1.006662582330839273 ) ) ;
#2832 = CARTESIAN_POINT ( 'NONE',  ( 1.671299670975475493, 2.999900000000000233, 0.7136930087856298011 ) ) ;
#2833 = CARTESIAN_POINT ( 'NONE',  ( 1.694955180068616674, 2.999999999999999112, -0.1701758003392241647 ) ) ;
#2834 = EDGE_CURVE ( 'NONE', #2950, #1727, #347, .T. ) ;
#2835 = ADVANCED_FACE ( 'NONE', ( #1523 ), #3603, .T. ) ;
#2836 = CARTESIAN_POINT ( 'NONE',  ( 0.6949669503872402121, 3.000000000000000000, -1.006435667684958402 ) ) ;
#2837 = DIRECTION ( 'NONE',  ( -0.8571493051170774313, 0.000000000000000000, -0.5150680234078905961 ) ) ;
#2838 = DIRECTION ( 'NONE',  ( -0.8660872391925199532, 0.000000000000000000, -0.4998928826337484255 ) ) ;
#2839 = ORIENTED_EDGE ( 'NONE', *, *, #1551, .T. ) ;
#2840 = CARTESIAN_POINT ( 'NONE',  ( 0.6975049517387400533, 3.000000000000000888, 0.6872376309895250612 ) ) ;
#2841 = EDGE_CURVE ( 'NONE', #1922, #989, #2085, .T. ) ;
#2842 = CARTESIAN_POINT ( 'NONE',  ( 0.7075269973100259957, 3.000000000000000000, 1.153964237438881435 ) ) ;
#2843 = CARTESIAN_POINT ( 'NONE',  ( 1.671299670975475493, 2.999900000000000233, 0.7136930087856298011 ) ) ;
#2844 = ORIENTED_EDGE ( 'NONE', *, *, #720, .T. ) ;
#2845 = CARTESIAN_POINT ( 'NONE',  ( 1.184167318034299088, 3.000000000000000000, -0.8007830941555468263 ) ) ;
#2846 = VECTOR ( 'NONE', #1187, 1000.000000000000000 ) ;
#2847 = ADVANCED_FACE ( 'NONE', ( #3228 ), #1247, .F. ) ;
#2848 = CARTESIAN_POINT ( 'NONE',  ( 0.6954092308500674502, 2.999899999999999345, 1.249981264267110648 ) ) ;
#2849 = CARTESIAN_POINT ( 'NONE',  ( 0.6975102315642288664, 3.000000000000000000, -0.4694212762612633427 ) ) ;
#2850 = LINE ( 'NONE', #2039, #964 ) ;
#2851 = CARTESIAN_POINT ( 'NONE',  ( 0.6952184970927525187, 3.000000000000000888, -0.2032129924333766491 ) ) ;
#2852 = CARTESIAN_POINT ( 'NONE',  ( 1.656402406387030402, 3.000000000000000444, 0.4800667102338018188 ) ) ;
#2853 = STYLED_ITEM ( 'NONE', ( #931 ), #3248 ) ;
#2854 = CARTESIAN_POINT ( 'NONE',  ( 0.2031441119287660524, 3.000000000000000000, -0.1458212598425193962 ) ) ;
#2855 = VERTEX_POINT ( 'NONE', #162 ) ;
#2856 = FACE_OUTER_BOUND ( 'NONE', #2648, .T. ) ;
#2857 =( LENGTH_UNIT ( ) NAMED_UNIT ( * ) SI_UNIT ( .MILLI., .METRE. ) );
#2858 = ORIENTED_EDGE ( 'NONE', *, *, #556, .T. ) ;
#2859 = EDGE_CURVE ( 'NONE', #1513, #2282, #1540, .T. ) ;
#2860 = PRESENTATION_STYLE_ASSIGNMENT (( #2874 ) ) ;
#2861 = CARTESIAN_POINT ( 'NONE',  ( 0.7031561179726393274, 3.000000000000000888, -1.067196276341844108 ) ) ;
#2862 = APPLICATION_CONTEXT ( 'automotive_design' ) ;
#2863 = CARTESIAN_POINT ( 'NONE',  ( 0.7025367830279436454, 3.000000000000000888, 1.292257832704320153 ) ) ;
#2864 = CARTESIAN_POINT ( 'NONE',  ( 0.6949870368931667652, 2.999899999999999789, -0.4263959090736419988 ) ) ;
#2865 = ORIENTED_EDGE ( 'NONE', *, *, #1591, .F. ) ;
#2866 = FILL_AREA_STYLE_COLOUR ( '', #2117 ) ;
#2867 = CARTESIAN_POINT ( 'NONE',  ( 1.692703783910344928, 2.999899999999999789, -0.1399931739601677771 ) ) ;
#2868 = ORIENTED_EDGE ( 'NONE', *, *, #3038, .F. ) ;
#2869 = CARTESIAN_POINT ( 'NONE',  ( 0.7471268768578285258, 3.000000000000000000, -0.2378235353320174994 ) ) ;
#2870 = CARTESIAN_POINT ( 'NONE',  ( 0.6949669503872402121, 3.000000000000000000, 0.6406231558444533958 ) ) ;
#2871 = ORIENTED_EDGE ( 'NONE', *, *, #3549, .F. ) ;
#2872 = EDGE_CURVE ( 'NONE', #652, #1642, #454, .T. ) ;
#2873 = DIRECTION ( 'NONE',  ( -0.000000000000000000, 1.000000000000000000, -0.000000000000000000 ) ) ;
#2874 = SURFACE_STYLE_USAGE ( .BOTH. , #920 ) ;
#2875 = DIRECTION ( 'NONE',  ( 0.8679317172888708631, 0.000000000000000000, 0.4966835351851232039 ) ) ;
#2876 = AXIS2_PLACEMENT_3D ( 'NONE', #213, #2482, #2503 ) ;
#2877 = ADVANCED_FACE ( 'NONE', ( #649 ), #3314, .F. ) ;
#2878 = CARTESIAN_POINT ( 'NONE',  ( 1.694937146817276918, 2.999899999999999789, -1.021989482905989233 ) ) ;
#2879 =( GEOMETRIC_REPRESENTATION_CONTEXT ( 3 ) GLOBAL_UNCERTAINTY_ASSIGNED_CONTEXT ( ( #3171 ) ) GLOBAL_UNIT_ASSIGNED_CONTEXT ( ( #564, #580, #284 ) ) REPRESENTATION_CONTEXT ( 'NONE', 'WORKASPACE' ) );
#2880 = DIRECTION ( 'NONE',  ( -0.000000000000000000, 1.000000000000000000, -0.000000000000000000 ) ) ;
#2881 = VERTEX_POINT ( 'NONE', #2976 ) ;
#2882 = DIRECTION ( 'NONE',  ( -1.000000000000000000, 0.000000000000000000, -0.000000000000000000 ) ) ;
#2883 = VECTOR ( 'NONE', #934, 1000.000000000000000 ) ;
#2884 = SURFACE_STYLE_FILL_AREA ( #1737 ) ;
#2885 = VERTEX_POINT ( 'NONE', #150 ) ;
#2886 = CARTESIAN_POINT ( 'NONE',  ( 1.686390847390480063, 2.999999999999999112, 0.4808027176573406725 ) ) ;
#2887 = ORIENTED_EDGE ( 'NONE', *, *, #9, .T. ) ;
#2888 = PLANE ( 'NONE',  #603 ) ;
#2889 = LINE ( 'NONE', #1123, #799 ) ;
#2890 = CARTESIAN_POINT ( 'NONE',  ( -0.5806732109058809765, 3.000000000000000000, -0.5220047244094457861 ) ) ;
#2891 = EDGE_LOOP ( 'NONE', ( #57, #659, #1987, #1691 ) ) ;
#2892 = CARTESIAN_POINT ( 'NONE',  ( 0.7025245258168983931, 2.999900000000000233, 1.159258259995249452 ) ) ;
#2893 = CARTESIAN_POINT ( 'NONE',  ( 1.647798083292064453, 2.999900000000000233, -0.3482992670550334458 ) ) ;
#2894 = FACE_OUTER_BOUND ( 'NONE', #2255, .T. ) ;
#2895 = FACE_OUTER_BOUND ( 'NONE', #1001, .T. ) ;
#2896 = CARTESIAN_POINT ( 'NONE',  ( 0.7211376614994798873, 2.999900000000000677, -0.3510666428852558529 ) ) ;
#2897 = CARTESIAN_POINT ( 'NONE',  ( 1.187384229799004931, 2.999900000000000233, 0.1987573470209236526 ) ) ;
#2898 = VECTOR ( 'NONE', #825, 1000.000000000000000 ) ;
#2899 = LINE ( 'NONE', #31, #1127 ) ;
#2900 = CARTESIAN_POINT ( 'NONE',  ( 0.6975049517387400533, 3.000000000000000888, -0.1362917807751811705 ) ) ;
#2901 = DIRECTION ( 'NONE',  ( 0.000000000000000000, 0.000000000000000000, 1.000000000000000000 ) ) ;
#2902 = EDGE_LOOP ( 'NONE', ( #3688, #3555, #519, #2020 ) ) ;
#2903 = VECTOR ( 'NONE', #637, 1000.000000000000000 ) ;
#2904 = CARTESIAN_POINT ( 'NONE',  ( -0.9126810849216281385, 2.999900000000000233, -0.5326559055118056385 ) ) ;
#2905 = ORIENTED_EDGE ( 'NONE', *, *, #1964, .F. ) ;
#2906 = CARTESIAN_POINT ( 'NONE',  ( -0.1632645494885593962, 2.999900000000000233, -0.6440314960629905938 ) ) ;
#2907 = CARTESIAN_POINT ( 'NONE',  ( 1.642807023916652120, 2.999900000000000233, 0.4724246264326883438 ) ) ;
#2908 = CARTESIAN_POINT ( 'NONE',  ( 1.686483065428980188, 3.000000000000000000, 0.5679064498506534164 ) ) ;
#2909 = VECTOR ( 'NONE', #606, 1000.000000000000000 ) ;
#2910 = ORIENTED_EDGE ( 'NONE', *, *, #3190, .T. ) ;
#2911 = DIRECTION ( 'NONE',  ( 1.000000000000000000, 0.000000000000000000, 0.000000000000000000 ) ) ;
#2912 = CARTESIAN_POINT ( 'NONE',  ( 0.6949669503872402121, 3.000000000000000000, 0.4041801411385707032 ) ) ;
#2913 =( NAMED_UNIT ( * ) SI_UNIT ( $, .STERADIAN. ) SOLID_ANGLE_UNIT ( ) );
#2914 = CARTESIAN_POINT ( 'NONE',  ( 1.694966950387240212, 2.999900000000000233, -1.014018388273193905 ) ) ;
#2915 = EDGE_CURVE ( 'NONE', #2343, #3535, #1549, .T. ) ;
#2916 = CARTESIAN_POINT ( 'NONE',  ( 0.4239819072043588544, 2.999900000000000233, 0.000000000000000000 ) ) ;
#2917 = EDGE_LOOP ( 'NONE', ( #2169, #1603, #2350, #3431 ) ) ;
#2918 = CARTESIAN_POINT ( 'NONE',  ( 0.7025367830279435344, 2.999900000000000233, -0.3548009908250923106 ) ) ;
#2919 = CARTESIAN_POINT ( 'NONE',  ( 1.187384229799004931, 2.999900000000000233, 1.022286758785629912 ) ) ;
#2920 = ORIENTED_EDGE ( 'NONE', *, *, #3670, .F. ) ;
#2921 = ADVANCED_FACE ( 'NONE', ( #2472, #2738, #443, #1052, #486, #190 ), #3011, .T. ) ;
#2922 = CARTESIAN_POINT ( 'NONE',  ( 0.7167363701304686474, 2.999900000000000677, 0.3234732054218903419 ) ) ;
#2923 = LINE ( 'NONE', #669, #811 ) ;
#2924 = DIRECTION ( 'NONE',  ( -0.000000000000000000, 1.000000000000000000, -0.000000000000000000 ) ) ;
#2925 = CARTESIAN_POINT ( 'NONE',  ( 0.6957018612905488952, 2.999900000000000233, 0.4452498223659689947 ) ) ;
#2926 = CARTESIAN_POINT ( 'NONE',  ( -2.150000000000000355, 3.000000000000000000, -2.149999999999999023 ) ) ;
#2927 = CARTESIAN_POINT ( 'NONE',  ( -0.5432747857090265420, 3.000000000000000000, 0.4078110236220509610 ) ) ;
#2928 = ORIENTED_EDGE ( 'NONE', *, *, #2067, .T. ) ;
#2929 = COLOUR_RGB ( '',0.1921568627450980227, 0.2039215686274509776, 0.2039215686274509776 ) ;
#2930 = CARTESIAN_POINT ( 'NONE',  ( 0.000000000000000000, 0.000000000000000000, 0.000000000000000000 ) ) ;
#2931 = CARTESIAN_POINT ( 'NONE',  ( 1.656409784731315504, 2.999900000000001565, -1.079846107237595776 ) ) ;
#2932 = CARTESIAN_POINT ( 'NONE',  ( 1.694951558879835396, 3.000000000000000888, 1.223865353339638640 ) ) ;
#2933 = ORIENTED_EDGE ( 'NONE', *, *, #2940, .F. ) ;
#2934 = CARTESIAN_POINT ( 'NONE',  ( 0.6962516497033199858, 2.999900000000000677, 0.6027732123533547925 ) ) ;
#2935 = CARTESIAN_POINT ( 'NONE',  ( 1.678652372839754436, 2.999899999999999789, -0.2613983560386101135 ) ) ;
#2936 = B_SPLINE_CURVE_WITH_KNOTS ( 'NONE', 3,
 ( #2034, #602, #3160, #586 ),
 .UNSPECIFIED., .F., .F.,
 ( 4, 4 ),
 ( 0.09090909090909091161, 0.1818181818181818232 ),
 .UNSPECIFIED. ) ;
#2937 = VERTEX_POINT ( 'NONE', #990 ) ;
#2938 =( NAMED_UNIT ( * ) SI_UNIT ( $, .STERADIAN. ) SOLID_ANGLE_UNIT ( ) );
#2939 =( GEOMETRIC_REPRESENTATION_CONTEXT ( 3 ) GLOBAL_UNCERTAINTY_ASSIGNED_CONTEXT ( ( #2070 ) ) GLOBAL_UNIT_ASSIGNED_CONTEXT ( ( #2467, #3336, #110 ) ) REPRESENTATION_CONTEXT ( 'NONE', 'WORKASPACE' ) );
#2940 = EDGE_CURVE ( 'NONE', #1696, #3455, #1628, .T. ) ;
#2941 = EDGE_CURVE ( 'NONE', #3204, #1696, #2051, .T. ) ;
#2942 = COLOUR_RGB ( '',0.8274509803921568096, 0.8392156862745098200, 0.8274509803921568096 ) ;
#2943 = CARTESIAN_POINT ( 'NONE',  ( -0.7601558880712370181, 2.999900000000000233, -0.5624503937007845344 ) ) ;
#2944 = FACE_OUTER_BOUND ( 'NONE', #17, .T. ) ;
#2945 = AXIS2_PLACEMENT_3D ( 'NONE', #3439, #710, #376 ) ;
#2946 =( LENGTH_UNIT ( ) NAMED_UNIT ( * ) SI_UNIT ( .MILLI., .METRE. ) );
#2947 = AXIS2_PLACEMENT_3D ( 'NONE', #96, #373, #2681 ) ;
#2948 = LINE ( 'NONE', #3528, #2297 ) ;
#2949 = DIRECTION ( 'NONE',  ( -0.000000000000000000, 0.000000000000000000, -1.000000000000000000 ) ) ;
#2950 = VERTEX_POINT ( 'NONE', #2760 ) ;
#2951 = EDGE_LOOP ( 'NONE', ( #3639, #1676, #2871, #506 ) ) ;
#2952 = CARTESIAN_POINT ( 'NONE',  ( 0.6951264900699232197, 3.000000000000000888, 0.4122140066660576196 ) ) ;
#2953 = CARTESIAN_POINT ( 'NONE',  ( 0.7074508662698739681, 3.000000000000000444, 0.7083966099385738957 ) ) ;
#2954 = DIRECTION ( 'NONE',  ( 0.6128916609699363027, 0.000000000000000000, -0.7901669519244098883 ) ) ;
#2955 = ORIENTED_EDGE ( 'NONE', *, *, #323, .T. ) ;
#2956 = DIRECTION ( 'NONE',  ( 2.412262657224573536E-13, 1.000000000000000000, 4.396374354359650737E-13 ) ) ;
#2957 = MECHANICAL_DESIGN_GEOMETRIC_PRESENTATION_REPRESENTATION (  '', ( #264 ), #1521 ) ;
#2958 = CARTESIAN_POINT ( 'NONE',  ( 0.7025367830279436454, 2.999900000000001121, 1.292257832704320153 ) ) ;
#2959 = EDGE_CURVE ( 'NONE', #2881, #2384, #3323, .T. ) ;
#2960 = CARTESIAN_POINT ( 'NONE',  ( 1.089268420975475493, 3.000000000000000000, -0.7171433882731939047 ) ) ;
#2961 = VECTOR ( 'NONE', #2296, 1000.000000000000000 ) ;
#2962 = DIRECTION ( 'NONE',  ( 1.000000000000000000, 0.000000000000000000, 0.000000000000000000 ) ) ;
#2963 = VERTEX_POINT ( 'NONE', #2698 ) ;
#2964 = PRESENTATION_STYLE_ASSIGNMENT (( #996 ) ) ;
#2965 = SURFACE_STYLE_FILL_AREA ( #337 ) ;
#2966 = LINE ( 'NONE', #105, #2821 ) ;
#2967 = EDGE_LOOP ( 'NONE', ( #1045, #1269, #531, #287 ) ) ;
#2968 = VERTEX_POINT ( 'NONE', #406 ) ;
#2969 = CARTESIAN_POINT ( 'NONE',  ( 1.656409784731315504, 3.000000000000001332, -1.079846107237595776 ) ) ;
#2970 = CARTESIAN_POINT ( 'NONE',  ( -1.008836990433439107, 2.999900000000000233, -0.2119086614173194272 ) ) ;
#2971 = VECTOR ( 'NONE', #1927, 1000.000000000000000 ) ;
#2972 = DIRECTION ( 'NONE',  ( -1.000000000000000000, 0.000000000000000000, -2.644395542647572752E-16 ) ) ;
#2973 = CARTESIAN_POINT ( 'NONE',  ( 0.7186342297990049310, 2.999900000000000233, -0.1075386088614292829 ) ) ;
#2974 = EDGE_CURVE ( 'NONE', #308, #1443, #723, .T. ) ;
#2975 = EDGE_LOOP ( 'NONE', ( #275, #1924, #2770, #2816 ) ) ;
#2976 = CARTESIAN_POINT ( 'NONE',  ( 0.7186342297990049310, 3.000000000000000000, 1.145448523491512161 ) ) ;
#2977 = CARTESIAN_POINT ( 'NONE',  ( 1.693265861239841019, 2.999900000000000233, -0.2313311161036703811 ) ) ;
#2978 = CARTESIAN_POINT ( 'NONE',  ( 0.6949870368931667652, 2.999899999999999789, 0.3971335026910637889 ) ) ;
#2979 = LINE ( 'NONE', #1877, #1230 ) ;
#2980 = CARTESIAN_POINT ( 'NONE',  ( 1.691048645160770691, 2.999900000000000233, 0.5780369568616600118 ) ) ;
#2981 = CARTESIAN_POINT ( 'NONE',  ( 1.671299670975475493, 2.999900000000000233, -0.4843768441555468818 ) ) ;
#2982 = DIRECTION ( 'NONE',  ( -0.8701091694029017276, 0.000000000000000000, 0.4928590400114342684 ) ) ;
#2983 = SURFACE_SIDE_STYLE ('',( #1798 ) ) ;
#2984 =( LENGTH_UNIT ( ) NAMED_UNIT ( * ) SI_UNIT ( .MILLI., .METRE. ) );
#2985 = ORIENTED_EDGE ( 'NONE', *, *, #3157, .F. ) ;
#2986 = ORIENTED_EDGE ( 'NONE', *, *, #2067, .F. ) ;
#2987 = CARTESIAN_POINT ( 'NONE',  ( -0.7104787227169065966, 2.999900000000000233, -0.3389055118110217424 ) ) ;
#2988 = CARTESIAN_POINT ( 'NONE',  ( 0.6949881018814876299, 3.000000000000000444, 0.6473618959480442747 ) ) ;
#2989 = PRESENTATION_LAYER_ASSIGNMENT (  '', '', ( #1675 ) ) ;
#2990 = DIRECTION ( 'NONE',  ( -0.8701091694029016166, 0.000000000000000000, 0.4928590400114343240 ) ) ;
#2991 = CARTESIAN_POINT ( 'NONE',  ( 1.089268420975475493, 2.999900000000000233, -0.7171433882731939047 ) ) ;
#2992 = ORIENTED_EDGE ( 'NONE', *, *, #613, .F. ) ;
#2993 = EDGE_CURVE ( 'NONE', #2710, #184, #1826, .T. ) ;
#2994 = CARTESIAN_POINT ( 'NONE',  ( 1.694866229732195695, 3.000000000000000000, -0.3827039477418532343 ) ) ;
#2995 = CARTESIAN_POINT ( 'NONE',  ( 1.694951558879835396, 2.999900000000000677, 1.223865353339638640 ) ) ;
#2996 = EDGE_CURVE ( 'NONE', #3668, #2207, #3257, .T. ) ;
#2997 = CARTESIAN_POINT ( 'NONE',  ( 1.691020684309345157, 3.000000000000000000, 1.295068937084127070 ) ) ;
#2998 = CARTESIAN_POINT ( 'NONE',  ( 0.7471268768578285258, 2.999900000000000233, -1.061352947096723343 ) ) ;
#2999 = CARTESIAN_POINT ( 'NONE',  ( 1.647800524902918395, 3.000000000000000444, 0.5719365624242082058 ) ) ;
#3000 = DIRECTION ( 'NONE',  ( -4.752144688529600240E-16, -0.000000000000000000, 1.000000000000000000 ) ) ;
#3001 = CARTESIAN_POINT ( 'NONE',  ( 0.6951264900699232197, 2.999900000000001121, 0.4122140066660576196 ) ) ;
#3002 = CARTESIAN_POINT ( 'NONE',  ( 0.6949881018814876299, 3.000000000000000444, -0.9996969275813678557 ) ) ;
#3003 = DIRECTION ( 'NONE',  ( -0.8599778663242775290, 0.000000000000000000, 0.5103313329909725526 ) ) ;
#3004 = CARTESIAN_POINT ( 'NONE',  ( 1.694966950387240212, 3.000000000000000444, 0.6330404352562181147 ) ) ;
#3005 = VERTEX_POINT ( 'NONE', #1939 ) ;
#3006 = EDGE_CURVE ( 'NONE', #2963, #2329, #2756, .T. ) ;
#3007 = ORIENTED_EDGE ( 'NONE', *, *, #2276, .F. ) ;
#3008 = CARTESIAN_POINT ( 'NONE',  ( -1.604999999999999538, -0.1000000000000000056, 1.625000000000000000 ) ) ;
#3009 = CARTESIAN_POINT ( 'NONE',  ( 1.642807023916652343, 3.000000000000000444, -0.2488529470967235091 ) ) ;
#3010 = ORIENTED_EDGE ( 'NONE', *, *, #1688, .T. ) ;
#3011 = PLANE ( 'NONE',  #1934 ) ;
#3012 = EDGE_LOOP ( 'NONE', ( #1418, #2333, #874, #861 ) ) ;
#3013 = CARTESIAN_POINT ( 'NONE',  ( 1.692619765420955158, 3.000000000000000000, 1.194425667907199173 ) ) ;
#3014 = ADVANCED_FACE ( 'NONE', ( #2118 ), #363, .T. ) ;
#3015 = FILL_AREA_STYLE ('',( #1876 ) ) ;
#3016 = CARTESIAN_POINT ( 'NONE',  ( -1.701719806763284604, 3.000000000000000000, -1.597050532934600531 ) ) ;
#3017 = CARTESIAN_POINT ( 'NONE',  ( 2.149999999999999023, 3.000000000000000000, -2.149999999999999023 ) ) ;
#3018 = B_SPLINE_SURFACE_WITH_KNOTS ( 'NONE', 3, 1, ( 
 ( #3402, #803 ),
 ( #576, #560 ),
 ( #2824, #2851 ),
 ( #281, #1955 ),
 ( #3414, #855 ),
 ( #529, #1430 ),
 ( #1446, #818 ),
 ( #2567, #1971 ),
 ( #517, #1719 ),
 ( #2266, #1673 ),
 ( #3, #3435 ) ),
 .UNSPECIFIED., .F., .F., .F.,
 ( 4, 1, 1, 1, 1, 1, 1, 1, 4 ),
 ( 2, 2 ),
 ( 0.000000000000000000, 0.2009044012478304608, 0.3599846282170893197, 0.4835952109184654124, 0.5715364693554777498, 0.6460191871590642565, 0.7285858147531649731, 0.8430130251172089917, 0.9999999999999998890 ),
 ( 0.000000000000000000, 1.000000000000000000 ),
 .UNSPECIFIED. ) ;
#3019 = CARTESIAN_POINT ( 'NONE',  ( 0.7849999999999996980, -0.1000000000000000056, -1.625000000000000222 ) ) ;
#3020 = CARTESIAN_POINT ( 'NONE',  ( 1.683008949238502749, 2.999999999999999556, -0.4759989572474563890 ) ) ;
#3021 = CARTESIAN_POINT ( 'NONE',  ( 0.7108649602054266659, 2.999899999999999789, 0.4734017659004148282 ) ) ;
#3022 = CARTESIAN_POINT ( 'NONE',  ( 1.668356728445578474, 2.999899999999999789, -0.3386107115238264909 ) ) ;
#3023 = ORIENTED_EDGE ( 'NONE', *, *, #28, .T. ) ;
#3024 = ORIENTED_EDGE ( 'NONE', *, *, #2700, .F. ) ;
#3025 = CARTESIAN_POINT ( 'NONE',  ( 1.686483065428980410, 3.000000000000000000, -1.079152373678758714 ) ) ;
#3026 = PLANE ( 'NONE',  #3621 ) ;
#3027 = CARTESIAN_POINT ( 'NONE',  ( 0.7108521438061916609, 3.000000000000000888, -1.072691946298899079 ) ) ;
#3028 = ORIENTED_EDGE ( 'NONE', *, *, #2721, .F. ) ;
#3029 = SURFACE_STYLE_FILL_AREA ( #3618 ) ;
#3030 = ORIENTED_EDGE ( 'NONE', *, *, #749, .F. ) ;
#3031 = CARTESIAN_POINT ( 'NONE',  ( 1.184167318034299088, 2.999900000000000233, -0.8007830941555468263 ) ) ;
#3032 = ADVANCED_FACE ( 'NONE', ( #988 ), #1256, .F. ) ;
#3033 = PRODUCT_DEFINITION_FORMATION_WITH_SPECIFIED_SOURCE ( 'ANY', '', #2797, .NOT_KNOWN. ) ;
#3034 = CARTESIAN_POINT ( 'NONE',  ( 1.694937146817277362, 3.000000000000000444, -0.1984600711412838336 ) ) ;
#3035 = DIRECTION ( 'NONE',  ( -0.000000000000000000, 1.000000000000000000, -0.000000000000000000 ) ) ;
#3036 = LINE ( 'NONE', #1878, #3521 ) ;
#3037 = CARTESIAN_POINT ( 'NONE',  ( 0.7186342297990049310, 3.000000000000000000, -0.9310680206261351399 ) ) ;
#3038 = EDGE_CURVE ( 'NONE', #3052, #2282, #1848, .T. ) ;
#3039 =( NAMED_UNIT ( * ) SI_UNIT ( $, .STERADIAN. ) SOLID_ANGLE_UNIT ( ) );
#3040 = CARTESIAN_POINT ( 'NONE',  ( 1.694961377924933066, 3.000000000000000000, -0.4107730526502146873 ) ) ;
#3041 = CARTESIAN_POINT ( 'NONE',  ( 1.642807023916652120, 2.999900000000000233, 1.295954038197394631 ) ) ;
#3042 = VECTOR ( 'NONE', #976, 999.9999999999998863 ) ;
#3043 = CARTESIAN_POINT ( 'NONE',  ( 1.276998200387240434, 2.999900000000000233, 0.1135091852562177817 ) ) ;
#3044 = ORIENTED_EDGE ( 'NONE', *, *, #1299, .F. ) ;
#3045 = CARTESIAN_POINT ( 'NONE',  ( 1.682633936342075032, 3.000000000000000888, 0.7064663628706541187 ) ) ;
#3046 = ORIENTED_EDGE ( 'NONE', *, *, #1591, .T. ) ;
#3047 = FILL_AREA_STYLE_COLOUR ( '', #3242 ) ;
#3048 = CARTESIAN_POINT ( 'NONE',  ( 0.7167363701304686474, 3.000000000000000000, 1.147002617186596574 ) ) ;
#3049 = DIRECTION ( 'NONE',  ( 2.644395542647572752E-16, 0.000000000000000000, -1.000000000000000000 ) ) ;
#3050 = ORIENTED_EDGE ( 'NONE', *, *, #1571, .T. ) ;
#3051 = SURFACE_STYLE_USAGE ( .BOTH. , #1871 ) ;
#3052 = VERTEX_POINT ( 'NONE', #1641 ) ;
#3053 = DIRECTION ( 'NONE',  ( -0.000000000000000000, 1.000000000000000000, -0.000000000000000000 ) ) ;
#3054 = B_SPLINE_SURFACE_WITH_KNOTS ( 'NONE', 3, 1, ( 
 ( #1968, #2217 ),
 ( #2864, #3680 ),
 ( #3365, #247 ),
 ( #2549, #782 ),
 ( #1701, #2849 ),
 ( #278, #1144 ),
 ( #3079, #1935 ),
 ( #1427, #2564 ),
 ( #2281, #3430 ),
 ( #851, #573 ),
 ( #2808, #231 ) ),
 .UNSPECIFIED., .F., .F., .F.,
 ( 4, 1, 1, 1, 1, 1, 1, 1, 4 ),
 ( 2, 2 ),
 ( 0.000000000000000000, 0.2339648385054096391, 0.4198783559695586920, 0.5659151998979445874, 0.6801214999993746568, 0.7723010949812563197, 0.8443163158709258154, 0.9185860088431500037, 0.9999999999999998890 ),
 ( 0.000000000000000000, 1.000000000000000000 ),
 .UNSPECIFIED. ) ;
#3055 = SURFACE_STYLE_FILL_AREA ( #3598 ) ;
#3056 = CARTESIAN_POINT ( 'NONE',  ( 1.089268420975475493, 2.999900000000000233, -0.7171433882731939047 ) ) ;
#3057 = CARTESIAN_POINT ( 'NONE',  ( 0.7186342297990049310, 2.999900000000000233, -0.5016103000378997478 ) ) ;
#3058 = DIRECTION ( 'NONE',  ( 0.8604455470465083300, 0.000000000000000000, -0.5095424031107078644 ) ) ;
#3059 = EDGE_CURVE ( 'NONE', #121, #1660, #2433, .T. ) ;
#3060 = CARTESIAN_POINT ( 'NONE',  ( 1.671299670975475493, 2.999900000000000233, 0.7136930087856298011 ) ) ;
#3061 = EDGE_CURVE ( 'NONE', #1443, #1239, #2676, .T. ) ;
#3062 = VERTEX_POINT ( 'NONE', #787 ) ;
#3063 = VECTOR ( 'NONE', #575, 1000.000000000000227 ) ;
#3064 = CARTESIAN_POINT ( 'NONE',  ( -0.5432747857090265420, 2.999900000000000233, 0.4078110236220509610 ) ) ;
#3065 = ORIENTED_EDGE ( 'NONE', *, *, #2415, .T. ) ;
#3066 = CARTESIAN_POINT ( 'NONE',  ( 1.604999999999999538, 0.000000000000000000, 1.625000000000000444 ) ) ;
#3067 = FACE_OUTER_BOUND ( 'NONE', #2688, .T. ) ;
#3068 = AXIS2_PLACEMENT_3D ( 'NONE', #3395, #3420, #2830 ) ;
#3069 = CARTESIAN_POINT ( 'NONE',  ( 0.6982882561173680003, 2.999999999999999556, -0.3646645206200928024 ) ) ;
#3070 = ORIENTED_EDGE ( 'NONE', *, *, #3497, .T. ) ;
#3071 = AXIS2_PLACEMENT_3D ( 'NONE', #1353, #2244, #1068 ) ;
#3072 = CARTESIAN_POINT ( 'NONE',  ( 0.7471268768578285258, 3.000000000000000000, -0.2378235353320174994 ) ) ;
#3073 = STYLED_ITEM ( 'NONE', ( #229 ), #1124 ) ;
#3074 = FACE_OUTER_BOUND ( 'NONE', #1913, .T. ) ;
#3075 = CARTESIAN_POINT ( 'NONE',  ( 0.1381008048421512036, 3.000000000000000000, -0.6440314960629917040 ) ) ;
#3076 = CARTESIAN_POINT ( 'NONE',  ( 1.647800524902918395, 3.000000000000000444, -0.2515928493404981925 ) ) ;
#3077 = CARTESIAN_POINT ( 'NONE',  ( 0.6982882561173680003, 2.999999999999999556, 1.282394302909318773 ) ) ;
#3078 = ADVANCED_FACE ( 'NONE', ( #404 ), #446, .F. ) ;
#3079 = CARTESIAN_POINT ( 'NONE',  ( 0.7025245258168983931, 2.999899999999999789, -0.4878005635341626789 ) ) ;
#3080 = CARTESIAN_POINT ( 'NONE',  ( 0.1381008048421512036, 3.000000000000000000, -0.6440314960629917040 ) ) ;
#3081 = CARTESIAN_POINT ( 'NONE',  ( 1.673484815580986496, 3.000000000000000444, 0.3404717818220551195 ) ) ;
#3082 = CARTESIAN_POINT ( 'NONE',  ( -0.5404921085436723560, 3.000000000000000000, 0.6632763779527598436 ) ) ;
#3083 = ADVANCED_FACE ( 'NONE', ( #113 ), #2388, .T. ) ;
#3084 = CARTESIAN_POINT ( 'NONE',  ( 1.694966950387240212, 3.000000000000000444, -0.1904889765084881725 ) ) ;
#3085 = CARTESIAN_POINT ( 'NONE',  ( 1.677359608188032869, 3.000000000000000000, 0.7105916486709128455 ) ) ;
#3086 = VERTEX_POINT ( 'NONE', #3009 ) ;
#3087 = CARTESIAN_POINT ( 'NONE',  ( 0.7420627163094615231, 2.999999999999999556, -0.2404338832360143341 ) ) ;
#3088 = CARTESIAN_POINT ( 'NONE',  ( -1.604999999999999538, -0.1000000000000000056, -1.625000000000000000 ) ) ;
#3089 = VECTOR ( 'NONE', #1514, 1000.000000000000000 ) ;
#3090 = CARTESIAN_POINT ( 'NONE',  ( 0.7332017872868350494, 3.000000000000000444, -0.3561484570713960296 ) ) ;
#3091 = ORIENTED_EDGE ( 'NONE', *, *, #3199, .F. ) ;
#3092 = LINE ( 'NONE', #2274, #2533 ) ;
#3093 = B_SPLINE_CURVE_WITH_KNOTS ( 'NONE', 3,
 ( #2435, #155, #705, #450, #2997, #427, #745, #1652, #2787, #1140, #1574 ),
 .UNSPECIFIED., .F., .F.,
 ( 4, 1, 1, 1, 1, 1, 1, 1, 4 ),
 ( 0.000000000000000000, 0.2090174448045485911, 0.3701215845098696500, 0.4868884033316097648, 0.5748632755078614265, 0.6458207185090941715, 0.7281441267704350517, 0.8423061535616733764, 1.000000000000000000 ),
 .UNSPECIFIED. ) ;
#3094 = CARTESIAN_POINT ( 'NONE',  ( 0.2008905686216796438, 2.999900000000000233, 0.01724409448819043400 ) ) ;
#3095 = LINE ( 'NONE', #526, #3445 ) ;
#3096 = CARTESIAN_POINT ( 'NONE',  ( 0.7186342297990049310, 2.999900000000000233, -0.9310680206261351399 ) ) ;
#3097 = CARTESIAN_POINT ( 'NONE',  ( 0.7025245258168983931, 2.999999999999999556, 0.3357288482305430533 ) ) ;
#3098 = CARTESIAN_POINT ( 'NONE',  ( 0.4239819072043588544, 2.999900000000000233, 0.000000000000000000 ) ) ;
#3099 = CARTESIAN_POINT ( 'NONE',  ( 1.694866229732195695, 2.999900000000000233, 0.4408254640228527754 ) ) ;
#3100 = EDGE_LOOP ( 'NONE', ( #2164, #2130, #643, #3571 ) ) ;
#3101 = CARTESIAN_POINT ( 'NONE',  ( 1.689871298297997981, 2.999900000000001121, -0.9537645181380300929 ) ) ;
#3102 = CARTESIAN_POINT ( 'NONE',  ( -0.1632645494885593962, 2.999900000000000233, -0.6440314960629905938 ) ) ;
#3103 = CARTESIAN_POINT ( 'NONE',  ( 0.4176771827949076199, 3.000000000000000000, -0.1964149606299218087 ) ) ;
#3104 = ORIENTED_EDGE ( 'NONE', *, *, #3706, .T. ) ;
#3105 = CARTESIAN_POINT ( 'NONE',  ( 1.691020684309345601, 2.999900000000001121, -0.3519898864452849496 ) ) ;
#3106 = CARTESIAN_POINT ( 'NONE',  ( 0.7186342297990049310, 2.999900000000000233, -0.1075386088614292829 ) ) ;
#3107 = EDGE_CURVE ( 'NONE', #2258, #546, #1098, .T. ) ;
#3108 = ADVANCED_FACE ( 'NONE', ( #3665 ), #3018, .T. ) ;
#3109 = CARTESIAN_POINT ( 'NONE',  ( 1.686675839746154315, 2.999899999999999345, 0.7008141385720700889 ) ) ;
#3110 = VECTOR ( 'NONE', #3267, 1000.000000000000000 ) ;
#3111 = CARTESIAN_POINT ( 'NONE',  ( 0.4239819072043588544, 2.999900000000000233, 0.000000000000000000 ) ) ;
#3112 = ADVANCED_FACE ( 'NONE', ( #2007 ), #214, .T. ) ;
#3113 = EDGE_LOOP ( 'NONE', ( #1224, #2319, #467, #2542 ) ) ;
#3114 = CARTESIAN_POINT ( 'NONE',  ( 1.687430029386157271, 3.000000000000000444, -0.4702355767476243953 ) ) ;
#3115 = CARTESIAN_POINT ( 'NONE',  ( 1.682633936342075032, 3.000000000000001332, -0.1170630488940522657 ) ) ;
#3116 = CARTESIAN_POINT ( 'NONE',  ( 0.7471268768578285258, 2.999900000000000233, 1.283545949962100474 ) ) ;
#3117 = EDGE_LOOP ( 'NONE', ( #459, #824, #3565, #1831 ) ) ;
#3118 = CARTESIAN_POINT ( 'NONE',  ( 1.687430029386157271, 2.999900000000000677, -0.4702355767476243953 ) ) ;
#3119 = FACE_OUTER_BOUND ( 'NONE', #1825, .T. ) ;
#3120 = CARTESIAN_POINT ( 'NONE',  ( 0.6951264900699232197, 3.000000000000000888, -0.4113154050986483345 ) ) ;
#3121 = VERTEX_POINT ( 'NONE', #3098 ) ;
#3122 = ADVANCED_FACE ( 'NONE', ( #1099 ), #544, .T. ) ;
#3123 = DIRECTION ( 'NONE',  ( 0.8604455470465083300, 0.000000000000000000, -0.5095424031107078644 ) ) ;
#3124 = AXIS2_PLACEMENT_3D ( 'NONE', #2335, #1244, #2062 ) ;
#3125 = VECTOR ( 'NONE', #3523, 1000.000000000000114 ) ;
#3126 = CARTESIAN_POINT ( 'NONE',  ( 0.7849999999999996980, -0.1000000000000000056, 1.625000000000000222 ) ) ;
#3127 = CARTESIAN_POINT ( 'NONE',  ( 1.692703783910344928, 2.999999999999999556, -0.1399931739601677771 ) ) ;
#3128 = ORIENTED_EDGE ( 'NONE', *, *, #1597, .T. ) ;
#3129 = CARTESIAN_POINT ( 'NONE',  ( 1.687430029386157271, 2.999900000000000677, -0.4702355767476243953 ) ) ;
#3130 = EDGE_CURVE ( 'NONE', #3550, #1070, #2539, .T. ) ;
#3131 = CARTESIAN_POINT ( 'NONE',  ( 1.694055144851021044, 2.999900000000000677, -0.1530816503576654664 ) ) ;
#3132 = CARTESIAN_POINT ( 'NONE',  ( 0.6952184970927524077, 2.999900000000000677, -1.026742404198082603 ) ) ;
#3133 = CARTESIAN_POINT ( 'NONE',  ( 0.7210980718333990236, 3.000000000000000888, 0.5745604150658749631 ) ) ;
#3134 = VERTEX_POINT ( 'NONE', #267 ) ;
#3135 = LINE ( 'NONE', #1152, #1344 ) ;
#3136 = VECTOR ( 'NONE', #3516, 1000.000000000000000 ) ;
#3137 = CARTESIAN_POINT ( 'NONE',  ( 0.4239819072043588544, 3.000000000000000000, 0.000000000000000000 ) ) ;
#3138 = ORIENTED_EDGE ( 'NONE', *, *, #1799, .F. ) ;
#3139 = CARTESIAN_POINT ( 'NONE',  ( 1.694966950387240434, 3.000000000000000444, -0.1904889765084882003 ) ) ;
#3140 = CARTESIAN_POINT ( 'NONE',  ( -0.5404921085436723560, 2.999900000000000233, 0.6632763779527598436 ) ) ;
#3141 = VECTOR ( 'NONE', #508, 1000.000000000000000 ) ;
#3142 = LINE ( 'NONE', #1730, #1608 ) ;
#3143 = CARTESIAN_POINT ( 'NONE',  ( 1.694955180068616674, 2.999899999999999345, 0.6533536114254819838 ) ) ;
#3144 = EDGE_CURVE ( 'NONE', #909, #3134, #1416, .T. ) ;
#3145 = CARTESIAN_POINT ( 'NONE',  ( 1.682633936342075032, 3.000000000000000888, -0.1170630488940522657 ) ) ;
#3146 = ORIENTED_EDGE ( 'NONE', *, *, #3373, .T. ) ;
#3147 = VECTOR ( 'NONE', #565, 1000.000000000000000 ) ;
#3148 = CARTESIAN_POINT ( 'NONE',  ( 1.694050612121599242, 2.999900000000000677, -0.4398339071532778588 ) ) ;
#3149 = CARTESIAN_POINT ( 'NONE',  ( 1.694962688120278616, 2.999900000000000677, -0.1831331705661334852 ) ) ;
#3150 = EDGE_CURVE ( 'NONE', #2190, #444, #834, .T. ) ;
#3151 = CARTESIAN_POINT ( 'NONE',  ( 0.7108521438061916609, 2.999900000000001121, -1.072691946298899079 ) ) ;
#3152 = CARTESIAN_POINT ( 'NONE',  ( 0.6990214886042269704, 3.000000000000000000, 0.5896349777133579328 ) ) ;
#3153 = ORIENTED_EDGE ( 'NONE', *, *, #1768, .F. ) ;
#3154 = CARTESIAN_POINT ( 'NONE',  ( 0.2008905686216796438, 2.999900000000000233, 0.01724409448819043400 ) ) ;
#3155 = CARTESIAN_POINT ( 'NONE',  ( 1.694966950387240212, 2.999900000000000233, -0.4037242706261350844 ) ) ;
#3156 = ORIENTED_EDGE ( 'NONE', *, *, #1494, .F. ) ;
#3157 = EDGE_CURVE ( 'NONE', #499, #1114, #2805, .T. ) ;
#3158 = CARTESIAN_POINT ( 'NONE',  ( 1.694966950387240212, 3.000000000000000000, -1.014018388273193905 ) ) ;
#3159 = DIRECTION ( 'NONE',  ( 0.000000000000000000, 1.000000000000000000, 0.000000000000000000 ) ) ;
#3160 = CARTESIAN_POINT ( 'NONE',  ( 0.4387693087791625923, 2.999900000000000233, 0.4607834645669304785 ) ) ;
#3161 = CARTESIAN_POINT ( 'NONE',  ( 1.691048645160770469, 2.999900000000000677, -1.069021866667752452 ) ) ;
#3162 = DIRECTION ( 'NONE',  ( -0.8571493051170774313, 0.000000000000000000, -0.5150680234078905961 ) ) ;
#3163 = ORIENTED_EDGE ( 'NONE', *, *, #3373, .F. ) ;
#3164 = CARTESIAN_POINT ( 'NONE',  ( 1.694966950387240212, 2.999900000000000233, -0.4037242706261350844 ) ) ;
#3165 = DIRECTION ( 'NONE',  ( -4.034240641806528883E-16, -0.000000000000000000, -1.000000000000000000 ) ) ;
#3166 = DIRECTION ( 'NONE',  ( -0.000000000000000000, 1.000000000000000000, -0.000000000000000000 ) ) ;
#3167 = VERTEX_POINT ( 'NONE', #2040 ) ;
#3168 = CARTESIAN_POINT ( 'NONE',  ( 1.694966950387240434, 2.999900000000000677, -0.1904889765084882003 ) ) ;
#3169 = CARTESIAN_POINT ( 'NONE',  ( 1.686390847390480063, 2.999899999999999345, 0.4808027176573406725 ) ) ;
#3170 = CARTESIAN_POINT ( 'NONE',  ( -0.7601558880712370181, 2.999900000000000233, -0.5624503937007845344 ) ) ;
#3171 = UNCERTAINTY_MEASURE_WITH_UNIT (LENGTH_MEASURE( 1.000000000000000082E-05 ), #564, 'distance_accuracy_value', 'NONE');
#3172 = ORIENTED_EDGE ( 'NONE', *, *, #3390, .F. ) ;
#3173 = CARTESIAN_POINT ( 'NONE',  ( -1.843529790660226375, 2.999900000000000233, 1.597050532934600975 ) ) ;
#3174 = CARTESIAN_POINT ( 'NONE',  ( 1.647800524902918395, 2.999900000000000677, -1.075122261105204258 ) ) ;
#3175 = CARTESIAN_POINT ( 'NONE',  ( -0.5404921085436723560, 3.000000000000000000, 0.6632763779527598436 ) ) ;
#3176 = CARTESIAN_POINT ( 'NONE',  ( 1.656402406387030846, 3.000000000000000444, 1.303596121998508162 ) ) ;
#3177 = CARTESIAN_POINT ( 'NONE',  ( 0.7211376614994798873, 3.000000000000000444, -0.3510666428852558529 ) ) ;
#3178 = VECTOR ( 'NONE', #15, 1000.000000000000000 ) ;
#3179 = LINE ( 'NONE', #1441, #514 ) ;
#3180 = VECTOR ( 'NONE', #2629, 1000.000000000000000 ) ;
#3181 = CARTESIAN_POINT ( 'NONE',  ( 1.693265861239841019, 3.000000000000000000, -0.2313311161036703811 ) ) ;
#3182 = ORIENTED_EDGE ( 'NONE', *, *, #3038, .T. ) ;
#3183 = LINE ( 'NONE', #266, #2531 ) ;
#3184 = COLOUR_RGB ( '',0.1921568627450980227, 0.2039215686274509776, 0.2039215686274509776 ) ;
#3185 = CARTESIAN_POINT ( 'NONE',  ( 1.604999999999999538, -0.1000000000000000056, -1.625000000000000444 ) ) ;
#3186 = EDGE_LOOP ( 'NONE', ( #654, #3044, #2753, #2955 ) ) ;
#3187 = DIRECTION ( 'NONE',  ( -0.000000000000000000, 1.000000000000000000, -0.000000000000000000 ) ) ;
#3188 = ORIENTED_EDGE ( 'NONE', *, *, #1787, .F. ) ;
#3189 =( LENGTH_UNIT ( ) NAMED_UNIT ( * ) SI_UNIT ( .MILLI., .METRE. ) );
#3190 = EDGE_CURVE ( 'NONE', #917, #2633, #1182, .T. ) ;
#3191 = PLANE ( 'NONE',  #1950 ) ;
#3192 = DIRECTION ( 'NONE',  ( -0.000000000000000000, 1.000000000000000000, -0.000000000000000000 ) ) ;
#3193 = UNCERTAINTY_MEASURE_WITH_UNIT (LENGTH_MEASURE( 1.000000000000000082E-05 ), #2857, 'distance_accuracy_value', 'NONE');
#3194 = ORIENTED_EDGE ( 'NONE', *, *, #1423, .T. ) ;
#3195 = LINE ( 'NONE', #2650, #1149 ) ;
#3196 = CARTESIAN_POINT ( 'NONE',  ( -0.1632645494885593962, 2.999900000000000233, -0.6440314960629905938 ) ) ;
#3197 = CARTESIAN_POINT ( 'NONE',  ( 1.673484815580986718, 3.000000000000000444, 1.164001193586761573 ) ) ;
#3198 = ORIENTED_EDGE ( 'NONE', *, *, #1074, .T. ) ;
#3199 = EDGE_CURVE ( 'NONE', #38, #3062, #1201, .T. ) ;
#3200 = CARTESIAN_POINT ( 'NONE',  ( 0.6982882561173680003, 2.999899999999999789, -0.3646645206200928024 ) ) ;
#3201 = CARTESIAN_POINT ( 'NONE',  ( 1.656409784731315504, 3.000000000000001332, -0.2563166954728895996 ) ) ;
#3202 = ORIENTED_EDGE ( 'NONE', *, *, #556, .F. ) ;
#3203 = CARTESIAN_POINT ( 'NONE',  ( 1.656402406387030846, 2.999900000000000677, 1.303596121998508162 ) ) ;
#3204 = VERTEX_POINT ( 'NONE', #2022 ) ;
#3205 = CARTESIAN_POINT ( 'NONE',  ( 1.668356728445578474, 2.999999999999999556, 0.4849187002408792413 ) ) ;
#3206 = ORIENTED_EDGE ( 'NONE', *, *, #1874, .F. ) ;
#3207 = FACE_OUTER_BOUND ( 'NONE', #1106, .T. ) ;
#3208 = DIRECTION ( 'NONE',  ( -0.8660872391925199532, 0.000000000000000000, -0.4998928826337484255 ) ) ;
#3209 = CARTESIAN_POINT ( 'NONE',  ( 1.694966950387240212, 2.999900000000000233, 1.243334552903277102 ) ) ;
#3210 = ORIENTED_EDGE ( 'NONE', *, *, #3325, .T. ) ;
#3211 = CARTESIAN_POINT ( 'NONE',  ( 0.7031561179726392163, 2.999900000000000677, -0.2436668645771384867 ) ) ;
#3212 = CARTESIAN_POINT ( 'NONE',  ( 1.642807023916652343, 2.999900000000000677, -1.072382358861429408 ) ) ;
#3213 = SURFACE_STYLE_USAGE ( .BOTH. , #2630 ) ;
#3214 = CARTESIAN_POINT ( 'NONE',  ( 1.694955180068616896, 2.999999999999999556, -0.9937052121039300356 ) ) ;
#3215 = CARTESIAN_POINT ( 'NONE',  ( 0.7332017872868350494, 3.000000000000000444, -0.3561484570713960296 ) ) ;
#3216 = ORIENTED_EDGE ( 'NONE', *, *, #2390, .F. ) ;
#3217 = ADVANCED_FACE ( 'NONE', ( #1459 ), #1795, .T. ) ;
#3218 = CARTESIAN_POINT ( 'NONE',  ( 0.7420627163094615231, 2.999999999999999556, 0.5830955285286918421 ) ) ;
#3219 = EDGE_CURVE ( 'NONE', #75, #1974, #952, .T. ) ;
#3220 = AXIS2_PLACEMENT_3D ( 'NONE', #2657, #94, #3162 ) ;
#3221 = CARTESIAN_POINT ( 'NONE',  ( 1.694884334082952693, 2.999899999999999789, -0.2125850670272729781 ) ) ;
#3222 = ORIENTED_EDGE ( 'NONE', *, *, #1326, .F. ) ;
#3223 = CARTESIAN_POINT ( 'NONE',  ( 0.6949669503872402121, 3.000000000000000000, 0.4041801411385707032 ) ) ;
#3224 = EDGE_CURVE ( 'NONE', #1239, #574, #2102, .T. ) ;
#3225 =( LENGTH_UNIT ( ) NAMED_UNIT ( * ) SI_UNIT ( .MILLI., .METRE. ) );
#3226 = CARTESIAN_POINT ( 'NONE',  ( 0.6950230845708413874, 2.999999999999999556, 1.208016864795694145 ) ) ;
#3227 = CARTESIAN_POINT ( 'NONE',  ( 0.7471268768578285258, 3.000000000000000000, 0.4600165381973942424 ) ) ;
#3228 = FACE_OUTER_BOUND ( 'NONE', #1946, .T. ) ;
#3229 = CARTESIAN_POINT ( 'NONE',  ( 0.6957715594782748481, 2.999900000000000233, -0.1482982443289040941 ) ) ;
#3230 = CARTESIAN_POINT ( 'NONE',  ( -0.9126810849216281385, 2.999900000000000233, -0.5326559055118056385 ) ) ;
#3231 = VERTEX_POINT ( 'NONE', #3469 ) ;
#3232 = EDGE_LOOP ( 'NONE', ( #1024, #3341, #485, #2844 ) ) ;
#3233 = CARTESIAN_POINT ( 'NONE',  ( 1.694884334082953581, 2.999900000000000233, -1.036114478791978710 ) ) ;
#3234 = CARTESIAN_POINT ( 'NONE',  ( 0.000000000000000000, 2.999900000000000233, 0.000000000000000000 ) ) ;
#3235 = EDGE_CURVE ( 'NONE', #2412, #1337, #2923, .T. ) ;
#3236 = FACE_OUTER_BOUND ( 'NONE', #447, .T. ) ;
#3237 = CARTESIAN_POINT ( 'NONE',  ( 0.6949669503872402121, 2.999900000000000233, 0.4041801411385707032 ) ) ;
#3238 = EDGE_LOOP ( 'NONE', ( #3358, #843, #1958, #609, #3202, #878, #1215, #3007, #3206, #1803, #1517, #542, #2465, #2778, #1242, #1134 ) ) ;
#3239 = CARTESIAN_POINT ( 'NONE',  ( 0.7471268768578285258, 2.999900000000000233, -0.3635128735673115452 ) ) ;
#3240 = CARTESIAN_POINT ( 'NONE',  ( -2.149999999999999911, 0.000000000000000000, 2.150000000000000799 ) ) ;
#3241 = CARTESIAN_POINT ( 'NONE',  ( 0.7028656193565711030, 3.000000000000000444, -0.1202307340739319219 ) ) ;
#3242 = COLOUR_RGB ( '',0.8274509803921568096, 0.8392156862745098200, 0.8274509803921568096 ) ;
#3243 = VECTOR ( 'NONE', #205, 1000.000000000000227 ) ;
#3244 = CARTESIAN_POINT ( 'NONE',  ( -2.150000000000000355, 3.000000000000000000, -2.149999999999999023 ) ) ;
#3245 = VERTEX_POINT ( 'NONE', #351 ) ;
#3246 = VECTOR ( 'NONE', #133, 1000.000000000000000 ) ;
#3247 = CARTESIAN_POINT ( 'NONE',  ( 0.6975049517387400533, 3.000000000000000444, -0.9598211925398869582 ) ) ;
#3248 = ADVANCED_FACE ( 'NONE', ( #2395 ), #1220, .F. ) ;
#3249 = DIRECTION ( 'NONE',  ( -0.8599778663242775290, 0.000000000000000000, 0.5103313329909726637 ) ) ;
#3250 = VERTEX_POINT ( 'NONE', #608 ) ;
#3251 =( NAMED_UNIT ( * ) PLANE_ANGLE_UNIT ( ) SI_UNIT ( $, .RADIAN. ) );
#3252 = EDGE_LOOP ( 'NONE', ( #1843, #3574, #4, #3566 ) ) ;
#3253 = DIRECTION ( 'NONE',  ( -0.000000000000000000, 1.000000000000000000, 0.000000000000000000 ) ) ;
#3254 = CARTESIAN_POINT ( 'NONE',  ( 1.276998200387240434, 3.000000000000000000, 0.1135091852562177817 ) ) ;
#3255 = B_SPLINE_CURVE_WITH_KNOTS ( 'NONE', 3,
 ( #2916, #1159, #1473, #1489 ),
 .UNSPECIFIED., .F., .F.,
 ( 4, 4 ),
 ( 0.000000000000000000, 0.09090909090909091161 ),
 .UNSPECIFIED. ) ;
#3256 = CARTESIAN_POINT ( 'NONE',  ( 0.6949669503872402121, 2.999900000000000233, -1.006435667684958402 ) ) ;
#3257 = LINE ( 'NONE', #3237, #2235 ) ;
#3258 = ORIENTED_EDGE ( 'NONE', *, *, #159, .F. ) ;
#3259 = CARTESIAN_POINT ( 'NONE',  ( 1.668360285013242628, 2.999899999999999789, -0.2609009566301258576 ) ) ;
#3260 = B_SPLINE_SURFACE_WITH_KNOTS ( 'NONE', 3, 1, ( 
 ( #1522, #432 ),
 ( #101, #160 ),
 ( #1305, #1015 ),
 ( #3526, #955 ),
 ( #1175, #303 ),
 ( #900, #2033 ),
 ( #2054, #3533 ),
 ( #1471, #362 ),
 ( #1510, #3176 ),
 ( #657, #601 ),
 ( #1729, #3479 ) ),
 .UNSPECIFIED., .F., .F., .F.,
 ( 4, 1, 1, 1, 1, 1, 1, 1, 4 ),
 ( 2, 2 ),
 ( 0.000000000000000000, 0.2090174448045485911, 0.3701215845098696500, 0.4868884033316097648, 0.5748632755078614265, 0.6458207185090941715, 0.7281441267704350517, 0.8423061535616733764, 1.000000000000000000 ),
 ( 0.000000000000000000, 1.000000000000000000 ),
 .UNSPECIFIED. ) ;
#3261 = DIRECTION ( 'NONE',  ( 0.000000000000000000, -4.396374354361852479E-13, 1.000000000000000000 ) ) ;
#3262 = PLANE ( 'NONE',  #3627 ) ;
#3263 = VECTOR ( 'NONE', #3364, 1000.000000000000000 ) ;
#3264 = FACE_OUTER_BOUND ( 'NONE', #2188, .T. ) ;
#3265 = CARTESIAN_POINT ( 'NONE',  ( 0.6949669503872402121, 2.999900000000000233, 0.4041801411385707032 ) ) ;
#3266 = LINE ( 'NONE', #1499, #2075 ) ;
#3267 = DIRECTION ( 'NONE',  ( -0.000000000000000000, 1.000000000000000000, -0.000000000000000000 ) ) ;
#3268 = DIRECTION ( 'NONE',  ( 0.4998928826337484810, 0.000000000000000000, -0.8660872391925200642 ) ) ;
#3269 = LINE ( 'NONE', #2068, #2597 ) ;
#3270 = EDGE_CURVE ( 'NONE', #59, #3674, #119, .T. ) ;
#3271 = CARTESIAN_POINT ( 'NONE',  ( 1.691020684309345601, 2.999900000000001121, -0.3519898864452849496 ) ) ;
#3272 = ORIENTED_EDGE ( 'NONE', *, *, #2622, .F. ) ;
#3273 = ORIENTED_EDGE ( 'NONE', *, *, #644, .F. ) ;
#3274 = SURFACE_SIDE_STYLE ('',( #1333 ) ) ;
#3275 = CARTESIAN_POINT ( 'NONE',  ( 1.693265861239841019, 2.999900000000000233, 0.5921982956610357673 ) ) ;
#3276 = VECTOR ( 'NONE', #2990, 1000.000000000000000 ) ;
#3277 = CARTESIAN_POINT ( 'NONE',  ( 1.673407653665099692, 2.999900000000000233, -0.9344446400198208602 ) ) ;
#3278 = CARTESIAN_POINT ( 'NONE',  ( 1.276998200387240434, 2.999900000000000233, 0.1135091852562177817 ) ) ;
#3279 = ORIENTED_EDGE ( 'NONE', *, *, #2729, .T. ) ;
#3280 = EDGE_CURVE ( 'NONE', #184, #398, #157, .T. ) ;
#3281 = DIRECTION ( 'NONE',  ( 1.000000000000000000, 0.000000000000000000, 4.752144688529600240E-16 ) ) ;
#3282 = ORIENTED_EDGE ( 'NONE', *, *, #1054, .F. ) ;
#3283 = CARTESIAN_POINT ( 'NONE',  ( 0.6957715594782748481, 3.000000000000000000, -0.1482982443289040941 ) ) ;
#3284 =( LENGTH_UNIT ( ) NAMED_UNIT ( * ) SI_UNIT ( .MILLI., .METRE. ) );
#3285 = PLANE ( 'NONE',  #168 ) ;
#3286 = CARTESIAN_POINT ( 'NONE',  ( 1.694966950387240434, 2.999900000000000677, 0.6330404352562182257 ) ) ;
#3287 = ORIENTED_EDGE ( 'NONE', *, *, #1130, .T. ) ;
#3288 = CARTESIAN_POINT ( 'NONE',  ( 0.7028656193565711030, 2.999900000000000677, 0.7032986776907742543 ) ) ;
#3289 = CARTESIAN_POINT ( 'NONE',  ( 0.7167214233176066873, 2.999900000000000233, -0.9323696829697073474 ) ) ;
#3290 = CARTESIAN_POINT ( 'NONE',  ( 1.678431273444241256, 2.999900000000000233, -0.3379787101591259502 ) ) ;
#3291 = VERTEX_POINT ( 'NONE', #2183 ) ;
#3292 = ORIENTED_EDGE ( 'NONE', *, *, #2317, .F. ) ;
#3293 = CARTESIAN_POINT ( 'NONE',  ( -0.5808220298035193796, 2.999900000000000233, -0.1914330708661398095 ) ) ;
#3294 = B_SPLINE_SURFACE_WITH_KNOTS ( 'NONE', 3, 1, ( 
 ( #2527, #1960 ),
 ( #533, #2798 ),
 ( #223, #1085 ),
 ( #2227, #483 ),
 ( #3406, #1391 ),
 ( #1335, #1118 ),
 ( #1910, #1047 ),
 ( #2192, #2842 ),
 ( #2828, #1678 ),
 ( #548, #3048 ),
 ( #255, #1694 ) ),
 .UNSPECIFIED., .F., .F., .F.,
 ( 4, 1, 1, 1, 1, 1, 1, 1, 4 ),
 ( 2, 2 ),
 ( 0.000000000000000000, 0.2339648385054086954, 0.4198783559695580814, 0.5659151998979448095, 0.6801214999993731025, 0.7723010949812566528, 0.8443163158709260374, 0.9185860088431486714, 1.000000000000000000 ),
 ( 0.000000000000000000, 1.000000000000000000 ),
 .UNSPECIFIED. ) ;
#3295 = CARTESIAN_POINT ( 'NONE',  ( 0.7167214233176066873, 2.999900000000000233, 0.7146891405597047831 ) ) ;
#3296 = EDGE_CURVE ( 'NONE', #2264, #3359, #1227, .T. ) ;
#3297 = B_SPLINE_SURFACE_WITH_KNOTS ( 'NONE', 3, 1, ( 
 ( #1171, #2321 ),
 ( #581, #2890 ),
 ( #3170, #596 ),
 ( #3230, #915 ) ),
 .UNSPECIFIED., .F., .F., .F.,
 ( 4, 4 ),
 ( 2, 2 ),
 ( 0.3636363636363636465, 0.4545454545454545858 ),
 ( 0.000000000000000000, 1.000000000000000000 ),
 .UNSPECIFIED. ) ;
#3298 = VECTOR ( 'NONE', #1188, 1000.000000000000114 ) ;
#3299 = CARTESIAN_POINT ( 'NONE',  ( 1.682633936342075032, 3.000000000000000888, -0.9405924606587581227 ) ) ;
#3300 = CARTESIAN_POINT ( 'NONE',  ( -1.190766911693281971, 2.999900000000000233, -0.4028220472440876554 ) ) ;
#3301 = ORIENTED_EDGE ( 'NONE', *, *, #2554, .F. ) ;
#3302 = CARTESIAN_POINT ( 'NONE',  ( 1.656402406387030402, 3.000000000000000444, -0.3434627015309039688 ) ) ;
#3303 = ORIENTED_EDGE ( 'NONE', *, *, #3190, .F. ) ;
#3304 = CARTESIAN_POINT ( 'NONE',  ( 0.1952023796453038751, 3.000000000000000000, 0.4281283464566952301 ) ) ;
#3305 = EDGE_CURVE ( 'NONE', #1974, #3245, #1280, .T. ) ;
#3306 = VERTEX_POINT ( 'NONE', #2765 ) ;
#3307 = FACE_OUTER_BOUND ( 'NONE', #3317, .T. ) ;
#3308 = LINE ( 'NONE', #156, #1631 ) ;
#3309 = SURFACE_SIDE_STYLE ('',( #2162 ) ) ;
#3310 = B_SPLINE_CURVE_WITH_KNOTS ( 'NONE', 3,
 ( #3239, #605, #1769, #2058, #3482, #2918, #3200, #904, #30, #1491, #366 ),
 .UNSPECIFIED., .F., .F.,
 ( 4, 1, 1, 1, 1, 1, 1, 1, 4 ),
 ( 0.000000000000000000, 0.1528910399261259045, 0.2655498866055905904, 0.3469726293230774861, 0.4171409348174465181, 0.5027291515886440632, 0.6212628926146340769, 0.7862933040589764611, 0.9999999999999998890 ),
 .UNSPECIFIED. ) ;
#3311 = DIRECTION ( 'NONE',  ( -0.000000000000000000, 1.000000000000000000, -0.000000000000000000 ) ) ;
#3312 = ORIENTED_EDGE ( 'NONE', *, *, #1440, .F. ) ;
#3313 = CARTESIAN_POINT ( 'NONE',  ( -0.5432747857090265420, 2.999900000000000233, 0.4078110236220509610 ) ) ;
#3314 = PLANE ( 'NONE',  #2048 ) ;
#3315 = CARTESIAN_POINT ( 'NONE',  ( 1.677578225062696049, 3.000000000000000444, 0.3429430525809133434 ) ) ;
#3316 = VERTEX_POINT ( 'NONE', #2745 ) ;
#3317 = EDGE_LOOP ( 'NONE', ( #1773, #2667, #2374, #768 ) ) ;
#3318 = CARTESIAN_POINT ( 'NONE',  ( 0.7420627163094615231, 2.999899999999999789, 0.5830955285286918421 ) ) ;
#3319 = CARTESIAN_POINT ( 'NONE',  ( 1.678652372839754436, 2.999899999999999789, 0.5621310557260960072 ) ) ;
#3320 = ADVANCED_FACE ( 'NONE', ( #3264 ), #3362, .T. ) ;
#3321 = CARTESIAN_POINT ( 'NONE',  ( 0.7031561179726393274, 2.999900000000001121, -1.067196276341844108 ) ) ;
#3322 = ORIENTED_EDGE ( 'NONE', *, *, #2361, .F. ) ;
#3323 = LINE ( 'NONE', #1834, #3545 ) ;
#3324 = CARTESIAN_POINT ( 'NONE',  ( 1.671299670975475715, 3.000000000000000444, 1.162681979373865415 ) ) ;
#3325 = EDGE_CURVE ( 'NONE', #371, #1805, #3036, .T. ) ;
#3326 = CARTESIAN_POINT ( 'NONE',  ( 0.7471268768578285258, 2.999900000000000233, -1.061352947096723343 ) ) ;
#3327 = PLANE ( 'NONE',  #1931 ) ;
#3328 = CARTESIAN_POINT ( 'NONE',  ( 0.03054962373979011950, 3.000000000000000000, -0.4500566929133864025 ) ) ;
#3329 = FACE_OUTER_BOUND ( 'NONE', #534, .T. ) ;
#3330 = B_SPLINE_SURFACE_WITH_KNOTS ( 'NONE', 3, 1, ( 
 ( #1031, #3324 ),
 ( #760, #2391 ),
 ( #3573, #1850 ),
 ( #686, #1612 ),
 ( #1896, #3557 ),
 ( #2762, #3620 ),
 ( #388, #3013 ),
 ( #151, #992 ),
 ( #2995, #1053 ),
 ( #1534, #2195 ),
 ( #2139, #424 ) ),
 .UNSPECIFIED., .F., .F., .F.,
 ( 4, 1, 1, 1, 1, 1, 1, 1, 4 ),
 ( 2, 2 ),
 ( 0.000000000000000000, 0.08608748684242688298, 0.1612668260071338788, 0.2388542627190373691, 0.3281828305663094247, 0.4373273942705389605, 0.5807184561777908316, 0.7620511388035714484, 1.000000000000000000 ),
 ( 0.000000000000000000, 1.000000000000000000 ),
 .UNSPECIFIED. ) ;
#3331 = VECTOR ( 'NONE', #1279, 1000.000000000000000 ) ;
#3332 = FACE_OUTER_BOUND ( 'NONE', #3238, .T. ) ;
#3333 = LINE ( 'NONE', #3041, #1700 ) ;
#3334 = ORIENTED_EDGE ( 'NONE', *, *, #2786, .T. ) ;
#3335 = ORIENTED_EDGE ( 'NONE', *, *, #2996, .F. ) ;
#3336 =( NAMED_UNIT ( * ) PLANE_ANGLE_UNIT ( ) SI_UNIT ( $, .RADIAN. ) );
#3337 = LINE ( 'NONE', #792, #2779 ) ;
#3338 =( NAMED_UNIT ( * ) SI_UNIT ( $, .STERADIAN. ) SOLID_ANGLE_UNIT ( ) );
#3339 = VERTEX_POINT ( 'NONE', #2724 ) ;
#3340 =( NAMED_UNIT ( * ) PLANE_ANGLE_UNIT ( ) SI_UNIT ( $, .RADIAN. ) );
#3341 = ORIENTED_EDGE ( 'NONE', *, *, #1742, .T. ) ;
#3342 = CARTESIAN_POINT ( 'NONE',  ( -1.604999999999999538, 0.000000000000000000, -1.625000000000000000 ) ) ;
#3343 = B_SPLINE_CURVE_WITH_KNOTS ( 'NONE', 3,
 ( #2267, #3403, #3099, #819, #2206, #1132, #220, #1372, #835, #769, #518 ),
 .UNSPECIFIED., .F., .F.,
 ( 4, 1, 1, 1, 1, 1, 1, 1, 4 ),
 ( 0.000000000000000000, 0.2090174448045498401, 0.3701215845098707047, 0.4868884033316092097, 0.5748632755078615375, 0.6458207185090941715, 0.7281441267704349407, 0.8423061535616730433, 1.000000000000000000 ),
 .UNSPECIFIED. ) ;
#3344 =( GEOMETRIC_REPRESENTATION_CONTEXT ( 3 ) GLOBAL_UNCERTAINTY_ASSIGNED_CONTEXT ( ( #916 ) ) GLOBAL_UNIT_ASSIGNED_CONTEXT ( ( #3225, #2376, #3524 ) ) REPRESENTATION_CONTEXT ( 'NONE', 'WORKASPACE' ) );
#3345 = ADVANCED_FACE ( 'NONE', ( #3577 ), #3285, .F. ) ;
#3346 = EDGE_CURVE ( 'NONE', #3121, #3359, #512, .T. ) ;
#3347 = CARTESIAN_POINT ( 'NONE',  ( 1.694966950387240212, 2.999900000000000233, 0.4198051411385707032 ) ) ;
#3348 = FILL_AREA_STYLE ('',( #1013 ) ) ;
#3349 = CARTESIAN_POINT ( 'NONE',  ( 0.1381008048421512036, 2.999900000000000233, -0.6440314960629917040 ) ) ;
#3350 = CARTESIAN_POINT ( 'NONE',  ( 0.6949669503872402121, 3.000000000000000000, -0.4193492706261351399 ) ) ;
#3351 = CARTESIAN_POINT ( 'NONE',  ( 1.677359608188032869, 3.000000000000000444, 0.7105916486709128455 ) ) ;
#3352 = ORIENTED_EDGE ( 'NONE', *, *, #3678, .F. ) ;
#3353 = CARTESIAN_POINT ( 'NONE',  ( 0.7471268768578285258, 3.000000000000000000, 0.5857058764326887879 ) ) ;
#3354 = ORIENTED_EDGE ( 'NONE', *, *, #3549, .T. ) ;
#3355 = CARTESIAN_POINT ( 'NONE',  ( 0.7074508662698739681, 3.000000000000000444, 0.7083966099385738957 ) ) ;
#3356 = DIRECTION ( 'NONE',  ( -1.000000000000000000, 0.000000000000000000, 3.597633758841863997E-15 ) ) ;
#3357 = FILL_AREA_STYLE ('',( #2558 ) ) ;
#3358 = ORIENTED_EDGE ( 'NONE', *, *, #2800, .F. ) ;
#3359 = VERTEX_POINT ( 'NONE', #541 ) ;
#3360 = EDGE_CURVE ( 'NONE', #349, #2343, #1412, .T. ) ;
#3361 = CARTESIAN_POINT ( 'NONE',  ( -0.7849999999999994760, 0.000000000000000000, -1.625000000000000000 ) ) ;
#3362 = B_SPLINE_SURFACE_WITH_KNOTS ( 'NONE', 3, 1, ( 
 ( #2481, #1345 ),
 ( #2436, #2999 ),
 ( #3560, #1855 ),
 ( #2502, #763 ),
 ( #430, #1637 ),
 ( #3624, #1839 ),
 ( #2980, #410 ),
 ( #1059, #748 ),
 ( #2199, #1576 ),
 ( #1038, #1366 ),
 ( #1901, #2789 ) ),
 .UNSPECIFIED., .F., .F., .F.,
 ( 4, 1, 1, 1, 1, 1, 1, 1, 4 ),
 ( 2, 2 ),
 ( 0.000000000000000000, 0.1506145446497698381, 0.2596734740599809244, 0.3388177727155975427, 0.4102835628096075382, 0.5019338459622277870, 0.6260648387140319571, 0.7889788725463112717, 1.000000000000000000 ),
 ( 0.000000000000000000, 1.000000000000000000 ),
 .UNSPECIFIED. ) ;
#3363 = B_SPLINE_CURVE_WITH_KNOTS ( 'NONE', 3,
 ( #3444, #863, #737, #1808, #3319, #3591, #2735, #3275, #1026, #1890, #963 ),
 .UNSPECIFIED., .F., .F.,
 ( 4, 1, 1, 1, 1, 1, 1, 1, 4 ),
 ( 0.000000000000000000, 0.1506145446497698381, 0.2596734740599809244, 0.3388177727155975427, 0.4102835628096075382, 0.5019338459622277870, 0.6260648387140319571, 0.7889788725463112717, 1.000000000000000000 ),
 .UNSPECIFIED. ) ;
#3364 = DIRECTION ( 'NONE',  ( -0.000000000000000000, 1.000000000000000000, -0.000000000000000000 ) ) ;
#3365 = CARTESIAN_POINT ( 'NONE',  ( 0.6950230845708413874, 2.999900000000000677, -0.4390419587337179852 ) ) ;
#3366 = CARTESIAN_POINT ( 'NONE',  ( 0.7471268768578285258, 2.999900000000000233, 0.5857058764326887879 ) ) ;
#3367 = CARTESIAN_POINT ( 'NONE',  ( -0.5808220298035193796, 3.000000000000000000, -0.1914330708661398095 ) ) ;
#3368 =( NAMED_UNIT ( * ) SI_UNIT ( $, .STERADIAN. ) SOLID_ANGLE_UNIT ( ) );
#3369 = CARTESIAN_POINT ( 'NONE',  ( 0.6950256249081664395, 2.999900000000001121, -0.1642129029779512417 ) ) ;
#3370 = VECTOR ( 'NONE', #2962, 1000.000000000000000 ) ;
#3371 = CARTESIAN_POINT ( 'NONE',  ( 1.673484815580986496, 3.000000000000000444, 0.3404717818220551195 ) ) ;
#3372 = EDGE_LOOP ( 'NONE', ( #3172, #1529, #3438, #2587 ) ) ;
#3373 = EDGE_CURVE ( 'NONE', #3550, #741, #1716, .T. ) ;
#3374 = CARTESIAN_POINT ( 'NONE',  ( 1.694055144851020378, 2.999900000000000233, -0.9766110621223713650 ) ) ;
#3375 = LINE ( 'NONE', #1625, #3243 ) ;
#3376 = VECTOR ( 'NONE', #698, 1000.000000000000000 ) ;
#3377 = CARTESIAN_POINT ( 'NONE',  ( 0.6957018612905488952, 3.000000000000000000, -0.3782795893987368485 ) ) ;
#3378 = ORIENTED_EDGE ( 'NONE', *, *, #3059, .T. ) ;
#3379 =( NAMED_UNIT ( * ) SI_UNIT ( $, .STERADIAN. ) SOLID_ANGLE_UNIT ( ) );
#3380 = CARTESIAN_POINT ( 'NONE',  ( 1.647798083292064453, 3.000000000000000888, 0.4752301447096722864 ) ) ;
#3381 = CARTESIAN_POINT ( 'NONE',  ( 0.7025367830279436454, 2.999900000000001121, 1.292257832704320153 ) ) ;
#3382 = CARTESIAN_POINT ( 'NONE',  ( 1.686675839746154315, 2.999999999999999112, -0.1227152731926358514 ) ) ;
#3383 = CARTESIAN_POINT ( 'NONE',  ( -0.9360125809846201461, 3.000000000000000000, -0.3723968503936953556 ) ) ;
#3384 = CARTESIAN_POINT ( 'NONE',  ( 0.7849999999999996980, 0.000000000000000000, -1.625000000000000222 ) ) ;
#3385 = DIRECTION ( 'NONE',  ( 0.5150680234078905961, 0.000000000000000000, -0.8571493051170774313 ) ) ;
#3386 = CARTESIAN_POINT ( 'NONE',  ( 1.694966950387240212, 3.000000000000000000, 0.4198051411385707032 ) ) ;
#3387 = ORIENTED_EDGE ( 'NONE', *, *, #2498, .T. ) ;
#3388 = EDGE_CURVE ( 'NONE', #444, #3490, #1414, .T. ) ;
#3389 = CARTESIAN_POINT ( 'NONE',  ( 1.673407653665099692, 2.999900000000000233, -0.9344446400198208602 ) ) ;
#3390 = EDGE_CURVE ( 'NONE', #2405, #2303, #954, .T. ) ;
#3391 = CARTESIAN_POINT ( 'NONE',  ( -1.228496045551548566, 2.999900000000000233, -0.2716748031496010740 ) ) ;
#3392 = VECTOR ( 'NONE', #2532, 1000.000000000000000 ) ;
#3393 = LINE ( 'NONE', #1086, #2674 ) ;
#3394 = ORIENTED_EDGE ( 'NONE', *, *, #3684, .T. ) ;
#3395 = CARTESIAN_POINT ( 'NONE',  ( 1.089268420975475493, 2.999900000000000233, 0.9299154352562181147 ) ) ;
#3396 = CARTESIAN_POINT ( 'NONE',  ( 1.668356728445578474, 2.999899999999999789, 0.4849187002408792413 ) ) ;
#3397 = ADVANCED_FACE ( 'NONE', ( #554 ), #3054, .T. ) ;
#3398 = CARTESIAN_POINT ( 'NONE',  ( 0.7332017872868343833, 2.999999999999999112, 1.290910366458015268 ) ) ;
#3399 = CARTESIAN_POINT ( 'NONE',  ( 0.7332017872868343833, 2.999899999999999345, 1.290910366458015268 ) ) ;
#3400 = CARTESIAN_POINT ( 'NONE',  ( 1.690244320670792222, 2.999899999999999789, -0.4624787726038530611 ) ) ;
#3401 = ADVANCED_FACE ( 'NONE', ( #1384 ), #2520, .T. ) ;
#3402 = CARTESIAN_POINT ( 'NONE',  ( 0.6949669503872402121, 2.999900000000000233, -0.1829062559202528082 ) ) ;
#3403 = CARTESIAN_POINT ( 'NONE',  ( 1.694930599229935053, 2.999900000000000677, 0.4273915995809250412 ) ) ;
#3404 = ORIENTED_EDGE ( 'NONE', *, *, #2029, .F. ) ;
#3405 = CARTESIAN_POINT ( 'NONE',  ( 1.683008949238502749, 2.999899999999999789, -0.4759989572474563890 ) ) ;
#3406 = CARTESIAN_POINT ( 'NONE',  ( 0.6975102315642286444, 2.999899999999999789, 1.177637547268148843 ) ) ;
#3407 = CARTESIAN_POINT ( 'NONE',  ( 0.7420627163094617451, 3.000000000000000000, -1.063963295000720066 ) ) ;
#3408 = ORIENTED_EDGE ( 'NONE', *, *, #1282, .T. ) ;
#3409 = DIRECTION ( 'NONE',  ( 0.8589240550050705192, 0.000000000000000000, 0.5121029854762092492 ) ) ;
#3410 = DIRECTION ( 'NONE',  ( 0.8644584418281030525, 0.000000000000000000, -0.5027042891722014462 ) ) ;
#3411 = CARTESIAN_POINT ( 'NONE',  ( 1.673407653665099692, 3.000000000000000000, -0.1109152282551151558 ) ) ;
#3412 = ORIENTED_EDGE ( 'NONE', *, *, #1725, .F. ) ;
#3413 = DIRECTION ( 'NONE',  ( -0.8599778663242775290, 0.000000000000000000, 0.5103313329909726637 ) ) ;
#3414 = CARTESIAN_POINT ( 'NONE',  ( 0.6990214886042269704, 2.999900000000000233, -0.2338944340513482156 ) ) ;
#3415 = CARTESIAN_POINT ( 'NONE',  ( -0.1860385652365862952, 3.000000000000000000, 0.5529874015748044158 ) ) ;
#3416 = VERTEX_POINT ( 'NONE', #3096 ) ;
#3417 = CARTESIAN_POINT ( 'NONE',  ( 0.6991903068836543556, 3.000000000000000444, 0.6965321319370875175 ) ) ;
#3418 = CARTESIAN_POINT ( 'NONE',  ( 0.7420627163094617451, 2.999900000000000233, -1.063963295000720066 ) ) ;
#3419 = ORIENTED_EDGE ( 'NONE', *, *, #3508, .T. ) ;
#3420 = DIRECTION ( 'NONE',  ( 0.4998928826337484810, 0.000000000000000000, -0.8660872391925200642 ) ) ;
#3421 = EDGE_CURVE ( 'NONE', #551, #371, #1753, .T. ) ;
#3422 = VECTOR ( 'NONE', #3689, 1000.000000000000114 ) ;
#3423 = CARTESIAN_POINT ( 'NONE',  ( 0.000000000000000000, 0.000000000000000000, 0.000000000000000000 ) ) ;
#3424 = CARTESIAN_POINT ( 'NONE',  ( 0.6954092308500675612, 2.999900000000000233, -0.3970775592623011496 ) ) ;
#3425 = PRESENTATION_LAYER_ASSIGNMENT (  '', '', ( #11 ) ) ;
#3426 = STYLED_ITEM ( 'NONE', ( #2964 ), #2877 ) ;
#3427 = PRESENTATION_LAYER_ASSIGNMENT (  '', '', ( #3073 ) ) ;
#3428 = CARTESIAN_POINT ( 'NONE',  ( -1.228496045551548566, 3.000000000000000000, -0.2716748031496010740 ) ) ;
#3429 = ADVANCED_FACE ( 'NONE', ( #2018 ), #1457, .T. ) ;
#3430 = CARTESIAN_POINT ( 'NONE',  ( 0.7131071931185160029, 2.999999999999998668, -0.4970843948827147196 ) ) ;
#3431 = ORIENTED_EDGE ( 'NONE', *, *, #555, .T. ) ;
#3432 = CARTESIAN_POINT ( 'NONE',  ( 1.683008949238502749, 2.999899999999999789, -0.4759989572474563890 ) ) ;
#3433 = B_SPLINE_CURVE_WITH_KNOTS ( 'NONE', 3,
 ( #949, #1162, #307, #1492 ),
 .UNSPECIFIED., .F., .F.,
 ( 4, 4 ),
 ( 0.6363636363636364646, 0.7272727272727274039 ),
 .UNSPECIFIED. ) ;
#3434 = EDGE_CURVE ( 'NONE', #3490, #2412, #2899, .T. ) ;
#3435 = CARTESIAN_POINT ( 'NONE',  ( 0.7471268768578285258, 3.000000000000000000, -0.2378235353320174994 ) ) ;
#3436 = CARTESIAN_POINT ( 'NONE',  ( 1.642807023916652343, 2.999900000000000677, 0.5746764646679829447 ) ) ;
#3437 = CARTESIAN_POINT ( 'NONE',  ( 0.6952184970927525187, 3.000000000000000888, 0.6203164193313298602 ) ) ;
#3438 = ORIENTED_EDGE ( 'NONE', *, *, #2993, .T. ) ;
#3439 = CARTESIAN_POINT ( 'NONE',  ( 1.671299670975475493, 2.999900000000000233, -0.9333658147437822183 ) ) ;
#3440 = VECTOR ( 'NONE', #2152, 1000.000000000000000 ) ;
#3441 = CARTESIAN_POINT ( 'NONE',  ( -0.5432747857090265420, 2.999900000000000233, 0.4078110236220509610 ) ) ;
#3442 = ORIENTED_EDGE ( 'NONE', *, *, #3503, .T. ) ;
#3443 = CARTESIAN_POINT ( 'NONE',  ( -0.9360125809846201461, 2.999900000000000233, -0.3723968503936953556 ) ) ;
#3444 = CARTESIAN_POINT ( 'NONE',  ( 1.642807023916652343, 2.999900000000000677, 0.5746764646679829447 ) ) ;
#3445 = VECTOR ( 'NONE', #2563, 1000.000000000000000 ) ;
#3446 = CARTESIAN_POINT ( 'NONE',  ( 0.6949669503872402121, 3.000000000000000000, -0.4193492706261351399 ) ) ;
#3447 = CARTESIAN_POINT ( 'NONE',  ( 0.7333073083514421997, 2.999899999999999789, 0.5785825079414548266 ) ) ;
#3448 = CARTESIAN_POINT ( 'NONE',  ( -1.701719806763284604, 2.999900000000000233, -1.597050532934600531 ) ) ;
#3449 = ADVANCED_FACE ( 'NONE', ( #1197 ), #2763, .T. ) ;
#3450 = ADVANCED_FACE ( 'NONE', ( #2298 ), #2635, .T. ) ;
#3451 = PRESENTATION_LAYER_ASSIGNMENT (  '', '', ( #392 ) ) ;
#3452 = CARTESIAN_POINT ( 'NONE',  ( 1.690244320670792222, 2.999999999999999556, -0.4624787726038530611 ) ) ;
#3453 = CARTESIAN_POINT ( 'NONE',  ( 1.694055144851021044, 3.000000000000000888, -0.1530816503576654664 ) ) ;
#3454 = CARTESIAN_POINT ( 'NONE',  ( 1.693335768749239190, 2.999999999999999556, 0.4584512209538114114 ) ) ;
#3455 = VERTEX_POINT ( 'NONE', #3505 ) ;
#3456 = CARTESIAN_POINT ( 'NONE',  ( 0.7849999999999996980, -0.1000000000000000056, 1.625000000000000222 ) ) ;
#3457 = CARTESIAN_POINT ( 'NONE',  ( 1.671299670975475493, 3.000000000000000000, -0.9333658147437822183 ) ) ;
#3458 = CARTESIAN_POINT ( 'NONE',  ( -1.101834628228715252, 3.000000000000000000, -0.006963779527552688836 ) ) ;
#3459 = EDGE_LOOP ( 'NONE', ( #1738, #1969, #820, #3616 ) ) ;
#3460 = LINE ( 'NONE', #2345, #3180 ) ;
#3461 = CARTESIAN_POINT ( 'NONE',  ( -1.604999999999999538, -0.1000000000000000056, -1.625000000000000000 ) ) ;
#3462 = CARTESIAN_POINT ( 'NONE',  ( 0.6952184970927524077, 3.000000000000000444, -1.026742404198082603 ) ) ;
#3463 = CARTESIAN_POINT ( 'NONE',  ( 0.6950570517042602425, 3.000000000000000444, 0.6333495018306486424 ) ) ;
#3464 = DIRECTION ( 'NONE',  ( -0.5103313329909726637, 0.000000000000000000, -0.8599778663242775290 ) ) ;
#3465 = EDGE_CURVE ( 'NONE', #2559, #1070, #905, .T. ) ;
#3466 = EDGE_LOOP ( 'NONE', ( #42, #2445, #3378, #1623 ) ) ;
#3467 = FACE_OUTER_BOUND ( 'NONE', #3531, .T. ) ;
#3468 = VECTOR ( 'NONE', #3192, 1000.000000000000000 ) ;
#3469 = CARTESIAN_POINT ( 'NONE',  ( 0.7471268768578285258, 2.999900000000000233, 0.4600165381973942424 ) ) ;
#3470 = DIRECTION ( 'NONE',  ( 1.000000000000000000, 0.000000000000000000, -0.000000000000000000 ) ) ;
#3471 = ORIENTED_EDGE ( 'NONE', *, *, #2277, .F. ) ;
#3472 = SURFACE_STYLE_USAGE ( .BOTH. , #1170 ) ;
#3473 = CARTESIAN_POINT ( 'NONE',  ( 1.692703783910345816, 3.000000000000000444, -0.9635225857248734815 ) ) ;
#3474 = CARTESIAN_POINT ( 'NONE',  ( 1.694884334082952693, 2.999999999999999556, 0.6109443447374329761 ) ) ;
#3475 = UNCERTAINTY_MEASURE_WITH_UNIT (LENGTH_MEASURE( 1.000000000000000082E-05 ), #3189, 'distance_accuracy_value', 'NONE');
#3476 = ORIENTED_EDGE ( 'NONE', *, *, #622, .F. ) ;
#3477 = CARTESIAN_POINT ( 'NONE',  ( -0.5432747857090265420, 2.999900000000000233, 0.4078110236220509610 ) ) ;
#3478 = CARTESIAN_POINT ( 'NONE',  ( 1.694884334082953581, 3.000000000000000000, -1.036114478791978710 ) ) ;
#3479 = CARTESIAN_POINT ( 'NONE',  ( 1.642807023916652120, 3.000000000000000000, 1.295954038197394631 ) ) ;
#3480 = FACE_OUTER_BOUND ( 'NONE', #1844, .T. ) ;
#3481 = ORIENTED_EDGE ( 'NONE', *, *, #2834, .T. ) ;
#3482 = CARTESIAN_POINT ( 'NONE',  ( 0.7108649602054266659, 2.999899999999999789, -0.3501276458642908485 ) ) ;
#3483 = COLOUR_RGB ( '',0.8274509803921568096, 0.8392156862745098200, 0.8274509803921568096 ) ;
#3484 = CARTESIAN_POINT ( 'NONE',  ( 0.7108649602054266659, 2.999900000000000233, 1.296931177665120671 ) ) ;
#3485 = ORIENTED_EDGE ( 'NONE', *, *, #2754, .F. ) ;
#3486 = CARTESIAN_POINT ( 'NONE',  ( 0.7075269973100262177, 3.000000000000000888, 0.3304348256741754253 ) ) ;
#3487 = CARTESIAN_POINT ( 'NONE',  ( 1.693335768749240078, 2.999900000000000233, 1.281980632718518143 ) ) ;
#3488 = ORIENTED_EDGE ( 'NONE', *, *, #2450, .T. ) ;
#3489 = CARTESIAN_POINT ( 'NONE',  ( 1.089268420975475493, 2.999900000000000233, -0.7171433882731939047 ) ) ;
#3490 = VERTEX_POINT ( 'NONE', #3240 ) ;
#3491 = PLANE ( 'NONE',  #92 ) ;
#3492 = CARTESIAN_POINT ( 'NONE',  ( 1.694961377924933066, 2.999900000000000677, 1.236285770879197665 ) ) ;
#3493 = UNCERTAINTY_MEASURE_WITH_UNIT (LENGTH_MEASURE( 1.000000000000000082E-05 ), #52, 'distance_accuracy_value', 'NONE');
#3494 = ORIENTED_EDGE ( 'NONE', *, *, #2180, .T. ) ;
#3495 = EDGE_CURVE ( 'NONE', #1172, #2633, #2373, .T. ) ;
#3496 = CARTESIAN_POINT ( 'NONE',  ( 0.7186342297990049310, 2.999900000000000233, 0.7159908029032769905 ) ) ;
#3497 = EDGE_CURVE ( 'NONE', #422, #1271, #3433, .T. ) ;
#3498 = CARTESIAN_POINT ( 'NONE',  ( 0.7025367830279435344, 3.000000000000000000, 0.4687284209396135881 ) ) ;
#3499 = CARTESIAN_POINT ( 'NONE',  ( 1.686675839746154315, 2.999899999999999345, -0.9462446849573414864 ) ) ;
#3500 = CARTESIAN_POINT ( 'NONE',  ( 0.7420388912173697671, 2.999900000000000677, -0.3608220438106665706 ) ) ;
#3501 = VERTEX_POINT ( 'NONE', #3448 ) ;
#3502 = VECTOR ( 'NONE', #1683, 1000.000000000000000 ) ;
#3503 = EDGE_CURVE ( 'NONE', #2855, #3490, #348, .T. ) ;
#3504 = CARTESIAN_POINT ( 'NONE',  ( 0.7108521438061915498, 2.999899999999999789, 0.5743668772305134951 ) ) ;
#3505 = CARTESIAN_POINT ( 'NONE',  ( 1.187384229799004931, 3.000000000000000000, -0.6247720647437822183 ) ) ;
#3506 = CARTESIAN_POINT ( 'NONE',  ( -2.150000000000000355, 3.000000000000000000, -2.149999999999999023 ) ) ;
#3507 = ORIENTED_EDGE ( 'NONE', *, *, #71, .F. ) ;
#3508 = EDGE_CURVE ( 'NONE', #2037, #1239, #588, .T. ) ;
#3509 = CARTESIAN_POINT ( 'NONE',  ( 0.7028656193565711030, 3.000000000000000888, -0.1202307340739319219 ) ) ;
#3510 = CARTESIAN_POINT ( 'NONE',  ( -1.008836990433439107, 3.000000000000000000, -0.2119086614173194272 ) ) ;
#3511 = VECTOR ( 'NONE', #1771, 1000.000000000000000 ) ;
#3512 = ORIENTED_EDGE ( 'NONE', *, *, #115, .F. ) ;
#3513 = APPLICATION_PROTOCOL_DEFINITION ( 'draft international standard', 'automotive_design', 1998, #2862 ) ;
#3514 = ORIENTED_EDGE ( 'NONE', *, *, #1506, .T. ) ;
#3515 = FACE_OUTER_BOUND ( 'NONE', #2917, .T. ) ;
#3516 = DIRECTION ( 'NONE',  ( -0.000000000000000000, 1.000000000000000000, -0.000000000000000000 ) ) ;
#3517 = DIRECTION ( 'NONE',  ( -0.8599778663242776400, 0.000000000000000000, 0.5103313329909725526 ) ) ;
#3518 = CARTESIAN_POINT ( 'NONE',  ( 1.694961377924933066, 2.999900000000000233, 0.4127563591144912669 ) ) ;
#3519 = ORIENTED_EDGE ( 'NONE', *, *, #182, .T. ) ;
#3520 = CARTESIAN_POINT ( 'NONE',  ( 0.7471268768578285258, 2.999900000000000233, 0.5857058764326887879 ) ) ;
#3521 = VECTOR ( 'NONE', #706, 1000.000000000000000 ) ;
#3522 = CARTESIAN_POINT ( 'NONE',  ( 0.6982882561173680003, 2.999899999999999789, 1.282394302909318773 ) ) ;
#3523 = DIRECTION ( 'NONE',  ( -0.8571493051170773203, 0.000000000000000000, -0.5150680234078905961 ) ) ;
#3524 =( NAMED_UNIT ( * ) SI_UNIT ( $, .STERADIAN. ) SOLID_ANGLE_UNIT ( ) );
#3525 = CARTESIAN_POINT ( 'NONE',  ( 0.7075269973100262177, 2.999900000000001121, 0.3304348256741754253 ) ) ;
#3526 = CARTESIAN_POINT ( 'NONE',  ( 1.693335768749240078, 2.999900000000000233, 1.281980632718518143 ) ) ;
#3527 = B_SPLINE_SURFACE_WITH_KNOTS ( 'NONE', 3, 1, ( 
 ( #1060, #1078 ),
 ( #1936, #2201 ),
 ( #513, #3625 ),
 ( #3349, #3080 ) ),
 .UNSPECIFIED., .F., .F., .F.,
 ( 4, 4 ),
 ( 2, 2 ),
 ( 0.000000000000000000, 0.09090909090909091161 ),
 ( 0.000000000000000000, 1.000000000000000000 ),
 .UNSPECIFIED. ) ;
#3528 = CARTESIAN_POINT ( 'NONE',  ( 0.6949669503872402121, 2.999900000000000233, -0.4193492706261351399 ) ) ;
#3529 = ORIENTED_EDGE ( 'NONE', *, *, #3434, .T. ) ;
#3530 = CARTESIAN_POINT ( 'NONE',  ( 0.6949669503872402121, 2.999900000000000233, 1.227709552903276879 ) ) ;
#3531 = EDGE_LOOP ( 'NONE', ( #1895, #2416, #2110, #2299 ) ) ;
#3532 = DIRECTION ( 'NONE',  ( 0.000000000000000000, -1.000000000000000000, 0.000000000000000000 ) ) ;
#3533 = CARTESIAN_POINT ( 'NONE',  ( 1.678431273444241922, 3.000000000000000444, 1.309080113370286513 ) ) ;
#3534 = CARTESIAN_POINT ( 'NONE',  ( -0.4373228172050933060, 2.999900000000000233, -0.3764385826771631249 ) ) ;
#3535 = VERTEX_POINT ( 'NONE', #2099 ) ;
#3536 = FACE_OUTER_BOUND ( 'NONE', #2690, .T. ) ;
#3537 =( GEOMETRIC_REPRESENTATION_CONTEXT ( 3 ) GLOBAL_UNCERTAINTY_ASSIGNED_CONTEXT ( ( #1503 ) ) GLOBAL_UNIT_ASSIGNED_CONTEXT ( ( #1148, #1778, #311 ) ) REPRESENTATION_CONTEXT ( 'NONE', 'WORKASPACE' ) );
#3538 = CARTESIAN_POINT ( 'NONE',  ( -0.5432747857090265420, 2.999900000000000233, 0.4078110236220509610 ) ) ;
#3539 = ADVANCED_FACE ( 'NONE', ( #2393 ), #2490, .F. ) ;
#3540 = CARTESIAN_POINT ( 'NONE',  ( 0.6991903068836543556, 3.000000000000000444, -0.1269972798276188530 ) ) ;
#3541 = DIRECTION ( 'NONE',  ( -0.8571493051170773203, 0.000000000000000000, -0.5150680234078905961 ) ) ;
#3542 = VECTOR ( 'NONE', #176, 1000.000000000000000 ) ;
#3543 = CARTESIAN_POINT ( 'NONE',  ( 0.7167363701304686474, 2.999900000000000677, 0.3234732054218903419 ) ) ;
#3544 = CARTESIAN_POINT ( 'NONE',  ( 0.6951264900699232197, 3.000000000000000888, 0.4122140066660576196 ) ) ;
#3545 = VECTOR ( 'NONE', #1912, 1000.000000000000227 ) ;
#3546 = CARTESIAN_POINT ( 'NONE',  ( -0.1632645494885593962, 2.999900000000000233, -0.6440314960629905938 ) ) ;
#3547 = LINE ( 'NONE', #1859, #550 ) ;
#3548 = FACE_OUTER_BOUND ( 'NONE', #3100, .T. ) ;
#3549 = EDGE_CURVE ( 'NONE', #3121, #140, #3255, .T. ) ;
#3550 = VERTEX_POINT ( 'NONE', #2348 ) ;
#3551 = ORIENTED_EDGE ( 'NONE', *, *, #2259, .T. ) ;
#3552 = FACE_OUTER_BOUND ( 'NONE', #2158, .T. ) ;
#3553 = CARTESIAN_POINT ( 'NONE',  ( 0.6950570517042601315, 2.999900000000000677, -1.013709321698763599 ) ) ;
#3554 = CARTESIAN_POINT ( 'NONE',  ( -1.065196832953125838, 3.000000000000000000, -0.5028637795275556766 ) ) ;
#3555 = ORIENTED_EDGE ( 'NONE', *, *, #690, .F. ) ;
#3556 = CARTESIAN_POINT ( 'NONE',  ( 1.694962688120278616, 2.999900000000000677, -0.1831331705661334852 ) ) ;
#3557 = CARTESIAN_POINT ( 'NONE',  ( 1.687430029386158159, 3.000000000000001332, 1.176823246781788290 ) ) ;
#3558 = CARTESIAN_POINT ( 'NONE',  ( 0.6992534118308416646, 2.999900000000000677, 0.3436274290401257203 ) ) ;
#3559 = MECHANICAL_DESIGN_GEOMETRIC_PRESENTATION_REPRESENTATION (  '', ( #1462 ), #991 ) ;
#3560 = CARTESIAN_POINT ( 'NONE',  ( 1.656409784731315504, 2.999900000000001565, 0.5672127162918170207 ) ) ;
#3561 = CARTESIAN_POINT ( 'NONE',  ( -1.843529790660226375, 2.999900000000000233, 1.597050532934600975 ) ) ;
#3562 = CARTESIAN_POINT ( 'NONE',  ( 1.671299670975475493, 3.000000000000000000, -0.1098364029790764168 ) ) ;
#3563 = CARTESIAN_POINT ( 'NONE',  ( -1.843529790660226375, 2.999900000000000233, 1.597050532934600975 ) ) ;
#3564 = CARTESIAN_POINT ( 'NONE',  ( 1.694966950387240212, 2.999900000000000233, 0.6330404352562181147 ) ) ;
#3565 = ORIENTED_EDGE ( 'NONE', *, *, #2349, .F. ) ;
#3566 = ORIENTED_EDGE ( 'NONE', *, *, #1699, .T. ) ;
#3567 = CARTESIAN_POINT ( 'NONE',  ( 0.7031561179726392163, 2.999900000000000677, 0.5798625471875679116 ) ) ;
#3568 = DIRECTION ( 'NONE',  ( 0.000000000000000000, -0.000000000000000000, -1.000000000000000000 ) ) ;
#3569 = DIRECTION ( 'NONE',  ( 1.000000000000000000, -0.000000000000000000, -2.644395542647572752E-16 ) ) ;
#3570 = CARTESIAN_POINT ( 'NONE',  ( 1.671299670975475493, 2.999900000000000233, 0.3391525676091589059 ) ) ;
#3571 = ORIENTED_EDGE ( 'NONE', *, *, #2390, .T. ) ;
#3572 = CARTESIAN_POINT ( 'NONE',  ( 1.694966950387240212, 3.000000000000000000, -0.4037242706261350844 ) ) ;
#3573 = CARTESIAN_POINT ( 'NONE',  ( 1.677578225062696049, 2.999900000000000233, 1.166472464345619464 ) ) ;
#3574 = ORIENTED_EDGE ( 'NONE', *, *, #828, .T. ) ;
#3575 = CARTESIAN_POINT ( 'NONE',  ( 1.694884334082952693, 2.999999999999999556, -0.2125850670272729781 ) ) ;
#3576 = LINE ( 'NONE', #3056, #1153 ) ;
#3577 = FACE_OUTER_BOUND ( 'NONE', #72, .T. ) ;
#3578 = ADVANCED_FACE ( 'NONE', ( #864 ), #743, .T. ) ;
#3579 = LINE ( 'NONE', #647, #135 ) ;
#3580 = CARTESIAN_POINT ( 'NONE',  ( 0.6982882561173680003, 2.999899999999999789, 0.4588648911446127632 ) ) ;
#3581 = CARTESIAN_POINT ( 'NONE',  ( 0.7129990501655021351, 2.999999999999999556, -0.9349027530988278656 ) ) ;
#3582 = DIRECTION ( 'NONE',  ( -0.000000000000000000, 1.000000000000000000, -0.000000000000000000 ) ) ;
#3583 = PLANE ( 'NONE',  #2582 ) ;
#3584 = CARTESIAN_POINT ( 'NONE',  ( 0.6949669503872402121, 2.999900000000000233, -1.006435667684958402 ) ) ;
#3585 = CARTESIAN_POINT ( 'NONE',  ( 1.656402406387030402, 3.000000000000001332, -0.3434627015309039688 ) ) ;
#3586 = VERTEX_POINT ( 'NONE', #2576 ) ;
#3587 = EDGE_LOOP ( 'NONE', ( #3292, #3476, #127, #1995 ) ) ;
#3588 = CARTESIAN_POINT ( 'NONE',  ( 0.6990214886042269704, 2.999900000000000233, 0.5896349777133579328 ) ) ;
#3589 = ADVANCED_FACE ( 'NONE', ( #3480 ), #883, .T. ) ;
#3590 = B_SPLINE_SURFACE_WITH_KNOTS ( 'NONE', 3, 1, ( 
 ( #3391, #2468 ),
 ( #775, #1944 ),
 ( #2209, #807 ),
 ( #2775, #3613 ) ),
 .UNSPECIFIED., .F., .F., .F.,
 ( 4, 4 ),
 ( 2, 2 ),
 ( 0.1818181818181818232, 0.2727272727272727071 ),
 ( 0.000000000000000000, 1.000000000000000000 ),
 .UNSPECIFIED. ) ;
#3591 = CARTESIAN_POINT ( 'NONE',  ( 1.686483065428980188, 2.999900000000000233, 0.5679064498506534164 ) ) ;
#3592 = FILL_AREA_STYLE_COLOUR ( '', #1659 ) ;
#3593 = ORIENTED_EDGE ( 'NONE', *, *, #734, .T. ) ;
#3594 = CARTESIAN_POINT ( 'NONE',  ( 1.678431273444241256, 3.000000000000000000, -0.3379787101591259502 ) ) ;
#3595 = VERTEX_POINT ( 'NONE', #901 ) ;
#3596 = FACE_OUTER_BOUND ( 'NONE', #2337, .T. ) ;
#3597 = ORIENTED_EDGE ( 'NONE', *, *, #914, .T. ) ;
#3598 = FILL_AREA_STYLE ('',( #1916 ) ) ;
#3599 = LINE ( 'NONE', #993, #2471 ) ;
#3600 =( NAMED_UNIT ( * ) SI_UNIT ( $, .STERADIAN. ) SOLID_ANGLE_UNIT ( ) );
#3601 = CARTESIAN_POINT ( 'NONE',  ( 0.6949669503872402121, 3.000000000000000000, -1.006435667684958402 ) ) ;
#3602 = VECTOR ( 'NONE', #21, 1000.000000000000000 ) ;
#3603 = PLANE ( 'NONE',  #305 ) ;
#3604 = CARTESIAN_POINT ( 'NONE',  ( 1.690244320670792222, 2.999999999999999556, 0.3610506391608527266 ) ) ;
#3605 = CARTESIAN_POINT ( 'NONE',  ( 0.6954092308500675612, 2.999900000000000233, 0.4264518525024046935 ) ) ;
#3606 = VECTOR ( 'NONE', #521, 1000.000000000000000 ) ;
#3607 = CARTESIAN_POINT ( 'NONE',  ( 1.642807023916652120, 3.000000000000000888, -0.3511047853320174439 ) ) ;
#3608 = ORIENTED_EDGE ( 'NONE', *, *, #3360, .F. ) ;
#3609 =( GEOMETRIC_REPRESENTATION_CONTEXT ( 3 ) GLOBAL_UNCERTAINTY_ASSIGNED_CONTEXT ( ( #2342 ) ) GLOBAL_UNIT_ASSIGNED_CONTEXT ( ( #740, #3340, #423 ) ) REPRESENTATION_CONTEXT ( 'NONE', 'WORKASPACE' ) );
#3610 = VECTOR ( 'NONE', #645, 1000.000000000000000 ) ;
#3611 = ORIENTED_EDGE ( 'NONE', *, *, #1620, .T. ) ;
#3612 = CARTESIAN_POINT ( 'NONE',  ( 1.694966950387240212, 3.000000000000000000, -1.014018388273193905 ) ) ;
#3613 = CARTESIAN_POINT ( 'NONE',  ( -0.5404921085436723560, 3.000000000000000000, 0.6632763779527598436 ) ) ;
#3614 = FILL_AREA_STYLE ('',( #3592 ) ) ;
#3615 = EDGE_CURVE ( 'NONE', #1356, #3121, #2936, .T. ) ;
#3616 = ORIENTED_EDGE ( 'NONE', *, *, #1897, .T. ) ;
#3617 = EDGE_CURVE ( 'NONE', #140, #75, #3142, .T. ) ;
#3618 = FILL_AREA_STYLE ('',( #2194 ) ) ;
#3619 = ORIENTED_EDGE ( 'NONE', *, *, #3698, .T. ) ;
#3620 = CARTESIAN_POINT ( 'NONE',  ( 1.690244320670791556, 2.999999999999999556, 1.184580050925558625 ) ) ;
#3621 = AXIS2_PLACEMENT_3D ( 'NONE', #3234, #3532, #3568 ) ;
#3622 = CARTESIAN_POINT ( 'NONE',  ( 1.276998200387240434, 2.999900000000000233, -0.7100202265084879505 ) ) ;
#3623 = FILL_AREA_STYLE ('',( #428 ) ) ;
#3624 = CARTESIAN_POINT ( 'NONE',  ( 1.686483065428980188, 2.999900000000000233, 0.5679064498506534164 ) ) ;
#3625 = CARTESIAN_POINT ( 'NONE',  ( 0.3200401749208922064, 3.000000000000000000, -0.4187787401574777912 ) ) ;
#3626 = B_SPLINE_SURFACE_WITH_KNOTS ( 'NONE', 3, 1, ( 
 ( #3564, #3004 ),
 ( #476, #181 ),
 ( #436, #2221 ),
 ( #2506, #732 ),
 ( #786, #2204 ),
 ( #998, #199 ),
 ( #752, #1021 ),
 ( #1329, #1938 ),
 ( #1062, #3351 ),
 ( #1921, #2148 ),
 ( #3060, #1906 ) ),
 .UNSPECIFIED., .F., .F., .F.,
 ( 4, 1, 1, 1, 1, 1, 1, 1, 4 ),
 ( 2, 2 ),
 ( 0.000000000000000000, 0.2475841483258847675, 0.4361234509600928066, 0.5765471439970858425, 0.6891935206218181564, 0.7769127325059270728, 0.8506699786920537409, 0.9203469832125574790, 0.9999999999999998890 ),
 ( 0.000000000000000000, 1.000000000000000000 ),
 .UNSPECIFIED. ) ;
#3627 = AXIS2_PLACEMENT_3D ( 'NONE', #728, #1838, #1575 ) ;
#3628 = CARTESIAN_POINT ( 'NONE',  ( 1.184167318034299088, 2.999900000000000233, 0.8462757293738651931 ) ) ;
#3629 = DIRECTION ( 'NONE',  ( -0.000000000000000000, 1.000000000000000000, -0.000000000000000000 ) ) ;
#3630 = ORIENTED_EDGE ( 'NONE', *, *, #3632, .F. ) ;
#3631 = LINE ( 'NONE', #1658, #2323 ) ;
#3632 = EDGE_CURVE ( 'NONE', #2510, #1349, #1772, .T. ) ;
#3633 = VERTEX_POINT ( 'NONE', #3708 ) ;
#3634 = CARTESIAN_POINT ( 'NONE',  ( 1.694951558879835396, 2.999900000000001121, -0.4231934701897740458 ) ) ;
#3635 = CARTESIAN_POINT ( 'NONE',  ( 0.6949669503872402121, 3.000000000000000000, 1.227709552903276879 ) ) ;
#3636 = CARTESIAN_POINT ( 'NONE',  ( 1.604999999999999538, 0.000000000000000000, -1.625000000000000444 ) ) ;
#3637 = EDGE_LOOP ( 'NONE', ( #3529, #3222, #1567, #258 ) ) ;
#3638 = CARTESIAN_POINT ( 'NONE',  ( 1.089268420975475493, 2.999900000000000233, -0.7171433882731939047 ) ) ;
#3639 = ORIENTED_EDGE ( 'NONE', *, *, #227, .T. ) ;
#3640 = VECTOR ( 'NONE', #1336, 1000.000000000000000 ) ;
#3641 = B_SPLINE_CURVE_WITH_KNOTS ( 'NONE', 3,
 ( #795, #536, #810, #1947 ),
 .UNSPECIFIED., .F., .F.,
 ( 4, 4 ),
 ( 0.1818181818181818232, 0.2727272727272727071 ),
 .UNSPECIFIED. ) ;
#3642 = CARTESIAN_POINT ( 'NONE',  ( 1.682633936342075032, 3.000000000000000888, -0.9405924606587581227 ) ) ;
#3643 = CARTESIAN_POINT ( 'NONE',  ( 0.7420388912173696561, 2.999999999999999556, 1.286236779718745282 ) ) ;
#3644 = CARTESIAN_POINT ( 'NONE',  ( 0.7075269973100262177, 2.999900000000001121, -0.4930945860905305289 ) ) ;
#3645 = EDGE_CURVE ( 'NONE', #937, #1332, #390, .T. ) ;
#3646 = CARTESIAN_POINT ( 'NONE',  ( 0.6975049517387400533, 3.000000000000000444, -0.9598211925398869582 ) ) ;
#3647 = LINE ( 'NONE', #2483, #497 ) ;
#3648 = CARTESIAN_POINT ( 'NONE',  ( 0.6950256249081662174, 2.999899999999999789, -0.9877423147426570571 ) ) ;
#3649 = CARTESIAN_POINT ( 'NONE',  ( -1.065196832953125838, 2.999900000000000233, -0.5028637795275556766 ) ) ;
#3650 = CARTESIAN_POINT ( 'NONE',  ( 1.694955180068616674, 2.999999999999999112, 0.6533536114254819838 ) ) ;
#3651 = EDGE_LOOP ( 'NONE', ( #1169, #1480, #2920, #333 ) ) ;
#3652 = DIRECTION ( 'NONE',  ( 0.8679317172888709742, 0.000000000000000000, 0.4966835351851229818 ) ) ;
#3653 = PRODUCT_RELATED_PRODUCT_CATEGORY ( 'part', '', ( #2797 ) ) ;
#3654 = CARTESIAN_POINT ( 'NONE',  ( 0.6951264900699229976, 2.999999999999999556, 1.235743418430763407 ) ) ;
#3655 = B_SPLINE_CURVE_WITH_KNOTS ( 'NONE', 3,
 ( #3137, #3103, #549, #1119 ),
 .UNSPECIFIED., .F., .F.,
 ( 4, 4 ),
 ( 0.000000000000000000, 0.09090909090909091161 ),
 .UNSPECIFIED. ) ;
#3656 = CARTESIAN_POINT ( 'NONE',  ( 0.7333073083514420887, 3.000000000000000000, -1.068476315587956860 ) ) ;
#3657 = ORIENTED_EDGE ( 'NONE', *, *, #71, .T. ) ;
#3658 = CARTESIAN_POINT ( 'NONE',  ( 1.694866229732195695, 3.000000000000000888, 0.4408254640228527754 ) ) ;
#3659 = CARTESIAN_POINT ( 'NONE',  ( 0.7167214233176066873, 2.999900000000000233, -0.9323696829697073474 ) ) ;
#3660 = CARTESIAN_POINT ( 'NONE',  ( 1.642807023916652120, 3.000000000000000000, -0.3511047853320174439 ) ) ;
#3661 = CARTESIAN_POINT ( 'NONE',  ( 1.276998200387240434, 2.999900000000000233, 0.9370385970209240689 ) ) ;
#3662 = EDGE_CURVE ( 'NONE', #371, #207, #2399, .T. ) ;
#3663 = CARTESIAN_POINT ( 'NONE',  ( 1.694050612121599242, 3.000000000000000444, 0.3836955046114279844 ) ) ;
#3664 = CARTESIAN_POINT ( 'NONE',  ( 1.671299670975475493, 3.000000000000000000, -0.1098364029790764168 ) ) ;
#3665 = FACE_OUTER_BOUND ( 'NONE', #911, .T. ) ;
#3666 = VECTOR ( 'NONE', #3000, 1000.000000000000000 ) ;
#3667 = CARTESIAN_POINT ( 'NONE',  ( 1.692619765420955158, 3.000000000000000444, 0.3708962561424928306 ) ) ;
#3668 = VERTEX_POINT ( 'NONE', #1210 ) ;
#3669 = CARTESIAN_POINT ( 'NONE',  ( 1.694050612121599242, 2.999900000000000677, -0.4398339071532778588 ) ) ;
#3670 = EDGE_CURVE ( 'NONE', #2801, #652, #1747, .T. ) ;
#3671 = CARTESIAN_POINT ( 'NONE',  ( 0.7025367830279436454, 3.000000000000000888, 1.292257832704320153 ) ) ;
#3672 = VECTOR ( 'NONE', #3652, 1000.000000000000227 ) ;
#3673 = LINE ( 'NONE', #1695, #2971 ) ;
#3674 = VERTEX_POINT ( 'NONE', #2344 ) ;
#3675 = DIRECTION ( 'NONE',  ( 0.8589240550050705192, 0.000000000000000000, 0.5121029854762093603 ) ) ;
#3676 = VECTOR ( 'NONE', #2379, 1000.000000000000000 ) ;
#3677 = FACE_OUTER_BOUND ( 'NONE', #2246, .T. ) ;
#3678 = EDGE_CURVE ( 'NONE', #422, #1490, #897, .T. ) ;
#3679 = CARTESIAN_POINT ( 'NONE',  ( 1.642807023916652343, 2.999900000000000677, -1.072382358861429408 ) ) ;
#3680 = CARTESIAN_POINT ( 'NONE',  ( 0.6949870368931667652, 2.999999999999999556, -0.4263959090736419988 ) ) ;
#3681 = CARTESIAN_POINT ( 'NONE',  ( 1.694951558879835396, 3.000000000000000888, -0.4231934701897740458 ) ) ;
#3682 = CARTESIAN_POINT ( 'NONE',  ( 1.694955180068616674, 2.999999999999999556, -0.1701758003392241647 ) ) ;
#3683 = DIRECTION ( 'NONE',  ( 0.8644584418281030525, 0.000000000000000000, -0.5027042891722014462 ) ) ;
#3684 = EDGE_CURVE ( 'NONE', #3306, #2403, #879, .T. ) ;
#3685 = ORIENTED_EDGE ( 'NONE', *, *, #182, .F. ) ;
#3686 = CARTESIAN_POINT ( 'NONE',  ( 0.7108521438061915498, 2.999999999999999556, -0.2491625345341925979 ) ) ;
#3687 = FACE_OUTER_BOUND ( 'NONE', #3117, .T. ) ;
#3688 = ORIENTED_EDGE ( 'NONE', *, *, #480, .F. ) ;
#3689 = DIRECTION ( 'NONE',  ( 0.8679317172888708631, 0.000000000000000000, 0.4966835351851232039 ) ) ;
#3690 = CARTESIAN_POINT ( 'NONE',  ( 1.678431273444241256, 3.000000000000000888, 0.4855507016055799485 ) ) ;
#3691 = CLOSED_SHELL ( 'NONE', ( #2921, #1165, #3345, #670, #2877, #2219, #3248, #180, #2686, #1048, #1124, #1668, #283, #1198, #2739, #2566, #1516, #3320, #2226, #1832, #3589, #2003, #34, #1374, #56, #1723, #1406, #3217, #2392, #1314, #1821, #2332, #1088, #2534, #3449, #3112, #3401, #3014, #1436, #2108, #3450, #3429, #24, #1115, #1548, #2835, #2200, #3108, #844, #1472, #1431, #2459, #104, #2774, #2441, #999, #378, #3122, #2174, #3578, #3397, #2720, #3083, #401, #189, #1770, #1949, #981, #1966, #722, #2847, #1290, #880, #1248, #1398, #3078, #355, #3032, #2504, #3539, #540, #449, #1399, #2143 ) ) ;
#3692 = PLANE ( 'NONE',  #2355 ) ;
#3693 = AXIS2_PLACEMENT_3D ( 'NONE', #2930, #616, #2911 ) ;
#3694 = DIRECTION ( 'NONE',  ( -0.000000000000000000, -1.000000000000000000, -0.000000000000000000 ) ) ;
#3695 = ORIENTED_EDGE ( 'NONE', *, *, #3224, .F. ) ;
#3696 = DIRECTION ( 'NONE',  ( -1.000000000000000000, -0.000000000000000000, 3.597633758841863208E-15 ) ) ;
#3697 = CARTESIAN_POINT ( 'NONE',  ( 1.682633936342075032, 2.999900000000001121, -0.1170630488940522657 ) ) ;
#3698 = EDGE_CURVE ( 'NONE', #479, #191, #2089, .T. ) ;
#3699 = CARTESIAN_POINT ( 'NONE',  ( 0.2008905686216796438, 2.999900000000000233, 0.01724409448819043400 ) ) ;
#3700 = ORIENTED_EDGE ( 'NONE', *, *, #2974, .T. ) ;
#3701 = LINE ( 'NONE', #3066, #784 ) ;
#3702 = CARTESIAN_POINT ( 'NONE',  ( 0.7471268768578285258, 2.999900000000000233, -0.3635128735673115452 ) ) ;
#3703 = VECTOR ( 'NONE', #2639, 1000.000000000000114 ) ;
#3704 = CARTESIAN_POINT ( 'NONE',  ( 0.7108649602054266659, 2.999999999999999556, -0.3501276458642908485 ) ) ;
#3705 = EDGE_LOOP ( 'NONE', ( #625, #3216, #1680, #2726 ) ) ;
#3706 = EDGE_CURVE ( 'NONE', #2329, #2733, #747, .T. ) ;
#3707 = FILL_AREA_STYLE ('',( #2560 ) ) ;
#3708 = CARTESIAN_POINT ( 'NONE',  ( 0.7471268768578285258, 3.000000000000000000, 1.283545949962100474 ) ) ;
#3709 = CARTESIAN_POINT ( 'NONE',  ( -0.8834133683861913333, 3.000000000000000000, 0.5696811023622099235 ) ) ;
#3710 = CARTESIAN_POINT ( 'NONE',  ( 1.694055144851021044, 3.000000000000000444, -0.1530816503576654664 ) ) ;
ENDSEC;
END-ISO-10303-21;
