ISO-10303-21;
HEADER;
FILE_DESCRIPTION (( 'STEP AP214' ),
    '1' );
FILE_NAME ('XGL3020.STEP',
    '2025-04-03T20:42:36',
    ( '' ),
    ( '' ),
    'SwSTEP 2.0',
    'SolidWorks 2023',
    '' );
FILE_SCHEMA (( 'AUTOMOTIVE_DESIGN' ));
ENDSEC;

DATA;
#1 = MECHANICAL_DESIGN_GEOMETRIC_PRESENTATION_REPRESENTATION (  '', ( #1748 ), #793 ) ;
#2 =( LENGTH_UNIT ( ) NAMED_UNIT ( * ) SI_UNIT ( .MILLI., .METRE. ) );
#3 = DIRECTION ( 'NONE',  ( -0.000000000000000000, 1.000000000000000000, -0.000000000000000000 ) ) ;
#4 = ORIENTED_EDGE ( 'NONE', *, *, #1582, .F. ) ;
#5 = ORIENTED_EDGE ( 'NONE', *, *, #1671, .F. ) ;
#6 = CARTESIAN_POINT ( 'NONE',  ( -0.5723327921078065206, 1.999900000000000233, 0.2480511811023666524 ) ) ;
#7 = SURFACE_STYLE_USAGE ( .BOTH. , #2342 ) ;
#8 = PLANE ( 'NONE',  #1770 ) ;
#9 = CARTESIAN_POINT ( 'NONE',  ( 0.9660737160532634205, 2.000000000000000000, 0.4353129901688816417 ) ) ;
#10 = EDGE_CURVE ( 'NONE', #2763, #943, #749, .T. ) ;
#11 = LINE ( 'NONE', #2481, #112 ) ;
#12 = LINE ( 'NONE', #1839, #176 ) ;
#13 = STYLED_ITEM ( 'NONE', ( #1048 ), #2195 ) ;
#14 = FILL_AREA_STYLE_COLOUR ( '', #335 ) ;
#15 = CARTESIAN_POINT ( 'NONE',  ( 0.5649999999999996136, 0.000000000000000000, 1.350000000000000311 ) ) ;
#16 = APPLICATION_CONTEXT ( 'automotive_design' ) ;
#17 = EDGE_CURVE ( 'NONE', #1362, #1670, #858, .T. ) ;
#18 = ORIENTED_EDGE ( 'NONE', *, *, #286, .F. ) ;
#19 = DIRECTION ( 'NONE',  ( -0.000000000000000000, 1.000000000000000000, -0.000000000000000000 ) ) ;
#20 = DIRECTION ( 'NONE',  ( -1.000000000000000000, -0.000000000000000000, -0.000000000000000000 ) ) ;
#21 = ADVANCED_FACE ( 'NONE', ( #1880 ), #268, .T. ) ;
#22 = CARTESIAN_POINT ( 'NONE',  ( 1.180616985284032694, 1.999900000000000233, -0.1250836444465028841 ) ) ;
#23 = CARTESIAN_POINT ( 'NONE',  ( 0.8851442288737763064, 1.999900000000000233, 0.4353129901688816417 ) ) ;
#24 = ORIENTED_EDGE ( 'NONE', *, *, #2042, .T. ) ;
#25 = AXIS2_PLACEMENT_3D ( 'NONE', #723, #2035, #1536 ) ;
#26 = UNCERTAINTY_MEASURE_WITH_UNIT (LENGTH_MEASURE( 1.000000000000000082E-05 ), #369, 'distance_accuracy_value', 'NONE');
#27 = VERTEX_POINT ( 'NONE', #3338 ) ;
#28 = PRESENTATION_STYLE_ASSIGNMENT (( #3141 ) ) ;
#29 = MECHANICAL_DESIGN_GEOMETRIC_PRESENTATION_REPRESENTATION (  '', ( #2842 ), #488 ) ;
#30 = FILL_AREA_STYLE_COLOUR ( '', #2780 ) ;
#31 = DIRECTION ( 'NONE',  ( -0.5390871699424967245, 0.000000000000000000, -0.8422499766716469161 ) ) ;
#32 = ORIENTED_EDGE ( 'NONE', *, *, #1920, .F. ) ;
#33 =( NAMED_UNIT ( * ) PLANE_ANGLE_UNIT ( ) SI_UNIT ( $, .RADIAN. ) );
#34 = CARTESIAN_POINT ( 'NONE',  ( 0.000000000000000000, 0.000000000000000000, 0.000000000000000000 ) ) ;
#35 = CARTESIAN_POINT ( 'NONE',  ( -0.5723327921078065206, 2.000000000000000000, 0.2480511811023666524 ) ) ;
#36 = STYLED_ITEM ( 'NONE', ( #577 ), #3243 ) ;
#37 = DIRECTION ( 'NONE',  ( -0.000000000000000000, 1.000000000000000000, -0.000000000000000000 ) ) ;
#38 = UNCERTAINTY_MEASURE_WITH_UNIT (LENGTH_MEASURE( 1.000000000000000082E-05 ), #3000, 'distance_accuracy_value', 'NONE');
#39 = CARTESIAN_POINT ( 'NONE',  ( 0.6806169852840326939, 2.000000000000000000, -0.1186733880362464966 ) ) ;
#40 = PLANE ( 'NONE',  #1459 ) ;
#41 = EDGE_CURVE ( 'NONE', #3103, #893, #545, .T. ) ;
#42 = PRESENTATION_LAYER_ASSIGNMENT (  '', '', ( #600 ) ) ;
#43 = EDGE_LOOP ( 'NONE', ( #1301, #2653, #260, #632 ) ) ;
#44 = LINE ( 'NONE', #1592, #1472 ) ;
#45 = CARTESIAN_POINT ( 'NONE',  ( 0.6806169852840326939, 1.999900000000000233, -0.5417503111131697358 ) ) ;
#46 = EDGE_CURVE ( 'NONE', #1214, #856, #11, .T. ) ;
#47 = EDGE_CURVE ( 'NONE', #3304, #2434, #1174, .T. ) ;
#48 = DIRECTION ( 'NONE',  ( -1.000000000000000000, 0.000000000000000000, 0.000000000000000000 ) ) ;
#49 = ORIENTED_EDGE ( 'NONE', *, *, #2592, .T. ) ;
#50 = COLOUR_RGB ( '',1.000000000000000000, 1.000000000000000000, 1.000000000000000000 ) ;
#51 = EDGE_LOOP ( 'NONE', ( #2540, #538, #3106, #3293 ) ) ;
#52 = DIRECTION ( 'NONE',  ( -0.000000000000000000, 1.000000000000000000, -0.000000000000000000 ) ) ;
#53 = LINE ( 'NONE', #71, #2829 ) ;
#54 = SURFACE_SIDE_STYLE ('',( #72 ) ) ;
#55 = SURFACE_STYLE_USAGE ( .BOTH. , #2881 ) ;
#56 = ORIENTED_EDGE ( 'NONE', *, *, #2820, .T. ) ;
#57 =( GEOMETRIC_REPRESENTATION_CONTEXT ( 3 ) GLOBAL_UNCERTAINTY_ASSIGNED_CONTEXT ( ( #2566 ) ) GLOBAL_UNIT_ASSIGNED_CONTEXT ( ( #674, #3002, #944 ) ) REPRESENTATION_CONTEXT ( 'NONE', 'WORKASPACE' ) );
#58 = FILL_AREA_STYLE_COLOUR ( '', #1130 ) ;
#59 = LINE ( 'NONE', #1604, #2489 ) ;
#60 = SURFACE_STYLE_USAGE ( .BOTH. , #811 ) ;
#61 = FILL_AREA_STYLE ('',( #329 ) ) ;
#62 = ORIENTED_EDGE ( 'NONE', *, *, #10, .F. ) ;
#63 = SURFACE_STYLE_FILL_AREA ( #583 ) ;
#64 = DIRECTION ( 'NONE',  ( -0.000000000000000000, 1.000000000000000000, -0.000000000000000000 ) ) ;
#65 = EDGE_CURVE ( 'NONE', #1872, #1996, #3188, .T. ) ;
#66 = SURFACE_STYLE_USAGE ( .BOTH. , #3117 ) ;
#67 = ADVANCED_FACE ( 'NONE', ( #2751 ), #174, .T. ) ;
#68 = ORIENTED_EDGE ( 'NONE', *, *, #2804, .F. ) ;
#69 = UNCERTAINTY_MEASURE_WITH_UNIT (LENGTH_MEASURE( 1.000000000000000082E-05 ), #136, 'distance_accuracy_value', 'NONE');
#70 = ORIENTED_EDGE ( 'NONE', *, *, #982, .F. ) ;
#71 = CARTESIAN_POINT ( 'NONE',  ( 0.9256089724635199190, 2.000000000000000000, -0.4367823623952210021 ) ) ;
#72 = SURFACE_STYLE_FILL_AREA ( #1342 ) ;
#73 = PLANE ( 'NONE',  #1349 ) ;
#74 = B_SPLINE_SURFACE_WITH_KNOTS ( 'NONE', 3, 1, ( 
 ( #2495, #2957 ),
 ( #2989, #3232 ),
 ( #1721, #692 ),
 ( #655, #400 ) ),
 .UNSPECIFIED., .F., .F., .F.,
 ( 4, 4 ),
 ( 2, 2 ),
 ( 0.1818181818181818232, 0.2727272727272727071 ),
 ( 0.000000000000000000, 1.000000000000000000 ),
 .UNSPECIFIED. ) ;
#75 = LINE ( 'NONE', #876, #2800 ) ;
#76 =( LENGTH_UNIT ( ) NAMED_UNIT ( * ) SI_UNIT ( .MILLI., .METRE. ) );
#77 =( NAMED_UNIT ( * ) SI_UNIT ( $, .STERADIAN. ) SOLID_ANGLE_UNIT ( ) );
#78 = SURFACE_STYLE_FILL_AREA ( #325 ) ;
#79 =( LENGTH_UNIT ( ) NAMED_UNIT ( * ) SI_UNIT ( .MILLI., .METRE. ) );
#80 = PRESENTATION_LAYER_ASSIGNMENT (  '', '', ( #2998 ) ) ;
#81 = ORIENTED_EDGE ( 'NONE', *, *, #2753, .T. ) ;
#82 = CARTESIAN_POINT ( 'NONE',  ( 1.180616985284032694, 1.999900000000000233, 0.2013386311945227491 ) ) ;
#83 = FACE_OUTER_BOUND ( 'NONE', #953, .T. ) ;
#84 = CARTESIAN_POINT ( 'NONE',  ( 0.6806169852840326939, 1.999900000000000233, -0.5417503111131697358 ) ) ;
#85 = PLANE ( 'NONE',  #432 ) ;
#86 = ORIENTED_EDGE ( 'NONE', *, *, #1008, .F. ) ;
#87 = ORIENTED_EDGE ( 'NONE', *, *, #1039, .T. ) ;
#88 = DIRECTION ( 'NONE',  ( -0.000000000000000000, 1.000000000000000000, -0.000000000000000000 ) ) ;
#89 = DIRECTION ( 'NONE',  ( -0.000000000000000000, 1.000000000000000000, -0.000000000000000000 ) ) ;
#90 =( GEOMETRIC_REPRESENTATION_CONTEXT ( 3 ) GLOBAL_UNCERTAINTY_ASSIGNED_CONTEXT ( ( #2605 ) ) GLOBAL_UNIT_ASSIGNED_CONTEXT ( ( #2920, #611, #360 ) ) REPRESENTATION_CONTEXT ( 'NONE', 'WORKASPACE' ) );
#91 =( NAMED_UNIT ( * ) PLANE_ANGLE_UNIT ( ) SI_UNIT ( $, .RADIAN. ) );
#92 = VERTEX_POINT ( 'NONE', #2176 ) ;
#93 = PRESENTATION_LAYER_ASSIGNMENT (  '', '', ( #2842 ) ) ;
#94 =( NAMED_UNIT ( * ) SI_UNIT ( $, .STERADIAN. ) SOLID_ANGLE_UNIT ( ) );
#95 = VERTEX_POINT ( 'NONE', #3004 ) ;
#96 = EDGE_CURVE ( 'NONE', #2938, #3290, #2942, .T. ) ;
#97 =( NAMED_UNIT ( * ) PLANE_ANGLE_UNIT ( ) SI_UNIT ( $, .RADIAN. ) );
#98 = PRODUCT_DEFINITION ( 'UNKNOWN', '', #1674, #1477 ) ;
#99 = VECTOR ( 'NONE', #1883, 1000.000000000000000 ) ;
#100 =( GEOMETRIC_REPRESENTATION_CONTEXT ( 3 ) GLOBAL_UNCERTAINTY_ASSIGNED_CONTEXT ( ( #2706 ) ) GLOBAL_UNIT_ASSIGNED_CONTEXT ( ( #2496, #498, #747 ) ) REPRESENTATION_CONTEXT ( 'NONE', 'WORKASPACE' ) );
#101 = MECHANICAL_DESIGN_GEOMETRIC_PRESENTATION_REPRESENTATION (  '', ( #2474 ), #493 ) ;
#102 = EDGE_LOOP ( 'NONE', ( #1117, #2417, #81, #2567 ) ) ;
#103 = SURFACE_SIDE_STYLE ('',( #2224 ) ) ;
#104 = CARTESIAN_POINT ( 'NONE',  ( 0.1317498850575476721, 1.999900000000000233, -0.3750472440944886965 ) ) ;
#105 = DIRECTION ( 'NONE',  ( -0.000000000000000000, 1.000000000000000000, -0.000000000000000000 ) ) ;
#106 = ORIENTED_EDGE ( 'NONE', *, *, #416, .F. ) ;
#107 = DIRECTION ( 'NONE',  ( -0.000000000000000000, 1.000000000000000000, -0.000000000000000000 ) ) ;
#108 = MECHANICAL_DESIGN_GEOMETRIC_PRESENTATION_REPRESENTATION (  '', ( #1781 ), #2173 ) ;
#109 = FILL_AREA_STYLE_COLOUR ( '', #1587 ) ;
#110 = DIRECTION ( 'NONE',  ( 0.000000000000000000, 0.000000000000000000, -1.000000000000000000 ) ) ;
#111 = CARTESIAN_POINT ( 'NONE',  ( -0.3776024771471770958, 2.000000000000000000, -0.4350039370078715439 ) ) ;
#112 = VECTOR ( 'NONE', #1727, 1000.000000000000000 ) ;
#113 = CARTESIAN_POINT ( 'NONE',  ( -0.3441182251786700230, 2.000000000000000000, 0.5527303149606328514 ) ) ;
#114 = UNCERTAINTY_MEASURE_WITH_UNIT (LENGTH_MEASURE( 1.000000000000000082E-05 ), #1054, 'distance_accuracy_value', 'NONE');
#115 = EDGE_LOOP ( 'NONE', ( #1173, #1356, #1568, #955 ) ) ;
#116 =( LENGTH_UNIT ( ) NAMED_UNIT ( * ) SI_UNIT ( .MILLI., .METRE. ) );
#117 = EDGE_CURVE ( 'NONE', #1275, #2762, #1185, .T. ) ;
#118 = VERTEX_POINT ( 'NONE', #1448 ) ;
#119 = VECTOR ( 'NONE', #37, 1000.000000000000000 ) ;
#120 = UNCERTAINTY_MEASURE_WITH_UNIT (LENGTH_MEASURE( 1.000000000000000082E-05 ), #299, 'distance_accuracy_value', 'NONE');
#121 = COLOUR_RGB ( '',1.000000000000000000, 1.000000000000000000, 1.000000000000000000 ) ;
#122 = ORIENTED_EDGE ( 'NONE', *, *, #1877, .F. ) ;
#123 = CARTESIAN_POINT ( 'NONE',  ( -0.5649999999999996136, 0.000000000000000000, 1.350000000000000089 ) ) ;
#124 = FILL_AREA_STYLE_COLOUR ( '', #2003 ) ;
#125 = DIRECTION ( 'NONE',  ( -0.000000000000000000, 1.000000000000000000, -0.000000000000000000 ) ) ;
#126 = DIRECTION ( 'NONE',  ( 0.8423401905372559506, 0.000000000000000000, 0.5389461971344258195 ) ) ;
#127 = B_SPLINE_CURVE_WITH_KNOTS ( 'NONE', 3,
 ( #947, #208, #3049, #2513 ),
 .UNSPECIFIED., .F., .F.,
 ( 4, 4 ),
 ( 0.1818181818181818232, 0.2727272727272727071 ),
 .UNSPECIFIED. ) ;
#128 = ORIENTED_EDGE ( 'NONE', *, *, #2781, .F. ) ;
#129 = CARTESIAN_POINT ( 'NONE',  ( -0.2581438157298540648, 1.999900000000000233, -0.3136988188976359004 ) ) ;
#130 = STYLED_ITEM ( 'NONE', ( #1653 ), #895 ) ;
#131 = APPLICATION_PROTOCOL_DEFINITION ( 'draft international standard', 'automotive_design', 1998, #16 ) ;
#132 = ORIENTED_EDGE ( 'NONE', *, *, #2101, .T. ) ;
#133 = B_SPLINE_CURVE_WITH_KNOTS ( 'NONE', 3,
 ( #3167, #2384, #344, #302 ),
 .UNSPECIFIED., .F., .F.,
 ( 4, 4 ),
 ( 0.5454545454545455252, 0.6363636363636364646 ),
 .UNSPECIFIED. ) ;
#134 = B_SPLINE_SURFACE_WITH_KNOTS ( 'NONE', 3, 1, ( 
 ( #421, #464 ),
 ( #2538, #234 ),
 ( #2507, #3275 ),
 ( #2796, #2522 ) ),
 .UNSPECIFIED., .F., .F., .F.,
 ( 4, 4 ),
 ( 2, 2 ),
 ( 0.7272727272727274039, 0.8181818181818183433 ),
 ( 0.000000000000000000, 1.000000000000000000 ),
 .UNSPECIFIED. ) ;
#135 = EDGE_CURVE ( 'NONE', #2120, #2321, #2240, .T. ) ;
#136 =( LENGTH_UNIT ( ) NAMED_UNIT ( * ) SI_UNIT ( .MILLI., .METRE. ) );
#137 =( LENGTH_UNIT ( ) NAMED_UNIT ( * ) SI_UNIT ( .MILLI., .METRE. ) );
#138 = CARTESIAN_POINT ( 'NONE',  ( 0.9256089724635199190, 1.999900000000000233, 0.4093714837586252542 ) ) ;
#139 =( LENGTH_UNIT ( ) NAMED_UNIT ( * ) SI_UNIT ( .MILLI., .METRE. ) );
#140 = LINE ( 'NONE', #2785, #2117 ) ;
#141 = EDGE_CURVE ( 'NONE', #2869, #2092, #2697, .T. ) ;
#142 = CARTESIAN_POINT ( 'NONE',  ( 0.6806169852840326939, 1.999900000000000233, 0.5662224452970868738 ) ) ;
#143 = SURFACE_STYLE_USAGE ( .BOTH. , #1426 ) ;
#144 = CARTESIAN_POINT ( 'NONE',  ( 0.9256089724635199190, 2.000000000000000000, 0.03807741324580478370 ) ) ;
#145 = LINE ( 'NONE', #666, #3263 ) ;
#146 =( GEOMETRIC_REPRESENTATION_CONTEXT ( 3 ) GLOBAL_UNCERTAINTY_ASSIGNED_CONTEXT ( ( #2103 ) ) GLOBAL_UNIT_ASSIGNED_CONTEXT ( ( #1538, #2549, #2615 ) ) REPRESENTATION_CONTEXT ( 'NONE', 'WORKASPACE' ) );
#147 = VERTEX_POINT ( 'NONE', #2203 ) ;
#148 =( NAMED_UNIT ( * ) PLANE_ANGLE_UNIT ( ) SI_UNIT ( $, .RADIAN. ) );
#149 = DIRECTION ( 'NONE',  ( -1.000000000000000000, -0.000000000000000000, 3.885444459549266443E-15 ) ) ;
#150 = ORIENTED_EDGE ( 'NONE', *, *, #461, .F. ) ;
#151 = SURFACE_STYLE_FILL_AREA ( #3247 ) ;
#152 = COLOUR_RGB ( '',1.000000000000000000, 1.000000000000000000, 1.000000000000000000 ) ;
#153 =( GEOMETRIC_REPRESENTATION_CONTEXT ( 3 ) GLOBAL_UNCERTAINTY_ASSIGNED_CONTEXT ( ( #2188 ) ) GLOBAL_UNIT_ASSIGNED_CONTEXT ( ( #3102, #818, #1601 ) ) REPRESENTATION_CONTEXT ( 'NONE', 'WORKASPACE' ) );
#154 = VECTOR ( 'NONE', #242, 1000.000000000000000 ) ;
#155 = B_SPLINE_CURVE_WITH_KNOTS ( 'NONE', 3,
 ( #1032, #2786, #225, #470 ),
 .UNSPECIFIED., .F., .F.,
 ( 4, 4 ),
 ( 0.6363636363636364646, 0.7272727272727274039 ),
 .UNSPECIFIED. ) ;
#156 =( NAMED_UNIT ( * ) PLANE_ANGLE_UNIT ( ) SI_UNIT ( $, .RADIAN. ) );
#157 = SURFACE_STYLE_FILL_AREA ( #1419 ) ;
#158 = SURFACE_STYLE_USAGE ( .BOTH. , #103 ) ;
#159 = DIRECTION ( 'NONE',  ( -0.8422499766716469161, 0.000000000000000000, 0.5390871699424965025 ) ) ;
#160 = EDGE_CURVE ( 'NONE', #202, #2671, #3235, .T. ) ;
#161 = COLOUR_RGB ( '',1.000000000000000000, 1.000000000000000000, 1.000000000000000000 ) ;
#162 = DIRECTION ( 'NONE',  ( 0.000000000000000000, 0.000000000000000000, -1.000000000000000000 ) ) ;
#163 = PRESENTATION_STYLE_ASSIGNMENT (( #2950 ) ) ;
#164 =( LENGTH_UNIT ( ) NAMED_UNIT ( * ) SI_UNIT ( .MILLI., .METRE. ) );
#165 = DIRECTION ( 'NONE',  ( -1.000000000000000000, 0.000000000000000000, 0.000000000000000000 ) ) ;
#166 = AXIS2_PLACEMENT_3D ( 'NONE', #1334, #3175, #658 ) ;
#167 = VERTEX_POINT ( 'NONE', #2466 ) ;
#168 = SURFACE_STYLE_FILL_AREA ( #2986 ) ;
#169 = EDGE_LOOP ( 'NONE', ( #833, #1433, #1022, #1903 ) ) ;
#170 = LINE ( 'NONE', #1951, #623 ) ;
#171 = VECTOR ( 'NONE', #293, 1000.000000000000000 ) ;
#172 = CARTESIAN_POINT ( 'NONE',  ( 0.6806169852840326939, 1.999900000000000233, 0.1431455222201637734 ) ) ;
#173 = SURFACE_STYLE_USAGE ( .BOTH. , #1485 ) ;
#174 = PLANE ( 'NONE',  #1836 ) ;
#175 = FILL_AREA_STYLE ('',( #2467 ) ) ;
#176 = VECTOR ( 'NONE', #2093, 1000.000000000000000 ) ;
#177 = VECTOR ( 'NONE', #1579, 1000.000000000000000 ) ;
#178 = CARTESIAN_POINT ( 'NONE',  ( -0.6542757054936341188, 2.000000000000000000, -0.4438799212598381061 ) ) ;
#179 = CARTESIAN_POINT ( 'NONE',  ( -0.5649999999999996136, 0.000000000000000000, -1.350000000000000089 ) ) ;
#180 = EDGE_CURVE ( 'NONE', #709, #1242, #2455, .T. ) ;
#181 = CARTESIAN_POINT ( 'NONE',  ( 1.600000000000000089, 2.000000000000000000, 1.599999999999999867 ) ) ;
#182 = EDGE_CURVE ( 'NONE', #589, #1131, #1937, .T. ) ;
#183 = FILL_AREA_STYLE_COLOUR ( '', #3036 ) ;
#184 =( NAMED_UNIT ( * ) PLANE_ANGLE_UNIT ( ) SI_UNIT ( $, .RADIAN. ) );
#185 = CARTESIAN_POINT ( 'NONE',  ( 0.6806169852840326939, 1.999900000000000233, 0.3044035350406765761 ) ) ;
#186 = FACE_OUTER_BOUND ( 'NONE', #1537, .T. ) ;
#187 = VERTEX_POINT ( 'NONE', #2961 ) ;
#188 = CARTESIAN_POINT ( 'NONE',  ( 0.8851442288737763064, 1.999900000000000233, 0.4353129901688816417 ) ) ;
#189 = ORIENTED_EDGE ( 'NONE', *, *, #1025, .T. ) ;
#190 = DIRECTION ( 'NONE',  ( -0.8421872852981130420, 0.000000000000000000, -0.5391851040989491528 ) ) ;
#191 = EDGE_CURVE ( 'NONE', #345, #1318, #1955, .T. ) ;
#192 = PLANE ( 'NONE',  #1774 ) ;
#193 = UNCERTAINTY_MEASURE_WITH_UNIT (LENGTH_MEASURE( 1.000000000000000082E-05 ), #2622, 'distance_accuracy_value', 'NONE');
#194 = LINE ( 'NONE', #1233, #2378 ) ;
#195 =( NAMED_UNIT ( * ) PLANE_ANGLE_UNIT ( ) SI_UNIT ( $, .RADIAN. ) );
#196 = CARTESIAN_POINT ( 'NONE',  ( -0.6737186188794591635, 1.999900000000000233, -0.3103307086614129351 ) ) ;
#197 =( GEOMETRIC_REPRESENTATION_CONTEXT ( 3 ) GLOBAL_UNCERTAINTY_ASSIGNED_CONTEXT ( ( #2387 ) ) GLOBAL_UNIT_ASSIGNED_CONTEXT ( ( #76, #842, #2884 ) ) REPRESENTATION_CONTEXT ( 'NONE', 'WORKASPACE' ) );
#198 = ORIENTED_EDGE ( 'NONE', *, *, #1626, .F. ) ;
#199 = ORIENTED_EDGE ( 'NONE', *, *, #2190, .T. ) ;
#200 = SURFACE_STYLE_FILL_AREA ( #1303 ) ;
#201 = ORIENTED_EDGE ( 'NONE', *, *, #1833, .F. ) ;
#202 = VERTEX_POINT ( 'NONE', #1203 ) ;
#203 = VECTOR ( 'NONE', #270, 1000.000000000000000 ) ;
#204 = EDGE_CURVE ( 'NONE', #1376, #2938, #127, .T. ) ;
#205 = ADVANCED_FACE ( 'NONE', ( #2222, #2498, #2831, #3037, #3309, #513 ), #1744, .T. ) ;
#206 = FILL_AREA_STYLE_COLOUR ( '', #3332 ) ;
#207 = AXIS2_PLACEMENT_3D ( 'NONE', #2381, #1343, #3123 ) ;
#208 = CARTESIAN_POINT ( 'NONE',  ( -1.016826886595993074, 1.999900000000000233, 0.1189940944881940493 ) ) ;
#209 = PRESENTATION_LAYER_ASSIGNMENT (  '', '', ( #1558 ) ) ;
#210 = DIRECTION ( 'NONE',  ( -1.000000000000000000, 0.000000000000000000, 0.000000000000000000 ) ) ;
#211 = MANIFOLD_SOLID_BREP ( 'Cut-Extrude1', #273 ) ;
#212 = VECTOR ( 'NONE', #751, 1000.000000000000000 ) ;
#213 = DIRECTION ( 'NONE',  ( 0.6128916609699334161, 0.000000000000000000, -0.7901669519244121087 ) ) ;
#214 = CARTESIAN_POINT ( 'NONE',  ( -1.239421662711972294, 1.999900000000000233, -1.422620850083640143 ) ) ;
#215 = AXIS2_PLACEMENT_3D ( 'NONE', #397, #1129, #2447 ) ;
#216 = CARTESIAN_POINT ( 'NONE',  ( -0.9174548393519011968, 1.999900000000000233, -0.2263956692913342006 ) ) ;
#217 = VERTEX_POINT ( 'NONE', #3020 ) ;
#218 =( LENGTH_UNIT ( ) NAMED_UNIT ( * ) SI_UNIT ( .MILLI., .METRE. ) );
#219 = SURFACE_STYLE_FILL_AREA ( #1287 ) ;
#220 =( NAMED_UNIT ( * ) SI_UNIT ( $, .STERADIAN. ) SOLID_ANGLE_UNIT ( ) );
#221 = ORIENTED_EDGE ( 'NONE', *, *, #650, .F. ) ;
#222 =( LENGTH_UNIT ( ) NAMED_UNIT ( * ) SI_UNIT ( .MILLI., .METRE. ) );
#223 = EDGE_CURVE ( 'NONE', #1787, #167, #733, .T. ) ;
#224 = COLOUR_RGB ( '',1.000000000000000000, 1.000000000000000000, 1.000000000000000000 ) ;
#225 = CARTESIAN_POINT ( 'NONE',  ( -0.8119036582495383625, 1.999900000000000233, -0.005803149606293965188 ) ) ;
#226 = FILL_AREA_STYLE_COLOUR ( '', #991 ) ;
#227 = EDGE_CURVE ( 'NONE', #3134, #2217, #155, .T. ) ;
#228 = CARTESIAN_POINT ( 'NONE',  ( -1.064999999999999725, 0.1000000000000000056, 1.350000000000000089 ) ) ;
#229 = AXIS2_PLACEMENT_3D ( 'NONE', #2562, #1697, #1500 ) ;
#230 =( NAMED_UNIT ( * ) PLANE_ANGLE_UNIT ( ) SI_UNIT ( $, .RADIAN. ) );
#231 = SURFACE_STYLE_USAGE ( .BOTH. , #2534 ) ;
#232 = VECTOR ( 'NONE', #2690, 1000.000000000000114 ) ;
#233 = VERTEX_POINT ( 'NONE', #2557 ) ;
#234 = CARTESIAN_POINT ( 'NONE',  ( 0.2689605149788099614, 2.000000000000000000, 0.3567736220472458863 ) ) ;
#235 = ORIENTED_EDGE ( 'NONE', *, *, #1980, .T. ) ;
#236 = CARTESIAN_POINT ( 'NONE',  ( 0.4596101212780215328, 1.999900000000000233, -6.098637220230962441E-17 ) ) ;
#237 =( GEOMETRIC_REPRESENTATION_CONTEXT ( 3 ) GLOBAL_UNCERTAINTY_ASSIGNED_CONTEXT ( ( #3139 ) ) GLOBAL_UNIT_ASSIGNED_CONTEXT ( ( #218, #744, #996 ) ) REPRESENTATION_CONTEXT ( 'NONE', 'WORKASPACE' ) );
#238 = SURFACE_STYLE_USAGE ( .BOTH. , #1543 ) ;
#239 =( NAMED_UNIT ( * ) SI_UNIT ( $, .STERADIAN. ) SOLID_ANGLE_UNIT ( ) );
#240 = DIRECTION ( 'NONE',  ( 0.000000000000000000, -0.000000000000000000, -1.000000000000000000 ) ) ;
#241 = ORIENTED_EDGE ( 'NONE', *, *, #2155, .T. ) ;
#242 = DIRECTION ( 'NONE',  ( 1.000000000000000000, -0.000000000000000000, -0.000000000000000000 ) ) ;
#243 = EDGE_CURVE ( 'NONE', #3159, #1097, #2312, .T. ) ;
#244 =( GEOMETRIC_REPRESENTATION_CONTEXT ( 3 ) GLOBAL_UNCERTAINTY_ASSIGNED_CONTEXT ( ( #832 ) ) GLOBAL_UNIT_ASSIGNED_CONTEXT ( ( #2277, #3059, #1027 ) ) REPRESENTATION_CONTEXT ( 'NONE', 'WORKASPACE' ) );
#245 = EDGE_LOOP ( 'NONE', ( #337, #2308, #1361, #2520 ) ) ;
#246 = PLANE ( 'NONE',  #207 ) ;
#247 = ORIENTED_EDGE ( 'NONE', *, *, #2820, .F. ) ;
#248 = SURFACE_SIDE_STYLE ('',( #2553 ) ) ;
#249 = DIRECTION ( 'NONE',  ( 0.000000000000000000, 0.000000000000000000, -1.000000000000000000 ) ) ;
#250 = SURFACE_STYLE_FILL_AREA ( #3322 ) ;
#251 = FILL_AREA_STYLE ('',( #328 ) ) ;
#252 = PRESENTATION_LAYER_ASSIGNMENT (  '', '', ( #2258 ) ) ;
#253 = MECHANICAL_DESIGN_GEOMETRIC_PRESENTATION_REPRESENTATION (  '', ( #2470 ), #2569 ) ;
#254 = ORIENTED_EDGE ( 'NONE', *, *, #1345, .F. ) ;
#255 = CARTESIAN_POINT ( 'NONE',  ( 0.8851442288737763064, 1.999900000000000233, 0.01223606709195864013 ) ) ;
#256 = EDGE_CURVE ( 'NONE', #95, #1850, #3281, .T. ) ;
#257 =( NAMED_UNIT ( * ) PLANE_ANGLE_UNIT ( ) SI_UNIT ( $, .RADIAN. ) );
#258 =( GEOMETRIC_REPRESENTATION_CONTEXT ( 3 ) GLOBAL_UNCERTAINTY_ASSIGNED_CONTEXT ( ( #1737 ) ) GLOBAL_UNIT_ASSIGNED_CONTEXT ( ( #1486, #2257, #2333 ) ) REPRESENTATION_CONTEXT ( 'NONE', 'WORKASPACE' ) );
#259 = EDGE_LOOP ( 'NONE', ( #821, #2227, #2988, #1917 ) ) ;
#260 = ORIENTED_EDGE ( 'NONE', *, *, #2694, .T. ) ;
#261 = FILL_AREA_STYLE ('',( #1784 ) ) ;
#262 = DIRECTION ( 'NONE',  ( 0.8423374887037071712, 0.000000000000000000, -0.5389504199129376838 ) ) ;
#263 = SURFACE_STYLE_USAGE ( .BOTH. , #2816 ) ;
#264 = ORIENTED_EDGE ( 'NONE', *, *, #903, .F. ) ;
#265 = VERTEX_POINT ( 'NONE', #2045 ) ;
#266 = STYLED_ITEM ( 'NONE', ( #2665 ), #619 ) ;
#267 =( LENGTH_UNIT ( ) NAMED_UNIT ( * ) SI_UNIT ( .MILLI., .METRE. ) );
#268 = PLANE ( 'NONE',  #2480 ) ;
#269 = AXIS2_PLACEMENT_3D ( 'NONE', #1664, #1437, #2698 ) ;
#270 = DIRECTION ( 'NONE',  ( -0.000000000000000000, 1.000000000000000000, -0.000000000000000000 ) ) ;
#271 = DIRECTION ( 'NONE',  ( -0.8421872852981131530, 0.000000000000000000, -0.5391851040989490418 ) ) ;
#272 = LINE ( 'NONE', #530, #323 ) ;
#273 = CLOSED_SHELL ( 'NONE', ( #205, #3264, #3057, #358, #2669, #673, #288, #2365, #512, #1686, #2195, #2484, #1655, #1157, #2019, #2318, #2002, #3243, #2525, #1726, #2504, #2932, #653, #2854, #2625, #2492, #3283, #1771, #531, #1280, #1565, #3190, #1490, #3045, #1753, #1533, #1244, #21, #1528, #2561, #2453, #841, #1857, #2454, #306, #919, #1432, #2784, #1147, #67, #2490, #1625, #959, #2409, #2835, #895, #2696, #1279, #3031, #619, #1434, #2283, #1096, #3227, #2209, #1371, #937, #718, #669, #2075, #693, #717 ) ) ;
#274 = PLANE ( 'NONE',  #166 ) ;
#275 = FILL_AREA_STYLE_COLOUR ( '', #121 ) ;
#276 = CARTESIAN_POINT ( 'NONE',  ( 0.9660737160532634205, 1.999900000000000233, 0.01223606709195864013 ) ) ;
#277 = EDGE_LOOP ( 'NONE', ( #2509, #789, #1508, #430 ) ) ;
#278 = UNCERTAINTY_MEASURE_WITH_UNIT (LENGTH_MEASURE( 1.000000000000000082E-05 ), #2132, 'distance_accuracy_value', 'NONE');
#279 = EDGE_LOOP ( 'NONE', ( #1769, #802, #1424, #1862 ) ) ;
#280 = EDGE_CURVE ( 'NONE', #1926, #322, #2331, .T. ) ;
#281 = FILL_AREA_STYLE ('',( #874 ) ) ;
#282 = PRESENTATION_LAYER_ASSIGNMENT (  '', '', ( #1743 ) ) ;
#283 = PRESENTATION_STYLE_ASSIGNMENT (( #55 ) ) ;
#284 = EDGE_LOOP ( 'NONE', ( #2638, #32, #3154, #1154, #1411, #1055, #1571, #3119, #476, #1740, #3001, #2841 ) ) ;
#285 = PRESENTATION_STYLE_ASSIGNMENT (( #542 ) ) ;
#286 = EDGE_CURVE ( 'NONE', #620, #1869, #1559, .T. ) ;
#287 = DIRECTION ( 'NONE',  ( 1.000000000000000000, 0.000000000000000000, 0.000000000000000000 ) ) ;
#288 = ADVANCED_FACE ( 'NONE', ( #2292 ), #3084, .F. ) ;
#289 = CARTESIAN_POINT ( 'NONE',  ( 0.9256089724635199190, 1.999900000000000233, -0.01370543931829778204 ) ) ;
#290 = CARTESIAN_POINT ( 'NONE',  ( -0.7813721621865478140, 2.000000000000000000, -0.4190531496062963601 ) ) ;
#291 = VECTOR ( 'NONE', #2251, 1000.000000000000000 ) ;
#292 = ORIENTED_EDGE ( 'NONE', *, *, #2592, .F. ) ;
#293 = DIRECTION ( 'NONE',  ( 0.000000000000000000, 0.000000000000000000, 1.000000000000000000 ) ) ;
#294 = FILL_AREA_STYLE ('',( #553 ) ) ;
#295 = ORIENTED_EDGE ( 'NONE', *, *, #435, .T. ) ;
#296 = VERTEX_POINT ( 'NONE', #1890 ) ;
#297 = FILL_AREA_STYLE ('',( #2672 ) ) ;
#298 = DIRECTION ( 'NONE',  ( 0.000000000000000000, 0.000000000000000000, -1.000000000000000000 ) ) ;
#299 =( LENGTH_UNIT ( ) NAMED_UNIT ( * ) SI_UNIT ( .MILLI., .METRE. ) );
#300 = VERTEX_POINT ( 'NONE', #1377 ) ;
#301 =( NAMED_UNIT ( * ) SI_UNIT ( $, .STERADIAN. ) SOLID_ANGLE_UNIT ( ) );
#302 = CARTESIAN_POINT ( 'NONE',  ( -0.3777264928952082657, 1.999900000000000233, -0.1595275590551165357 ) ) ;
#303 = EDGE_CURVE ( 'NONE', #2069, #2565, #1124, .T. ) ;
#304 = CARTESIAN_POINT ( 'NONE',  ( 0.6806169852840326939, 1.999900000000000233, -0.1186733880362464966 ) ) ;
#305 = VECTOR ( 'NONE', #149, 1000.000000000000000 ) ;
#306 = ADVANCED_FACE ( 'NONE', ( #3161 ), #2916, .T. ) ;
#307 = EDGE_CURVE ( 'NONE', #1281, #1372, #2165, .T. ) ;
#308 = CARTESIAN_POINT ( 'NONE',  ( 1.064999999999999725, 0.000000000000000000, -1.350000000000000311 ) ) ;
#309 = CARTESIAN_POINT ( 'NONE',  ( 0.9660737160532634205, 2.000000000000000000, 0.01223606709195864013 ) ) ;
#310 = VERTEX_POINT ( 'NONE', #1873 ) ;
#311 = CARTESIAN_POINT ( 'NONE',  ( 1.600000000000000089, 2.000000000000000000, 1.599999999999999867 ) ) ;
#312 = PRESENTATION_STYLE_ASSIGNMENT (( #2334 ) ) ;
#313 = CARTESIAN_POINT ( 'NONE',  ( 0.9256089724635199190, 1.999900000000000233, 0.03807741324580478370 ) ) ;
#314 =( NAMED_UNIT ( * ) PLANE_ANGLE_UNIT ( ) SI_UNIT ( $, .RADIAN. ) );
#315 = ORIENTED_EDGE ( 'NONE', *, *, #3297, .F. ) ;
#316 = COLOUR_RGB ( '',1.000000000000000000, 1.000000000000000000, 1.000000000000000000 ) ;
#317 = UNCERTAINTY_MEASURE_WITH_UNIT (LENGTH_MEASURE( 1.000000000000000082E-05 ), #375, 'distance_accuracy_value', 'NONE');
#318 = ORIENTED_EDGE ( 'NONE', *, *, #1452, .T. ) ;
#319 = VECTOR ( 'NONE', #1101, 1000.000000000000000 ) ;
#320 = CARTESIAN_POINT ( 'NONE',  ( -0.02976192596607432628, 1.999900000000000233, -0.5366929133858255874 ) ) ;
#321 = FACE_OUTER_BOUND ( 'NONE', #1950, .T. ) ;
#322 = VERTEX_POINT ( 'NONE', #2878 ) ;
#323 = VECTOR ( 'NONE', #2608, 1000.000000000000000 ) ;
#324 = EDGE_LOOP ( 'NONE', ( #495, #391, #3124, #2013 ) ) ;
#325 = FILL_AREA_STYLE ('',( #880 ) ) ;
#326 = UNCERTAINTY_MEASURE_WITH_UNIT (LENGTH_MEASURE( 1.000000000000000082E-05 ), #1818, 'distance_accuracy_value', 'NONE');
#327 = EDGE_CURVE ( 'NONE', #2067, #2995, #590, .T. ) ;
#328 = FILL_AREA_STYLE_COLOUR ( '', #2527 ) ;
#329 = FILL_AREA_STYLE_COLOUR ( '', #3314 ) ;
#330 = AXIS2_PLACEMENT_3D ( 'NONE', #2595, #3151, #514 ) ;
#331 = ORIENTED_EDGE ( 'NONE', *, *, #1297, .T. ) ;
#332 = SURFACE_STYLE_FILL_AREA ( #297 ) ;
#333 = CARTESIAN_POINT ( 'NONE',  ( 0.2737006724591231066, 1.999900000000000233, 0.01437007874015852442 ) ) ;
#334 =( NAMED_UNIT ( * ) SI_UNIT ( $, .STERADIAN. ) SOLID_ANGLE_UNIT ( ) );
#335 = COLOUR_RGB ( '',1.000000000000000000, 1.000000000000000000, 1.000000000000000000 ) ;
#336 = LINE ( 'NONE', #1848, #2157 ) ;
#337 = ORIENTED_EDGE ( 'NONE', *, *, #1041, .F. ) ;
#338 = EDGE_LOOP ( 'NONE', ( #1135, #1553, #1081, #3068 ) ) ;
#339 = FACE_OUTER_BOUND ( 'NONE', #2072, .T. ) ;
#340 = LINE ( 'NONE', #3331, #1393 ) ;
#341 = FACE_OUTER_BOUND ( 'NONE', #868, .T. ) ;
#342 = DIRECTION ( 'NONE',  ( 0.000000000000000000, 0.000000000000000000, 1.000000000000000000 ) ) ;
#343 = MECHANICAL_DESIGN_GEOMETRIC_PRESENTATION_REPRESENTATION (  '', ( #1743 ), #785 ) ;
#344 = CARTESIAN_POINT ( 'NONE',  ( -0.4857737369896968360, 1.999900000000000233, -0.2824212598425180354 ) ) ;
#345 = VERTEX_POINT ( 'NONE', #834 ) ;
#346 = FACE_OUTER_BOUND ( 'NONE', #537, .T. ) ;
#347 = PRESENTATION_STYLE_ASSIGNMENT (( #2745 ) ) ;
#348 = FACE_OUTER_BOUND ( 'NONE', #1991, .T. ) ;
#349 = ORIENTED_EDGE ( 'NONE', *, *, #398, .T. ) ;
#350 = CARTESIAN_POINT ( 'NONE',  ( 0.4543561842701464015, 2.000000000000000000, -0.1636791338582682109 ) ) ;
#351 = SURFACE_STYLE_FILL_AREA ( #2649 ) ;
#352 =( GEOMETRIC_REPRESENTATION_CONTEXT ( 3 ) GLOBAL_UNCERTAINTY_ASSIGNED_CONTEXT ( ( #317 ) ) GLOBAL_UNIT_ASSIGNED_CONTEXT ( ( #375, #3225, #1699 ) ) REPRESENTATION_CONTEXT ( 'NONE', 'WORKASPACE' ) );
#353 = CARTESIAN_POINT ( 'NONE',  ( 0.6806169852840326939, 1.999900000000000233, 0.3044035350406765761 ) ) ;
#354 =( NAMED_UNIT ( * ) SI_UNIT ( $, .STERADIAN. ) SOLID_ANGLE_UNIT ( ) );
#355 = ORIENTED_EDGE ( 'NONE', *, *, #418, .F. ) ;
#356 = ORIENTED_EDGE ( 'NONE', *, *, #1390, .F. ) ;
#357 = EDGE_CURVE ( 'NONE', #1337, #1832, #1620, .T. ) ;
#358 = ADVANCED_FACE ( 'NONE', ( #339 ), #1650, .F. ) ;
#359 = FILL_AREA_STYLE_COLOUR ( '', #2710 ) ;
#360 =( NAMED_UNIT ( * ) SI_UNIT ( $, .STERADIAN. ) SOLID_ANGLE_UNIT ( ) );
#361 =( NAMED_UNIT ( * ) SI_UNIT ( $, .STERADIAN. ) SOLID_ANGLE_UNIT ( ) );
#362 = UNCERTAINTY_MEASURE_WITH_UNIT (LENGTH_MEASURE( 1.000000000000000082E-05 ), #2198, 'distance_accuracy_value', 'NONE');
#363 = ORIENTED_EDGE ( 'NONE', *, *, #1025, .F. ) ;
#364 = ORIENTED_EDGE ( 'NONE', *, *, #3186, .F. ) ;
#365 = DIRECTION ( 'NONE',  ( 0.8423374887037072822, 0.000000000000000000, -0.5389504199129375728 ) ) ;
#366 =( GEOMETRIC_REPRESENTATION_CONTEXT ( 3 ) GLOBAL_UNCERTAINTY_ASSIGNED_CONTEXT ( ( #1597 ) ) GLOBAL_UNIT_ASSIGNED_CONTEXT ( ( #806, #540, #2107 ) ) REPRESENTATION_CONTEXT ( 'NONE', 'WORKASPACE' ) );
#367 =( GEOMETRIC_REPRESENTATION_CONTEXT ( 3 ) GLOBAL_UNCERTAINTY_ASSIGNED_CONTEXT ( ( #326 ) ) GLOBAL_UNIT_ASSIGNED_CONTEXT ( ( #1818, #1529, #3087 ) ) REPRESENTATION_CONTEXT ( 'NONE', 'WORKASPACE' ) );
#368 = EDGE_LOOP ( 'NONE', ( #2394, #607, #2172, #1152 ) ) ;
#369 =( LENGTH_UNIT ( ) NAMED_UNIT ( * ) SI_UNIT ( .MILLI., .METRE. ) );
#370 = SURFACE_STYLE_USAGE ( .BOTH. , #604 ) ;
#371 = LINE ( 'NONE', #683, #2305 ) ;
#372 = EDGE_LOOP ( 'NONE', ( #2356, #1657, #24, #2476 ) ) ;
#373 = FILL_AREA_STYLE ('',( #2126 ) ) ;
#374 = DIRECTION ( 'NONE',  ( 0.8423401905372559506, 0.000000000000000000, 0.5389461971344258195 ) ) ;
#375 =( LENGTH_UNIT ( ) NAMED_UNIT ( * ) SI_UNIT ( .MILLI., .METRE. ) );
#376 =( NAMED_UNIT ( * ) PLANE_ANGLE_UNIT ( ) SI_UNIT ( $, .RADIAN. ) );
#377 = FACE_OUTER_BOUND ( 'NONE', #1884, .T. ) ;
#378 =( GEOMETRIC_REPRESENTATION_CONTEXT ( 3 ) GLOBAL_UNCERTAINTY_ASSIGNED_CONTEXT ( ( #1641 ) ) GLOBAL_UNIT_ASSIGNED_CONTEXT ( ( #2071, #1756, #1043 ) ) REPRESENTATION_CONTEXT ( 'NONE', 'WORKASPACE' ) );
#379 = PRESENTATION_LAYER_ASSIGNMENT (  '', '', ( #1817 ) ) ;
#380 = COLOUR_RGB ( '',1.000000000000000000, 1.000000000000000000, 1.000000000000000000 ) ;
#381 = DIRECTION ( 'NONE',  ( 0.8422499766716469161, 0.000000000000000000, 0.5390871699424966135 ) ) ;
#382 = ORIENTED_EDGE ( 'NONE', *, *, #307, .T. ) ;
#383 = FACE_OUTER_BOUND ( 'NONE', #51, .T. ) ;
#384 = VECTOR ( 'NONE', #3286, 1000.000000000000000 ) ;
#385 = ORIENTED_EDGE ( 'NONE', *, *, #903, .T. ) ;
#386 = DIRECTION ( 'NONE',  ( 0.000000000000000000, 0.000000000000000000, -1.000000000000000000 ) ) ;
#387 = FILL_AREA_STYLE_COLOUR ( '', #3173 ) ;
#388 = DIRECTION ( 'NONE',  ( -0.000000000000000000, 1.000000000000000000, -0.000000000000000000 ) ) ;
#389 = LINE ( 'NONE', #3222, #2416 ) ;
#390 = STYLED_ITEM ( 'NONE', ( #1369 ), #1655 ) ;
#391 = ORIENTED_EDGE ( 'NONE', *, *, #1692, .F. ) ;
#392 = CARTESIAN_POINT ( 'NONE',  ( 0.9256089724635199190, 1.999900000000000233, -0.3849995098311184138 ) ) ;
#393 = VECTOR ( 'NONE', #2350, 1000.000000000000000 ) ;
#394 = FACE_OUTER_BOUND ( 'NONE', #672, .T. ) ;
#395 =( NAMED_UNIT ( * ) SI_UNIT ( $, .STERADIAN. ) SOLID_ANGLE_UNIT ( ) );
#396 =( GEOMETRIC_REPRESENTATION_CONTEXT ( 3 ) GLOBAL_UNCERTAINTY_ASSIGNED_CONTEXT ( ( #2339 ) ) GLOBAL_UNIT_ASSIGNED_CONTEXT ( ( #2059, #2113, #77 ) ) REPRESENTATION_CONTEXT ( 'NONE', 'WORKASPACE' ) );
#397 = CARTESIAN_POINT ( 'NONE',  ( 0.000000000000000000, 0.000000000000000000, 0.000000000000000000 ) ) ;
#398 = EDGE_CURVE ( 'NONE', #118, #1163, #551, .T. ) ;
#399 = ORIENTED_EDGE ( 'NONE', *, *, #1226, .T. ) ;
#400 = CARTESIAN_POINT ( 'NONE',  ( -0.3441182251786700230, 2.000000000000000000, 0.5527303149606328514 ) ) ;
#401 = VECTOR ( 'NONE', #1294, 1000.000000000000000 ) ;
#402 = PRESENTATION_LAYER_ASSIGNMENT (  '', '', ( #1844 ) ) ;
#403 = EDGE_CURVE ( 'NONE', #567, #3229, #44, .T. ) ;
#404 = DIRECTION ( 'NONE',  ( -0.8422499766716469161, 0.000000000000000000, 0.5390871699424965025 ) ) ;
#405 = LINE ( 'NONE', #2456, #3278 ) ;
#406 = CARTESIAN_POINT ( 'NONE',  ( -1.415835694995793315, 1.999900000000000233, 1.422620850083640587 ) ) ;
#407 = CARTESIAN_POINT ( 'NONE',  ( 0.8851442288737763064, 2.000000000000000000, 0.4353129901688816417 ) ) ;
#408 = LINE ( 'NONE', #423, #927 ) ;
#409 = DIRECTION ( 'NONE',  ( -0.000000000000000000, 1.000000000000000000, -0.000000000000000000 ) ) ;
#410 = SURFACE_STYLE_USAGE ( .BOTH. , #2741 ) ;
#411 = EDGE_LOOP ( 'NONE', ( #2145, #617, #2152, #382 ) ) ;
#412 = DIRECTION ( 'NONE',  ( -0.000000000000000000, -0.000000000000000000, 1.000000000000000000 ) ) ;
#413 = PRODUCT ( 'XGL3020', 'XGL3020', '', ( #1409 ) ) ;
#414 = EDGE_CURVE ( 'NONE', #2352, #1067, #1333, .T. ) ;
#415 = FACE_OUTER_BOUND ( 'NONE', #3160, .T. ) ;
#416 = EDGE_CURVE ( 'NONE', #2092, #2278, #862, .T. ) ;
#417 = VECTOR ( 'NONE', #3143, 1000.000000000000000 ) ;
#418 = EDGE_CURVE ( 'NONE', #816, #1396, #2909, .T. ) ;
#419 = PRESENTATION_STYLE_ASSIGNMENT (( #2418 ) ) ;
#420 = PLANE ( 'NONE',  #2429 ) ;
#421 = CARTESIAN_POINT ( 'NONE',  ( 0.2737006724591231066, 1.999900000000000233, 0.01437007874015852442 ) ) ;
#422 = CARTESIAN_POINT ( 'NONE',  ( 0.2737006724591231066, 2.000000000000000000, 0.01437007874015852442 ) ) ;
#423 = CARTESIAN_POINT ( 'NONE',  ( 1.180616985284032694, 1.999900000000000233, 0.2979932786304201331 ) ) ;
#424 = CARTESIAN_POINT ( 'NONE',  ( 1.180616985284032694, 1.999900000000000233, 0.2979932786304201331 ) ) ;
#425 = CARTESIAN_POINT ( 'NONE',  ( 0.6806169852840326939, 1.999900000000000233, -0.5417503111131697358 ) ) ;
#426 = DIRECTION ( 'NONE',  ( 0.8422489274984858998, 0.000000000000000000, -0.5390888091285611639 ) ) ;
#427 = ORIENTED_EDGE ( 'NONE', *, *, #3165, .T. ) ;
#428 = STYLED_ITEM ( 'NONE', ( #3245 ), #2409 ) ;
#429 = SURFACE_STYLE_USAGE ( .BOTH. , #1170 ) ;
#430 = ORIENTED_EDGE ( 'NONE', *, *, #286, .T. ) ;
#431 = CARTESIAN_POINT ( 'NONE',  ( -0.9174548393519011968, 1.999900000000000233, -0.2263956692913342006 ) ) ;
#432 = AXIS2_PLACEMENT_3D ( 'NONE', #1140, #1971, #1907 ) ;
#433 = STYLED_ITEM ( 'NONE', ( #3269 ), #3057 ) ;
#434 = EDGE_CURVE ( 'NONE', #1979, #2864, #1082, .T. ) ;
#435 = EDGE_CURVE ( 'NONE', #2434, #27, #1846, .T. ) ;
#436 = LINE ( 'NONE', #2943, #2749 ) ;
#437 = PRESENTATION_LAYER_ASSIGNMENT (  '', '', ( #2441 ) ) ;
#438 = LINE ( 'NONE', #142, #3289 ) ;
#439 = LINE ( 'NONE', #770, #384 ) ;
#440 = CARTESIAN_POINT ( 'NONE',  ( -0.3777264928952082657, 2.000000000000000000, -0.1595275590551165357 ) ) ;
#441 = CARTESIAN_POINT ( 'NONE',  ( 0.2737006724591231066, 2.000000000000000000, 0.01437007874015852442 ) ) ;
#442 = CARTESIAN_POINT ( 'NONE',  ( 0.6806169852840326939, 1.999900000000000233, 0.5662224452970868738 ) ) ;
#443 = CARTESIAN_POINT ( 'NONE',  ( 0.6806169852840326939, 1.999900000000000233, -0.2281485482926569053 ) ) ;
#444 = VECTOR ( 'NONE', #2032, 999.9999999999998863 ) ;
#445 = COLOUR_RGB ( '',0.1921568627450980227, 0.2039215686274509776, 0.2039215686274509776 ) ;
#446 = VERTEX_POINT ( 'NONE', #923 ) ;
#447 = ORIENTED_EDGE ( 'NONE', *, *, #223, .T. ) ;
#448 = STYLED_ITEM ( 'NONE', ( #1049 ), #205 ) ;
#449 = LINE ( 'NONE', #1215, #2189 ) ;
#450 = CARTESIAN_POINT ( 'NONE',  ( -0.02976192596607432628, 1.999900000000000233, -0.5366929133858255874 ) ) ;
#451 = B_SPLINE_CURVE_WITH_KNOTS ( 'NONE', 3,
 ( #860, #2559, #825, #1843 ),
 .UNSPECIFIED., .F., .F.,
 ( 4, 4 ),
 ( 0.09090909090909091161, 0.1818181818181818232 ),
 .UNSPECIFIED. ) ;
#452 = CARTESIAN_POINT ( 'NONE',  ( 1.180616985284032694, 1.999900000000000233, -0.5999434200875286560 ) ) ;
#453 = CARTESIAN_POINT ( 'NONE',  ( 0.6806169852840326939, 1.999900000000000233, 0.2526206824765739323 ) ) ;
#454 = STYLED_ITEM ( 'NONE', ( #312 ), #1490 ) ;
#455 = AXIS2_PLACEMENT_3D ( 'NONE', #392, #3205, #663 ) ;
#456 = PRESENTATION_STYLE_ASSIGNMENT (( #504 ) ) ;
#457 = SURFACE_STYLE_USAGE ( .BOTH. , #2756 ) ;
#458 =( LENGTH_UNIT ( ) NAMED_UNIT ( * ) SI_UNIT ( .MILLI., .METRE. ) );
#459 = FILL_AREA_STYLE_COLOUR ( '', #587 ) ;
#460 = VERTEX_POINT ( 'NONE', #1180 ) ;
#461 = EDGE_CURVE ( 'NONE', #1131, #2647, #1974, .T. ) ;
#462 = UNCERTAINTY_MEASURE_WITH_UNIT (LENGTH_MEASURE( 1.000000000000000082E-05 ), #222, 'distance_accuracy_value', 'NONE');
#463 = ORIENTED_EDGE ( 'NONE', *, *, #1414, .F. ) ;
#464 = CARTESIAN_POINT ( 'NONE',  ( 0.2737006724591231066, 2.000000000000000000, 0.01437007874015852442 ) ) ;
#465 = CARTESIAN_POINT ( 'NONE',  ( 1.180616985284032694, 2.000000000000000000, 0.6244155542714457940 ) ) ;
#466 = VECTOR ( 'NONE', #88, 1000.000000000000000 ) ;
#467 = ORIENTED_EDGE ( 'NONE', *, *, #2879, .T. ) ;
#468 = PRESENTATION_STYLE_ASSIGNMENT (( #1276 ) ) ;
#469 = ORIENTED_EDGE ( 'NONE', *, *, #576, .F. ) ;
#470 = CARTESIAN_POINT ( 'NONE',  ( -0.7344056267534750937, 1.999900000000000233, -0.1765905511810994810 ) ) ;
#471 =( NAMED_UNIT ( * ) SI_UNIT ( $, .STERADIAN. ) SOLID_ANGLE_UNIT ( ) );
#472 = SURFACE_STYLE_FILL_AREA ( #720 ) ;
#473 = VECTOR ( 'NONE', #2600, 1000.000000000000227 ) ;
#474 = CARTESIAN_POINT ( 'NONE',  ( 0.9660737160532634205, 1.999900000000000233, -0.4108408559849646147 ) ) ;
#475 = LINE ( 'NONE', #216, #2620 ) ;
#476 = ORIENTED_EDGE ( 'NONE', *, *, #2210, .F. ) ;
#477 = DIRECTION ( 'NONE',  ( 0.5391851040989491528, 0.000000000000000000, -0.8421872852981131530 ) ) ;
#478 = CARTESIAN_POINT ( 'NONE',  ( -1.600000000000000089, 2.000000000000000000, -1.599999999999999867 ) ) ;
#480 =( GEOMETRIC_REPRESENTATION_CONTEXT ( 3 ) GLOBAL_UNCERTAINTY_ASSIGNED_CONTEXT ( ( #1828 ) ) GLOBAL_UNIT_ASSIGNED_CONTEXT ( ( #573, #627, #3122 ) ) REPRESENTATION_CONTEXT ( 'NONE', 'WORKASPACE' ) );
#479 =( LENGTH_UNIT ( ) NAMED_UNIT ( * ) SI_UNIT ( .MILLI., .METRE. ) );
#481 = ORIENTED_EDGE ( 'NONE', *, *, #829, .F. ) ;
#482 = FILL_AREA_STYLE_COLOUR ( '', #1823 ) ;
#483 = PRESENTATION_LAYER_ASSIGNMENT (  '', '', ( #428 ) ) ;
#484 =( GEOMETRIC_REPRESENTATION_CONTEXT ( 3 ) GLOBAL_UNCERTAINTY_ASSIGNED_CONTEXT ( ( #1210 ) ) GLOBAL_UNIT_ASSIGNED_CONTEXT ( ( #1407, #2214, #890 ) ) REPRESENTATION_CONTEXT ( 'NONE', 'WORKASPACE' ) );
#485 = DIRECTION ( 'NONE',  ( -0.8421838463247544038, 0.000000000000000000, 0.5391904756110241781 ) ) ;
#486 = DIRECTION ( 'NONE',  ( 0.000000000000000000, 1.000000000000000000, 0.000000000000000000 ) ) ;
#487 = SURFACE_STYLE_USAGE ( .BOTH. , #3064 ) ;
#488 =( GEOMETRIC_REPRESENTATION_CONTEXT ( 3 ) GLOBAL_UNCERTAINTY_ASSIGNED_CONTEXT ( ( #494 ) ) GLOBAL_UNIT_ASSIGNED_CONTEXT ( ( #2405, #3203, #2733 ) ) REPRESENTATION_CONTEXT ( 'NONE', 'WORKASPACE' ) );
#489 = PRESENTATION_STYLE_ASSIGNMENT (( #2515 ) ) ;
#490 = DIRECTION ( 'NONE',  ( 0.8422489274984858998, 0.000000000000000000, -0.5390888091285610528 ) ) ;
#491 = PLANE ( 'NONE',  #2795 ) ;
#492 = SURFACE_STYLE_FILL_AREA ( #2792 ) ;
#493 =( GEOMETRIC_REPRESENTATION_CONTEXT ( 3 ) GLOBAL_UNCERTAINTY_ASSIGNED_CONTEXT ( ( #2376 ) ) GLOBAL_UNIT_ASSIGNED_CONTEXT ( ( #479, #807, #3316 ) ) REPRESENTATION_CONTEXT ( 'NONE', 'WORKASPACE' ) );
#494 = UNCERTAINTY_MEASURE_WITH_UNIT (LENGTH_MEASURE( 1.000000000000000082E-05 ), #2405, 'distance_accuracy_value', 'NONE');
#495 = ORIENTED_EDGE ( 'NONE', *, *, #3079, .F. ) ;
#496 = DIRECTION ( 'NONE',  ( -0.8421872852981130420, 0.000000000000000000, -0.5391851040989491528 ) ) ;
#497 = ORIENTED_EDGE ( 'NONE', *, *, #135, .F. ) ;
#498 =( NAMED_UNIT ( * ) PLANE_ANGLE_UNIT ( ) SI_UNIT ( $, .RADIAN. ) );
#499 = AXIS2_PLACEMENT_3D ( 'NONE', #308, #2850, #2116 ) ;
#500 = EDGE_CURVE ( 'NONE', #147, #2120, #3207, .T. ) ;
#501 =( NAMED_UNIT ( * ) SI_UNIT ( $, .STERADIAN. ) SOLID_ANGLE_UNIT ( ) );
#502 = LINE ( 'NONE', #2514, #2580 ) ;
#503 = COLOUR_RGB ( '',1.000000000000000000, 1.000000000000000000, 1.000000000000000000 ) ;
#504 = SURFACE_STYLE_USAGE ( .BOTH. , #1730 ) ;
#505 = VERTEX_POINT ( 'NONE', #441 ) ;
#506 = ORIENTED_EDGE ( 'NONE', *, *, #761, .F. ) ;
#507 = DIRECTION ( 'NONE',  ( 1.355252715606880789E-16, -0.000000000000000000, 1.000000000000000000 ) ) ;
#508 = LINE ( 'NONE', #465, #2619 ) ;
#509 = EDGE_LOOP ( 'NONE', ( #819, #1976, #1591, #1504 ) ) ;
#510 =( NAMED_UNIT ( * ) SI_UNIT ( $, .STERADIAN. ) SOLID_ANGLE_UNIT ( ) );
#511 = EDGE_LOOP ( 'NONE', ( #1551, #355, #1644, #2412 ) ) ;
#512 = ADVANCED_FACE ( 'NONE', ( #2740 ), #2197, .F. ) ;
#513 = FACE_BOUND ( 'NONE', #1522, .T. ) ;
#514 = DIRECTION ( 'NONE',  ( -0.000000000000000000, 0.000000000000000000, -1.000000000000000000 ) ) ;
#515 =( NAMED_UNIT ( * ) PLANE_ANGLE_UNIT ( ) SI_UNIT ( $, .RADIAN. ) );
#516 = DIRECTION ( 'NONE',  ( 1.000000000000000000, 0.000000000000000000, 0.000000000000000000 ) ) ;
#517 = PRESENTATION_STYLE_ASSIGNMENT (( #1865 ) ) ;
#518 = CARTESIAN_POINT ( 'NONE',  ( -0.02976192596607432628, 1.999900000000000233, -0.5366929133858255874 ) ) ;
#519 = ORIENTED_EDGE ( 'NONE', *, *, #1822, .T. ) ;
#520 =( GEOMETRIC_REPRESENTATION_CONTEXT ( 3 ) GLOBAL_UNCERTAINTY_ASSIGNED_CONTEXT ( ( #1569 ) ) GLOBAL_UNIT_ASSIGNED_CONTEXT ( ( #2167, #2919, #1146 ) ) REPRESENTATION_CONTEXT ( 'NONE', 'WORKASPACE' ) );
#521 = PLANE ( 'NONE',  #2250 ) ;
#522 = PRESENTATION_STYLE_ASSIGNMENT (( #2778 ) ) ;
#523 = ORIENTED_EDGE ( 'NONE', *, *, #2711, .T. ) ;
#524 = AXIS2_PLACEMENT_3D ( 'NONE', #3337, #3063, #2058 ) ;
#525 = FACE_OUTER_BOUND ( 'NONE', #977, .T. ) ;
#526 = CARTESIAN_POINT ( 'NONE',  ( -0.2581438157298540648, 1.999900000000000233, -0.3136988188976359004 ) ) ;
#527 = CARTESIAN_POINT ( 'NONE',  ( -0.2581438157298540648, 1.999900000000000233, -0.3136988188976359004 ) ) ;
#528 = FACE_OUTER_BOUND ( 'NONE', #846, .T. ) ;
#529 = STYLED_ITEM ( 'NONE', ( #541 ), #2490 ) ;
#530 = CARTESIAN_POINT ( 'NONE',  ( -1.415835694995793759, 1.999900000000000233, -1.422620850083640143 ) ) ;
#531 = ADVANCED_FACE ( 'NONE', ( #1912 ), #2691, .F. ) ;
#532 = STYLED_ITEM ( 'NONE', ( #1715 ), #2525 ) ;
#533 = EDGE_CURVE ( 'NONE', #1506, #1812, #2967, .T. ) ;
#534 = PLANE ( 'NONE',  #1313 ) ;
#535 = DIRECTION ( 'NONE',  ( -1.000000000000000000, 0.000000000000000000, 0.000000000000000000 ) ) ;
#536 = STYLED_ITEM ( 'NONE', ( #2134 ), #3031 ) ;
#537 = EDGE_LOOP ( 'NONE', ( #506, #2613, #1854, #788 ) ) ;
#538 = ORIENTED_EDGE ( 'NONE', *, *, #96, .F. ) ;
#539 = STYLED_ITEM ( 'NONE', ( #1232 ), #3227 ) ;
#540 =( NAMED_UNIT ( * ) PLANE_ANGLE_UNIT ( ) SI_UNIT ( $, .RADIAN. ) );
#541 = PRESENTATION_STYLE_ASSIGNMENT (( #2898 ) ) ;
#542 = SURFACE_STYLE_USAGE ( .BOTH. , #248 ) ;
#543 = STYLED_ITEM ( 'NONE', ( #1683 ), #531 ) ;
#544 = SURFACE_SIDE_STYLE ('',( #2030 ) ) ;
#545 = LINE ( 'NONE', #1328, #1900 ) ;
#546 = AXIS2_PLACEMENT_3D ( 'NONE', #1033, #1466, #1745 ) ;
#547 = LINE ( 'NONE', #289, #393 ) ;
#548 = CARTESIAN_POINT ( 'NONE',  ( 0.5649999999999996136, 0.000000000000000000, 1.350000000000000311 ) ) ;
#549 = VECTOR ( 'NONE', #810, 1000.000000000000000 ) ;
#550 =( NAMED_UNIT ( * ) SI_UNIT ( $, .STERADIAN. ) SOLID_ANGLE_UNIT ( ) );
#551 = LINE ( 'NONE', #1578, #171 ) ;
#552 = SURFACE_STYLE_USAGE ( .BOTH. , #1593 ) ;
#553 = FILL_AREA_STYLE_COLOUR ( '', #3185 ) ;
#554 = B_SPLINE_CURVE_WITH_KNOTS ( 'NONE', 3,
 ( #3317, #2027, #1257, #1768 ),
 .UNSPECIFIED., .F., .F.,
 ( 4, 4 ),
 ( 0.2727272727272727071, 0.3636363636363636465 ),
 .UNSPECIFIED. ) ;
#555 = VECTOR ( 'NONE', #2727, 1000.000000000000000 ) ;
#556 = VERTEX_POINT ( 'NONE', #425 ) ;
#557 = ORIENTED_EDGE ( 'NONE', *, *, #1023, .F. ) ;
#558 = CARTESIAN_POINT ( 'NONE',  ( 0.9256089724635199190, 1.999900000000000233, -0.01370543931829778204 ) ) ;
#559 = MECHANICAL_DESIGN_GEOMETRIC_PRESENTATION_REPRESENTATION (  '', ( #2439 ), #2179 ) ;
#560 = ORIENTED_EDGE ( 'NONE', *, *, #2711, .F. ) ;
#561 = EDGE_CURVE ( 'NONE', #1337, #2885, #1929, .T. ) ;
#562 = DIRECTION ( 'NONE',  ( 0.000000000000000000, -0.000000000000000000, 1.000000000000000000 ) ) ;
#563 = DIRECTION ( 'NONE',  ( 0.8423374887037071712, 0.000000000000000000, -0.5389504199129376838 ) ) ;
#564 = FILL_AREA_STYLE ('',( #1557 ) ) ;
#565 = DIRECTION ( 'NONE',  ( 0.5389504199129375728, 0.000000000000000000, 0.8423374887037072822 ) ) ;
#566 = VECTOR ( 'NONE', #1672, 1000.000000000000000 ) ;
#567 = VERTEX_POINT ( 'NONE', #967 ) ;
#568 = DIRECTION ( 'NONE',  ( -1.000000000000000000, 0.000000000000000000, 1.355252715606880789E-16 ) ) ;
#569 = PRESENTATION_STYLE_ASSIGNMENT (( #552 ) ) ;
#570 = CARTESIAN_POINT ( 'NONE',  ( 0.9660737160532634205, 2.000000000000000000, -0.4108408559849646147 ) ) ;
#571 = ORIENTED_EDGE ( 'NONE', *, *, #1039, .F. ) ;
#572 = ORIENTED_EDGE ( 'NONE', *, *, #2603, .T. ) ;
#573 =( LENGTH_UNIT ( ) NAMED_UNIT ( * ) SI_UNIT ( .MILLI., .METRE. ) );
#574 = PRESENTATION_STYLE_ASSIGNMENT (( #1379 ) ) ;
#575 = VERTEX_POINT ( 'NONE', #3011 ) ;
#576 = EDGE_CURVE ( 'NONE', #575, #1281, #722, .T. ) ;
#577 = PRESENTATION_STYLE_ASSIGNMENT (( #2345 ) ) ;
#578 = CARTESIAN_POINT ( 'NONE',  ( -0.3441182251786700230, 1.999900000000000233, 0.5527303149606328514 ) ) ;
#579 = CARTESIAN_POINT ( 'NONE',  ( 1.180616985284032694, 1.999900000000000233, -0.1250836444465028841 ) ) ;
#580 = AXIS2_PLACEMENT_3D ( 'NONE', #1599, #1106, #2422 ) ;
#581 = ORIENTED_EDGE ( 'NONE', *, *, #280, .F. ) ;
#582 = CARTESIAN_POINT ( 'NONE',  ( -0.5649999999999996136, 0.000000000000000000, 1.350000000000000089 ) ) ;
#583 = FILL_AREA_STYLE ('',( #2890 ) ) ;
#584 = FILL_AREA_STYLE ('',( #2912 ) ) ;
#585 = STYLED_ITEM ( 'NONE', ( #489 ), #2854 ) ;
#586 = VERTEX_POINT ( 'NONE', #3220 ) ;
#587 = COLOUR_RGB ( '',1.000000000000000000, 1.000000000000000000, 1.000000000000000000 ) ;
#588 = UNCERTAINTY_MEASURE_WITH_UNIT (LENGTH_MEASURE( 1.000000000000000082E-05 ), #3093, 'distance_accuracy_value', 'NONE');
#589 = VERTEX_POINT ( 'NONE', #1204 ) ;
#590 = LINE ( 'NONE', #2105, #1762 ) ;
#591 = CARTESIAN_POINT ( 'NONE',  ( -0.7344056267534750937, 1.999900000000000233, -0.1765905511810994810 ) ) ;
#592 =( GEOMETRIC_REPRESENTATION_CONTEXT ( 3 ) GLOBAL_UNCERTAINTY_ASSIGNED_CONTEXT ( ( #670 ) ) GLOBAL_UNIT_ASSIGNED_CONTEXT ( ( #79, #1037, #2005 ) ) REPRESENTATION_CONTEXT ( 'NONE', 'WORKASPACE' ) );
#593 = ORIENTED_EDGE ( 'NONE', *, *, #958, .T. ) ;
#594 =( GEOMETRIC_REPRESENTATION_CONTEXT ( 3 ) GLOBAL_UNCERTAINTY_ASSIGNED_CONTEXT ( ( #2275 ) ) GLOBAL_UNIT_ASSIGNED_CONTEXT ( ( #1573, #2617, #301 ) ) REPRESENTATION_CONTEXT ( 'NONE', 'WORKASPACE' ) );
#595 = ORIENTED_EDGE ( 'NONE', *, *, #2328, .T. ) ;
#596 = DIRECTION ( 'NONE',  ( -0.5390871699424967245, 0.000000000000000000, -0.8422499766716469161 ) ) ;
#597 = VECTOR ( 'NONE', #899, 1000.000000000000000 ) ;
#598 =( NAMED_UNIT ( * ) PLANE_ANGLE_UNIT ( ) SI_UNIT ( $, .RADIAN. ) );
#599 = PLANE ( 'NONE',  #1946 ) ;
#600 = STYLED_ITEM ( 'NONE', ( #2976 ), #1528 ) ;
#601 = ORIENTED_EDGE ( 'NONE', *, *, #1469, .T. ) ;
#602 = CARTESIAN_POINT ( 'NONE',  ( 0.3729920110417989099, 1.999900000000000233, -0.3489822834645648908 ) ) ;
#603 =( NAMED_UNIT ( * ) PLANE_ANGLE_UNIT ( ) SI_UNIT ( $, .RADIAN. ) );
#604 = SURFACE_SIDE_STYLE ('',( #639 ) ) ;
#605 = VECTOR ( 'NONE', #714, 1000.000000000000000 ) ;
#606 = ORIENTED_EDGE ( 'NONE', *, *, #3260, .T. ) ;
#607 = ORIENTED_EDGE ( 'NONE', *, *, #434, .F. ) ;
#608 = SURFACE_SIDE_STYLE ('',( #2146 ) ) ;
#609 = DIRECTION ( 'NONE',  ( 0.000000000000000000, 0.000000000000000000, -1.000000000000000000 ) ) ;
#610 = PLANE ( 'NONE',  #2667 ) ;
#611 =( NAMED_UNIT ( * ) PLANE_ANGLE_UNIT ( ) SI_UNIT ( $, .RADIAN. ) );
#612 = CARTESIAN_POINT ( 'NONE',  ( 1.180616985284032694, 1.999900000000000233, -0.5481605675234261232 ) ) ;
#613 = ORIENTED_EDGE ( 'NONE', *, *, #141, .F. ) ;
#614 = AXIS2_PLACEMENT_3D ( 'NONE', #2886, #565, #365 ) ;
#615 = MECHANICAL_DESIGN_GEOMETRIC_PRESENTATION_REPRESENTATION (  '', ( #1430 ), #3333 ) ;
#616 = DIRECTION ( 'NONE',  ( -1.000000000000000000, 0.000000000000000000, 1.355252715606880543E-16 ) ) ;
#617 = ORIENTED_EDGE ( 'NONE', *, *, #760, .T. ) ;
#618 = SURFACE_SIDE_STYLE ('',( #78 ) ) ;
#619 = ADVANCED_FACE ( 'NONE', ( #2944 ), #1666, .F. ) ;
#620 = VERTEX_POINT ( 'NONE', #659 ) ;
#621 =( NAMED_UNIT ( * ) PLANE_ANGLE_UNIT ( ) SI_UNIT ( $, .RADIAN. ) );
#622 = SURFACE_STYLE_USAGE ( .BOTH. , #1680 ) ;
#623 = VECTOR ( 'NONE', #412, 1000.000000000000000 ) ;
#624 = CARTESIAN_POINT ( 'NONE',  ( 1.180616985284032694, 2.000000000000000000, 0.5726327017073432613 ) ) ;
#625 = CARTESIAN_POINT ( 'NONE',  ( 0.6806169852840326939, 2.000000000000000000, -0.2281485482926569053 ) ) ;
#626 = VERTEX_POINT ( 'NONE', #1885 ) ;
#627 =( NAMED_UNIT ( * ) PLANE_ANGLE_UNIT ( ) SI_UNIT ( $, .RADIAN. ) );
#628 = FILL_AREA_STYLE_COLOUR ( '', #1326 ) ;
#629 = SURFACE_SIDE_STYLE ('',( #2719 ) ) ;
#630 = FILL_AREA_STYLE ('',( #911 ) ) ;
#631 = UNCERTAINTY_MEASURE_WITH_UNIT (LENGTH_MEASURE( 1.000000000000000082E-05 ), #2194, 'distance_accuracy_value', 'NONE');
#632 = ORIENTED_EDGE ( 'NONE', *, *, #2926, .T. ) ;
#633 = PRESENTATION_STYLE_ASSIGNMENT (( #173 ) ) ;
#634 = UNCERTAINTY_MEASURE_WITH_UNIT (LENGTH_MEASURE( 1.000000000000000082E-05 ), #2826, 'distance_accuracy_value', 'NONE');
#635 = MECHANICAL_DESIGN_GEOMETRIC_PRESENTATION_REPRESENTATION (  '', ( #2554 ), #520 ) ;
#636 = ORIENTED_EDGE ( 'NONE', *, *, #3142, .F. ) ;
#637 = CARTESIAN_POINT ( 'NONE',  ( -0.3441182251786700230, 1.999900000000000233, 0.5527303149606328514 ) ) ;
#638 =( NAMED_UNIT ( * ) PLANE_ANGLE_UNIT ( ) SI_UNIT ( $, .RADIAN. ) );
#639 = SURFACE_STYLE_FILL_AREA ( #2650 ) ;
#640 = SURFACE_STYLE_USAGE ( .BOTH. , #1648 ) ;
#641 = EDGE_CURVE ( 'NONE', #575, #626, #1402, .T. ) ;
#642 = ORIENTED_EDGE ( 'NONE', *, *, #1582, .T. ) ;
#643 = CARTESIAN_POINT ( 'NONE',  ( 1.180616985284032694, 1.999900000000000233, 0.2013386311945227491 ) ) ;
#644 = LINE ( 'NONE', #1144, #566 ) ;
#645 = PRESENTATION_STYLE_ASSIGNMENT (( #1673 ) ) ;
#646 = PRESENTATION_LAYER_ASSIGNMENT (  '', '', ( #2303 ) ) ;
#647 = DIRECTION ( 'NONE',  ( -0.000000000000000000, 1.000000000000000000, -0.000000000000000000 ) ) ;
#648 = AXIS2_PLACEMENT_3D ( 'NONE', #2168, #3182, #1814 ) ;
#649 = APPLICATION_PROTOCOL_DEFINITION ( 'draft international standard', 'automotive_design', 1998, #3082 ) ;
#650 = EDGE_CURVE ( 'NONE', #3230, #3083, #2419, .T. ) ;
#651 = AXIS2_PLACEMENT_3D ( 'NONE', #1633, #535, #2392 ) ;
#652 = CARTESIAN_POINT ( 'NONE',  ( 0.6806169852840326939, 2.000000000000000000, 0.6180052978611894066 ) ) ;
#653 = ADVANCED_FACE ( 'NONE', ( #2687 ), #2977, .T. ) ;
#654 = ORIENTED_EDGE ( 'NONE', *, *, #1548, .T. ) ;
#655 = CARTESIAN_POINT ( 'NONE',  ( -0.3441182251786700230, 1.999900000000000233, 0.5527303149606328514 ) ) ;
#656 =( GEOMETRIC_REPRESENTATION_CONTEXT ( 3 ) GLOBAL_UNCERTAINTY_ASSIGNED_CONTEXT ( ( #2954 ) ) GLOBAL_UNIT_ASSIGNED_CONTEXT ( ( #1312, #515, #2313 ) ) REPRESENTATION_CONTEXT ( 'NONE', 'WORKASPACE' ) );
#657 = CARTESIAN_POINT ( 'NONE',  ( 0.6806169852840326939, 1.999900000000000233, 0.6180052978611894066 ) ) ;
#658 = DIRECTION ( 'NONE',  ( -0.8422489274984858998, 0.000000000000000000, -0.5390888091285610528 ) ) ;
#659 = CARTESIAN_POINT ( 'NONE',  ( 0.9256089724635199190, 1.999900000000000233, -0.3849995098311184138 ) ) ;
#660 = DIRECTION ( 'NONE',  ( 0.000000000000000000, 0.000000000000000000, 1.000000000000000000 ) ) ;
#661 = LINE ( 'NONE', #3191, #981 ) ;
#662 = VECTOR ( 'NONE', #271, 1000.000000000000000 ) ;
#663 = DIRECTION ( 'NONE',  ( -0.8421838463247544038, 0.000000000000000000, 0.5391904756110241781 ) ) ;
#664 =( GEOMETRIC_REPRESENTATION_CONTEXT ( 3 ) GLOBAL_UNCERTAINTY_ASSIGNED_CONTEXT ( ( #3214 ) ) GLOBAL_UNIT_ASSIGNED_CONTEXT ( ( #726, #148, #2493 ) ) REPRESENTATION_CONTEXT ( 'NONE', 'WORKASPACE' ) );
#665 = FILL_AREA_STYLE_COLOUR ( '', #1464 ) ;
#666 = CARTESIAN_POINT ( 'NONE',  ( 1.064999999999999725, 0.000000000000000000, 1.350000000000000311 ) ) ;
#667 = VECTOR ( 'NONE', #1436, 1000.000000000000000 ) ;
#668 = CARTESIAN_POINT ( 'NONE',  ( -1.415835694995793759, 1.999900000000000233, -1.422620850083640143 ) ) ;
#669 = ADVANCED_FACE ( 'NONE', ( #83 ), #134, .F. ) ;
#670 = UNCERTAINTY_MEASURE_WITH_UNIT (LENGTH_MEASURE( 1.000000000000000082E-05 ), #79, 'distance_accuracy_value', 'NONE');
#671 = DIRECTION ( 'NONE',  ( 0.8423374887037071712, 0.000000000000000000, -0.5389504199129376838 ) ) ;
#672 = EDGE_LOOP ( 'NONE', ( #1061, #2903, #315, #2309 ) ) ;
#673 = ADVANCED_FACE ( 'NONE', ( #1524 ), #1785, .F. ) ;
#674 =( LENGTH_UNIT ( ) NAMED_UNIT ( * ) SI_UNIT ( .MILLI., .METRE. ) );
#675 = STYLED_ITEM ( 'NONE', ( #2174 ), #1147 ) ;
#676 = UNCERTAINTY_MEASURE_WITH_UNIT (LENGTH_MEASURE( 1.000000000000000082E-05 ), #2082, 'distance_accuracy_value', 'NONE');
#677 = COLOUR_RGB ( '',1.000000000000000000, 1.000000000000000000, 1.000000000000000000 ) ;
#678 = COLOUR_RGB ( '',1.000000000000000000, 1.000000000000000000, 1.000000000000000000 ) ;
#679 = CARTESIAN_POINT ( 'NONE',  ( 0.6806169852840326939, 2.000000000000000000, -0.5417503111131697358 ) ) ;
#680 = CARTESIAN_POINT ( 'NONE',  ( 1.180616985284032694, 1.999900000000000233, 0.2462104260663175448 ) ) ;
#681 = CARTESIAN_POINT ( 'NONE',  ( 0.2737006724591231066, 1.999900000000000233, 0.01437007874015852442 ) ) ;
#682 =( NAMED_UNIT ( * ) SI_UNIT ( $, .STERADIAN. ) SOLID_ANGLE_UNIT ( ) );
#683 = CARTESIAN_POINT ( 'NONE',  ( 0.6806169852840326939, 2.000000000000000000, 0.3044035350406765761 ) ) ;
#684 = SURFACE_SIDE_STYLE ('',( #920 ) ) ;
#685 = PLANE ( 'NONE',  #1488 ) ;
#686 = DIRECTION ( 'NONE',  ( 0.000000000000000000, -1.000000000000000000, 0.000000000000000000 ) ) ;
#687 =( NAMED_UNIT ( * ) PLANE_ANGLE_UNIT ( ) SI_UNIT ( $, .RADIAN. ) );
#688 = ORIENTED_EDGE ( 'NONE', *, *, #3166, .F. ) ;
#689 = CARTESIAN_POINT ( 'NONE',  ( -0.6542757054936341188, 1.999900000000000233, -0.4438799212598381061 ) ) ;
#690 = EDGE_CURVE ( 'NONE', #943, #1741, #1018, .T. ) ;
#691 = ORIENTED_EDGE ( 'NONE', *, *, #3079, .T. ) ;
#692 = CARTESIAN_POINT ( 'NONE',  ( -0.6298859417141036143, 2.000000000000000000, 0.4747342519685079920 ) ) ;
#693 = ADVANCED_FACE ( 'NONE', ( #1042 ), #521, .F. ) ;
#694 = CARTESIAN_POINT ( 'NONE',  ( -0.7813721621865478140, 2.000000000000000000, -0.4190531496062963601 ) ) ;
#695 = DIRECTION ( 'NONE',  ( -0.8421838463247542927, 0.000000000000000000, 0.5391904756110244001 ) ) ;
#696 = MECHANICAL_DESIGN_GEOMETRIC_PRESENTATION_REPRESENTATION (  '', ( #931 ), #244 ) ;
#697 =( LENGTH_UNIT ( ) NAMED_UNIT ( * ) SI_UNIT ( .MILLI., .METRE. ) );
#698 = LINE ( 'NONE', #1711, #2253 ) ;
#699 = VECTOR ( 'NONE', #388, 1000.000000000000000 ) ;
#700 = FACE_OUTER_BOUND ( 'NONE', #279, .T. ) ;
#701 = ORIENTED_EDGE ( 'NONE', *, *, #1851, .T. ) ;
#702 = CARTESIAN_POINT ( 'NONE',  ( -0.5649999999999996136, 0.1000000000000000056, 1.350000000000000089 ) ) ;
#703 = CARTESIAN_POINT ( 'NONE',  ( -0.4857737369896968360, 1.999900000000000233, -0.2824212598425180354 ) ) ;
#704 = DIRECTION ( 'NONE',  ( 0.000000000000000000, 0.000000000000000000, 1.000000000000000000 ) ) ;
#705 = SURFACE_STYLE_USAGE ( .BOTH. , #3208 ) ;
#706 = CARTESIAN_POINT ( 'NONE',  ( 0.4596101212780215328, 2.000000000000000000, -6.098637220230962441E-17 ) ) ;
#707 =( NAMED_UNIT ( * ) SI_UNIT ( $, .STERADIAN. ) SOLID_ANGLE_UNIT ( ) );
#708 =( NAMED_UNIT ( * ) PLANE_ANGLE_UNIT ( ) SI_UNIT ( $, .RADIAN. ) );
#709 = VERTEX_POINT ( 'NONE', #2843 ) ;
#710 = DIRECTION ( 'NONE',  ( 0.8422489274984858998, 0.000000000000000000, -0.5390888091285610528 ) ) ;
#711 = EDGE_CURVE ( 'NONE', #3121, #1741, #2897, .T. ) ;
#712 = STYLED_ITEM ( 'NONE', ( #468 ), #3190 ) ;
#713 = COLOUR_RGB ( '',0.1921568627450980227, 0.2039215686274509776, 0.2039215686274509776 ) ;
#714 = DIRECTION ( 'NONE',  ( -0.000000000000000000, 1.000000000000000000, -0.000000000000000000 ) ) ;
#715 = DIRECTION ( 'NONE',  ( 0.8423401905372559506, 0.000000000000000000, 0.5389461971344258195 ) ) ;
#716 = PRESENTATION_STYLE_ASSIGNMENT (( #965 ) ) ;
#717 = ADVANCED_FACE ( 'NONE', ( #2397 ), #610, .T. ) ;
#718 = ADVANCED_FACE ( 'NONE', ( #341 ), #1119, .F. ) ;
#719 = ORIENTED_EDGE ( 'NONE', *, *, #1548, .F. ) ;
#720 = FILL_AREA_STYLE ('',( #1501 ) ) ;
#721 = FILL_AREA_STYLE ('',( #359 ) ) ;
#722 = LINE ( 'NONE', #1734, #1826 ) ;
#723 = CARTESIAN_POINT ( 'NONE',  ( 1.180616985284032694, 1.999900000000000233, 0.1495557786304201886 ) ) ;
#724 = EDGE_LOOP ( 'NONE', ( #2135, #201, #523, #199 ) ) ;
#725 = MECHANICAL_DESIGN_GEOMETRIC_PRESENTATION_REPRESENTATION (  '', ( #1572 ), #1999 ) ;
#726 =( LENGTH_UNIT ( ) NAMED_UNIT ( * ) SI_UNIT ( .MILLI., .METRE. ) );
#727 = EDGE_LOOP ( 'NONE', ( #1757, #1628, #295, #1767, #1691, #2894, #2274, #595, #3291, #2928, #831, #2585 ) ) ;
#728 = COLOUR_RGB ( '',1.000000000000000000, 1.000000000000000000, 1.000000000000000000 ) ;
#729 = CARTESIAN_POINT ( 'NONE',  ( 1.180616985284032694, 2.000000000000000000, 0.1495557786304201886 ) ) ;
#730 = CARTESIAN_POINT ( 'NONE',  ( 0.6806169852840326939, 1.999900000000000233, -0.5935331636772722685 ) ) ;
#731 = B_SPLINE_CURVE_WITH_KNOTS ( 'NONE', 3,
 ( #1675, #2722, #2987, #689 ),
 .UNSPECIFIED., .F., .F.,
 ( 4, 4 ),
 ( 0.3636363636363636465, 0.4545454545454545858 ),
 .UNSPECIFIED. ) ;
#732 = STYLED_ITEM ( 'NONE', ( #2427 ), #1244 ) ;
#733 = LINE ( 'NONE', #1277, #2256 ) ;
#734 = PRESENTATION_STYLE_ASSIGNMENT (( #1728 ) ) ;
#735 = VECTOR ( 'NONE', #490, 1000.000000000000000 ) ;
#736 = PRESENTATION_LAYER_ASSIGNMENT (  '', '', ( #1430 ) ) ;
#737 = EDGE_CURVE ( 'NONE', #3304, #217, #2860, .T. ) ;
#738 = LINE ( 'NONE', #1796, #735 ) ;
#739 = LINE ( 'NONE', #214, #1612 ) ;
#740 =( NAMED_UNIT ( * ) SI_UNIT ( $, .STERADIAN. ) SOLID_ANGLE_UNIT ( ) );
#741 = DIRECTION ( 'NONE',  ( 0.8423374887037071712, 0.000000000000000000, -0.5389504199129376838 ) ) ;
#742 = DIRECTION ( 'NONE',  ( -0.8421872852981131530, 0.000000000000000000, -0.5391851040989491528 ) ) ;
#743 = B_SPLINE_CURVE_WITH_KNOTS ( 'NONE', 3,
 ( #2501, #3270, #2006, #1474 ),
 .UNSPECIFIED., .F., .F.,
 ( 4, 4 ),
 ( 0.7272727272727274039, 0.8181818181818183433 ),
 .UNSPECIFIED. ) ;
#744 =( NAMED_UNIT ( * ) PLANE_ANGLE_UNIT ( ) SI_UNIT ( $, .RADIAN. ) );
#745 = COLOUR_RGB ( '',1.000000000000000000, 1.000000000000000000, 1.000000000000000000 ) ;
#746 = ORIENTED_EDGE ( 'NONE', *, *, #307, .F. ) ;
#747 =( NAMED_UNIT ( * ) SI_UNIT ( $, .STERADIAN. ) SOLID_ANGLE_UNIT ( ) );
#748 = ORIENTED_EDGE ( 'NONE', *, *, #1899, .T. ) ;
#749 = B_SPLINE_CURVE_WITH_KNOTS ( 'NONE', 3,
 ( #2385, #35, #2640, #1114 ),
 .UNSPECIFIED., .F., .F.,
 ( 4, 4 ),
 ( 0.6363636363636364646, 0.7272727272727274039 ),
 .UNSPECIFIED. ) ;
#750 = FILL_AREA_STYLE_COLOUR ( '', #2853 ) ;
#751 = DIRECTION ( 'NONE',  ( 0.000000000000000000, 0.000000000000000000, 1.000000000000000000 ) ) ;
#752 = LINE ( 'NONE', #1252, #1429 ) ;
#753 = EDGE_CURVE ( 'NONE', #217, #2702, #2568, .T. ) ;
#754 = CARTESIAN_POINT ( 'NONE',  ( 0.9256089724635199190, 1.999900000000000233, -0.4367823623952210021 ) ) ;
#755 = ORIENTED_EDGE ( 'NONE', *, *, #303, .T. ) ;
#756 = B_SPLINE_CURVE_WITH_KNOTS ( 'NONE', 3,
 ( #1441, #2458, #3224, #1316 ),
 .UNSPECIFIED., .F., .F.,
 ( 4, 4 ),
 ( 0.1818181818181818232, 0.2727272727272727071 ),
 .UNSPECIFIED. ) ;
#757 = STYLED_ITEM ( 'NONE', ( #28 ), #306 ) ;
#758 =( GEOMETRIC_REPRESENTATION_CONTEXT ( 3 ) GLOBAL_UNCERTAINTY_ASSIGNED_CONTEXT ( ( #2630 ) ) GLOBAL_UNIT_ASSIGNED_CONTEXT ( ( #1261, #2016, #1515 ) ) REPRESENTATION_CONTEXT ( 'NONE', 'WORKASPACE' ) );
#759 = ORIENTED_EDGE ( 'NONE', *, *, #357, .F. ) ;
#760 = EDGE_CURVE ( 'NONE', #2956, #575, #3085, .T. ) ;
#761 = EDGE_CURVE ( 'NONE', #882, #118, #53, .T. ) ;
#762 = SURFACE_STYLE_USAGE ( .BOTH. , #3048 ) ;
#763 = AXIS2_PLACEMENT_3D ( 'NONE', #3021, #1219, #240 ) ;
#764 = VECTOR ( 'NONE', #3196, 1000.000000000000000 ) ;
#765 = COLOUR_RGB ( '',1.000000000000000000, 1.000000000000000000, 1.000000000000000000 ) ;
#766 = AXIS2_PLACEMENT_3D ( 'NONE', #2018, #210, #1778 ) ;
#767 =( NAMED_UNIT ( * ) SI_UNIT ( $, .STERADIAN. ) SOLID_ANGLE_UNIT ( ) );
#768 = STYLED_ITEM ( 'NONE', ( #1627 ), #3045 ) ;
#769 = CARTESIAN_POINT ( 'NONE',  ( -1.239421662711972294, 2.000000000000000000, -1.422620850083640143 ) ) ;
#770 = CARTESIAN_POINT ( 'NONE',  ( 1.180616985284032694, 1.999900000000000233, -0.2735211444465030506 ) ) ;
#771 = PRESENTATION_LAYER_ASSIGNMENT (  '', '', ( #539 ) ) ;
#772 = DIRECTION ( 'NONE',  ( -0.000000000000000000, 1.000000000000000000, -0.000000000000000000 ) ) ;
#773 = EDGE_LOOP ( 'NONE', ( #1539, #926, #1056, #1495 ) ) ;
#774 = CARTESIAN_POINT ( 'NONE',  ( 0.2737006724591231066, 2.000000000000000000, 0.01437007874015852442 ) ) ;
#775 = LINE ( 'NONE', #3073, #3164 ) ;
#776 = ORIENTED_EDGE ( 'NONE', *, *, #1725, .F. ) ;
#777 =( LENGTH_UNIT ( ) NAMED_UNIT ( * ) SI_UNIT ( .MILLI., .METRE. ) );
#778 = PRESENTATION_LAYER_ASSIGNMENT (  '', '', ( #2218 ) ) ;
#779 =( GEOMETRIC_REPRESENTATION_CONTEXT ( 3 ) GLOBAL_UNCERTAINTY_ASSIGNED_CONTEXT ( ( #26 ) ) GLOBAL_UNIT_ASSIGNED_CONTEXT ( ( #369, #2136, #3155 ) ) REPRESENTATION_CONTEXT ( 'NONE', 'WORKASPACE' ) );
#780 =( GEOMETRIC_REPRESENTATION_CONTEXT ( 3 ) GLOBAL_UNCERTAINTY_ASSIGNED_CONTEXT ( ( #2607 ) ) GLOBAL_UNIT_ASSIGNED_CONTEXT ( ( #859, #3091, #2558 ) ) REPRESENTATION_CONTEXT ( 'NONE', 'WORKASPACE' ) );
#781 = CARTESIAN_POINT ( 'NONE',  ( 0.4543561842701464015, 2.000000000000000000, -0.1636791338582682109 ) ) ;
#782 = FILL_AREA_STYLE ('',( #1793 ) ) ;
#783 = CARTESIAN_POINT ( 'NONE',  ( 0.6806169852840326939, 1.999900000000000233, 0.1949283747842663339 ) ) ;
#784 = CARTESIAN_POINT ( 'NONE',  ( 0.2737006724591231066, 1.999900000000000233, 0.01437007874015852442 ) ) ;
#785 =( GEOMETRIC_REPRESENTATION_CONTEXT ( 3 ) GLOBAL_UNCERTAINTY_ASSIGNED_CONTEXT ( ( #2414 ) ) GLOBAL_UNIT_ASSIGNED_CONTEXT ( ( #1911, #1944, #1179 ) ) REPRESENTATION_CONTEXT ( 'NONE', 'WORKASPACE' ) );
#786 = DIRECTION ( 'NONE',  ( 0.7901669519244121087, 0.000000000000000000, 0.6128916609699334161 ) ) ;
#787 = LINE ( 'NONE', #800, #1052 ) ;
#788 = ORIENTED_EDGE ( 'NONE', *, *, #921, .T. ) ;
#789 = ORIENTED_EDGE ( 'NONE', *, *, #2902, .F. ) ;
#790 = CARTESIAN_POINT ( 'NONE',  ( -0.4857737369896968360, 2.000000000000000000, -0.2824212598425180354 ) ) ;
#791 = SURFACE_SIDE_STYLE ('',( #2294 ) ) ;
#792 = EDGE_LOOP ( 'NONE', ( #1598, #1541, #1624, #2338 ) ) ;
#793 =( GEOMETRIC_REPRESENTATION_CONTEXT ( 3 ) GLOBAL_UNCERTAINTY_ASSIGNED_CONTEXT ( ( #1104 ) ) GLOBAL_UNIT_ASSIGNED_CONTEXT ( ( #458, #3010, #740 ) ) REPRESENTATION_CONTEXT ( 'NONE', 'WORKASPACE' ) );
#794 = EDGE_CURVE ( 'NONE', #1318, #296, #2085, .T. ) ;
#795 = FACE_OUTER_BOUND ( 'NONE', #2985, .T. ) ;
#796 = EDGE_CURVE ( 'NONE', #1097, #1670, #340, .T. ) ;
#797 = ORIENTED_EDGE ( 'NONE', *, *, #796, .F. ) ;
#798 = LINE ( 'NONE', #1064, #662 ) ;
#799 = CARTESIAN_POINT ( 'NONE',  ( -1.415835694995793315, 1.999900000000000233, 1.422620850083640587 ) ) ;
#800 = CARTESIAN_POINT ( 'NONE',  ( 1.180616985284032694, 1.999900000000000233, -0.1250836444465028841 ) ) ;
#801 = DIRECTION ( 'NONE',  ( -0.000000000000000000, 0.000000000000000000, -1.000000000000000000 ) ) ;
#802 = ORIENTED_EDGE ( 'NONE', *, *, #2926, .F. ) ;
#803 = AXIS2_PLACEMENT_3D ( 'NONE', #835, #872, #2341 ) ;
#804 = UNCERTAINTY_MEASURE_WITH_UNIT (LENGTH_MEASURE( 1.000000000000000082E-05 ), #164, 'distance_accuracy_value', 'NONE');
#805 = ORIENTED_EDGE ( 'NONE', *, *, #2322, .T. ) ;
#806 =( LENGTH_UNIT ( ) NAMED_UNIT ( * ) SI_UNIT ( .MILLI., .METRE. ) );
#807 =( NAMED_UNIT ( * ) PLANE_ANGLE_UNIT ( ) SI_UNIT ( $, .RADIAN. ) );
#808 = STYLED_ITEM ( 'NONE', ( #1327 ), #2283 ) ;
#809 = FILL_AREA_STYLE ('',( #1030 ) ) ;
#810 = DIRECTION ( 'NONE',  ( -0.000000000000000000, 1.000000000000000000, -0.000000000000000000 ) ) ;
#811 = SURFACE_SIDE_STYLE ('',( #2077 ) ) ;
#812 = DIRECTION ( 'NONE',  ( -0.5389461971344257085, 0.000000000000000000, 0.8423401905372560616 ) ) ;
#813 = COLOUR_RGB ( '',1.000000000000000000, 1.000000000000000000, 1.000000000000000000 ) ;
#814 = CARTESIAN_POINT ( 'NONE',  ( -1.064999999999999725, 0.000000000000000000, 1.350000000000000089 ) ) ;
#815 = EDGE_CURVE ( 'NONE', #2671, #1869, #2147, .T. ) ;
#816 = VERTEX_POINT ( 'NONE', #1341 ) ;
#817 = CARTESIAN_POINT ( 'NONE',  ( 1.180616985284032694, 2.000000000000000000, -0.2217382918824004900 ) ) ;
#818 =( NAMED_UNIT ( * ) PLANE_ANGLE_UNIT ( ) SI_UNIT ( $, .RADIAN. ) );
#819 = ORIENTED_EDGE ( 'NONE', *, *, #414, .T. ) ;
#820 =( LENGTH_UNIT ( ) NAMED_UNIT ( * ) SI_UNIT ( .MILLI., .METRE. ) );
#821 = ORIENTED_EDGE ( 'NONE', *, *, #1265, .F. ) ;
#822 = CARTESIAN_POINT ( 'NONE',  ( 0.6806169852840326939, 1.999900000000000233, -0.1704562406003490849 ) ) ;
#823 = VECTOR ( 'NONE', #938, 1000.000000000000000 ) ;
#824 = SURFACE_SIDE_STYLE ('',( #1077 ) ) ;
#825 = CARTESIAN_POINT ( 'NONE',  ( 0.4719329559236917770, 1.999900000000000233, 0.3839862204724419636 ) ) ;
#826 = ORIENTED_EDGE ( 'NONE', *, *, #1264, .F. ) ;
#827 = DIRECTION ( 'NONE',  ( -0.000000000000000000, 1.000000000000000000, -0.000000000000000000 ) ) ;
#828 =( NAMED_UNIT ( * ) SI_UNIT ( $, .STERADIAN. ) SOLID_ANGLE_UNIT ( ) );
#829 = EDGE_CURVE ( 'NONE', #1720, #626, #1831, .T. ) ;
#830 = STYLED_ITEM ( 'NONE', ( #633 ), #1280 ) ;
#831 = ORIENTED_EDGE ( 'NONE', *, *, #1766, .T. ) ;
#832 = UNCERTAINTY_MEASURE_WITH_UNIT (LENGTH_MEASURE( 1.000000000000000082E-05 ), #2277, 'distance_accuracy_value', 'NONE');
#833 = ORIENTED_EDGE ( 'NONE', *, *, #1510, .F. ) ;
#834 = CARTESIAN_POINT ( 'NONE',  ( 0.6806169852840326939, 1.999900000000000233, -0.1704562406003490849 ) ) ;
#835 = CARTESIAN_POINT ( 'NONE',  ( 0.000000000000000000, 1.999899999999999345, 0.000000000000000000 ) ) ;
#836 = COLOUR_RGB ( '',1.000000000000000000, 1.000000000000000000, 1.000000000000000000 ) ;
#837 =( LENGTH_UNIT ( ) NAMED_UNIT ( * ) SI_UNIT ( .MILLI., .METRE. ) );
#838 = MECHANICAL_DESIGN_GEOMETRIC_PRESENTATION_REPRESENTATION (  '', ( #1844 ), #2119 ) ;
#839 = FACE_OUTER_BOUND ( 'NONE', #1815, .T. ) ;
#840 = ORIENTED_EDGE ( 'NONE', *, *, #690, .F. ) ;
#841 = ADVANCED_FACE ( 'NONE', ( #3162 ), #1320, .F. ) ;
#842 =( NAMED_UNIT ( * ) PLANE_ANGLE_UNIT ( ) SI_UNIT ( $, .RADIAN. ) );
#843 = ORIENTED_EDGE ( 'NONE', *, *, #561, .T. ) ;
#844 = LINE ( 'NONE', #3092, #3007 ) ;
#845 = PRESENTATION_LAYER_ASSIGNMENT (  '', '', ( #2656 ) ) ;
#846 = EDGE_LOOP ( 'NONE', ( #3192, #1199, #2659, #1227 ) ) ;
#847 = FACE_OUTER_BOUND ( 'NONE', #1736, .T. ) ;
#848 = DIRECTION ( 'NONE',  ( -0.8422499766716469161, 0.000000000000000000, 0.5390871699424966135 ) ) ;
#849 = ORIENTED_EDGE ( 'NONE', *, *, #982, .T. ) ;
#850 = ORIENTED_EDGE ( 'NONE', *, *, #1021, .F. ) ;
#851 = DIRECTION ( 'NONE',  ( -0.000000000000000000, -0.000000000000000000, -1.000000000000000000 ) ) ;
#852 = PRESENTATION_STYLE_ASSIGNMENT (( #3144 ) ) ;
#853 = EDGE_LOOP ( 'NONE', ( #748, #719, #2602, #2234 ) ) ;
#854 = COLOUR_RGB ( '',1.000000000000000000, 1.000000000000000000, 1.000000000000000000 ) ;
#855 =( NAMED_UNIT ( * ) PLANE_ANGLE_UNIT ( ) SI_UNIT ( $, .RADIAN. ) );
#856 = VERTEX_POINT ( 'NONE', #2424 ) ;
#857 = VECTOR ( 'NONE', #563, 1000.000000000000114 ) ;
#858 = LINE ( 'NONE', #304, #549 ) ;
#859 =( LENGTH_UNIT ( ) NAMED_UNIT ( * ) SI_UNIT ( .MILLI., .METRE. ) );
#860 = CARTESIAN_POINT ( 'NONE',  ( -0.3441182251786700230, 1.999900000000000233, 0.5527303149606328514 ) ) ;
#861 = EDGE_LOOP ( 'NONE', ( #1029, #2327, #1845, #701 ) ) ;
#862 = LINE ( 'NONE', #582, #2049 ) ;
#863 = SURFACE_SIDE_STYLE ('',( #2610 ) ) ;
#864 = STYLED_ITEM ( 'NONE', ( #522 ), #2454 ) ;
#865 = DIRECTION ( 'NONE',  ( -0.000000000000000000, -1.000000000000000000, -0.000000000000000000 ) ) ;
#866 = LINE ( 'NONE', #276, #1247 ) ;
#867 = STYLED_ITEM ( 'NONE', ( #1268 ), #2669 ) ;
#868 = EDGE_LOOP ( 'NONE', ( #2709, #1637, #2684, #2243 ) ) ;
#869 = B_SPLINE_CURVE_WITH_KNOTS ( 'NONE', 3,
 ( #2984, #1428, #952, #706 ),
 .UNSPECIFIED., .F., .F.,
 ( 4, 4 ),
 ( 0.09090909090909091161, 0.1818181818181818232 ),
 .UNSPECIFIED. ) ;
#870 = UNCERTAINTY_MEASURE_WITH_UNIT (LENGTH_MEASURE( 1.000000000000000082E-05 ), #2444, 'distance_accuracy_value', 'NONE');
#871 = ORIENTED_EDGE ( 'NONE', *, *, #2530, .F. ) ;
#872 = DIRECTION ( 'NONE',  ( 0.000000000000000000, -1.000000000000000000, 0.000000000000000000 ) ) ;
#873 = PRESENTATION_LAYER_ASSIGNMENT (  '', '', ( #2521 ) ) ;
#874 = FILL_AREA_STYLE_COLOUR ( '', #915 ) ;
#875 = PLANE ( 'NONE',  #648 ) ;
#876 = CARTESIAN_POINT ( 'NONE',  ( 1.180616985284032694, 1.999900000000000233, -0.1768664970106055001 ) ) ;
#877 = CARTESIAN_POINT ( 'NONE',  ( -0.3441182251786700230, 2.000000000000000000, 0.5527303149606328514 ) ) ;
#878 = EDGE_CURVE ( 'NONE', #1242, #2120, #2674, .T. ) ;
#879 = EDGE_LOOP ( 'NONE', ( #2882, #2408, #2941, #1889 ) ) ;
#880 = FILL_AREA_STYLE_COLOUR ( '', #2388 ) ;
#881 =( GEOMETRIC_REPRESENTATION_CONTEXT ( 3 ) GLOBAL_UNCERTAINTY_ASSIGNED_CONTEXT ( ( #804 ) ) GLOBAL_UNIT_ASSIGNED_CONTEXT ( ( #164, #184, #909 ) ) REPRESENTATION_CONTEXT ( 'NONE', 'WORKASPACE' ) );
#882 = VERTEX_POINT ( 'NONE', #1453 ) ;
#883 = DIRECTION ( 'NONE',  ( -0.5390871699424967245, 0.000000000000000000, 0.8422499766716469161 ) ) ;
#884 = CARTESIAN_POINT ( 'NONE',  ( -0.02976192596607432628, 2.000000000000000000, -0.5366929133858255874 ) ) ;
#885 = PRESENTATION_LAYER_ASSIGNMENT (  '', '', ( #448 ) ) ;
#886 = DIRECTION ( 'NONE',  ( -0.000000000000000000, 1.000000000000000000, -0.000000000000000000 ) ) ;
#887 = VECTOR ( 'NONE', #827, 1000.000000000000000 ) ;
#888 = ORIENTED_EDGE ( 'NONE', *, *, #17, .F. ) ;
#889 = FACE_OUTER_BOUND ( 'NONE', #724, .T. ) ;
#890 =( NAMED_UNIT ( * ) SI_UNIT ( $, .STERADIAN. ) SOLID_ANGLE_UNIT ( ) );
#891 = VECTOR ( 'NONE', #1206, 1000.000000000000000 ) ;
#892 = CARTESIAN_POINT ( 'NONE',  ( 0.4719329559236917770, 1.999900000000000233, 0.3839862204724419636 ) ) ;
#893 = VERTEX_POINT ( 'NONE', #2166 ) ;
#894 = CARTESIAN_POINT ( 'NONE',  ( -1.064999999999999725, 0.000000000000000000, -1.350000000000000089 ) ) ;
#895 = ADVANCED_FACE ( 'NONE', ( #394 ), #939, .F. ) ;
#896 = EDGE_LOOP ( 'NONE', ( #2266, #1622, #1105, #2048, #871, #2319, #840, #62, #2505, #86, #3246 ) ) ;
#897 = SURFACE_SIDE_STYLE ('',( #2729 ) ) ;
#898 = PLANE ( 'NONE',  #269 ) ;
#899 = DIRECTION ( 'NONE',  ( -0.000000000000000000, 1.000000000000000000, -0.000000000000000000 ) ) ;
#900 = VECTOR ( 'NONE', #2187, 1000.000000000000000 ) ;
#901 = CARTESIAN_POINT ( 'NONE',  ( -0.5649999999999996136, 0.000000000000000000, 1.350000000000000089 ) ) ;
#902 = FILL_AREA_STYLE ('',( #2931 ) ) ;
#903 = EDGE_CURVE ( 'NONE', #1832, #2869, #644, .T. ) ;
#904 = DIRECTION ( 'NONE',  ( -0.000000000000000000, 0.000000000000000000, 1.000000000000000000 ) ) ;
#905 = EDGE_LOOP ( 'NONE', ( #2588, #2923, #1285, #2008 ) ) ;
#906 = DIRECTION ( 'NONE',  ( -1.000000000000000000, 0.000000000000000000, 0.000000000000000000 ) ) ;
#907 = LINE ( 'NONE', #3240, #2440 ) ;
#908 = SURFACE_STYLE_FILL_AREA ( #1928 ) ;
#909 =( NAMED_UNIT ( * ) SI_UNIT ( $, .STERADIAN. ) SOLID_ANGLE_UNIT ( ) );
#910 = SURFACE_STYLE_FILL_AREA ( #2184 ) ;
#911 = FILL_AREA_STYLE_COLOUR ( '', #1483 ) ;
#912 = DIRECTION ( 'NONE',  ( -0.000000000000000000, 0.000000000000000000, -1.000000000000000000 ) ) ;
#913 = ORIENTED_EDGE ( 'NONE', *, *, #2207, .T. ) ;
#914 = SURFACE_SIDE_STYLE ('',( #151 ) ) ;
#915 = COLOUR_RGB ( '',1.000000000000000000, 1.000000000000000000, 1.000000000000000000 ) ;
#916 = DIRECTION ( 'NONE',  ( 0.000000000000000000, 0.000000000000000000, 1.000000000000000000 ) ) ;
#917 = VECTOR ( 'NONE', #851, 1000.000000000000000 ) ;
#918 = CARTESIAN_POINT ( 'NONE',  ( 0.8851442288737763064, 2.000000000000000000, 0.4353129901688816417 ) ) ;
#919 = ADVANCED_FACE ( 'NONE', ( #889 ), #685, .T. ) ;
#920 = SURFACE_STYLE_FILL_AREA ( #2244 ) ;
#921 = EDGE_CURVE ( 'NONE', #2877, #118, #2211, .T. ) ;
#922 = EDGE_CURVE ( 'NONE', #2647, #3159, #2718, .T. ) ;
#923 = CARTESIAN_POINT ( 'NONE',  ( 0.9256089724635199190, 1.999900000000000233, 0.4093714837586252542 ) ) ;
#924 = CARTESIAN_POINT ( 'NONE',  ( -1.239421662711972294, 1.999900000000000233, 1.422620850083640587 ) ) ;
#925 = MECHANICAL_DESIGN_GEOMETRIC_PRESENTATION_REPRESENTATION (  '', ( #1817 ), #1509 ) ;
#926 = ORIENTED_EDGE ( 'NONE', *, *, #2545, .T. ) ;
#927 = VECTOR ( 'NONE', #159, 1000.000000000000227 ) ;
#928 = FILL_AREA_STYLE ('',( #2448 ) ) ;
#929 = ORIENTED_EDGE ( 'NONE', *, *, #3260, .F. ) ;
#930 = STYLED_ITEM ( 'NONE', ( #2073 ), #3264 ) ;
#931 = STYLED_ITEM ( 'NONE', ( #2011 ), #673 ) ;
#932 = DIRECTION ( 'NONE',  ( -0.000000000000000000, -0.000000000000000000, -1.000000000000000000 ) ) ;
#933 = DIRECTION ( 'NONE',  ( -0.000000000000000000, 1.000000000000000000, -0.000000000000000000 ) ) ;
#934 = CARTESIAN_POINT ( 'NONE',  ( 0.9660737160532634205, 1.999900000000000233, 0.01223606709195864013 ) ) ;
#935 = DIRECTION ( 'NONE',  ( 0.000000000000000000, -1.000000000000000000, 0.000000000000000000 ) ) ;
#936 = MECHANICAL_DESIGN_GEOMETRIC_PRESENTATION_REPRESENTATION (  '', ( #390 ), #2106 ) ;
#937 = ADVANCED_FACE ( 'NONE', ( #1638 ), #2193, .F. ) ;
#938 = DIRECTION ( 'NONE',  ( 0.000000000000000000, 0.000000000000000000, 1.000000000000000000 ) ) ;
#939 = PLANE ( 'NONE',  #2450 ) ;
#940 = SURFACE_STYLE_USAGE ( .BOTH. , #1961 ) ;
#941 = SURFACE_SIDE_STYLE ('',( #1901 ) ) ;
#942 = DIRECTION ( 'NONE',  ( -0.8421872852981131530, 0.000000000000000000, -0.5391851040989491528 ) ) ;
#943 = VERTEX_POINT ( 'NONE', #1987 ) ;
#944 =( NAMED_UNIT ( * ) SI_UNIT ( $, .STERADIAN. ) SOLID_ANGLE_UNIT ( ) );
#945 = AXIS2_PLACEMENT_3D ( 'NONE', #2873, #48, #1595 ) ;
#946 = LINE ( 'NONE', #3234, #1791 ) ;
#947 = CARTESIAN_POINT ( 'NONE',  ( -0.9174548393519011968, 1.999900000000000233, -0.2263956692913342006 ) ) ;
#948 = SURFACE_SIDE_STYLE ('',( #2686 ) ) ;
#949 = CARTESIAN_POINT ( 'NONE',  ( -0.5271713747849737786, 2.000000000000000000, -0.4687086614173205379 ) ) ;
#950 = PLANE ( 'NONE',  #763 ) ;
#951 = DIRECTION ( 'NONE',  ( -0.000000000000000000, 1.000000000000000000, -0.000000000000000000 ) ) ;
#952 = CARTESIAN_POINT ( 'NONE',  ( 0.4719329559236917770, 2.000000000000000000, 0.3839862204724419636 ) ) ;
#953 = EDGE_LOOP ( 'NONE', ( #2259, #122, #2125, #2536 ) ) ;
#954 = DIRECTION ( 'NONE',  ( -0.5389461971344258195, 0.000000000000000000, 0.8423401905372559506 ) ) ;
#955 = ORIENTED_EDGE ( 'NONE', *, *, #2465, .T. ) ;
#956 = FILL_AREA_STYLE_COLOUR ( '', #745 ) ;
#957 = CARTESIAN_POINT ( 'NONE',  ( 0.2213758693095143615, 1.999900000000000233, -0.5366929133858265866 ) ) ;
#958 = EDGE_CURVE ( 'NONE', #2899, #3134, #743, .T. ) ;
#959 = ADVANCED_FACE ( 'NONE', ( #2757 ), #2487, .T. ) ;
#960 = LINE ( 'NONE', #1968, #2010 ) ;
#961 = STYLED_ITEM ( 'NONE', ( #1584 ), #718 ) ;
#962 = CARTESIAN_POINT ( 'NONE',  ( 0.6806169852840326939, 1.999900000000000233, -0.2799314008567594381 ) ) ;
#963 = CARTESIAN_POINT ( 'NONE',  ( 0.9256089724635199190, 1.999900000000000233, 0.4611543363227278425 ) ) ;
#964 = PRESENTATION_LAYER_ASSIGNMENT (  '', '', ( #13 ) ) ;
#965 = SURFACE_STYLE_USAGE ( .BOTH. , #3251 ) ;
#966 = DIRECTION ( 'NONE',  ( 0.000000000000000000, 0.000000000000000000, -1.000000000000000000 ) ) ;
#967 = CARTESIAN_POINT ( 'NONE',  ( 0.6806169852840326939, 1.999900000000000233, 0.1949283747842663339 ) ) ;
#968 = DIRECTION ( 'NONE',  ( -0.000000000000000000, 1.000000000000000000, -0.000000000000000000 ) ) ;
#969 = PRESENTATION_LAYER_ASSIGNMENT (  '', '', ( #3308 ) ) ;
#970 = ORIENTED_EDGE ( 'NONE', *, *, #3147, .T. ) ;
#971 = UNCERTAINTY_MEASURE_WITH_UNIT (LENGTH_MEASURE( 1.000000000000000082E-05 ), #3254, 'distance_accuracy_value', 'NONE');
#972 = VERTEX_POINT ( 'NONE', #3069 ) ;
#973 = CARTESIAN_POINT ( 'NONE',  ( 0.9660737160532634205, 2.000000000000000000, 0.4353129901688816417 ) ) ;
#974 = CARTESIAN_POINT ( 'NONE',  ( 0.2213758693095143615, 1.999900000000000233, -0.5366929133858265866 ) ) ;
#975 = COLOUR_RGB ( '',1.000000000000000000, 1.000000000000000000, 1.000000000000000000 ) ;
#976 = FILL_AREA_STYLE ('',( #1481 ) ) ;
#977 = EDGE_LOOP ( 'NONE', ( #3074, #1915, #2421, #2401 ) ) ;
#978 = STYLED_ITEM ( 'NONE', ( #3226 ), #2504 ) ;
#979 = CARTESIAN_POINT ( 'NONE',  ( 1.180616985284032694, 1.999900000000000233, 0.6244155542714457940 ) ) ;
#980 = SURFACE_STYLE_FILL_AREA ( #1463 ) ;
#981 = VECTOR ( 'NONE', #886, 1000.000000000000000 ) ;
#982 = EDGE_CURVE ( 'NONE', #167, #1178, #1755, .T. ) ;
#983 =( GEOMETRIC_REPRESENTATION_CONTEXT ( 3 ) GLOBAL_UNCERTAINTY_ASSIGNED_CONTEXT ( ( #2535 ) ) GLOBAL_UNIT_ASSIGNED_CONTEXT ( ( #2518, #989, #2791 ) ) REPRESENTATION_CONTEXT ( 'NONE', 'WORKASPACE' ) );
#984 = PRESENTATION_LAYER_ASSIGNMENT (  '', '', ( #930 ) ) ;
#985 = CARTESIAN_POINT ( 'NONE',  ( 0.000000000000000000, 2.000000000000000000, 0.000000000000000000 ) ) ;
#986 = SURFACE_SIDE_STYLE ('',( #3050 ) ) ;
#987 = MECHANICAL_DESIGN_GEOMETRIC_PRESENTATION_REPRESENTATION (  '', ( #266 ), #1621 ) ;
#988 = DIRECTION ( 'NONE',  ( -0.000000000000000000, 1.000000000000000000, -0.000000000000000000 ) ) ;
#989 =( NAMED_UNIT ( * ) PLANE_ANGLE_UNIT ( ) SI_UNIT ( $, .RADIAN. ) );
#990 = SURFACE_STYLE_USAGE ( .BOTH. , #1973 ) ;
#991 = COLOUR_RGB ( '',1.000000000000000000, 1.000000000000000000, 1.000000000000000000 ) ;
#992 = LINE ( 'NONE', #2290, #2790 ) ;
#993 = VERTEX_POINT ( 'NONE', #974 ) ;
#994 = AXIS2_PLACEMENT_3D ( 'NONE', #188, #3013, #2461 ) ;
#995 = SURFACE_STYLE_USAGE ( .BOTH. , #941 ) ;
#996 =( NAMED_UNIT ( * ) SI_UNIT ( $, .STERADIAN. ) SOLID_ANGLE_UNIT ( ) );
#997 = SURFACE_STYLE_USAGE ( .BOTH. , #2026 ) ;
#998 = ORIENTED_EDGE ( 'NONE', *, *, #690, .T. ) ;
#999 = VECTOR ( 'NONE', #1663, 1000.000000000000000 ) ;
#1000 = DIRECTION ( 'NONE',  ( 0.8423401905372559506, 0.000000000000000000, 0.5389461971344258195 ) ) ;
#1001 = MECHANICAL_DESIGN_GEOMETRIC_PRESENTATION_REPRESENTATION (  '', ( #2598 ), #57 ) ;
#1002 = EDGE_CURVE ( 'NONE', #1741, #322, #2025, .T. ) ;
#1003 = CARTESIAN_POINT ( 'NONE',  ( 1.600000000000000089, 2.000000000000000000, 1.599999999999999867 ) ) ;
#1004 = FACE_OUTER_BOUND ( 'NONE', #1482, .T. ) ;
#1005 = VECTOR ( 'NONE', #1387, 1000.000000000000000 ) ;
#1006 = PLANE ( 'NONE',  #766 ) ;
#1007 = CARTESIAN_POINT ( 'NONE',  ( 0.9256089724635199190, 1.999900000000000233, -0.01370543931829778204 ) ) ;
#1008 = EDGE_CURVE ( 'NONE', #2041, #505, #1455, .T. ) ;
#1009 = DIRECTION ( 'NONE',  ( -0.8421838463247544038, 0.000000000000000000, 0.5391904756110241781 ) ) ;
#1010 = ORIENTED_EDGE ( 'NONE', *, *, #1550, .F. ) ;
#1011 = VERTEX_POINT ( 'NONE', #1802 ) ;
#1012 =( NAMED_UNIT ( * ) PLANE_ANGLE_UNIT ( ) SI_UNIT ( $, .RADIAN. ) );
#1013 = SURFACE_STYLE_USAGE ( .BOTH. , #3047 ) ;
#1014 = SURFACE_STYLE_FILL_AREA ( #2225 ) ;
#1015 = PRESENTATION_STYLE_ASSIGNMENT (( #238 ) ) ;
#1016 = DIRECTION ( 'NONE',  ( 0.000000000000000000, 0.000000000000000000, -1.000000000000000000 ) ) ;
#1017 = DIRECTION ( 'NONE',  ( -0.000000000000000000, 1.000000000000000000, -0.000000000000000000 ) ) ;
#1018 = B_SPLINE_CURVE_WITH_KNOTS ( 'NONE', 3,
 ( #2052, #3071, #790, #1803 ),
 .UNSPECIFIED., .F., .F.,
 ( 4, 4 ),
 ( 0.5454545454545455252, 0.6363636363636364646 ),
 .UNSPECIFIED. ) ;
#1019 = PLANE ( 'NONE',  #2280 ) ;
#1020 = DIRECTION ( 'NONE',  ( 0.8422499766716468050, 0.000000000000000000, 0.5390871699424968355 ) ) ;
#1021 = EDGE_CURVE ( 'NONE', #1357, #2054, #1026, .T. ) ;
#1022 = ORIENTED_EDGE ( 'NONE', *, *, #1899, .F. ) ;
#1023 = EDGE_CURVE ( 'NONE', #567, #2647, #2248, .T. ) ;
#1024 = ORIENTED_EDGE ( 'NONE', *, *, #737, .F. ) ;
#1025 = EDGE_CURVE ( 'NONE', #1506, #187, #2431, .T. ) ;
#1026 = LINE ( 'NONE', #1480, #3080 ) ;
#1027 =( NAMED_UNIT ( * ) SI_UNIT ( $, .STERADIAN. ) SOLID_ANGLE_UNIT ( ) );
#1028 = VECTOR ( 'NONE', #2769, 999.9999999999998863 ) ;
#1029 = ORIENTED_EDGE ( 'NONE', *, *, #435, .F. ) ;
#1030 = FILL_AREA_STYLE_COLOUR ( '', #3255 ) ;
#1031 = PRESENTATION_LAYER_ASSIGNMENT (  '', '', ( #2470 ) ) ;
#1032 = CARTESIAN_POINT ( 'NONE',  ( -0.3464371228164651040, 1.999900000000000233, 0.3398425196850423102 ) ) ;
#1033 = CARTESIAN_POINT ( 'NONE',  ( 0.9660737160532634205, 1.999900000000000233, -0.4108408559849646147 ) ) ;
#1034 = VECTOR ( 'NONE', #3266, 1000.000000000000000 ) ;
#1035 = CARTESIAN_POINT ( 'NONE',  ( 0.8851442288737763064, 1.999900000000000233, 0.01223606709195864013 ) ) ;
#1036 = VECTOR ( 'NONE', #2676, 1000.000000000000000 ) ;
#1037 =( NAMED_UNIT ( * ) PLANE_ANGLE_UNIT ( ) SI_UNIT ( $, .RADIAN. ) );
#1038 =( GEOMETRIC_REPRESENTATION_CONTEXT ( 3 ) GLOBAL_UNCERTAINTY_ASSIGNED_CONTEXT ( ( #2914 ) ) GLOBAL_UNIT_ASSIGNED_CONTEXT ( ( #3242, #376, #2460 ) ) REPRESENTATION_CONTEXT ( 'NONE', 'WORKASPACE' ) );
#1039 = EDGE_CURVE ( 'NONE', #1178, #1357, #170, .T. ) ;
#1040 = ORIENTED_EDGE ( 'NONE', *, *, #796, .T. ) ;
#1041 = EDGE_CURVE ( 'NONE', #1996, #2693, #1231, .T. ) ;
#1042 = FACE_OUTER_BOUND ( 'NONE', #2946, .T. ) ;
#1043 =( NAMED_UNIT ( * ) SI_UNIT ( $, .STERADIAN. ) SOLID_ANGLE_UNIT ( ) );
#1044 = EDGE_LOOP ( 'NONE', ( #87, #2164, #929, #849 ) ) ;
#1045 = AXIS2_PLACEMENT_3D ( 'NONE', #934, #883, #1679 ) ;
#1046 = VECTOR ( 'NONE', #2632, 1000.000000000000000 ) ;
#1047 =( LENGTH_UNIT ( ) NAMED_UNIT ( * ) SI_UNIT ( .MILLI., .METRE. ) );
#1048 = PRESENTATION_STYLE_ASSIGNMENT (( #2482 ) ) ;
#1049 = PRESENTATION_STYLE_ASSIGNMENT (( #2806 ) ) ;
#1050 = LINE ( 'NONE', #2832, #1207 ) ;
#1051 = PRESENTATION_LAYER_ASSIGNMENT (  '', '', ( #1216 ) ) ;
#1052 = VECTOR ( 'NONE', #848, 1000.000000000000000 ) ;
#1053 = DIRECTION ( 'NONE',  ( -0.000000000000000000, 0.000000000000000000, 1.000000000000000000 ) ) ;
#1054 =( LENGTH_UNIT ( ) NAMED_UNIT ( * ) SI_UNIT ( .MILLI., .METRE. ) );
#1055 = ORIENTED_EDGE ( 'NONE', *, *, #2207, .F. ) ;
#1056 = ORIENTED_EDGE ( 'NONE', *, *, #1606, .T. ) ;
#1057 = CARTESIAN_POINT ( 'NONE',  ( -0.8119036582495383625, 1.999900000000000233, -0.005803149606293965188 ) ) ;
#1058 = SURFACE_STYLE_FILL_AREA ( #3334 ) ;
#1059 = EDGE_CURVE ( 'NONE', #3330, #1396, #2681, .T. ) ;
#1060 = FILL_AREA_STYLE_COLOUR ( '', #713 ) ;
#1061 = ORIENTED_EDGE ( 'NONE', *, *, #3019, .T. ) ;
#1062 = PRESENTATION_STYLE_ASSIGNMENT (( #762 ) ) ;
#1063 = SURFACE_SIDE_STYLE ('',( #1093 ) ) ;
#1064 = CARTESIAN_POINT ( 'NONE',  ( 1.180616985284032694, 1.999900000000000233, -0.2217382918824004900 ) ) ;
#1065 =( LENGTH_UNIT ( ) NAMED_UNIT ( * ) SI_UNIT ( .MILLI., .METRE. ) );
#1066 = LINE ( 'NONE', #2335, #2330 ) ;
#1067 = VERTEX_POINT ( 'NONE', #1446 ) ;
#1068 = UNCERTAINTY_MEASURE_WITH_UNIT (LENGTH_MEASURE( 1.000000000000000082E-05 ), #137, 'distance_accuracy_value', 'NONE');
#1069 = ORIENTED_EDGE ( 'NONE', *, *, #243, .T. ) ;
#1070 = CARTESIAN_POINT ( 'NONE',  ( -0.5723327921078065206, 2.000000000000000000, 0.2480511811023666524 ) ) ;
#1071 = SURFACE_SIDE_STYLE ('',( #1540 ) ) ;
#1072 = AXIS2_PLACEMENT_3D ( 'NONE', #3179, #906, #2181 ) ;
#1073 = LINE ( 'NONE', #2639, #857 ) ;
#1074 = EDGE_LOOP ( 'NONE', ( #3088, #1895, #1526, #2036 ) ) ;
#1075 = SURFACE_STYLE_USAGE ( .BOTH. , #2606 ) ;
#1076 = EDGE_CURVE ( 'NONE', #626, #92, #449, .T. ) ;
#1077 = SURFACE_STYLE_FILL_AREA ( #2332 ) ;
#1078 = AXIS2_PLACEMENT_3D ( 'NONE', #2508, #2053, #2523 ) ;
#1079 = CARTESIAN_POINT ( 'NONE',  ( 1.180616985284032694, 1.999900000000000233, -0.2735211444465030506 ) ) ;
#1080 = COLOUR_RGB ( '',1.000000000000000000, 1.000000000000000000, 1.000000000000000000 ) ;
#1081 = ORIENTED_EDGE ( 'NONE', *, *, #180, .T. ) ;
#1082 = LINE ( 'NONE', #3113, #887 ) ;
#1083 = FACE_OUTER_BOUND ( 'NONE', #2997, .T. ) ;
#1084 = SURFACE_STYLE_FILL_AREA ( #584 ) ;
#1085 = COLOUR_RGB ( '',1.000000000000000000, 1.000000000000000000, 1.000000000000000000 ) ;
#1086 = ORIENTED_EDGE ( 'NONE', *, *, #1792, .T. ) ;
#1087 = ORIENTED_EDGE ( 'NONE', *, *, #1076, .F. ) ;
#1088 = CARTESIAN_POINT ( 'NONE',  ( -1.064999999999999725, 0.000000000000000000, -1.350000000000000089 ) ) ;
#1089 = PRESENTATION_LAYER_ASSIGNMENT (  '', '', ( #36 ) ) ;
#1090 = PRESENTATION_STYLE_ASSIGNMENT (( #1852 ) ) ;
#1091 = CARTESIAN_POINT ( 'NONE',  ( 0.3953788220654214647, 1.999900000000000233, -0.2593346456692907087 ) ) ;
#1092 = ORIENTED_EDGE ( 'NONE', *, *, #1264, .T. ) ;
#1093 = SURFACE_STYLE_FILL_AREA ( #564 ) ;
#1094 = CARTESIAN_POINT ( 'NONE',  ( 1.180616985284032694, 1.999900000000000233, -0.2217382918824004900 ) ) ;
#1095 = PRESENTATION_LAYER_ASSIGNMENT (  '', '', ( #2695 ) ) ;
#1096 = ADVANCED_FACE ( 'NONE', ( #383 ), #74, .F. ) ;
#1097 = VERTEX_POINT ( 'NONE', #2348 ) ;
#1098 = DIRECTION ( 'NONE',  ( 0.000000000000000000, 0.000000000000000000, -1.000000000000000000 ) ) ;
#1099 = CARTESIAN_POINT ( 'NONE',  ( -0.02976192596607432628, 1.999900000000000233, -0.5366929133858255874 ) ) ;
#1100 = FACE_OUTER_BOUND ( 'NONE', #2371, .T. ) ;
#1101 = DIRECTION ( 'NONE',  ( 0.000000000000000000, 0.000000000000000000, 1.000000000000000000 ) ) ;
#1102 = VECTOR ( 'NONE', #988, 1000.000000000000000 ) ;
#1103 = ORIENTED_EDGE ( 'NONE', *, *, #1851, .F. ) ;
#1104 = UNCERTAINTY_MEASURE_WITH_UNIT (LENGTH_MEASURE( 1.000000000000000082E-05 ), #458, 'distance_accuracy_value', 'NONE');
#1105 = ORIENTED_EDGE ( 'NONE', *, *, #1942, .F. ) ;
#1106 = DIRECTION ( 'NONE',  ( 0.5390888091285611639, 0.000000000000000000, 0.8422489274984860108 ) ) ;
#1107 = EDGE_CURVE ( 'NONE', #2109, #2352, #2399, .T. ) ;
#1108 = CARTESIAN_POINT ( 'NONE',  ( -0.8119036582495383625, 2.000000000000000000, -0.005803149606293965188 ) ) ;
#1109 = PRESENTATION_LAYER_ASSIGNMENT (  '', '', ( #2701 ) ) ;
#1110 =( NAMED_UNIT ( * ) SI_UNIT ( $, .STERADIAN. ) SOLID_ANGLE_UNIT ( ) );
#1111 = VERTEX_POINT ( 'NONE', #1094 ) ;
#1112 = ORIENTED_EDGE ( 'NONE', *, *, #2734, .F. ) ;
#1113 = SURFACE_STYLE_FILL_AREA ( #1382 ) ;
#1114 = CARTESIAN_POINT ( 'NONE',  ( -0.7344056267534750937, 2.000000000000000000, -0.1765905511810994810 ) ) ;
#1115 = UNCERTAINTY_MEASURE_WITH_UNIT (LENGTH_MEASURE( 1.000000000000000082E-05 ), #820, 'distance_accuracy_value', 'NONE');
#1116 = SURFACE_STYLE_FILL_AREA ( #2787 ) ;
#1117 = ORIENTED_EDGE ( 'NONE', *, *, #2349, .F. ) ;
#1118 = CARTESIAN_POINT ( 'NONE',  ( 0.2213758693095143615, 2.000000000000000000, -0.5366929133858265866 ) ) ;
#1119 = B_SPLINE_SURFACE_WITH_KNOTS ( 'NONE', 3, 1, ( 
 ( #1378, #2323 ),
 ( #6, #1070 ),
 ( #1057, #1108 ),
 ( #591, #3099 ) ),
 .UNSPECIFIED., .F., .F., .F.,
 ( 4, 4 ),
 ( 2, 2 ),
 ( 0.6363636363636364646, 0.7272727272727274039 ),
 ( 0.000000000000000000, 1.000000000000000000 ),
 .UNSPECIFIED. ) ;
#1120 = FACE_OUTER_BOUND ( 'NONE', #259, .T. ) ;
#1121 = DIRECTION ( 'NONE',  ( -0.000000000000000000, 1.000000000000000000, -0.000000000000000000 ) ) ;
#1122 = ORIENTED_EDGE ( 'NONE', *, *, #2344, .T. ) ;
#1123 = ORIENTED_EDGE ( 'NONE', *, *, #2289, .T. ) ;
#1124 = LINE ( 'NONE', #2357, #3209 ) ;
#1125 = EDGE_CURVE ( 'NONE', #233, #882, #1346, .T. ) ;
#1126 = CARTESIAN_POINT ( 'NONE',  ( 0.6806169852840326939, 1.999900000000000233, 0.5662224452970868738 ) ) ;
#1127 = FILL_AREA_STYLE_COLOUR ( '', #2140 ) ;
#1128 = DIRECTION ( 'NONE',  ( -0.8422499766716468050, 0.000000000000000000, 0.5390871699424966135 ) ) ;
#1129 = DIRECTION ( 'NONE',  ( 0.000000000000000000, 0.000000000000000000, 1.000000000000000000 ) ) ;
#1130 = COLOUR_RGB ( '',1.000000000000000000, 1.000000000000000000, 1.000000000000000000 ) ;
#1131 = VERTEX_POINT ( 'NONE', #2114 ) ;
#1132 = PRESENTATION_STYLE_ASSIGNMENT (( #1918 ) ) ;
#1133 = FILL_AREA_STYLE_COLOUR ( '', #1085 ) ;
#1134 = VECTOR ( 'NONE', #1309, 1000.000000000000000 ) ;
#1135 = ORIENTED_EDGE ( 'NONE', *, *, #500, .F. ) ;
#1136 = SURFACE_SIDE_STYLE ('',( #332 ) ) ;
#1137 = MECHANICAL_DESIGN_GEOMETRIC_PRESENTATION_REPRESENTATION (  '', ( #2303 ), #378 ) ;
#1138 = SURFACE_STYLE_USAGE ( .BOTH. , #2403 ) ;
#1139 = CARTESIAN_POINT ( 'NONE',  ( -1.600000000000000089, 2.000000000000000000, 1.600000000000000311 ) ) ;
#1140 = CARTESIAN_POINT ( 'NONE',  ( 0.6806169852840326939, 1.999900000000000233, -0.5935331636772722685 ) ) ;
#1141 = SURFACE_STYLE_FILL_AREA ( #1217 ) ;
#1142 = AXIS2_PLACEMENT_3D ( 'NONE', #2581, #2628, #801 ) ;
#1143 = ORIENTED_EDGE ( 'NONE', *, *, #256, .T. ) ;
#1144 = CARTESIAN_POINT ( 'NONE',  ( -1.064999999999999725, 0.000000000000000000, -1.350000000000000089 ) ) ;
#1145 = VECTOR ( 'NONE', #1575, 1000.000000000000000 ) ;
#1146 =( NAMED_UNIT ( * ) SI_UNIT ( $, .STERADIAN. ) SOLID_ANGLE_UNIT ( ) );
#1147 = ADVANCED_FACE ( 'NONE', ( #346 ), #1366, .T. ) ;
#1148 = CARTESIAN_POINT ( 'NONE',  ( 1.180616985284032694, 2.000000000000000000, 0.1495557786304201886 ) ) ;
#1149 = EDGE_CURVE ( 'NONE', #2693, #1275, #59, .T. ) ;
#1150 = COLOUR_RGB ( '',1.000000000000000000, 1.000000000000000000, 1.000000000000000000 ) ;
#1151 = UNCERTAINTY_MEASURE_WITH_UNIT (LENGTH_MEASURE( 1.000000000000000082E-05 ), #1887, 'distance_accuracy_value', 'NONE');
#1152 = ORIENTED_EDGE ( 'NONE', *, *, #327, .T. ) ;
#1153 = FACE_OUTER_BOUND ( 'NONE', #1364, .T. ) ;
#1154 = ORIENTED_EDGE ( 'NONE', *, *, #2753, .F. ) ;
#1155 = FACE_OUTER_BOUND ( 'NONE', #2859, .T. ) ;
#1156 = UNCERTAINTY_MEASURE_WITH_UNIT (LENGTH_MEASURE( 1.000000000000000082E-05 ), #1449, 'distance_accuracy_value', 'NONE');
#1157 = ADVANCED_FACE ( 'NONE', ( #1155 ), #2621, .F. ) ;
#1158 =( GEOMETRIC_REPRESENTATION_CONTEXT ( 3 ) GLOBAL_UNCERTAINTY_ASSIGNED_CONTEXT ( ( #2991 ) ) GLOBAL_UNIT_ASSIGNED_CONTEXT ( ( #2017, #2544, #471 ) ) REPRESENTATION_CONTEXT ( 'NONE', 'WORKASPACE' ) );
#1159 = EDGE_LOOP ( 'NONE', ( #2491, #70, #1859, #1123 ) ) ;
#1160 = FILL_AREA_STYLE ('',( #387 ) ) ;
#1161 = VECTOR ( 'NONE', #404, 1000.000000000000227 ) ;
#1162 =( NAMED_UNIT ( * ) PLANE_ANGLE_UNIT ( ) SI_UNIT ( $, .RADIAN. ) );
#1163 = VERTEX_POINT ( 'NONE', #1329 ) ;
#1164 = LINE ( 'NONE', #2182, #1689 ) ;
#1165 = SURFACE_STYLE_FILL_AREA ( #3181 ) ;
#1166 = CARTESIAN_POINT ( 'NONE',  ( 0.000000000000000000, 1.999900000000000233, 0.000000000000000000 ) ) ;
#1167 = DIRECTION ( 'NONE',  ( -0.000000000000000000, 1.000000000000000000, -0.000000000000000000 ) ) ;
#1168 = PRESENTATION_LAYER_ASSIGNMENT (  '', '', ( #675 ) ) ;
#1169 = VECTOR ( 'NONE', #2772, 1000.000000000000000 ) ;
#1170 = SURFACE_SIDE_STYLE ('',( #1703 ) ) ;
#1171 = EDGE_LOOP ( 'NONE', ( #1304, #2340, #519, #427 ) ) ;
#1172 = EDGE_CURVE ( 'NONE', #1799, #2321, #12, .T. ) ;
#1173 = ORIENTED_EDGE ( 'NONE', *, *, #3090, .T. ) ;
#1174 = LINE ( 'NONE', #657, #605 ) ;
#1175 = DIRECTION ( 'NONE',  ( -0.8422489274984861218, 0.000000000000000000, -0.5390888091285608308 ) ) ;
#1176 = SURFACE_STYLE_FILL_AREA ( #1160 ) ;
#1177 = CARTESIAN_POINT ( 'NONE',  ( -0.04874027242276514349, 2.000000000000000000, 0.4608228346456701430 ) ) ;
#1178 = VERTEX_POINT ( 'NONE', #3108 ) ;
#1179 =( NAMED_UNIT ( * ) SI_UNIT ( $, .STERADIAN. ) SOLID_ANGLE_UNIT ( ) );
#1180 = CARTESIAN_POINT ( 'NONE',  ( 0.2213758693095143615, 2.000000000000000000, -0.5366929133858265866 ) ) ;
#1181 =( LENGTH_UNIT ( ) NAMED_UNIT ( * ) SI_UNIT ( .MILLI., .METRE. ) );
#1182 = B_SPLINE_SURFACE_WITH_KNOTS ( 'NONE', 3, 1, ( 
 ( #578, #877 ),
 ( #2863, #3184 ),
 ( #892, #1894 ),
 ( #3128, #1363 ) ),
 .UNSPECIFIED., .F., .F., .F.,
 ( 4, 4 ),
 ( 2, 2 ),
 ( 0.09090909090909091161, 0.1818181818181818232 ),
 ( 0.000000000000000000, 1.000000000000000000 ),
 .UNSPECIFIED. ) ;
#1183 = PLANE ( 'NONE',  #2360 ) ;
#1184 = ORIENTED_EDGE ( 'NONE', *, *, #2228, .T. ) ;
#1185 = LINE ( 'NONE', #2685, #3280 ) ;
#1186 = FILL_AREA_STYLE ('',( #124 ) ) ;
#1187 = PRESENTATION_LAYER_ASSIGNMENT (  '', '', ( #757 ) ) ;
#1188 = FILL_AREA_STYLE_COLOUR ( '', #2425 ) ;
#1189 = CARTESIAN_POINT ( 'NONE',  ( 1.064999999999999725, 0.000000000000000000, -1.350000000000000311 ) ) ;
#1190 = LINE ( 'NONE', #2994, #2959 ) ;
#1191 = EDGE_CURVE ( 'NONE', #3290, #3083, #869, .T. ) ;
#1192 = LINE ( 'NONE', #2208, #2761 ) ;
#1193 = DIRECTION ( 'NONE',  ( -0.8422489274984858998, 0.000000000000000000, -0.5390888091285610528 ) ) ;
#1194 = VECTOR ( 'NONE', #3158, 1000.000000000000114 ) ;
#1195 = VECTOR ( 'NONE', #2023, 1000.000000000000000 ) ;
#1196 = ORIENTED_EDGE ( 'NONE', *, *, #1149, .T. ) ;
#1197 = FILL_AREA_STYLE_COLOUR ( '', #224 ) ;
#1198 =( NAMED_UNIT ( * ) PLANE_ANGLE_UNIT ( ) SI_UNIT ( $, .RADIAN. ) );
#1199 = ORIENTED_EDGE ( 'NONE', *, *, #1733, .F. ) ;
#1200 = B_SPLINE_CURVE_WITH_KNOTS ( 'NONE', 3,
 ( #1259, #781, #1790, #2555 ),
 .UNSPECIFIED., .F., .F.,
 ( 4, 4 ),
 ( 0.000000000000000000, 0.09090909090909091161 ),
 .UNSPECIFIED. ) ;
#1201 =( GEOMETRIC_REPRESENTATION_CONTEXT ( 3 ) GLOBAL_UNCERTAINTY_ASSIGNED_CONTEXT ( ( #462 ) ) GLOBAL_UNIT_ASSIGNED_CONTEXT ( ( #222, #2511, #2237 ) ) REPRESENTATION_CONTEXT ( 'NONE', 'WORKASPACE' ) );
#1202 = DIRECTION ( 'NONE',  ( -0.000000000000000000, 1.000000000000000000, -0.000000000000000000 ) ) ;
#1203 = CARTESIAN_POINT ( 'NONE',  ( 1.180616985284032694, 2.000000000000000000, -0.2735211444465030506 ) ) ;
#1204 = CARTESIAN_POINT ( 'NONE',  ( 0.9256089724635199190, 1.999900000000000233, 0.03807741324580478370 ) ) ;
#1205 = CARTESIAN_POINT ( 'NONE',  ( 1.064999999999999725, 0.000000000000000000, 1.350000000000000311 ) ) ;
#1206 = DIRECTION ( 'NONE',  ( -0.000000000000000000, 1.000000000000000000, -0.000000000000000000 ) ) ;
#1207 = VECTOR ( 'NONE', #3132, 1000.000000000000114 ) ;
#1208 = FILL_AREA_STYLE ('',( #2951 ) ) ;
#1209 = PLANE ( 'NONE',  #25 ) ;
#1210 = UNCERTAINTY_MEASURE_WITH_UNIT (LENGTH_MEASURE( 1.000000000000000082E-05 ), #1407, 'distance_accuracy_value', 'NONE');
#1211 = ORIENTED_EDGE ( 'NONE', *, *, #2582, .T. ) ;
#1212 = FILL_AREA_STYLE ('',( #1197 ) ) ;
#1213 =( LENGTH_UNIT ( ) NAMED_UNIT ( * ) SI_UNIT ( .MILLI., .METRE. ) );
#1214 = VERTEX_POINT ( 'NONE', #1717 ) ;
#1215 = CARTESIAN_POINT ( 'NONE',  ( -1.415835694995793315, 2.000000000000000000, 1.422620850083640587 ) ) ;
#1216 = STYLED_ITEM ( 'NONE', ( #1132 ), #1157 ) ;
#1217 = FILL_AREA_STYLE ('',( #206 ) ) ;
#1218 = DIRECTION ( 'NONE',  ( 0.000000000000000000, 0.000000000000000000, 1.000000000000000000 ) ) ;
#1219 = DIRECTION ( 'NONE',  ( 0.000000000000000000, -1.000000000000000000, 0.000000000000000000 ) ) ;
#1220 = CARTESIAN_POINT ( 'NONE',  ( -1.239421662711972294, 1.999900000000000233, 1.422620850083640587 ) ) ;
#1221 = FILL_AREA_STYLE_COLOUR ( '', #678 ) ;
#1222 = LINE ( 'NONE', #2533, #154 ) ;
#1223 = SURFACE_STYLE_FILL_AREA ( #2775 ) ;
#1224 = FACE_OUTER_BOUND ( 'NONE', #1811, .T. ) ;
#1225 = PLANE ( 'NONE',  #945 ) ;
#1226 = EDGE_CURVE ( 'NONE', #972, #2825, #2742, .T. ) ;
#1227 = ORIENTED_EDGE ( 'NONE', *, *, #2803, .T. ) ;
#1228 = CARTESIAN_POINT ( 'NONE',  ( 0.8851442288737763064, 1.999900000000000233, 0.4353129901688816417 ) ) ;
#1229 =( NAMED_UNIT ( * ) SI_UNIT ( $, .STERADIAN. ) SOLID_ANGLE_UNIT ( ) );
#1230 = ORIENTED_EDGE ( 'NONE', *, *, #1059, .F. ) ;
#1231 = LINE ( 'NONE', #1997, #291 ) ;
#1232 = PRESENTATION_STYLE_ASSIGNMENT (( #1013 ) ) ;
#1233 = CARTESIAN_POINT ( 'NONE',  ( 0.6806169852840326939, 2.000000000000000000, 0.2526206824765739323 ) ) ;
#1234 = COLOUR_RGB ( '',1.000000000000000000, 1.000000000000000000, 1.000000000000000000 ) ;
#1235 = LINE ( 'NONE', #3282, #2310 ) ;
#1236 = ORIENTED_EDGE ( 'NONE', *, *, #1008, .T. ) ;
#1237 = CARTESIAN_POINT ( 'NONE',  ( -0.7344056267534750937, 2.000000000000000000, -0.1765905511810994810 ) ) ;
#1238 = PLANE ( 'NONE',  #2094 ) ;
#1239 = FACE_OUTER_BOUND ( 'NONE', #2057, .T. ) ;
#1240 = COLOUR_RGB ( '',1.000000000000000000, 1.000000000000000000, 1.000000000000000000 ) ;
#1241 = FACE_OUTER_BOUND ( 'NONE', #1878, .T. ) ;
#1242 = VERTEX_POINT ( 'NONE', #2446 ) ;
#1243 = COLOUR_RGB ( '',1.000000000000000000, 1.000000000000000000, 1.000000000000000000 ) ;
#1244 = ADVANCED_FACE ( 'NONE', ( #186 ), #1225, .T. ) ;
#1245 = CARTESIAN_POINT ( 'NONE',  ( -0.6542757054936341188, 2.000000000000000000, -0.4438799212598381061 ) ) ;
#1246 = VERTEX_POINT ( 'NONE', #2612 ) ;
#1247 = VECTOR ( 'NONE', #2123, 1000.000000000000000 ) ;
#1248 = EDGE_CURVE ( 'NONE', #187, #3277, #1868, .T. ) ;
#1249 = CARTESIAN_POINT ( 'NONE',  ( 0.6806169852840326939, 2.000000000000000000, 0.1431455222201637734 ) ) ;
#1250 = CARTESIAN_POINT ( 'NONE',  ( -0.9174548393519011968, 2.000000000000000000, -0.2263956692913342006 ) ) ;
#1251 = FILL_AREA_STYLE_COLOUR ( '', #152 ) ;
#1252 = CARTESIAN_POINT ( 'NONE',  ( 0.6806169852840326939, 2.000000000000000000, -0.1186733880362464966 ) ) ;
#1253 = LINE ( 'NONE', #3253, #2263 ) ;
#1254 = LINE ( 'NONE', #2811, #1195 ) ;
#1255 = STYLED_ITEM ( 'NONE', ( #347 ), #1771 ) ;
#1256 = CARTESIAN_POINT ( 'NONE',  ( 1.180616985284032694, 1.999900000000000233, -0.2735211444465030506 ) ) ;
#1257 = CARTESIAN_POINT ( 'NONE',  ( -0.8860138944700116648, 1.999900000000000233, -0.3356850393700730462 ) ) ;
#1258 = ORIENTED_EDGE ( 'NONE', *, *, #3003, .F. ) ;
#1259 = CARTESIAN_POINT ( 'NONE',  ( 0.4596101212780215328, 2.000000000000000000, -6.098637220230962441E-17 ) ) ;
#1260 = EDGE_CURVE ( 'NONE', #2885, #3168, #960, .T. ) ;
#1261 =( LENGTH_UNIT ( ) NAMED_UNIT ( * ) SI_UNIT ( .MILLI., .METRE. ) );
#1262 = STYLED_ITEM ( 'NONE', ( #569 ), #1434 ) ;
#1263 = LINE ( 'NONE', #3296, #1034 ) ;
#1264 = EDGE_CURVE ( 'NONE', #856, #1783, #2219, .T. ) ;
#1265 = EDGE_CURVE ( 'NONE', #3277, #2434, #946, .T. ) ;
#1266 = PLANE ( 'NONE',  #229 ) ;
#1267 = FILL_AREA_STYLE_COLOUR ( '', #3056 ) ;
#1268 = PRESENTATION_STYLE_ASSIGNMENT (( #231 ) ) ;
#1269 = UNCERTAINTY_MEASURE_WITH_UNIT (LENGTH_MEASURE( 1.000000000000000082E-05 ), #3075, 'distance_accuracy_value', 'NONE');
#1270 = EDGE_LOOP ( 'NONE', ( #2908, #557, #1585, #2936 ) ) ;
#1271 = CARTESIAN_POINT ( 'NONE',  ( -0.2581438157298540648, 2.000000000000000000, -0.3136988188976359004 ) ) ;
#1272 = FILL_AREA_STYLE_COLOUR ( '', #2370 ) ;
#1273 = FILL_AREA_STYLE ('',( #2040 ) ) ;
#1274 = MECHANICAL_DESIGN_GEOMETRIC_PRESENTATION_REPRESENTATION (  '', ( #130 ), #352 ) ;
#1275 = VERTEX_POINT ( 'NONE', #679 ) ;
#1276 = SURFACE_STYLE_USAGE ( .BOTH. , #3306 ) ;
#1277 = CARTESIAN_POINT ( 'NONE',  ( 1.600000000000000089, 2.000000000000000000, -1.600000000000000311 ) ) ;
#1278 = DIRECTION ( 'NONE',  ( -0.8422489274984860108, 0.000000000000000000, -0.5390888091285609418 ) ) ;
#1279 = ADVANCED_FACE ( 'NONE', ( #415 ), #1708, .F. ) ;
#1280 = ADVANCED_FACE ( 'NONE', ( #2479 ), #1266, .T. ) ;
#1281 = VERTEX_POINT ( 'NONE', #1220 ) ;
#1282 = STYLED_ITEM ( 'NONE', ( #1431 ), #2365 ) ;
#1283 = CARTESIAN_POINT ( 'NONE',  ( 1.180616985284032694, 1.999900000000000233, -0.5481605675234261232 ) ) ;
#1284 = PRESENTATION_STYLE_ASSIGNMENT (( #2502 ) ) ;
#1285 = ORIENTED_EDGE ( 'NONE', *, *, #2433, .F. ) ;
#1286 = PRESENTATION_STYLE_ASSIGNMENT (( #2813 ) ) ;
#1287 = FILL_AREA_STYLE ('',( #1272 ) ) ;
#1288 = MECHANICAL_DESIGN_GEOMETRIC_PRESENTATION_REPRESENTATION (  '', ( #3308 ), #146 ) ;
#1289 = ORIENTED_EDGE ( 'NONE', *, *, #1172, .T. ) ;
#1290 = MECHANICAL_DESIGN_GEOMETRIC_PRESENTATION_REPRESENTATION (  '', ( #2258 ), #3094 ) ;
#1291 = CARTESIAN_POINT ( 'NONE',  ( 1.600000000000000089, 0.1000000000000000056, -1.600000000000000311 ) ) ;
#1292 = VECTOR ( 'NONE', #3024, 1000.000000000000000 ) ;
#1293 = DIRECTION ( 'NONE',  ( 0.8423401905372560616, 0.000000000000000000, 0.5389461971344257085 ) ) ;
#1294 = DIRECTION ( 'NONE',  ( -0.000000000000000000, 1.000000000000000000, -0.000000000000000000 ) ) ;
#1295 = SURFACE_STYLE_USAGE ( .BOTH. , #1825 ) ;
#1296 = DIRECTION ( 'NONE',  ( -1.000000000000000000, -0.000000000000000000, -0.000000000000000000 ) ) ;
#1297 = EDGE_CURVE ( 'NONE', #1869, #2825, #140, .T. ) ;
#1298 = VECTOR ( 'NONE', #125, 1000.000000000000000 ) ;
#1299 = EDGE_LOOP ( 'NONE', ( #571, #2325, #1649, #850 ) ) ;
#1300 = UNCERTAINTY_MEASURE_WITH_UNIT (LENGTH_MEASURE( 1.000000000000000082E-05 ), #3310, 'distance_accuracy_value', 'NONE');
#1301 = ORIENTED_EDGE ( 'NONE', *, *, #117, .F. ) ;
#1302 = DIRECTION ( 'NONE',  ( 1.524232085339900481E-16, -0.000000000000000000, 1.000000000000000000 ) ) ;
#1303 = FILL_AREA_STYLE ('',( #2265 ) ) ;
#1304 = ORIENTED_EDGE ( 'NONE', *, *, #398, .F. ) ;
#1305 =( GEOMETRIC_REPRESENTATION_CONTEXT ( 3 ) GLOBAL_UNCERTAINTY_ASSIGNED_CONTEXT ( ( #3109 ) ) GLOBAL_UNIT_ASSIGNED_CONTEXT ( ( #3326, #1824, #2833 ) ) REPRESENTATION_CONTEXT ( 'NONE', 'WORKASPACE' ) );
#1306 = EDGE_CURVE ( 'NONE', #345, #3098, #2406, .T. ) ;
#1307 = VECTOR ( 'NONE', #19, 1000.000000000000000 ) ;
#1308 = DIRECTION ( 'NONE',  ( -0.8422499766716468050, 0.000000000000000000, 0.5390871699424966135 ) ) ;
#1309 = DIRECTION ( 'NONE',  ( -0.000000000000000000, 1.000000000000000000, -0.000000000000000000 ) ) ;
#1310 = PLANE ( 'NONE',  #994 ) ;
#1311 = VECTOR ( 'NONE', #647, 1000.000000000000000 ) ;
#1312 =( LENGTH_UNIT ( ) NAMED_UNIT ( * ) SI_UNIT ( .MILLI., .METRE. ) );
#1313 = AXIS2_PLACEMENT_3D ( 'NONE', #2824, #2139, #1615 ) ;
#1314 = COLOUR_RGB ( '',0.8274509803921568096, 0.8392156862745098200, 0.8274509803921568096 ) ;
#1315 = CARTESIAN_POINT ( 'NONE',  ( 0.2213758693095143615, 1.999900000000000233, -0.5366929133858265866 ) ) ;
#1316 = CARTESIAN_POINT ( 'NONE',  ( -0.3441182251786700230, 2.000000000000000000, 0.5527303149606328514 ) ) ;
#1317 = CARTESIAN_POINT ( 'NONE',  ( 0.8851442288737763064, 2.000000000000000000, -0.4108408559849646147 ) ) ;
#1318 = VERTEX_POINT ( 'NONE', #1007 ) ;
#1319 = ORIENTED_EDGE ( 'NONE', *, *, #3335, .F. ) ;
#1320 = PLANE ( 'NONE',  #803 ) ;
#1321 = SURFACE_STYLE_FILL_AREA ( #281 ) ;
#1322 = FACE_OUTER_BOUND ( 'NONE', #372, .T. ) ;
#1323 = ORIENTED_EDGE ( 'NONE', *, *, #2925, .T. ) ;
#1324 = EDGE_CURVE ( 'NONE', #3168, #1804, #3285, .T. ) ;
#1325 = SURFACE_SIDE_STYLE ('',( #3126 ) ) ;
#1326 = COLOUR_RGB ( '',1.000000000000000000, 1.000000000000000000, 1.000000000000000000 ) ;
#1327 = PRESENTATION_STYLE_ASSIGNMENT (( #1879 ) ) ;
#1328 = CARTESIAN_POINT ( 'NONE',  ( 0.9660737160532634205, 1.999900000000000233, -0.4108408559849646147 ) ) ;
#1329 = CARTESIAN_POINT ( 'NONE',  ( 1.180616985284032694, 2.000000000000000000, -0.5481605675234261232 ) ) ;
#1330 =( NAMED_UNIT ( * ) SI_UNIT ( $, .STERADIAN. ) SOLID_ANGLE_UNIT ( ) );
#1331 = SURFACE_STYLE_FILL_AREA ( #61 ) ;
#1332 = ORIENTED_EDGE ( 'NONE', *, *, #533, .F. ) ;
#1333 = LINE ( 'NONE', #1863, #2221 ) ;
#1334 = CARTESIAN_POINT ( 'NONE',  ( 0.8851442288737763064, 1.999900000000000233, 0.01223606709195864013 ) ) ;
#1335 = PLANE ( 'NONE',  #1909 ) ;
#1336 =( NAMED_UNIT ( * ) PLANE_ANGLE_UNIT ( ) SI_UNIT ( $, .RADIAN. ) );
#1337 = VERTEX_POINT ( 'NONE', #3023 ) ;
#1338 = MECHANICAL_DESIGN_GEOMETRIC_PRESENTATION_REPRESENTATION (  '', ( #1705 ), #1866 ) ;
#1339 = UNCERTAINTY_MEASURE_WITH_UNIT (LENGTH_MEASURE( 1.000000000000000082E-05 ), #2062, 'distance_accuracy_value', 'NONE');
#1340 = ORIENTED_EDGE ( 'NONE', *, *, #3198, .T. ) ;
#1341 = CARTESIAN_POINT ( 'NONE',  ( 1.180616985284032694, 1.999900000000000233, 0.2013386311945227491 ) ) ;
#1342 = FILL_AREA_STYLE ('',( #30 ) ) ;
#1343 = DIRECTION ( 'NONE',  ( 0.000000000000000000, 0.000000000000000000, -1.000000000000000000 ) ) ;
#1344 = AXIS2_PLACEMENT_3D ( 'NONE', #34, #1623, #2346 ) ;
#1345 = EDGE_CURVE ( 'NONE', #3229, #3159, #2260, .T. ) ;
#1346 = LINE ( 'NONE', #2363, #119 ) ;
#1347 = PRESENTATION_STYLE_ASSIGNMENT (( #1841 ) ) ;
#1348 = LINE ( 'NONE', #3133, #2212 ) ;
#1349 = AXIS2_PLACEMENT_3D ( 'NONE', #2358, #31, #1128 ) ;
#1350 = ORIENTED_EDGE ( 'NONE', *, *, #1021, .T. ) ;
#1351 = CARTESIAN_POINT ( 'NONE',  ( 0.6806169852840326939, 2.000000000000000000, 0.6180052978611894066 ) ) ;
#1352 = CARTESIAN_POINT ( 'NONE',  ( 0.2755786252150284610, 1.999900000000000233, -0.1215177165354328764 ) ) ;
#1353 = CARTESIAN_POINT ( 'NONE',  ( 0.6806169852840326939, 2.000000000000000000, -0.2799314008567594381 ) ) ;
#1354 = DIRECTION ( 'NONE',  ( -0.8422489274984858998, 0.000000000000000000, -0.5390888091285610528 ) ) ;
#1355 = VECTOR ( 'NONE', #3152, 1000.000000000000000 ) ;
#1356 = ORIENTED_EDGE ( 'NONE', *, *, #2289, .F. ) ;
#1357 = VERTEX_POINT ( 'NONE', #2823 ) ;
#1358 = CARTESIAN_POINT ( 'NONE',  ( 0.6806169852840326939, 1.999900000000000233, 0.6180052978611894066 ) ) ;
#1359 = DIRECTION ( 'NONE',  ( -1.000000000000000000, 0.000000000000000000, 3.885444459549266443E-15 ) ) ;
#1360 = FILL_AREA_STYLE ('',( #2601 ) ) ;
#1361 = ORIENTED_EDGE ( 'NONE', *, *, #1394, .T. ) ;
#1362 = VERTEX_POINT ( 'NONE', #2034 ) ;
#1363 = CARTESIAN_POINT ( 'NONE',  ( 0.4596101212780215328, 2.000000000000000000, -6.098637220230962441E-17 ) ) ;
#1364 = EDGE_LOOP ( 'NONE', ( #318, #3138, #385, #1801 ) ) ;
#1365 = VECTOR ( 'NONE', #715, 1000.000000000000000 ) ;
#1366 = PLANE ( 'NONE',  #614 ) ;
#1367 = STYLED_ITEM ( 'NONE', ( #2664 ), #358 ) ;
#1368 =( GEOMETRIC_REPRESENTATION_CONTEXT ( 3 ) GLOBAL_UNCERTAINTY_ASSIGNED_CONTEXT ( ( #38 ) ) GLOBAL_UNIT_ASSIGNED_CONTEXT ( ( #3000, #1994, #707 ) ) REPRESENTATION_CONTEXT ( 'NONE', 'WORKASPACE' ) );
#1369 = PRESENTATION_STYLE_ASSIGNMENT (( #2867 ) ) ;
#1370 = CARTESIAN_POINT ( 'NONE',  ( 0.6806169852840326939, 1.999900000000000233, 0.2526206824765739323 ) ) ;
#1371 = ADVANCED_FACE ( 'NONE', ( #3067 ), #3298, .F. ) ;
#1372 = VERTEX_POINT ( 'NONE', #3040 ) ;
#1373 = CARTESIAN_POINT ( 'NONE',  ( 1.180616985284032694, 1.999900000000000233, 0.5726327017073432613 ) ) ;
#1374 = LINE ( 'NONE', #570, #1194 ) ;
#1375 = EDGE_LOOP ( 'NONE', ( #2160, #1838, #1087, #481 ) ) ;
#1376 = VERTEX_POINT ( 'NONE', #2004 ) ;
#1377 = CARTESIAN_POINT ( 'NONE',  ( 0.6806169852840326939, 2.000000000000000000, 0.2526206824765739323 ) ) ;
#1378 = CARTESIAN_POINT ( 'NONE',  ( -0.3464371228164651040, 1.999900000000000233, 0.3398425196850423102 ) ) ;
#1379 = SURFACE_STYLE_USAGE ( .BOTH. , #2861 ) ;
#1380 =( NAMED_UNIT ( * ) SI_UNIT ( $, .STERADIAN. ) SOLID_ANGLE_UNIT ( ) );
#1381 = CARTESIAN_POINT ( 'NONE',  ( 1.180616985284032694, 1.999900000000000233, 0.5726327017073432613 ) ) ;
#1382 = FILL_AREA_STYLE ('',( #58 ) ) ;
#1383 = VERTEX_POINT ( 'NONE', #2809 ) ;
#1384 = AXIS2_PLACEMENT_3D ( 'NONE', #1256, #2293, #2051 ) ;
#1385 = CARTESIAN_POINT ( 'NONE',  ( 0.6806169852840326939, 1.999900000000000233, -0.1704562406003490849 ) ) ;
#1386 = ORIENTED_EDGE ( 'NONE', *, *, #2465, .F. ) ;
#1387 = DIRECTION ( 'NONE',  ( 0.000000000000000000, 0.000000000000000000, -1.000000000000000000 ) ) ;
#1388 = EDGE_CURVE ( 'NONE', #972, #1872, #2755, .T. ) ;
#1389 = SURFACE_STYLE_USAGE ( .BOTH. , #1941 ) ;
#1390 = EDGE_CURVE ( 'NONE', #1670, #3098, #752, .T. ) ;
#1391 = ORIENTED_EDGE ( 'NONE', *, *, #1733, .T. ) ;
#1392 = ORIENTED_EDGE ( 'NONE', *, *, #641, .T. ) ;
#1393 = VECTOR ( 'NONE', #2635, 999.9999999999998863 ) ;
#1394 = EDGE_CURVE ( 'NONE', #1872, #1246, #738, .T. ) ;
#1395 =( GEOMETRIC_REPRESENTATION_CONTEXT ( 3 ) GLOBAL_UNCERTAINTY_ASSIGNED_CONTEXT ( ( #1605 ) ) GLOBAL_UNIT_ASSIGNED_CONTEXT ( ( #267, #3238, #1772 ) ) REPRESENTATION_CONTEXT ( 'NONE', 'WORKASPACE' ) );
#1396 = VERTEX_POINT ( 'NONE', #1519 ) ;
#1397 = DIRECTION ( 'NONE',  ( -0.8422489274984858998, 0.000000000000000000, -0.5390888091285610528 ) ) ;
#1398 = PRESENTATION_LAYER_ASSIGNMENT (  '', '', ( #2725 ) ) ;
#1399 = ORIENTED_EDGE ( 'NONE', *, *, #96, .T. ) ;
#1400 = SURFACE_SIDE_STYLE ('',( #157 ) ) ;
#1401 = MECHANICAL_DESIGN_GEOMETRIC_PRESENTATION_REPRESENTATION (  '', ( #529 ), #153 ) ;
#1402 = LINE ( 'NONE', #406, #597 ) ;
#1403 = PRESENTATION_STYLE_ASSIGNMENT (( #370 ) ) ;
#1404 = VECTOR ( 'NONE', #2700, 1000.000000000000114 ) ;
#1405 = ORIENTED_EDGE ( 'NONE', *, *, #2735, .T. ) ;
#1406 = DIRECTION ( 'NONE',  ( -1.000000000000000000, -0.000000000000000000, 3.885444459549266443E-15 ) ) ;
#1407 =( LENGTH_UNIT ( ) NAMED_UNIT ( * ) SI_UNIT ( .MILLI., .METRE. ) );
#1408 = SURFACE_STYLE_USAGE ( .BOTH. , #1913 ) ;
#1409 = PRODUCT_CONTEXT ( 'NONE', #3082, 'mechanical' ) ;
#1410 = PRESENTATION_LAYER_ASSIGNMENT (  '', '', ( #2849 ) ) ;
#1411 = ORIENTED_EDGE ( 'NONE', *, *, #1998, .F. ) ;
#1412 = PLANE ( 'NONE',  #2564 ) ;
#1413 = ORIENTED_EDGE ( 'NONE', *, *, #2940, .F. ) ;
#1414 = EDGE_CURVE ( 'NONE', #3016, #1097, #1749, .T. ) ;
#1415 = VECTOR ( 'NONE', #2402, 1000.000000000000000 ) ;
#1416 = MECHANICAL_DESIGN_GEOMETRIC_PRESENTATION_REPRESENTATION (  '', ( #1255 ), #3066 ) ;
#1417 = VERTEX_POINT ( 'NONE', #769 ) ;
#1418 = FILL_AREA_STYLE_COLOUR ( '', #50 ) ;
#1419 = FILL_AREA_STYLE ('',( #2435 ) ) ;
#1420 = CARTESIAN_POINT ( 'NONE',  ( 0.4596101212780215328, 1.999900000000000233, -6.098637220230962441E-17 ) ) ;
#1421 = LINE ( 'NONE', #624, #3131 ) ;
#1422 = MECHANICAL_DESIGN_GEOMETRIC_PRESENTATION_REPRESENTATION (  '', ( #448 ), #1731 ) ;
#1423 = LINE ( 'NONE', #2471, #3265 ) ;
#1424 = ORIENTED_EDGE ( 'NONE', *, *, #3166, .T. ) ;
#1425 = CARTESIAN_POINT ( 'NONE',  ( 0.9660737160532634205, 1.999900000000000233, 0.4353129901688816417 ) ) ;
#1426 = SURFACE_SIDE_STYLE ('',( #1165 ) ) ;
#1427 = DIRECTION ( 'NONE',  ( -0.8421838463247542927, 0.000000000000000000, 0.5391904756110242891 ) ) ;
#1428 = CARTESIAN_POINT ( 'NONE',  ( 0.1664979165536132066, 2.000000000000000000, 0.6921062992125998070 ) ) ;
#1429 = VECTOR ( 'NONE', #1763, 1000.000000000000000 ) ;
#1430 = STYLED_ITEM ( 'NONE', ( #2373 ), #2002 ) ;
#1431 = PRESENTATION_STYLE_ASSIGNMENT (( #2430 ) ) ;
#1432 = ADVANCED_FACE ( 'NONE', ( #2314 ), #1019, .T. ) ;
#1433 = ORIENTED_EDGE ( 'NONE', *, *, #3125, .F. ) ;
#1434 = ADVANCED_FACE ( 'NONE', ( #1083 ), #2478, .F. ) ;
#1435 =( NAMED_UNIT ( * ) SI_UNIT ( $, .STERADIAN. ) SOLID_ANGLE_UNIT ( ) );
#1436 = DIRECTION ( 'NONE',  ( -0.000000000000000000, -0.000000000000000000, 1.000000000000000000 ) ) ;
#1437 = DIRECTION ( 'NONE',  ( 0.5389504199129377948, 0.000000000000000000, 0.8423374887037072822 ) ) ;
#1438 = FILL_AREA_STYLE ('',( #1188 ) ) ;
#1439 = FACE_OUTER_BOUND ( 'NONE', #3129, .T. ) ;
#1440 = LINE ( 'NONE', #3239, #1404 ) ;
#1441 = CARTESIAN_POINT ( 'NONE',  ( -0.9174548393519011968, 2.000000000000000000, -0.2263956692913342006 ) ) ;
#1442 = DIRECTION ( 'NONE',  ( -1.000000000000000000, 0.000000000000000000, -0.000000000000000000 ) ) ;
#1443 = SHAPE_DEFINITION_REPRESENTATION ( #1496, #2138 ) ;
#1444 = CARTESIAN_POINT ( 'NONE',  ( 0.9256089724635199190, 2.000000000000000000, -0.01370543931829778204 ) ) ;
#1445 = EDGE_LOOP ( 'NONE', ( #150, #3046, #2524, #3256 ) ) ;
#1446 = CARTESIAN_POINT ( 'NONE',  ( 0.5649999999999996136, 0.1000000000000000056, 1.350000000000000311 ) ) ;
#1447 = CARTESIAN_POINT ( 'NONE',  ( 0.9256089724635199190, 1.999900000000000233, 0.4611543363227278425 ) ) ;
#1448 = CARTESIAN_POINT ( 'NONE',  ( 1.180616985284032694, 2.000000000000000000, -0.5999434200875286560 ) ) ;
#1449 =( LENGTH_UNIT ( ) NAMED_UNIT ( * ) SI_UNIT ( .MILLI., .METRE. ) );
#1450 = COLOUR_RGB ( '',0.8274509803921568096, 0.8392156862745098200, 0.8274509803921568096 ) ;
#1451 = CARTESIAN_POINT ( 'NONE',  ( 0.9660737160532634205, 1.999900000000000233, -0.4108408559849646147 ) ) ;
#1452 = EDGE_CURVE ( 'NONE', #2092, #1337, #2080, .T. ) ;
#1453 = CARTESIAN_POINT ( 'NONE',  ( 0.9256089724635199190, 2.000000000000000000, -0.4367823623952210021 ) ) ;
#1454 = CARTESIAN_POINT ( 'NONE',  ( 0.5649999999999996136, 0.000000000000000000, 1.350000000000000311 ) ) ;
#1455 = B_SPLINE_CURVE_WITH_KNOTS ( 'NONE', 3,
 ( #2038, #3058, #1739, #774 ),
 .UNSPECIFIED., .F., .F.,
 ( 4, 4 ),
 ( 0.8181818181818183433, 0.9090909090909092827 ),
 .UNSPECIFIED. ) ;
#1456 = COLOUR_RGB ( '',0.1921568627450980227, 0.2039215686274509776, 0.2039215686274509776 ) ;
#1457 = PRESENTATION_LAYER_ASSIGNMENT (  '', '', ( #2901 ) ) ;
#1458 = ORIENTED_EDGE ( 'NONE', *, *, #2734, .T. ) ;
#1459 = AXIS2_PLACEMENT_3D ( 'NONE', #799, #2078, #1821 ) ;
#1460 = SURFACE_SIDE_STYLE ('',( #2692 ) ) ;
#1461 = ORIENTED_EDGE ( 'NONE', *, *, #1260, .T. ) ;
#1462 = COLOUR_RGB ( '',1.000000000000000000, 1.000000000000000000, 1.000000000000000000 ) ;
#1463 = FILL_AREA_STYLE ('',( #2252 ) ) ;
#1464 = COLOUR_RGB ( '',1.000000000000000000, 1.000000000000000000, 1.000000000000000000 ) ;
#1465 = DIRECTION ( 'NONE',  ( -1.000000000000000000, 0.000000000000000000, 0.000000000000000000 ) ) ;
#1466 = DIRECTION ( 'NONE',  ( -0.5390871699424967245, 0.000000000000000000, 0.8422499766716469161 ) ) ;
#1467 = CARTESIAN_POINT ( 'NONE',  ( -0.2581438157298540648, 2.000000000000000000, -0.3136988188976359004 ) ) ;
#1468 = CARTESIAN_POINT ( 'NONE',  ( 1.180616985284032694, 1.999900000000000233, -0.5999434200875286560 ) ) ;
#1469 = EDGE_CURVE ( 'NONE', #2571, #2899, #2389, .T. ) ;
#1470 = CARTESIAN_POINT ( 'NONE',  ( 0.9256089724635199190, 2.000000000000000000, -0.3849995098311184138 ) ) ;
#1471 = STYLED_ITEM ( 'NONE', ( #2575 ), #21 ) ;
#1472 = VECTOR ( 'NONE', #1098, 1000.000000000000000 ) ;
#1473 = CARTESIAN_POINT ( 'NONE',  ( 0.9256089724635199190, 2.000000000000000000, -0.01370543931829778204 ) ) ;
#1474 = CARTESIAN_POINT ( 'NONE',  ( -0.3464371228164651040, 1.999900000000000233, 0.3398425196850423102 ) ) ;
#1475 = SURFACE_STYLE_FILL_AREA ( #1208 ) ;
#1476 = CARTESIAN_POINT ( 'NONE',  ( -0.5271713747849737786, 2.000000000000000000, -0.4687086614173205379 ) ) ;
#1477 = PRODUCT_DEFINITION_CONTEXT ( 'detailed design', #16, 'design' ) ;
#1478 = UNCERTAINTY_MEASURE_WITH_UNIT (LENGTH_MEASURE( 1.000000000000000082E-05 ), #1181, 'distance_accuracy_value', 'NONE');
#1479 = ORIENTED_EDGE ( 'NONE', *, *, #1388, .F. ) ;
#1480 = CARTESIAN_POINT ( 'NONE',  ( 1.600000000000000089, 0.1000000000000000056, 1.599999999999999867 ) ) ;
#1481 = FILL_AREA_STYLE_COLOUR ( '', #1240 ) ;
#1482 = EDGE_LOOP ( 'NONE', ( #1461, #2723, #759, #843 ) ) ;
#1483 = COLOUR_RGB ( '',1.000000000000000000, 1.000000000000000000, 1.000000000000000000 ) ;
#1484 =( GEOMETRIC_REPRESENTATION_CONTEXT ( 3 ) GLOBAL_UNCERTAINTY_ASSIGNED_CONTEXT ( ( #1677 ) ) GLOBAL_UNIT_ASSIGNED_CONTEXT ( ( #2, #1547, #334 ) ) REPRESENTATION_CONTEXT ( 'NONE', 'WORKASPACE' ) );
#1485 = SURFACE_SIDE_STYLE ('',( #1141 ) ) ;
#1486 =( LENGTH_UNIT ( ) NAMED_UNIT ( * ) SI_UNIT ( .MILLI., .METRE. ) );
#1487 = B_SPLINE_CURVE_WITH_KNOTS ( 'NONE', 3,
 ( #2473, #111, #1476, #2675 ),
 .UNSPECIFIED., .F., .F.,
 ( 4, 4 ),
 ( 0.3636363636363636465, 0.4545454545454545858 ),
 .UNSPECIFIED. ) ;
#1488 = AXIS2_PLACEMENT_3D ( 'NONE', #2704, #2459, #1193 ) ;
#1489 = CARTESIAN_POINT ( 'NONE',  ( -1.064999999999999725, 0.1000000000000000056, -1.350000000000000089 ) ) ;
#1490 = ADVANCED_FACE ( 'NONE', ( #847 ), #274, .T. ) ;
#1491 =( NAMED_UNIT ( * ) SI_UNIT ( $, .STERADIAN. ) SOLID_ANGLE_UNIT ( ) );
#1492 = ORIENTED_EDGE ( 'NONE', *, *, #3077, .T. ) ;
#1493 = PLANE ( 'NONE',  #2271 ) ;
#1494 = FILL_AREA_STYLE_COLOUR ( '', #1984 ) ;
#1495 = ORIENTED_EDGE ( 'NONE', *, *, #46, .T. ) ;
#1496 = PRODUCT_DEFINITION_SHAPE ( 'NONE', 'NONE',  #98 ) ;
#1497 = VECTOR ( 'NONE', #2396, 1000.000000000000114 ) ;
#1498 = CARTESIAN_POINT ( 'NONE',  ( 0.6806169852840326939, 1.999900000000000233, 0.1431455222201637734 ) ) ;
#1499 = VECTOR ( 'NONE', #2847, 1000.000000000000000 ) ;
#1500 = DIRECTION ( 'NONE',  ( -0.8421838463247544038, 0.000000000000000000, 0.5391904756110241781 ) ) ;
#1501 = FILL_AREA_STYLE_COLOUR ( '', #677 ) ;
#1502 = SURFACE_STYLE_FILL_AREA ( #721 ) ;
#1503 = PLANE ( 'NONE',  #651 ) ;
#1504 = ORIENTED_EDGE ( 'NONE', *, *, #1107, .T. ) ;
#1505 = UNCERTAINTY_MEASURE_WITH_UNIT (LENGTH_MEASURE( 1.000000000000000082E-05 ), #1047, 'distance_accuracy_value', 'NONE');
#1506 = VERTEX_POINT ( 'NONE', #2730 ) ;
#1507 = DIRECTION ( 'NONE',  ( -0.000000000000000000, -1.000000000000000000, -0.000000000000000000 ) ) ;
#1508 = ORIENTED_EDGE ( 'NONE', *, *, #1671, .T. ) ;
#1509 =( GEOMETRIC_REPRESENTATION_CONTEXT ( 3 ) GLOBAL_UNCERTAINTY_ASSIGNED_CONTEXT ( ( #362 ) ) GLOBAL_UNIT_ASSIGNED_CONTEXT ( ( #2198, #257, #2519 ) ) REPRESENTATION_CONTEXT ( 'NONE', 'WORKASPACE' ) );
#1510 = EDGE_CURVE ( 'NONE', #1783, #2352, #2223, .T. ) ;
#1511 = SURFACE_STYLE_FILL_AREA ( #2990 ) ;
#1512 = EDGE_CURVE ( 'NONE', #2702, #2186, #436, .T. ) ;
#1513 = PRESENTATION_LAYER_ASSIGNMENT (  '', '', ( #768 ) ) ;
#1514 =( GEOMETRIC_REPRESENTATION_CONTEXT ( 3 ) GLOBAL_UNCERTAINTY_ASSIGNED_CONTEXT ( ( #1269 ) ) GLOBAL_UNIT_ASSIGNED_CONTEXT ( ( #3075, #855, #1914 ) ) REPRESENTATION_CONTEXT ( 'NONE', 'WORKASPACE' ) );
#1515 =( NAMED_UNIT ( * ) SI_UNIT ( $, .STERADIAN. ) SOLID_ANGLE_UNIT ( ) );
#1516 = DIRECTION ( 'NONE',  ( 1.000000000000000000, 0.000000000000000000, 0.000000000000000000 ) ) ;
#1517 = STYLED_ITEM ( 'NONE', ( #2178 ), #653 ) ;
#1518 = FILL_AREA_STYLE ('',( #1251 ) ) ;
#1519 = CARTESIAN_POINT ( 'NONE',  ( 1.180616985284032694, 2.000000000000000000, 0.2013386311945227491 ) ) ;
#1520 = CARTESIAN_POINT ( 'NONE',  ( 0.6806169852840326939, 2.000000000000000000, -0.1704562406003490849 ) ) ;
#1521 = PRESENTATION_LAYER_ASSIGNMENT (  '', '', ( #1255 ) ) ;
#1522 = EDGE_LOOP ( 'NONE', ( #2098, #331, #467, #2766, #1196, #1676, #1596, #2390, #349, #970, #1458, #2503 ) ) ;
#1523 = SURFACE_SIDE_STYLE ('',( #1223 ) ) ;
#1524 = FACE_OUTER_BOUND ( 'NONE', #1159, .T. ) ;
#1525 = PLANE ( 'NONE',  #2516 ) ;
#1526 = ORIENTED_EDGE ( 'NONE', *, *, #191, .T. ) ;
#1527 = CARTESIAN_POINT ( 'NONE',  ( -0.6542757054936341188, 1.999900000000000233, -0.4438799212598381061 ) ) ;
#1528 = ADVANCED_FACE ( 'NONE', ( #2192 ), #1645, .T. ) ;
#1529 =( NAMED_UNIT ( * ) PLANE_ANGLE_UNIT ( ) SI_UNIT ( $, .RADIAN. ) );
#1530 =( GEOMETRIC_REPRESENTATION_CONTEXT ( 3 ) GLOBAL_UNCERTAINTY_ASSIGNED_CONTEXT ( ( #588 ) ) GLOBAL_UNIT_ASSIGNED_CONTEXT ( ( #3093, #1580, #3118 ) ) REPRESENTATION_CONTEXT ( 'NONE', 'WORKASPACE' ) );
#1531 = FILL_AREA_STYLE_COLOUR ( '', #2973 ) ;
#1532 = COLOUR_RGB ( '',1.000000000000000000, 1.000000000000000000, 1.000000000000000000 ) ;
#1533 = ADVANCED_FACE ( 'NONE', ( #1904 ), #898, .T. ) ;
#1534 = FILL_AREA_STYLE ('',( #3051 ) ) ;
#1535 = DIRECTION ( 'NONE',  ( -0.000000000000000000, 1.000000000000000000, -0.000000000000000000 ) ) ;
#1536 = DIRECTION ( 'NONE',  ( 0.000000000000000000, 0.000000000000000000, 1.000000000000000000 ) ) ;
#1537 = EDGE_LOOP ( 'NONE', ( #2680, #1319, #913, #1888 ) ) ;
#1538 =( LENGTH_UNIT ( ) NAMED_UNIT ( * ) SI_UNIT ( .MILLI., .METRE. ) );
#1539 = ORIENTED_EDGE ( 'NONE', *, *, #2122, .T. ) ;
#1540 = SURFACE_STYLE_FILL_AREA ( #3104 ) ;
#1541 = ORIENTED_EDGE ( 'NONE', *, *, #3077, .F. ) ;
#1542 = CARTESIAN_POINT ( 'NONE',  ( -0.3776024771471770958, 2.000000000000000000, -0.4350039370078715439 ) ) ;
#1543 = SURFACE_SIDE_STYLE ('',( #1759 ) ) ;
#1544 = DIRECTION ( 'NONE',  ( -1.000000000000000000, -0.000000000000000000, -0.000000000000000000 ) ) ;
#1545 = VECTOR ( 'NONE', #1302, 1000.000000000000000 ) ;
#1546 = VECTOR ( 'NONE', #865, 1000.000000000000000 ) ;
#1547 =( NAMED_UNIT ( * ) PLANE_ANGLE_UNIT ( ) SI_UNIT ( $, .RADIAN. ) );
#1548 = EDGE_CURVE ( 'NONE', #1214, #1383, #405, .T. ) ;
#1549 = FACE_OUTER_BOUND ( 'NONE', #2393, .T. ) ;
#1550 = EDGE_CURVE ( 'NONE', #2899, #505, #3219, .T. ) ;
#1551 = ORIENTED_EDGE ( 'NONE', *, *, #1978, .F. ) ;
#1552 = ORIENTED_EDGE ( 'NONE', *, *, #3147, .F. ) ;
#1553 = ORIENTED_EDGE ( 'NONE', *, *, #2773, .F. ) ;
#1554 = FILL_AREA_STYLE_COLOUR ( '', #1462 ) ;
#1555 =( GEOMETRIC_REPRESENTATION_CONTEXT ( 3 ) GLOBAL_UNCERTAINTY_ASSIGNED_CONTEXT ( ( #634 ) ) GLOBAL_UNIT_ASSIGNED_CONTEXT ( ( #2826, #1012, #220 ) ) REPRESENTATION_CONTEXT ( 'NONE', 'WORKASPACE' ) );
#1556 = CARTESIAN_POINT ( 'NONE',  ( -0.5271713747849737786, 1.999900000000000233, -0.4687086614173205379 ) ) ;
#1557 = FILL_AREA_STYLE_COLOUR ( '', #728 ) ;
#1558 = STYLED_ITEM ( 'NONE', ( #2336 ), #2696 ) ;
#1559 = LINE ( 'NONE', #2576, #1134 ) ;
#1560 = COLOUR_RGB ( '',1.000000000000000000, 1.000000000000000000, 1.000000000000000000 ) ;
#1561 = CARTESIAN_POINT ( 'NONE',  ( -0.3441182251786700230, 1.999900000000000233, 0.5527303149606328514 ) ) ;
#1562 = VECTOR ( 'NONE', #2782, 1000.000000000000000 ) ;
#1563 = DIRECTION ( 'NONE',  ( 1.000000000000000000, 0.000000000000000000, 0.000000000000000000 ) ) ;
#1564 = SURFACE_SIDE_STYLE ('',( #3136 ) ) ;
#1565 = ADVANCED_FACE ( 'NONE', ( #2713 ), #420, .T. ) ;
#1566 = FACE_OUTER_BOUND ( 'NONE', #2102, .T. ) ;
#1567 = PRESENTATION_LAYER_ASSIGNMENT (  '', '', ( #2474 ) ) ;
#1568 = ORIENTED_EDGE ( 'NONE', *, *, #2590, .F. ) ;
#1569 = UNCERTAINTY_MEASURE_WITH_UNIT (LENGTH_MEASURE( 1.000000000000000082E-05 ), #2167, 'distance_accuracy_value', 'NONE');
#1570 = ORIENTED_EDGE ( 'NONE', *, *, #1855, .T. ) ;
#1571 = ORIENTED_EDGE ( 'NONE', *, *, #794, .F. ) ;
#1572 = STYLED_ITEM ( 'NONE', ( #2929 ), #1533 ) ;
#1573 =( LENGTH_UNIT ( ) NAMED_UNIT ( * ) SI_UNIT ( .MILLI., .METRE. ) );
#1574 = ORIENTED_EDGE ( 'NONE', *, *, #256, .F. ) ;
#1575 = DIRECTION ( 'NONE',  ( -0.000000000000000000, 1.000000000000000000, -0.000000000000000000 ) ) ;
#1576 = MECHANICAL_DESIGN_GEOMETRIC_PRESENTATION_REPRESENTATION (  '', ( #1262 ), #2542 ) ;
#1577 = STYLED_ITEM ( 'NONE', ( #517 ), #2019 ) ;
#1578 = CARTESIAN_POINT ( 'NONE',  ( 1.180616985284032694, 2.000000000000000000, -0.5999434200875286560 ) ) ;
#1579 = DIRECTION ( 'NONE',  ( 0.000000000000000000, 0.000000000000000000, 1.000000000000000000 ) ) ;
#1580 =( NAMED_UNIT ( * ) PLANE_ANGLE_UNIT ( ) SI_UNIT ( $, .RADIAN. ) );
#1581 = ORIENTED_EDGE ( 'NONE', *, *, #1172, .F. ) ;
#1582 = EDGE_CURVE ( 'NONE', #1635, #446, #1982, .T. ) ;
#1583 = FILL_AREA_STYLE_COLOUR ( '', #854 ) ;
#1584 = PRESENTATION_STYLE_ASSIGNMENT (( #7 ) ) ;
#1585 = ORIENTED_EDGE ( 'NONE', *, *, #403, .T. ) ;
#1586 = FACE_BOUND ( 'NONE', #169, .T. ) ;
#1587 = COLOUR_RGB ( '',1.000000000000000000, 1.000000000000000000, 1.000000000000000000 ) ;
#1588 = LINE ( 'NONE', #1965, #1761 ) ;
#1589 = ORIENTED_EDGE ( 'NONE', *, *, #2254, .T. ) ;
#1590 = LINE ( 'NONE', #1861, #3217 ) ;
#1591 = ORIENTED_EDGE ( 'NONE', *, *, #2545, .F. ) ;
#1592 = CARTESIAN_POINT ( 'NONE',  ( 0.6806169852840326939, 1.999900000000000233, 0.1949283747842663339 ) ) ;
#1593 = SURFACE_SIDE_STYLE ('',( #63 ) ) ;
#1594 = LINE ( 'NONE', #1810, #319 ) ;
#1595 = DIRECTION ( 'NONE',  ( 0.000000000000000000, 0.000000000000000000, 1.000000000000000000 ) ) ;
#1596 = ORIENTED_EDGE ( 'NONE', *, *, #2153, .T. ) ;
#1597 = UNCERTAINTY_MEASURE_WITH_UNIT (LENGTH_MEASURE( 1.000000000000000082E-05 ), #806, 'distance_accuracy_value', 'NONE');
#1598 = ORIENTED_EDGE ( 'NONE', *, *, #160, .F. ) ;
#1599 = CARTESIAN_POINT ( 'NONE',  ( 0.6806169852840326939, 1.999900000000000233, -0.2799314008567594381 ) ) ;
#1600 =( NAMED_UNIT ( * ) SI_UNIT ( $, .STERADIAN. ) SOLID_ANGLE_UNIT ( ) );
#1601 =( NAMED_UNIT ( * ) SI_UNIT ( $, .STERADIAN. ) SOLID_ANGLE_UNIT ( ) );
#1602 = VERTEX_POINT ( 'NONE', #1250 ) ;
#1603 = CARTESIAN_POINT ( 'NONE',  ( 0.000000000000000000, 0.1000000000000000056, 0.000000000000000000 ) ) ;
#1604 = CARTESIAN_POINT ( 'NONE',  ( 0.8851442288737763064, 2.000000000000000000, -0.4108408559849646147 ) ) ;
#1605 = UNCERTAINTY_MEASURE_WITH_UNIT (LENGTH_MEASURE( 1.000000000000000082E-05 ), #267, 'distance_accuracy_value', 'NONE');
#1606 = EDGE_CURVE ( 'NONE', #2971, #1214, #502, .T. ) ;
#1607 = EDGE_CURVE ( 'NONE', #3229, #3016, #2241, .T. ) ;
#1608 =( NAMED_UNIT ( * ) PLANE_ANGLE_UNIT ( ) SI_UNIT ( $, .RADIAN. ) );
#1609 =( GEOMETRIC_REPRESENTATION_CONTEXT ( 3 ) GLOBAL_UNCERTAINTY_ASSIGNED_CONTEXT ( ( #1151 ) ) GLOBAL_UNIT_ASSIGNED_CONTEXT ( ( #1887, #1336, #2651 ) ) REPRESENTATION_CONTEXT ( 'NONE', 'WORKASPACE' ) );
#1610 = CARTESIAN_POINT ( 'NONE',  ( -0.6542757054936341188, 2.000000000000000000, -0.4438799212598381061 ) ) ;
#1611 = VECTOR ( 'NONE', #1009, 1000.000000000000000 ) ;
#1612 = VECTOR ( 'NONE', #1535, 1000.000000000000000 ) ;
#1613 = EDGE_LOOP ( 'NONE', ( #198, #363, #2084, #636, #247, #2839, #1829, #4, #2377, #2142, #2398, #1024 ) ) ;
#1614 = FILL_AREA_STYLE_COLOUR ( '', #1532 ) ;
#1615 = DIRECTION ( 'NONE',  ( -0.8421838463247542927, 0.000000000000000000, 0.5391904756110244001 ) ) ;
#1616 = PLANE ( 'NONE',  #1142 ) ;
#1617 = AXIS2_PLACEMENT_3D ( 'NONE', #1603, #1835, #562 ) ;
#1618 = ORIENTED_EDGE ( 'NONE', *, *, #1076, .T. ) ;
#1619 = ORIENTED_EDGE ( 'NONE', *, *, #65, .T. ) ;
#1620 = LINE ( 'NONE', #1088, #1046 ) ;
#1621 =( GEOMETRIC_REPRESENTATION_CONTEXT ( 3 ) GLOBAL_UNCERTAINTY_ASSIGNED_CONTEXT ( ( #1800 ) ) GLOBAL_UNIT_ASSIGNED_CONTEXT ( ( #1940, #2437, #682 ) ) REPRESENTATION_CONTEXT ( 'NONE', 'WORKASPACE' ) );
#1622 = ORIENTED_EDGE ( 'NONE', *, *, #1191, .F. ) ;
#1623 = DIRECTION ( 'NONE',  ( -0.000000000000000000, 1.000000000000000000, 0.000000000000000000 ) ) ;
#1624 = ORIENTED_EDGE ( 'NONE', *, *, #3043, .T. ) ;
#1625 = ADVANCED_FACE ( 'NONE', ( #2284 ), #1760, .T. ) ;
#1626 = EDGE_CURVE ( 'NONE', #187, #3304, #3250, .T. ) ;
#1627 = PRESENTATION_STYLE_ASSIGNMENT (( #2158 ) ) ;
#1628 = ORIENTED_EDGE ( 'NONE', *, *, #1265, .T. ) ;
#1629 = DIRECTION ( 'NONE',  ( -1.000000000000000000, 0.000000000000000000, 0.000000000000000000 ) ) ;
#1630 = DIRECTION ( 'NONE',  ( 0.000000000000000000, 0.000000000000000000, -1.000000000000000000 ) ) ;
#1631 =( NAMED_UNIT ( * ) SI_UNIT ( $, .STERADIAN. ) SOLID_ANGLE_UNIT ( ) );
#1632 = CARTESIAN_POINT ( 'NONE',  ( 0.9660737160532634205, 1.999900000000000233, 0.01223606709195864013 ) ) ;
#1633 = CARTESIAN_POINT ( 'NONE',  ( 1.600000000000000089, 2.000000000000000000, 1.599999999999999867 ) ) ;
#1634 =( GEOMETRIC_REPRESENTATION_CONTEXT ( 3 ) GLOBAL_UNCERTAINTY_ASSIGNED_CONTEXT ( ( #278 ) ) GLOBAL_UNIT_ASSIGNED_CONTEXT ( ( #2132, #2413, #3169 ) ) REPRESENTATION_CONTEXT ( 'NONE', 'WORKASPACE' ) );
#1635 = VERTEX_POINT ( 'NONE', #453 ) ;
#1636 = UNCERTAINTY_MEASURE_WITH_UNIT (LENGTH_MEASURE( 1.000000000000000082E-05 ), #2499, 'distance_accuracy_value', 'NONE');
#1637 = ORIENTED_EDGE ( 'NONE', *, *, #2799, .F. ) ;
#1638 = FACE_OUTER_BOUND ( 'NONE', #2875, .T. ) ;
#1639 = PRESENTATION_STYLE_ASSIGNMENT (( #1916 ) ) ;
#1640 = ORIENTED_EDGE ( 'NONE', *, *, #1107, .F. ) ;
#1641 = UNCERTAINTY_MEASURE_WITH_UNIT (LENGTH_MEASURE( 1.000000000000000082E-05 ), #2071, 'distance_accuracy_value', 'NONE');
#1642 = VECTOR ( 'NONE', #3259, 1000.000000000000000 ) ;
#1643 = FACE_OUTER_BOUND ( 'NONE', #1074, .T. ) ;
#1644 = ORIENTED_EDGE ( 'NONE', *, *, #1920, .T. ) ;
#1645 = PLANE ( 'NONE',  #1045 ) ;
#1646 = CARTESIAN_POINT ( 'NONE',  ( 0.000000000000000000, 1.999900000000000233, 0.000000000000000000 ) ) ;
#1647 = CARTESIAN_POINT ( 'NONE',  ( 0.2737006724591231066, 2.000000000000000000, 0.01437007874015852442 ) ) ;
#1648 = SURFACE_SIDE_STYLE ('',( #2716 ) ) ;
#1649 = ORIENTED_EDGE ( 'NONE', *, *, #3090, .F. ) ;
#1650 = PLANE ( 'NONE',  #2634 ) ;
#1651 = EDGE_CURVE ( 'NONE', #300, #2771, #194, .T. ) ;
#1652 = PRODUCT_RELATED_PRODUCT_CATEGORY ( 'part', '', ( #413 ) ) ;
#1653 = PRESENTATION_STYLE_ASSIGNMENT (( #143 ) ) ;
#1654 = SURFACE_STYLE_USAGE ( .BOTH. , #629 ) ;
#1655 = ADVANCED_FACE ( 'NONE', ( #1004 ), #3038, .F. ) ;
#1656 = PRESENTATION_LAYER_ASSIGNMENT (  '', '', ( #1705 ) ) ;
#1657 = ORIENTED_EDGE ( 'NONE', *, *, #2803, .F. ) ;
#1658 = PRESENTATION_LAYER_ASSIGNMENT (  '', '', ( #808 ) ) ;
#1659 = PLANE ( 'NONE',  #1344 ) ;
#1660 = VERTEX_POINT ( 'NONE', #2577 ) ;
#1661 = MECHANICAL_DESIGN_GEOMETRIC_PRESENTATION_REPRESENTATION (  '', ( #2725 ), #758 ) ;
#1662 = EDGE_LOOP ( 'NONE', ( #2798, #18, #572, #399 ) ) ;
#1663 = DIRECTION ( 'NONE',  ( -0.000000000000000000, 1.000000000000000000, -0.000000000000000000 ) ) ;
#1664 = CARTESIAN_POINT ( 'NONE',  ( 0.9256089724635199190, 1.999900000000000233, -0.01370543931829778204 ) ) ;
#1665 = COLOUR_RGB ( '',0.8274509803921568096, 0.8392156862745098200, 0.8274509803921568096 ) ;
#1666 = PLANE ( 'NONE',  #1777 ) ;
#1667 = FILL_AREA_STYLE_COLOUR ( '', #2644 ) ;
#1668 = CARTESIAN_POINT ( 'NONE',  ( 0.9256089724635199190, 2.000000000000000000, 0.4093714837586252542 ) ) ;
#1669 = PRESENTATION_LAYER_ASSIGNMENT (  '', '', ( #867 ) ) ;
#1670 = VERTEX_POINT ( 'NONE', #39 ) ;
#1671 = EDGE_CURVE ( 'NONE', #1111, #620, #798, .T. ) ;
#1672 = DIRECTION ( 'NONE',  ( 1.000000000000000000, 0.000000000000000000, 0.000000000000000000 ) ) ;
#1673 = SURFACE_STYLE_USAGE ( .BOTH. , #2952 ) ;
#1674 = PRODUCT_DEFINITION_FORMATION_WITH_SPECIFIED_SOURCE ( 'ANY', '', #413, .NOT_KNOWN. ) ;
#1675 = CARTESIAN_POINT ( 'NONE',  ( -0.2581438157298540648, 1.999900000000000233, -0.3136988188976359004 ) ) ;
#1676 = ORIENTED_EDGE ( 'NONE', *, *, #117, .T. ) ;
#1677 = UNCERTAINTY_MEASURE_WITH_UNIT (LENGTH_MEASURE( 1.000000000000000082E-05 ), #2, 'distance_accuracy_value', 'NONE');
#1678 = CARTESIAN_POINT ( 'NONE',  ( 1.180616985284032694, 2.000000000000000000, 0.2979932786304201331 ) ) ;
#1679 = DIRECTION ( 'NONE',  ( 0.8422499766716468050, 0.000000000000000000, 0.5390871699424966135 ) ) ;
#1680 = SURFACE_SIDE_STYLE ('',( #1176 ) ) ;
#1681 = LINE ( 'NONE', #1189, #2830 ) ;
#1682 = LINE ( 'NONE', #1713, #3116 ) ;
#1683 = PRESENTATION_STYLE_ASSIGNMENT (( #1654 ) ) ;
#1684 =( GEOMETRIC_REPRESENTATION_CONTEXT ( 3 ) GLOBAL_UNCERTAINTY_ASSIGNED_CONTEXT ( ( #2144 ) ) GLOBAL_UNIT_ASSIGNED_CONTEXT ( ( #777, #314, #550 ) ) REPRESENTATION_CONTEXT ( 'NONE', 'WORKASPACE' ) );
#1685 = DIRECTION ( 'NONE',  ( -0.000000000000000000, 1.000000000000000000, -0.000000000000000000 ) ) ;
#1686 = ADVANCED_FACE ( 'NONE', ( #2366 ), #3323, .F. ) ;
#1687 = EDGE_LOOP ( 'NONE', ( #1112, #2028, #3174, #1492 ) ) ;
#1688 = AXIS2_PLACEMENT_3D ( 'NONE', #2563, #786, #213 ) ;
#1689 = VECTOR ( 'NONE', #162, 1000.000000000000000 ) ;
#1690 =( NAMED_UNIT ( * ) SI_UNIT ( $, .STERADIAN. ) SOLID_ANGLE_UNIT ( ) );
#1691 = ORIENTED_EDGE ( 'NONE', *, *, #2055, .T. ) ;
#1692 = EDGE_CURVE ( 'NONE', #1318, #2375, #547, .T. ) ;
#1693 = DIRECTION ( 'NONE',  ( -0.000000000000000000, 1.000000000000000000, -0.000000000000000000 ) ) ;
#1694 = DIRECTION ( 'NONE',  ( 0.5389504199129375728, 0.000000000000000000, 0.8423374887037072822 ) ) ;
#1695 = CARTESIAN_POINT ( 'NONE',  ( 0.2737006724591231066, 1.999900000000000233, 0.01437007874015852442 ) ) ;
#1696 = FILL_AREA_STYLE ('',( #3177 ) ) ;
#1697 = DIRECTION ( 'NONE',  ( -0.5391904756110241781, 0.000000000000000000, -0.8421838463247544038 ) ) ;
#1698 = DIRECTION ( 'NONE',  ( -0.000000000000000000, 1.000000000000000000, -0.000000000000000000 ) ) ;
#1699 =( NAMED_UNIT ( * ) SI_UNIT ( $, .STERADIAN. ) SOLID_ANGLE_UNIT ( ) );
#1700 = DIRECTION ( 'NONE',  ( -0.000000000000000000, 1.000000000000000000, -0.000000000000000000 ) ) ;
#1701 = DIRECTION ( 'NONE',  ( 0.5390888091285611639, 0.000000000000000000, 0.8422489274984858998 ) ) ;
#1702 = ORIENTED_EDGE ( 'NONE', *, *, #3043, .F. ) ;
#1703 = SURFACE_STYLE_FILL_AREA ( #976 ) ;
#1704 = ORIENTED_EDGE ( 'NONE', *, *, #2428, .F. ) ;
#1705 = STYLED_ITEM ( 'NONE', ( #574 ), #693 ) ;
#1706 = FACE_OUTER_BOUND ( 'NONE', #905, .T. ) ;
#1707 = PRESENTATION_LAYER_ASSIGNMENT (  '', '', ( #1282 ) ) ;
#1708 = PLANE ( 'NONE',  #2276 ) ;
#1709 = DIRECTION ( 'NONE',  ( -0.000000000000000000, 1.000000000000000000, -0.000000000000000000 ) ) ;
#1710 =( NAMED_UNIT ( * ) SI_UNIT ( $, .STERADIAN. ) SOLID_ANGLE_UNIT ( ) );
#1711 = CARTESIAN_POINT ( 'NONE',  ( 0.6806169852840326939, 1.999900000000000233, -0.1186733880362464966 ) ) ;
#1712 = FACE_OUTER_BOUND ( 'NONE', #2779, .T. ) ;
#1713 = CARTESIAN_POINT ( 'NONE',  ( -0.02976192596607432628, 2.000000000000000000, -0.5366929133858255874 ) ) ;
#1714 = CARTESIAN_POINT ( 'NONE',  ( -1.600000000000000089, 2.000000000000000000, 1.600000000000000311 ) ) ;
#1715 = PRESENTATION_STYLE_ASSIGNMENT (( #705 ) ) ;
#1716 = VECTOR ( 'NONE', #3, 1000.000000000000000 ) ;
#1717 = CARTESIAN_POINT ( 'NONE',  ( 0.5649999999999996136, 0.000000000000000000, -1.350000000000000311 ) ) ;
#1718 = VECTOR ( 'NONE', #2273, 1000.000000000000114 ) ;
#1719 = CARTESIAN_POINT ( 'NONE',  ( -0.6542757054936341188, 1.999900000000000233, -0.4438799212598381061 ) ) ;
#1720 = VERTEX_POINT ( 'NONE', #1860 ) ;
#1721 = CARTESIAN_POINT ( 'NONE',  ( -0.6298859417141036143, 1.999900000000000233, 0.4747342519685079920 ) ) ;
#1722 = MECHANICAL_DESIGN_GEOMETRIC_PRESENTATION_REPRESENTATION (  '', ( #36 ), #2369 ) ;
#1723 = FACE_OUTER_BOUND ( 'NONE', #861, .T. ) ;
#1724 = MECHANICAL_DESIGN_GEOMETRIC_PRESENTATION_REPRESENTATION (  '', ( #1517 ), #3223 ) ;
#1725 = EDGE_CURVE ( 'NONE', #27, #2076, #1050, .T. ) ;
#1726 = ADVANCED_FACE ( 'NONE', ( #528 ), #1310, .T. ) ;
#1727 = DIRECTION ( 'NONE',  ( 1.000000000000000000, -0.000000000000000000, -0.000000000000000000 ) ) ;
#1728 = SURFACE_STYLE_USAGE ( .BOTH. , #986 ) ;
#1729 = B_SPLINE_SURFACE_WITH_KNOTS ( 'NONE', 3, 1, ( 
 ( #526, #1467 ),
 ( #2993, #1542 ),
 ( #1556, #949 ),
 ( #1970, #178 ) ),
 .UNSPECIFIED., .F., .F., .F.,
 ( 4, 4 ),
 ( 2, 2 ),
 ( 0.3636363636363636465, 0.4545454545454545858 ),
 ( 0.000000000000000000, 1.000000000000000000 ),
 .UNSPECIFIED. ) ;
#1730 = SURFACE_SIDE_STYLE ('',( #1985 ) ) ;
#1731 =( GEOMETRIC_REPRESENTATION_CONTEXT ( 3 ) GLOBAL_UNCERTAINTY_ASSIGNED_CONTEXT ( ( #1339 ) ) GLOBAL_UNIT_ASSIGNED_CONTEXT ( ( #2062, #3078, #501 ) ) REPRESENTATION_CONTEXT ( 'NONE', 'WORKASPACE' ) );
#1732 = FACE_OUTER_BOUND ( 'NONE', #1044, .T. ) ;
#1733 = EDGE_CURVE ( 'NONE', #2702, #2076, #2506, .T. ) ;
#1734 = CARTESIAN_POINT ( 'NONE',  ( -1.415835694995793315, 1.999900000000000233, 1.422620850083640587 ) ) ;
#1735 = CARTESIAN_POINT ( 'NONE',  ( 1.180616985284032694, 2.000000000000000000, 0.5726327017073432613 ) ) ;
#1736 = EDGE_LOOP ( 'NONE', ( #797, #463, #2609, #2828 ) ) ;
#1737 = UNCERTAINTY_MEASURE_WITH_UNIT (LENGTH_MEASURE( 1.000000000000000082E-05 ), #1486, 'distance_accuracy_value', 'NONE');
#1738 = DIRECTION ( 'NONE',  ( -0.000000000000000000, 1.000000000000000000, -0.000000000000000000 ) ) ;
#1739 = CARTESIAN_POINT ( 'NONE',  ( 0.2755786252150284610, 2.000000000000000000, -0.1215177165354328764 ) ) ;
#1740 = ORIENTED_EDGE ( 'NONE', *, *, #2837, .F. ) ;
#1741 = VERTEX_POINT ( 'NONE', #1977 ) ;
#1742 =( GEOMETRIC_REPRESENTATION_CONTEXT ( 3 ) GLOBAL_UNCERTAINTY_ASSIGNED_CONTEXT ( ( #1636 ) ) GLOBAL_UNIT_ASSIGNED_CONTEXT ( ( #2499, #195, #828 ) ) REPRESENTATION_CONTEXT ( 'NONE', 'WORKASPACE' ) );
#1743 = STYLED_ITEM ( 'NONE', ( #2981 ), #1857 ) ;
#1744 = PLANE ( 'NONE',  #2532 ) ;
#1745 = DIRECTION ( 'NONE',  ( 0.8422499766716468050, 0.000000000000000000, 0.5390871699424966135 ) ) ;
#1746 = CARTESIAN_POINT ( 'NONE',  ( 1.600000000000000089, 0.1000000000000000056, -1.600000000000000311 ) ) ;
#1747 = ORIENTED_EDGE ( 'NONE', *, *, #2122, .F. ) ;
#1748 = STYLED_ITEM ( 'NONE', ( #2261 ), #937 ) ;
#1749 = LINE ( 'NONE', #255, #401 ) ;
#1750 = DIRECTION ( 'NONE',  ( 0.8423374887037072822, 0.000000000000000000, -0.5389504199129376838 ) ) ;
#1751 = CARTESIAN_POINT ( 'NONE',  ( -0.6737186188794591635, 2.000000000000000000, -0.3103307086614129351 ) ) ;
#1752 = FACE_OUTER_BOUND ( 'NONE', #115, .T. ) ;
#1753 = ADVANCED_FACE ( 'NONE', ( #1643 ), #1493, .T. ) ;
#1754 = LINE ( 'NONE', #2009, #1834 ) ;
#1755 = LINE ( 'NONE', #478, #1798 ) ;
#1756 =( NAMED_UNIT ( * ) PLANE_ANGLE_UNIT ( ) SI_UNIT ( $, .RADIAN. ) );
#1757 = ORIENTED_EDGE ( 'NONE', *, *, #2451, .T. ) ;
#1758 =( GEOMETRIC_REPRESENTATION_CONTEXT ( 3 ) GLOBAL_UNCERTAINTY_ASSIGNED_CONTEXT ( ( #2840 ) ) GLOBAL_UNIT_ASSIGNED_CONTEXT ( ( #3101, #2880, #1600 ) ) REPRESENTATION_CONTEXT ( 'NONE', 'WORKASPACE' ) );
#1759 = SURFACE_STYLE_FILL_AREA ( #782 ) ;
#1760 = PLANE ( 'NONE',  #546 ) ;
#1761 = VECTOR ( 'NONE', #671, 1000.000000000000114 ) ;
#1762 = VECTOR ( 'NONE', #2896, 1000.000000000000000 ) ;
#1763 = DIRECTION ( 'NONE',  ( 0.000000000000000000, 0.000000000000000000, -1.000000000000000000 ) ) ;
#1764 = SURFACE_STYLE_FILL_AREA ( #3312 ) ;
#1765 = CARTESIAN_POINT ( 'NONE',  ( 0.6806169852840326939, 2.000000000000000000, 0.1949283747842663339 ) ) ;
#1766 = EDGE_CURVE ( 'NONE', #2321, #2565, #2216, .T. ) ;
#1767 = ORIENTED_EDGE ( 'NONE', *, *, #1725, .T. ) ;
#1768 = CARTESIAN_POINT ( 'NONE',  ( -0.9174548393519011968, 1.999900000000000233, -0.2263956692913342006 ) ) ;
#1769 = ORIENTED_EDGE ( 'NONE', *, *, #2153, .F. ) ;
#1770 = AXIS2_PLACEMENT_3D ( 'NONE', #185, #2720, #3195 ) ;
#1771 = ADVANCED_FACE ( 'NONE', ( #1239 ), #2905, .T. ) ;
#1772 =( NAMED_UNIT ( * ) SI_UNIT ( $, .STERADIAN. ) SOLID_ANGLE_UNIT ( ) );
#1773 = AXIS2_PLACEMENT_3D ( 'NONE', #1370, #812, #1293 ) ;
#1774 = AXIS2_PLACEMENT_3D ( 'NONE', #2296, #2029, #710 ) ;
#1775 = SURFACE_SIDE_STYLE ('',( #250 ) ) ;
#1776 =( NAMED_UNIT ( * ) PLANE_ANGLE_UNIT ( ) SI_UNIT ( $, .RADIAN. ) );
#1777 = AXIS2_PLACEMENT_3D ( 'NONE', #1646, #935, #2962 ) ;
#1778 = DIRECTION ( 'NONE',  ( 0.000000000000000000, 0.000000000000000000, 1.000000000000000000 ) ) ;
#1779 = FILL_AREA_STYLE_COLOUR ( '', #3288 ) ;
#1780 = CARTESIAN_POINT ( 'NONE',  ( 1.180616985284032694, 2.000000000000000000, -0.5481605675234261232 ) ) ;
#1781 = STYLED_ITEM ( 'NONE', ( #734 ), #1625 ) ;
#1782 = FILL_AREA_STYLE ('',( #459 ) ) ;
#1783 = VERTEX_POINT ( 'NONE', #3033 ) ;
#1784 = FILL_AREA_STYLE_COLOUR ( '', #1450 ) ;
#1785 = PLANE ( 'NONE',  #3301 ) ;
#1786 = FACE_OUTER_BOUND ( 'NONE', #511, .T. ) ;
#1787 = VERTEX_POINT ( 'NONE', #2777 ) ;
#1788 = FILL_AREA_STYLE ('',( #3061 ) ) ;
#1789 = ORIENTED_EDGE ( 'NONE', *, *, #2948, .T. ) ;
#1790 = CARTESIAN_POINT ( 'NONE',  ( 0.3729920110417989099, 2.000000000000000000, -0.3489822834645648908 ) ) ;
#1791 = VECTOR ( 'NONE', #695, 1000.000000000000114 ) ;
#1792 = EDGE_CURVE ( 'NONE', #3098, #2375, #1754, .T. ) ;
#1793 = FILL_AREA_STYLE_COLOUR ( '', #2893 ) ;
#1794 = FILL_AREA_STYLE ('',( #226 ) ) ;
#1795 = CARTESIAN_POINT ( 'NONE',  ( 1.180616985284032694, 2.000000000000000000, -0.1768664970106055001 ) ) ;
#1796 = CARTESIAN_POINT ( 'NONE',  ( 0.6806169852840326939, 1.999900000000000233, -0.2799314008567594381 ) ) ;
#1797 =( NAMED_UNIT ( * ) SI_UNIT ( $, .STERADIAN. ) SOLID_ANGLE_UNIT ( ) );
#1798 = VECTOR ( 'NONE', #1507, 1000.000000000000000 ) ;
#1799 = VERTEX_POINT ( 'NONE', #1425 ) ;
#1800 = UNCERTAINTY_MEASURE_WITH_UNIT (LENGTH_MEASURE( 1.000000000000000082E-05 ), #1940, 'distance_accuracy_value', 'NONE');
#1801 = ORIENTED_EDGE ( 'NONE', *, *, #141, .T. ) ;
#1802 = CARTESIAN_POINT ( 'NONE',  ( 0.9660737160532634205, 2.000000000000000000, -0.4108408559849646147 ) ) ;
#1803 = CARTESIAN_POINT ( 'NONE',  ( -0.3777264928952082657, 2.000000000000000000, -0.1595275590551165357 ) ) ;
#1804 = VERTEX_POINT ( 'NONE', #2229 ) ;
#1805 = ORIENTED_EDGE ( 'NONE', *, *, #1855, .F. ) ;
#1806 = SURFACE_STYLE_USAGE ( .BOTH. , #1063 ) ;
#1807 = EDGE_CURVE ( 'NONE', #460, #2041, #1682, .T. ) ;
#1808 = MECHANICAL_DESIGN_GEOMETRIC_PRESENTATION_REPRESENTATION (  '', ( #13 ), #1395 ) ;
#1809 = FILL_AREA_STYLE ('',( #275 ) ) ;
#1810 = CARTESIAN_POINT ( 'NONE',  ( 1.180616985284032694, 1.999900000000000233, 0.1495557786304201886 ) ) ;
#1811 = EDGE_LOOP ( 'NONE', ( #776, #1103, #2494, #1391 ) ) ;
#1812 = VERTEX_POINT ( 'NONE', #1972 ) ;
#1813 = SURFACE_STYLE_FILL_AREA ( #1891 ) ;
#1814 = DIRECTION ( 'NONE',  ( 0.8422499766716468050, 0.000000000000000000, 0.5390871699424968355 ) ) ;
#1815 = EDGE_LOOP ( 'NONE', ( #1552, #2297, #2631, #132 ) ) ;
#1816 =( GEOMETRIC_REPRESENTATION_CONTEXT ( 3 ) GLOBAL_UNCERTAINTY_ASSIGNED_CONTEXT ( ( #2924 ) ) GLOBAL_UNIT_ASSIGNED_CONTEXT ( ( #116, #1198, #1229 ) ) REPRESENTATION_CONTEXT ( 'NONE', 'WORKASPACE' ) );
#1817 = STYLED_ITEM ( 'NONE', ( #645 ), #2561 ) ;
#1818 =( LENGTH_UNIT ( ) NAMED_UNIT ( * ) SI_UNIT ( .MILLI., .METRE. ) );
#1819 = MECHANICAL_DESIGN_GEOMETRIC_PRESENTATION_REPRESENTATION (  '', ( #1558 ), #3215 ) ;
#1820 = B_SPLINE_CURVE_WITH_KNOTS ( 'NONE', 3,
 ( #1647, #2978, #1177, #2715 ),
 .UNSPECIFIED., .F., .F.,
 ( 4, 4 ),
 ( 0.7272727272727274039, 0.8181818181818183433 ),
 .UNSPECIFIED. ) ;
#1821 = DIRECTION ( 'NONE',  ( 1.524232085339900481E-16, 0.000000000000000000, 1.000000000000000000 ) ) ;
#1822 = EDGE_CURVE ( 'NONE', #2877, #3315, #2966, .T. ) ;
#1823 = COLOUR_RGB ( '',1.000000000000000000, 1.000000000000000000, 1.000000000000000000 ) ;
#1824 =( NAMED_UNIT ( * ) PLANE_ANGLE_UNIT ( ) SI_UNIT ( $, .RADIAN. ) );
#1825 = SURFACE_SIDE_STYLE ('',( #2597 ) ) ;
#1826 = VECTOR ( 'NONE', #1988, 1000.000000000000000 ) ;
#1827 = ORIENTED_EDGE ( 'NONE', *, *, #2799, .T. ) ;
#1828 = UNCERTAINTY_MEASURE_WITH_UNIT (LENGTH_MEASURE( 1.000000000000000082E-05 ), #573, 'distance_accuracy_value', 'NONE');
#1829 = ORIENTED_EDGE ( 'NONE', *, *, #2322, .F. ) ;
#1830 = COLOUR_RGB ( '',1.000000000000000000, 1.000000000000000000, 1.000000000000000000 ) ;
#1831 = LINE ( 'NONE', #2070, #417 ) ;
#1832 = VERTEX_POINT ( 'NONE', #2443 ) ;
#1833 = EDGE_CURVE ( 'NONE', #1246, #2693, #907, .T. ) ;
#1834 = VECTOR ( 'NONE', #374, 1000.000000000000114 ) ;
#1835 = DIRECTION ( 'NONE',  ( 0.000000000000000000, 1.000000000000000000, 0.000000000000000000 ) ) ;
#1836 = AXIS2_PLACEMENT_3D ( 'NONE', #452, #1465, #1218 ) ;
#1837 = CARTESIAN_POINT ( 'NONE',  ( 1.600000000000000089, 2.000000000000000000, -1.600000000000000311 ) ) ;
#1838 = ORIENTED_EDGE ( 'NONE', *, *, #2949, .F. ) ;
#1839 = CARTESIAN_POINT ( 'NONE',  ( 0.9660737160532634205, 1.999900000000000233, 0.4353129901688816417 ) ) ;
#1840 = UNCERTAINTY_MEASURE_WITH_UNIT (LENGTH_MEASURE( 1.000000000000000082E-05 ), #697, 'distance_accuracy_value', 'NONE');
#1841 = SURFACE_STYLE_USAGE ( .BOTH. , #824 ) ;
#1842 = MECHANICAL_DESIGN_GEOMETRIC_PRESENTATION_REPRESENTATION (  '', ( #2436 ), #2177 ) ;
#1843 = CARTESIAN_POINT ( 'NONE',  ( 0.4596101212780215328, 1.999900000000000233, -6.098637220230962441E-17 ) ) ;
#1844 = STYLED_ITEM ( 'NONE', ( #1403 ), #2075 ) ;
#1845 = ORIENTED_EDGE ( 'NONE', *, *, #737, .T. ) ;
#1846 = LINE ( 'NONE', #1351, #3233 ) ;
#1847 =( NAMED_UNIT ( * ) SI_UNIT ( $, .STERADIAN. ) SOLID_ANGLE_UNIT ( ) );
#1848 = CARTESIAN_POINT ( 'NONE',  ( 1.180616985284032694, 1.999900000000000233, 0.1495557786304201886 ) ) ;
#1849 = VERTEX_POINT ( 'NONE', #2196 ) ;
#1850 = VERTEX_POINT ( 'NONE', #181 ) ;
#1851 = EDGE_CURVE ( 'NONE', #217, #27, #438, .T. ) ;
#1852 = SURFACE_STYLE_USAGE ( .BOTH. , #1874 ) ;
#1853 =( NAMED_UNIT ( * ) PLANE_ANGLE_UNIT ( ) SI_UNIT ( $, .RADIAN. ) );
#1854 = ORIENTED_EDGE ( 'NONE', *, *, #2646, .T. ) ;
#1855 = EDGE_CURVE ( 'NONE', #1804, #2278, #2996, .T. ) ;
#1856 = CARTESIAN_POINT ( 'NONE',  ( 0.9256089724635198079, 2.000000000000000000, 0.4611543363227276759 ) ) ;
#1857 = ADVANCED_FACE ( 'NONE', ( #2737 ), #2423, .T. ) ;
#1858 = SURFACE_SIDE_STYLE ('',( #1113 ) ) ;
#1859 = ORIENTED_EDGE ( 'NONE', *, *, #223, .F. ) ;
#1860 = CARTESIAN_POINT ( 'NONE',  ( -1.415835694995793759, 2.000000000000000000, -1.422620850083640143 ) ) ;
#1861 = CARTESIAN_POINT ( 'NONE',  ( -1.239421662711972294, 2.000000000000000000, -1.422620850083640143 ) ) ;
#1862 = ORIENTED_EDGE ( 'NONE', *, *, #1125, .T. ) ;
#1863 = CARTESIAN_POINT ( 'NONE',  ( 1.064999999999999725, 0.1000000000000000056, 1.350000000000000311 ) ) ;
#1864 = CARTESIAN_POINT ( 'NONE',  ( 0.4596101212780215328, 2.000000000000000000, -6.098637220230962441E-17 ) ) ;
#1865 = SURFACE_STYLE_USAGE ( .BOTH. , #1564 ) ;
#1866 =( GEOMETRIC_REPRESENTATION_CONTEXT ( 3 ) GLOBAL_UNCERTAINTY_ASSIGNED_CONTEXT ( ( #2876 ) ) GLOBAL_UNIT_ASSIGNED_CONTEXT ( ( #837, #1853, #1110 ) ) REPRESENTATION_CONTEXT ( 'NONE', 'WORKASPACE' ) );
#1867 = DIRECTION ( 'NONE',  ( 0.000000000000000000, 0.000000000000000000, -1.000000000000000000 ) ) ;
#1868 = LINE ( 'NONE', #1447, #3022 ) ;
#1869 = VERTEX_POINT ( 'NONE', #1470 ) ;
#1870 = MECHANICAL_DESIGN_GEOMETRIC_PRESENTATION_REPRESENTATION (  '', ( #2998 ), #2783 ) ;
#1871 = UNCERTAINTY_MEASURE_WITH_UNIT (LENGTH_MEASURE( 1.000000000000000082E-05 ), #1897, 'distance_accuracy_value', 'NONE');
#1872 = VERTEX_POINT ( 'NONE', #2673 ) ;
#1873 = CARTESIAN_POINT ( 'NONE',  ( 1.180616985284032694, 1.999900000000000233, 0.1495557786304201886 ) ) ;
#1874 = SURFACE_SIDE_STYLE ('',( #1813 ) ) ;
#1875 = SURFACE_SIDE_STYLE ('',( #2587 ) ) ;
#1876 = ORIENTED_EDGE ( 'NONE', *, *, #711, .F. ) ;
#1877 = EDGE_CURVE ( 'NONE', #3134, #2763, #1192, .T. ) ;
#1878 = EDGE_LOOP ( 'NONE', ( #2889, #2599, #2279, #1619 ) ) ;
#1879 = SURFACE_STYLE_USAGE ( .BOTH. , #1858 ) ;
#1880 = FACE_OUTER_BOUND ( 'NONE', #368, .T. ) ;
#1881 = UNCERTAINTY_MEASURE_WITH_UNIT (LENGTH_MEASURE( 1.000000000000000082E-05 ), #1213, 'distance_accuracy_value', 'NONE');
#1882 = COLOUR_RGB ( '',1.000000000000000000, 1.000000000000000000, 1.000000000000000000 ) ;
#1883 = DIRECTION ( 'NONE',  ( 0.000000000000000000, 0.000000000000000000, 1.000000000000000000 ) ) ;
#1884 = EDGE_LOOP ( 'NONE', ( #1230, #2382, #1405, #2614 ) ) ;
#1885 = CARTESIAN_POINT ( 'NONE',  ( -1.415835694995793315, 2.000000000000000000, 1.422620850083640587 ) ) ;
#1886 = CARTESIAN_POINT ( 'NONE',  ( 0.2755786252150284610, 2.000000000000000000, -0.1215177165354328764 ) ) ;
#1887 =( LENGTH_UNIT ( ) NAMED_UNIT ( * ) SI_UNIT ( .MILLI., .METRE. ) );
#1888 = ORIENTED_EDGE ( 'NONE', *, *, #434, .T. ) ;
#1889 = ORIENTED_EDGE ( 'NONE', *, *, #2965, .T. ) ;
#1890 = CARTESIAN_POINT ( 'NONE',  ( 1.180616985284032694, 1.999900000000000233, -0.1768664970106055001 ) ) ;
#1891 = FILL_AREA_STYLE ('',( #1583 ) ) ;
#1892 = VECTOR ( 'NONE', #2758, 1000.000000000000000 ) ;
#1893 = SURFACE_STYLE_FILL_AREA ( #1360 ) ;
#1894 = CARTESIAN_POINT ( 'NONE',  ( 0.4719329559236917770, 2.000000000000000000, 0.3839862204724419636 ) ) ;
#1895 = ORIENTED_EDGE ( 'NONE', *, *, #1306, .F. ) ;
#1896 = STYLED_ITEM ( 'NONE', ( #2300 ), #1565 ) ;
#1897 =( LENGTH_UNIT ( ) NAMED_UNIT ( * ) SI_UNIT ( .MILLI., .METRE. ) );
#1898 = MECHANICAL_DESIGN_GEOMETRIC_PRESENTATION_REPRESENTATION (  '', ( #1367 ), #779 ) ;
#1899 = EDGE_CURVE ( 'NONE', #1067, #1383, #1164, .T. ) ;
#1900 = VECTOR ( 'NONE', #2347, 1000.000000000000114 ) ;
#1901 = SURFACE_STYLE_FILL_AREA ( #1212 ) ;
#1902 = EDGE_CURVE ( 'NONE', #446, #2771, #1927, .T. ) ;
#1903 = ORIENTED_EDGE ( 'NONE', *, *, #414, .F. ) ;
#1904 = FACE_OUTER_BOUND ( 'NONE', #324, .T. ) ;
#1905 = MECHANICAL_DESIGN_GEOMETRIC_PRESENTATION_REPRESENTATION (  '', ( #830 ), #1684 ) ;
#1906 = PRESENTATION_STYLE_ASSIGNMENT (( #1138 ) ) ;
#1907 = DIRECTION ( 'NONE',  ( 0.8423401905372560616, 0.000000000000000000, 0.5389461971344257085 ) ) ;
#1908 = MECHANICAL_DESIGN_GEOMETRIC_PRESENTATION_REPRESENTATION (  '', ( #732 ), #1530 ) ;
#1909 = AXIS2_PLACEMENT_3D ( 'NONE', #2315, #3327, #1053 ) ;
#1910 = ORIENTED_EDGE ( 'NONE', *, *, #2694, .F. ) ;
#1911 =( LENGTH_UNIT ( ) NAMED_UNIT ( * ) SI_UNIT ( .MILLI., .METRE. ) );
#1912 = FACE_OUTER_BOUND ( 'NONE', #1613, .T. ) ;
#1913 = SURFACE_SIDE_STYLE ('',( #2246 ) ) ;
#1914 =( NAMED_UNIT ( * ) SI_UNIT ( $, .STERADIAN. ) SOLID_ANGLE_UNIT ( ) );
#1915 = ORIENTED_EDGE ( 'NONE', *, *, #303, .F. ) ;
#1916 = SURFACE_STYLE_USAGE ( .BOTH. , #2922 ) ;
#1917 = ORIENTED_EDGE ( 'NONE', *, *, #47, .T. ) ;
#1918 = SURFACE_STYLE_USAGE ( .BOTH. , #618 ) ;
#1919 = VECTOR ( 'NONE', #2550, 1000.000000000000114 ) ;
#1920 = EDGE_CURVE ( 'NONE', #816, #589, #2703, .T. ) ;
#1921 = ORIENTED_EDGE ( 'NONE', *, *, #2328, .F. ) ;
#1922 =( NAMED_UNIT ( * ) SI_UNIT ( $, .STERADIAN. ) SOLID_ANGLE_UNIT ( ) );
#1923 =( LENGTH_UNIT ( ) NAMED_UNIT ( * ) SI_UNIT ( .MILLI., .METRE. ) );
#1924 = CARTESIAN_POINT ( 'NONE',  ( 0.6806169852840326939, 1.999900000000000233, 0.3044035350406765761 ) ) ;
#1925 = SURFACE_STYLE_FILL_AREA ( #902 ) ;
#1926 = VERTEX_POINT ( 'NONE', #129 ) ;
#1927 = LINE ( 'NONE', #2947, #891 ) ;
#1928 = FILL_AREA_STYLE ('',( #628 ) ) ;
#1929 = LINE ( 'NONE', #2232, #1892 ) ;
#1930 = LINE ( 'NONE', #924, #2682 ) ;
#1931 = STYLED_ITEM ( 'NONE', ( #1090 ), #841 ) ;
#1932 = DIRECTION ( 'NONE',  ( -1.000000000000000000, 0.000000000000000000, 0.000000000000000000 ) ) ;
#1933 = VECTOR ( 'NONE', #3149, 1000.000000000000000 ) ;
#1934 = LINE ( 'NONE', #3210, #3305 ) ;
#1935 = ORIENTED_EDGE ( 'NONE', *, *, #3198, .F. ) ;
#1936 = MECHANICAL_DESIGN_GEOMETRIC_PRESENTATION_REPRESENTATION (  '', ( #757 ), #480 ) ;
#1937 = LINE ( 'NONE', #3218, #3018 ) ;
#1938 =( NAMED_UNIT ( * ) SI_UNIT ( $, .STERADIAN. ) SOLID_ANGLE_UNIT ( ) );
#1939 =( GEOMETRIC_REPRESENTATION_CONTEXT ( 3 ) GLOBAL_UNCERTAINTY_ASSIGNED_CONTEXT ( ( #1881 ) ) GLOBAL_UNIT_ASSIGNED_CONTEXT ( ( #1213, #708, #1690 ) ) REPRESENTATION_CONTEXT ( 'NONE', 'WORKASPACE' ) );
#1940 =( LENGTH_UNIT ( ) NAMED_UNIT ( * ) SI_UNIT ( .MILLI., .METRE. ) );
#1941 = SURFACE_SIDE_STYLE ('',( #1925 ) ) ;
#1942 = EDGE_CURVE ( 'NONE', #1602, #3290, #756, .T. ) ;
#1943 = ORIENTED_EDGE ( 'NONE', *, *, #1191, .T. ) ;
#1944 =( NAMED_UNIT ( * ) PLANE_ANGLE_UNIT ( ) SI_UNIT ( $, .RADIAN. ) );
#1945 =( NAMED_UNIT ( * ) PLANE_ANGLE_UNIT ( ) SI_UNIT ( $, .RADIAN. ) );
#1946 = AXIS2_PLACEMENT_3D ( 'NONE', #2022, #2500, #966 ) ;
#1947 = DIRECTION ( 'NONE',  ( 1.000000000000000000, 0.000000000000000000, 0.000000000000000000 ) ) ;
#1948 = LINE ( 'NONE', #1719, #764 ) ;
#1949 = EDGE_CURVE ( 'NONE', #2069, #1506, #2891, .T. ) ;
#1950 = EDGE_LOOP ( 'NONE', ( #2355, #1581, #2463, #755 ) ) ;
#1951 = CARTESIAN_POINT ( 'NONE',  ( -1.600000000000000089, 0.1000000000000000056, 1.600000000000000311 ) ) ;
#1952 = VECTOR ( 'NONE', #3005, 1000.000000000000114 ) ;
#1953 = PRESENTATION_STYLE_ASSIGNMENT (( #2992 ) ) ;
#1954 = STYLED_ITEM ( 'NONE', ( #1347 ), #1726 ) ;
#1955 = LINE ( 'NONE', #2975, #3120 ) ;
#1956 = SURFACE_STYLE_USAGE ( .BOTH. , #948 ) ;
#1957 = CARTESIAN_POINT ( 'NONE',  ( 0.6806169852840326939, 2.000000000000000000, -0.5935331636772722685 ) ) ;
#1958 = DIRECTION ( 'NONE',  ( -0.000000000000000000, 1.000000000000000000, -0.000000000000000000 ) ) ;
#1959 = SURFACE_STYLE_USAGE ( .BOTH. , #684 ) ;
#1960 = CARTESIAN_POINT ( 'NONE',  ( 1.180616985284032694, 1.999900000000000233, -0.5999434200875286560 ) ) ;
#1961 = SURFACE_SIDE_STYLE ('',( #1475 ) ) ;
#1962 = VECTOR ( 'NONE', #2386, 1000.000000000000000 ) ;
#1963 = EDGE_CURVE ( 'NONE', #589, #567, #2611, .T. ) ;
#1964 = DIRECTION ( 'NONE',  ( 0.8422499766716468050, 0.000000000000000000, 0.5390871699424968355 ) ) ;
#1965 = CARTESIAN_POINT ( 'NONE',  ( 0.9256089724635199190, 2.000000000000000000, 0.4093714837586252542 ) ) ;
#1966 = ORIENTED_EDGE ( 'NONE', *, *, #1324, .F. ) ;
#1967 = LINE ( 'NONE', #450, #1562 ) ;
#1968 = CARTESIAN_POINT ( 'NONE',  ( -1.064999999999999725, 0.1000000000000000056, -1.350000000000000089 ) ) ;
#1969 = FILL_AREA_STYLE ('',( #1418 ) ) ;
#1970 = CARTESIAN_POINT ( 'NONE',  ( -0.6542757054936341188, 1.999900000000000233, -0.4438799212598381061 ) ) ;
#1971 = DIRECTION ( 'NONE',  ( -0.5389461971344257085, 0.000000000000000000, 0.8423401905372560616 ) ) ;
#1972 = CARTESIAN_POINT ( 'NONE',  ( 1.180616985284032694, 2.000000000000000000, 0.6244155542714457940 ) ) ;
#1973 = SURFACE_SIDE_STYLE ('',( #1502 ) ) ;
#1974 = LINE ( 'NONE', #144, #2637 ) ;
#1975 = SURFACE_STYLE_FILL_AREA ( #2705 ) ;
#1976 = ORIENTED_EDGE ( 'NONE', *, *, #3041, .F. ) ;
#1977 = CARTESIAN_POINT ( 'NONE',  ( -0.3777264928952082657, 2.000000000000000000, -0.1595275590551165357 ) ) ;
#1978 = EDGE_CURVE ( 'NONE', #1396, #1131, #2065, .T. ) ;
#1979 = VERTEX_POINT ( 'NONE', #22 ) ;
#1980 = EDGE_CURVE ( 'NONE', #2869, #1804, #1066, .T. ) ;
#1981 = CARTESIAN_POINT ( 'NONE',  ( -1.064999999999999725, 0.1000000000000000056, -1.350000000000000089 ) ) ;
#1982 = LINE ( 'NONE', #3295, #1365 ) ;
#1983 =( NAMED_UNIT ( * ) PLANE_ANGLE_UNIT ( ) SI_UNIT ( $, .RADIAN. ) );
#1984 = COLOUR_RGB ( '',1.000000000000000000, 1.000000000000000000, 1.000000000000000000 ) ;
#1985 = SURFACE_STYLE_FILL_AREA ( #3008 ) ;
#1986 = PRESENTATION_LAYER_ASSIGNMENT (  '', '', ( #978 ) ) ;
#1987 = CARTESIAN_POINT ( 'NONE',  ( -0.7344056267534750937, 2.000000000000000000, -0.1765905511810994810 ) ) ;
#1988 = DIRECTION ( 'NONE',  ( 1.000000000000000000, 0.000000000000000000, 0.000000000000000000 ) ) ;
#1989 =( NAMED_UNIT ( * ) PLANE_ANGLE_UNIT ( ) SI_UNIT ( $, .RADIAN. ) );
#1990 = VECTOR ( 'NONE', #1354, 1000.000000000000000 ) ;
#1991 = EDGE_LOOP ( 'NONE', ( #356, #888, #2933, #3076 ) ) ;
#1992 = EDGE_LOOP ( 'NONE', ( #2915, #826, #3095, #654 ) ) ;
#1993 = MECHANICAL_DESIGN_GEOMETRIC_PRESENTATION_REPRESENTATION (  '', ( #712 ), #100 ) ;
#1994 =( NAMED_UNIT ( * ) PLANE_ANGLE_UNIT ( ) SI_UNIT ( $, .RADIAN. ) );
#1995 = CARTESIAN_POINT ( 'NONE',  ( 1.064999999999999725, 0.000000000000000000, 1.350000000000000311 ) ) ;
#1996 = VERTEX_POINT ( 'NONE', #1353 ) ;
#1997 = CARTESIAN_POINT ( 'NONE',  ( 0.6806169852840326939, 2.000000000000000000, -0.2799314008567594381 ) ) ;
#1998 = EDGE_CURVE ( 'NONE', #1979, #2067, #787, .T. ) ;
#1999 =( GEOMETRIC_REPRESENTATION_CONTEXT ( 3 ) GLOBAL_UNCERTAINTY_ASSIGNED_CONTEXT ( ( #1156 ) ) GLOBAL_UNIT_ASSIGNED_CONTEXT ( ( #1449, #621, #1938 ) ) REPRESENTATION_CONTEXT ( 'NONE', 'WORKASPACE' ) );
#2000 = B_SPLINE_SURFACE_WITH_KNOTS ( 'NONE', 3, 1, ( 
 ( #3189, #884 ),
 ( #104, #3201 ),
 ( #2930, #1886 ),
 ( #1695, #422 ) ),
 .UNSPECIFIED., .F., .F., .F.,
 ( 4, 4 ),
 ( 2, 2 ),
 ( 0.8181818181818183433, 0.9090909090909092827 ),
 ( 0.000000000000000000, 1.000000000000000000 ),
 .UNSPECIFIED. ) ;
#2001 = DIRECTION ( 'NONE',  ( 0.000000000000000000, 0.000000000000000000, -1.000000000000000000 ) ) ;
#2002 = ADVANCED_FACE ( 'NONE', ( #1120 ), #534, .T. ) ;
#2003 = COLOUR_RGB ( '',1.000000000000000000, 1.000000000000000000, 1.000000000000000000 ) ;
#2004 = CARTESIAN_POINT ( 'NONE',  ( -0.9174548393519011968, 1.999900000000000233, -0.2263956692913342006 ) ) ;
#2005 =( NAMED_UNIT ( * ) SI_UNIT ( $, .STERADIAN. ) SOLID_ANGLE_UNIT ( ) );
#2006 = CARTESIAN_POINT ( 'NONE',  ( -0.04874027242276514349, 1.999900000000000233, 0.4608228346456701430 ) ) ;
#2007 = DIRECTION ( 'NONE',  ( -0.8422499766716470271, 0.000000000000000000, 0.5390871699424965025 ) ) ;
#2008 = ORIENTED_EDGE ( 'NONE', *, *, #2372, .T. ) ;
#2009 = CARTESIAN_POINT ( 'NONE',  ( 0.6806169852840326939, 2.000000000000000000, -0.1704562406003490849 ) ) ;
#2010 = VECTOR ( 'NONE', #932, 1000.000000000000000 ) ;
#2011 = PRESENTATION_STYLE_ASSIGNMENT (( #997 ) ) ;
#2012 = DIRECTION ( 'NONE',  ( -0.000000000000000000, -1.000000000000000000, -0.000000000000000000 ) ) ;
#2013 = ORIENTED_EDGE ( 'NONE', *, *, #3335, .T. ) ;
#2014 = CARTESIAN_POINT ( 'NONE',  ( 0.3729920110417989099, 1.999900000000000233, -0.3489822834645648908 ) ) ;
#2015 = PRESENTATION_LAYER_ASSIGNMENT (  '', '', ( #2439 ) ) ;
#2016 =( NAMED_UNIT ( * ) PLANE_ANGLE_UNIT ( ) SI_UNIT ( $, .RADIAN. ) );
#2017 =( LENGTH_UNIT ( ) NAMED_UNIT ( * ) SI_UNIT ( .MILLI., .METRE. ) );
#2018 = CARTESIAN_POINT ( 'NONE',  ( 1.180616985284032694, 1.999900000000000233, 0.2462104260663175448 ) ) ;
#2019 = ADVANCED_FACE ( 'NONE', ( #1100 ), #1335, .F. ) ;
#2020 = STYLED_ITEM ( 'NONE', ( #163 ), #919 ) ;
#2021 = SURFACE_SIDE_STYLE ('',( #472 ) ) ;
#2022 = CARTESIAN_POINT ( 'NONE',  ( 0.6806169852840326939, 1.999900000000000233, -0.1186733880362464966 ) ) ;
#2023 = DIRECTION ( 'NONE',  ( 0.000000000000000000, 0.000000000000000000, -1.000000000000000000 ) ) ;
#2024 = ORIENTED_EDGE ( 'NONE', *, *, #2677, .F. ) ;
#2025 = LINE ( 'NONE', #1271, #1919 ) ;
#2026 = SURFACE_SIDE_STYLE ('',( #219 ) ) ;
#2027 = CARTESIAN_POINT ( 'NONE',  ( -0.7813721621865478140, 1.999900000000000233, -0.4190531496062963601 ) ) ;
#2028 = ORIENTED_EDGE ( 'NONE', *, *, #2101, .F. ) ;
#2029 = DIRECTION ( 'NONE',  ( 0.5390888091285611639, 0.000000000000000000, 0.8422489274984860108 ) ) ;
#2030 = SURFACE_STYLE_FILL_AREA ( #809 ) ;
#2031 = DIRECTION ( 'NONE',  ( 1.000000000000000000, -0.000000000000000000, -1.355252715606880543E-16 ) ) ;
#2032 = DIRECTION ( 'NONE',  ( 0.8422489274984860108, 0.000000000000000000, -0.5390888091285609418 ) ) ;
#2033 = FACE_OUTER_BOUND ( 'NONE', #2104, .T. ) ;
#2034 = CARTESIAN_POINT ( 'NONE',  ( 0.6806169852840326939, 1.999900000000000233, -0.1186733880362464966 ) ) ;
#2035 = DIRECTION ( 'NONE',  ( -1.000000000000000000, 0.000000000000000000, 0.000000000000000000 ) ) ;
#2036 = ORIENTED_EDGE ( 'NONE', *, *, #1692, .T. ) ;
#2037 = ORIENTED_EDGE ( 'NONE', *, *, #2372, .F. ) ;
#2038 = CARTESIAN_POINT ( 'NONE',  ( -0.02976192596607432628, 2.000000000000000000, -0.5366929133858255874 ) ) ;
#2039 = MECHANICAL_DESIGN_GEOMETRIC_PRESENTATION_REPRESENTATION (  '', ( #867 ), #1609 ) ;
#2040 = FILL_AREA_STYLE_COLOUR ( '', #975 ) ;
#2041 = VERTEX_POINT ( 'NONE', #3176 ) ;
#2042 = EDGE_CURVE ( 'NONE', #2186, #1635, #2469, .T. ) ;
#2043 = FACE_BOUND ( 'NONE', #2817, .T. ) ;
#2044 = VECTOR ( 'NONE', #409, 1000.000000000000000 ) ;
#2045 = CARTESIAN_POINT ( 'NONE',  ( -0.6542757054936341188, 1.999900000000000233, -0.4438799212598381061 ) ) ;
#2046 = SURFACE_STYLE_FILL_AREA ( #175 ) ;
#2047 = PRESENTATION_LAYER_ASSIGNMENT (  '', '', ( #266 ) ) ;
#2048 = ORIENTED_EDGE ( 'NONE', *, *, #3026, .F. ) ;
#2049 = VECTOR ( 'NONE', #2353, 1000.000000000000000 ) ;
#2050 = ORIENTED_EDGE ( 'NONE', *, *, #1452, .F. ) ;
#2051 = DIRECTION ( 'NONE',  ( 0.000000000000000000, 0.000000000000000000, 1.000000000000000000 ) ) ;
#2052 = CARTESIAN_POINT ( 'NONE',  ( -0.7344056267534750937, 2.000000000000000000, -0.1765905511810994810 ) ) ;
#2053 = DIRECTION ( 'NONE',  ( 1.000000000000000000, 0.000000000000000000, 0.000000000000000000 ) ) ;
#2054 = VERTEX_POINT ( 'NONE', #2945 ) ;
#2055 = EDGE_CURVE ( 'NONE', #2076, #1849, #2699, .T. ) ;
#2056 = LINE ( 'NONE', #2572, #3107 ) ;
#2057 = EDGE_LOOP ( 'NONE', ( #2794, #1332, #189, #2629 ) ) ;
#2058 = DIRECTION ( 'NONE',  ( 0.000000000000000000, -0.000000000000000000, -1.000000000000000000 ) ) ;
#2059 =( LENGTH_UNIT ( ) NAMED_UNIT ( * ) SI_UNIT ( .MILLI., .METRE. ) );
#2060 =( GEOMETRIC_REPRESENTATION_CONTEXT ( 3 ) GLOBAL_UNCERTAINTY_ASSIGNED_CONTEXT ( ( #1871 ) ) GLOBAL_UNIT_ASSIGNED_CONTEXT ( ( #1897, #97, #2904 ) ) REPRESENTATION_CONTEXT ( 'NONE', 'WORKASPACE' ) );
#2061 = VECTOR ( 'NONE', #3115, 1000.000000000000114 ) ;
#2062 =( LENGTH_UNIT ( ) NAMED_UNIT ( * ) SI_UNIT ( .MILLI., .METRE. ) );
#2063 = CARTESIAN_POINT ( 'NONE',  ( -1.415835694995793759, 1.999900000000000233, -1.422620850083640143 ) ) ;
#2064 = CARTESIAN_POINT ( 'NONE',  ( 0.3729920110417989099, 2.000000000000000000, -0.3489822834645648908 ) ) ;
#2065 = LINE ( 'NONE', #3081, #2281 ) ;
#2066 = VECTOR ( 'NONE', #190, 1000.000000000000227 ) ;
#2067 = VERTEX_POINT ( 'NONE', #1632 ) ;
#2068 = UNCERTAINTY_MEASURE_WITH_UNIT (LENGTH_MEASURE( 1.000000000000000082E-05 ), #1065, 'distance_accuracy_value', 'NONE');
#2069 = VERTEX_POINT ( 'NONE', #2161 ) ;
#2070 = CARTESIAN_POINT ( 'NONE',  ( -1.415835694995793315, 2.000000000000000000, 1.422620850083640587 ) ) ;
#2071 =( LENGTH_UNIT ( ) NAMED_UNIT ( * ) SI_UNIT ( .MILLI., .METRE. ) );
#2072 = EDGE_LOOP ( 'NONE', ( #1350, #1386, #1574, #241 ) ) ;
#2073 = PRESENTATION_STYLE_ASSIGNMENT (( #2110 ) ) ;
#2074 = FILL_AREA_STYLE_COLOUR ( '', #1234 ) ;
#2075 = ADVANCED_FACE ( 'NONE', ( #1439 ), #2000, .F. ) ;
#2076 = VERTEX_POINT ( 'NONE', #918 ) ;
#2077 = SURFACE_STYLE_FILL_AREA ( #251 ) ;
#2078 = DIRECTION ( 'NONE',  ( -1.000000000000000000, 0.000000000000000000, 1.524232085339900481E-16 ) ) ;
#2079 = PRESENTATION_LAYER_ASSIGNMENT (  '', '', ( #2554 ) ) ;
#2080 = LINE ( 'NONE', #814, #2980 ) ;
#2081 = COLOUR_RGB ( '',0.8274509803921568096, 0.8392156862745098200, 0.8274509803921568096 ) ;
#2082 =( LENGTH_UNIT ( ) NAMED_UNIT ( * ) SI_UNIT ( .MILLI., .METRE. ) );
#2083 = VERTEX_POINT ( 'NONE', #2963 ) ;
#2084 = ORIENTED_EDGE ( 'NONE', *, *, #1949, .F. ) ;
#2085 = LINE ( 'NONE', #558, #473 ) ;
#2086 = FILL_AREA_STYLE_COLOUR ( '', #1243 ) ;
#2087 = ORIENTED_EDGE ( 'NONE', *, *, #1390, .T. ) ;
#2088 = FACE_OUTER_BOUND ( 'NONE', #1299, .T. ) ;
#2089 = B_SPLINE_CURVE_WITH_KNOTS ( 'NONE', 3,
 ( #236, #3015, #2014, #957 ),
 .UNSPECIFIED., .F., .F.,
 ( 4, 4 ),
 ( 0.000000000000000000, 0.09090909090909091161 ),
 .UNSPECIFIED. ) ;
#2090 = PRESENTATION_LAYER_ASSIGNMENT (  '', '', ( #864 ) ) ;
#2091 = MECHANICAL_DESIGN_GEOMETRIC_PRESENTATION_REPRESENTATION (  '', ( #978 ), #484 ) ;
#2092 = VERTEX_POINT ( 'NONE', #901 ) ;
#2093 = DIRECTION ( 'NONE',  ( -0.000000000000000000, 1.000000000000000000, -0.000000000000000000 ) ) ;
#2094 = AXIS2_PLACEMENT_3D ( 'NONE', #3313, #3272, #2007 ) ;
#2095 = PRESENTATION_STYLE_ASSIGNMENT (( #60 ) ) ;
#2096 = PRESENTATION_LAYER_ASSIGNMENT (  '', '', ( #536 ) ) ;
#2097 = SURFACE_STYLE_USAGE ( .BOTH. , #3324 ) ;
#2098 = ORIENTED_EDGE ( 'NONE', *, *, #815, .T. ) ;
#2099 = EDGE_CURVE ( 'NONE', #2565, #1812, #1421, .T. ) ;
#2100 = LINE ( 'NONE', #2892, #1716 ) ;
#2101 = EDGE_CURVE ( 'NONE', #3103, #1011, #2688, .T. ) ;
#2102 = EDGE_LOOP ( 'NONE', ( #3178, #2663, #746, #2343 ) ) ;
#2103 = UNCERTAINTY_MEASURE_WITH_UNIT (LENGTH_MEASURE( 1.000000000000000082E-05 ), #1538, 'distance_accuracy_value', 'NONE');
#2104 = EDGE_LOOP ( 'NONE', ( #2747, #1258, #642, #2249 ) ) ;
#2105 = CARTESIAN_POINT ( 'NONE',  ( 0.9660737160532634205, 1.999900000000000233, 0.01223606709195864013 ) ) ;
#2106 =( GEOMETRIC_REPRESENTATION_CONTEXT ( 3 ) GLOBAL_UNCERTAINTY_ASSIGNED_CONTEXT ( ( #193 ) ) GLOBAL_UNIT_ASSIGNED_CONTEXT ( ( #2622, #1608, #1330 ) ) REPRESENTATION_CONTEXT ( 'NONE', 'WORKASPACE' ) );
#2107 =( NAMED_UNIT ( * ) SI_UNIT ( $, .STERADIAN. ) SOLID_ANGLE_UNIT ( ) );
#2108 = SURFACE_STYLE_FILL_AREA ( #2636 ) ;
#2109 = VERTEX_POINT ( 'NONE', #1205 ) ;
#2110 = SURFACE_STYLE_USAGE ( .BOTH. , #1071 ) ;
#2111 = MECHANICAL_DESIGN_GEOMETRIC_PRESENTATION_REPRESENTATION (  '', ( #1471 ), #396 ) ;
#2112 = CARTESIAN_POINT ( 'NONE',  ( -0.5649999999999996136, 0.1000000000000000056, 1.350000000000000089 ) ) ;
#2113 =( NAMED_UNIT ( * ) PLANE_ANGLE_UNIT ( ) SI_UNIT ( $, .RADIAN. ) );
#2114 = CARTESIAN_POINT ( 'NONE',  ( 0.9256089724635199190, 2.000000000000000000, 0.03807741324580478370 ) ) ;
#2115 = UNCERTAINTY_MEASURE_WITH_UNIT (LENGTH_MEASURE( 1.000000000000000082E-05 ), #3274, 'distance_accuracy_value', 'NONE');
#2116 = DIRECTION ( 'NONE',  ( 1.000000000000000000, 0.000000000000000000, -0.000000000000000000 ) ) ;
#2117 = VECTOR ( 'NONE', #485, 1000.000000000000000 ) ;
#2118 = CARTESIAN_POINT ( 'NONE',  ( 1.180616985284032694, 2.000000000000000000, -0.1250836444465028841 ) ) ;
#2119 =( GEOMETRIC_REPRESENTATION_CONTEXT ( 3 ) GLOBAL_UNCERTAINTY_ASSIGNED_CONTEXT ( ( #2887 ) ) GLOBAL_UNIT_ASSIGNED_CONTEXT ( ( #139, #2420, #2457 ) ) REPRESENTATION_CONTEXT ( 'NONE', 'WORKASPACE' ) );
#2120 = VERTEX_POINT ( 'NONE', #3157 ) ;
#2121 = DIRECTION ( 'NONE',  ( 0.000000000000000000, 0.000000000000000000, -1.000000000000000000 ) ) ;
#2122 = EDGE_CURVE ( 'NONE', #856, #2109, #1681, .T. ) ;
#2123 = DIRECTION ( 'NONE',  ( 0.8422499766716469161, 0.000000000000000000, 0.5390871699424966135 ) ) ;
#2124 = ORIENTED_EDGE ( 'NONE', *, *, #2773, .T. ) ;
#2125 = ORIENTED_EDGE ( 'NONE', *, *, #958, .F. ) ;
#2126 = FILL_AREA_STYLE_COLOUR ( '', #2202 ) ;
#2127 = DIRECTION ( 'NONE',  ( -0.8421872852981131530, 0.000000000000000000, -0.5391851040989490418 ) ) ;
#2128 = DIRECTION ( 'NONE',  ( 0.000000000000000000, 1.000000000000000000, 0.000000000000000000 ) ) ;
#2129 = EDGE_LOOP ( 'NONE', ( #2201, #1122, #601, #593, #2235, #1589, #2827, #2594, #2999, #3060, #2765 ) ) ;
#2130 = LINE ( 'NONE', #1837, #1933 ) ;
#2131 = ORIENTED_EDGE ( 'NONE', *, *, #1394, .F. ) ;
#2132 =( LENGTH_UNIT ( ) NAMED_UNIT ( * ) SI_UNIT ( .MILLI., .METRE. ) );
#2133 = SURFACE_SIDE_STYLE ('',( #1116 ) ) ;
#2134 = PRESENTATION_STYLE_ASSIGNMENT (( #2097 ) ) ;
#2135 = ORIENTED_EDGE ( 'NONE', *, *, #1149, .F. ) ;
#2136 =( NAMED_UNIT ( * ) PLANE_ANGLE_UNIT ( ) SI_UNIT ( $, .RADIAN. ) );
#2137 = CARTESIAN_POINT ( 'NONE',  ( 0.4543561842701464015, 1.999900000000000233, -0.1636791338582682109 ) ) ;
#2138 = ADVANCED_BREP_SHAPE_REPRESENTATION ( 'XGL3020', ( #211, #215 ), #2311 ) ;
#2139 = DIRECTION ( 'NONE',  ( -0.5391904756110244001, 0.000000000000000000, -0.8421838463247542927 ) ) ;
#2140 = COLOUR_RGB ( '',1.000000000000000000, 1.000000000000000000, 1.000000000000000000 ) ;
#2141 = CARTESIAN_POINT ( 'NONE',  ( 0.8851442288737763064, 1.999900000000000233, -0.4108408559849646147 ) ) ;
#2142 = ORIENTED_EDGE ( 'NONE', *, *, #1512, .F. ) ;
#2143 = MECHANICAL_DESIGN_GEOMETRIC_PRESENTATION_REPRESENTATION (  '', ( #808 ), #197 ) ;
#2144 = UNCERTAINTY_MEASURE_WITH_UNIT (LENGTH_MEASURE( 1.000000000000000082E-05 ), #777, 'distance_accuracy_value', 'NONE');
#2145 = ORIENTED_EDGE ( 'NONE', *, *, #3297, .T. ) ;
#2146 = SURFACE_STYLE_FILL_AREA ( #373 ) ;
#2147 = LINE ( 'NONE', #817, #3086 ) ;
#2148 = DIRECTION ( 'NONE',  ( -3.885444459549266443E-15, 0.000000000000000000, -1.000000000000000000 ) ) ;
#2149 = UNCERTAINTY_MEASURE_WITH_UNIT (LENGTH_MEASURE( 1.000000000000000082E-05 ), #2169, 'distance_accuracy_value', 'NONE');
#2150 = VECTOR ( 'NONE', #2031, 1000.000000000000000 ) ;
#2151 = FILL_AREA_STYLE ('',( #2937 ) ) ;
#2152 = ORIENTED_EDGE ( 'NONE', *, *, #576, .T. ) ;
#2153 = EDGE_CURVE ( 'NONE', #2762, #882, #3221, .T. ) ;
#2154 = SURFACE_STYLE_FILL_AREA ( #2641 ) ;
#2155 = EDGE_CURVE ( 'NONE', #95, #1357, #2911, .T. ) ;
#2156 = UNCERTAINTY_MEASURE_WITH_UNIT (LENGTH_MEASURE( 1.000000000000000082E-05 ), #2770, 'distance_accuracy_value', 'NONE');
#2157 = VECTOR ( 'NONE', #1121, 1000.000000000000000 ) ;
#2158 = SURFACE_STYLE_USAGE ( .BOTH. , #2907 ) ;
#2159 = VECTOR ( 'NONE', #1000, 1000.000000000000000 ) ;
#2160 = ORIENTED_EDGE ( 'NONE', *, *, #3019, .F. ) ;
#2161 = CARTESIAN_POINT ( 'NONE',  ( 1.180616985284032694, 1.999900000000000233, 0.5726327017073432613 ) ) ;
#2162 = DIRECTION ( 'NONE',  ( 0.000000000000000000, 0.000000000000000000, -1.000000000000000000 ) ) ;
#2163 = AXIS2_PLACEMENT_3D ( 'NONE', #2359, #2326, #3336 ) ;
#2164 = ORIENTED_EDGE ( 'NONE', *, *, #2155, .F. ) ;
#2165 = LINE ( 'NONE', #2395, #917 ) ;
#2166 = CARTESIAN_POINT ( 'NONE',  ( 1.180616985284032694, 1.999900000000000233, -0.2735211444465030506 ) ) ;
#2167 =( LENGTH_UNIT ( ) NAMED_UNIT ( * ) SI_UNIT ( .MILLI., .METRE. ) );
#2168 = CARTESIAN_POINT ( 'NONE',  ( 0.9660737160532634205, 1.999900000000000233, 0.4353129901688816417 ) ) ;
#2169 =( LENGTH_UNIT ( ) NAMED_UNIT ( * ) SI_UNIT ( .MILLI., .METRE. ) );
#2170 = SURFACE_STYLE_FILL_AREA ( #2151 ) ;
#2171 = EDGE_CURVE ( 'NONE', #505, #2763, #1820, .T. ) ;
#2172 = ORIENTED_EDGE ( 'NONE', *, *, #1998, .T. ) ;
#2173 =( GEOMETRIC_REPRESENTATION_CONTEXT ( 3 ) GLOBAL_UNCERTAINTY_ASSIGNED_CONTEXT ( ( #2156 ) ) GLOBAL_UNIT_ASSIGNED_CONTEXT ( ( #2770, #1776, #239 ) ) REPRESENTATION_CONTEXT ( 'NONE', 'WORKASPACE' ) );
#2174 = PRESENTATION_STYLE_ASSIGNMENT (( #1075 ) ) ;
#2175 = ORIENTED_EDGE ( 'NONE', *, *, #243, .F. ) ;
#2176 = CARTESIAN_POINT ( 'NONE',  ( -1.239421662711972294, 2.000000000000000000, 1.422620850083640587 ) ) ;
#2177 =( GEOMETRIC_REPRESENTATION_CONTEXT ( 3 ) GLOBAL_UNCERTAINTY_ASSIGNED_CONTEXT ( ( #69 ) ) GLOBAL_UNIT_ASSIGNED_CONTEXT ( ( #136, #3216, #1435 ) ) REPRESENTATION_CONTEXT ( 'NONE', 'WORKASPACE' ) );
#2178 = PRESENTATION_STYLE_ASSIGNMENT (( #622 ) ) ;
#2179 =( GEOMETRIC_REPRESENTATION_CONTEXT ( 3 ) GLOBAL_UNCERTAINTY_ASSIGNED_CONTEXT ( ( #1300 ) ) GLOBAL_UNIT_ASSIGNED_CONTEXT ( ( #3310, #230, #2287 ) ) REPRESENTATION_CONTEXT ( 'NONE', 'WORKASPACE' ) );
#2180 = ORIENTED_EDGE ( 'NONE', *, *, #1607, .T. ) ;
#2181 = DIRECTION ( 'NONE',  ( 0.000000000000000000, 0.000000000000000000, 1.000000000000000000 ) ) ;
#2182 = CARTESIAN_POINT ( 'NONE',  ( 0.5649999999999996136, 0.1000000000000000056, 1.350000000000000311 ) ) ;
#2183 = DIRECTION ( 'NONE',  ( 0.000000000000000000, -0.000000000000000000, -1.000000000000000000 ) ) ;
#2184 = FILL_AREA_STYLE ('',( #2488 ) ) ;
#2185 = FACE_OUTER_BOUND ( 'NONE', #509, .T. ) ;
#2186 = VERTEX_POINT ( 'NONE', #353 ) ;
#2187 = DIRECTION ( 'NONE',  ( 0.000000000000000000, 0.000000000000000000, 1.000000000000000000 ) ) ;
#2188 = UNCERTAINTY_MEASURE_WITH_UNIT (LENGTH_MEASURE( 1.000000000000000082E-05 ), #3102, 'distance_accuracy_value', 'NONE');
#2189 = VECTOR ( 'NONE', #3212, 1000.000000000000000 ) ;
#2190 = EDGE_CURVE ( 'NONE', #556, #1275, #2404, .T. ) ;
#2191 = CARTESIAN_POINT ( 'NONE',  ( 1.180616985284032694, 2.000000000000000000, -0.2735211444465030506 ) ) ;
#2192 = FACE_OUTER_BOUND ( 'NONE', #102, .T. ) ;
#2193 = B_SPLINE_SURFACE_WITH_KNOTS ( 'NONE', 3, 1, ( 
 ( #2655, #1237 ),
 ( #196, #1751 ),
 ( #703, #3025 ),
 ( #2739, #440 ) ),
 .UNSPECIFIED., .F., .F., .F.,
 ( 4, 4 ),
 ( 2, 2 ),
 ( 0.5454545454545455252, 0.6363636363636364646 ),
 ( 0.000000000000000000, 1.000000000000000000 ),
 .UNSPECIFIED. ) ;
#2194 =( LENGTH_UNIT ( ) NAMED_UNIT ( * ) SI_UNIT ( .MILLI., .METRE. ) );
#2195 = ADVANCED_FACE ( 'NONE', ( #2819 ), #2299, .T. ) ;
#2196 = CARTESIAN_POINT ( 'NONE',  ( 0.6806169852840326939, 2.000000000000000000, 0.3044035350406765761 ) ) ;
#2197 = PLANE ( 'NONE',  #2626 ) ;
#2198 =( LENGTH_UNIT ( ) NAMED_UNIT ( * ) SI_UNIT ( .MILLI., .METRE. ) );
#2199 = LINE ( 'NONE', #668, #1036 ) ;
#2200 = DIRECTION ( 'NONE',  ( -1.000000000000000000, 0.000000000000000000, 0.000000000000000000 ) ) ;
#2201 = ORIENTED_EDGE ( 'NONE', *, *, #3186, .T. ) ;
#2202 = COLOUR_RGB ( '',1.000000000000000000, 1.000000000000000000, 1.000000000000000000 ) ;
#2203 = CARTESIAN_POINT ( 'NONE',  ( 1.180616985284032694, 2.000000000000000000, 0.2462104260663175448 ) ) ;
#2204 = DIRECTION ( 'NONE',  ( -0.000000000000000000, 1.000000000000000000, -0.000000000000000000 ) ) ;
#2205 =( GEOMETRIC_REPRESENTATION_CONTEXT ( 3 ) GLOBAL_UNCERTAINTY_ASSIGNED_CONTEXT ( ( #631 ) ) GLOBAL_UNIT_ASSIGNED_CONTEXT ( ( #2194, #1162, #2226 ) ) REPRESENTATION_CONTEXT ( 'NONE', 'WORKASPACE' ) );
#2206 = MECHANICAL_DESIGN_GEOMETRIC_PRESENTATION_REPRESENTATION (  '', ( #1282 ), #1939 ) ;
#2207 = EDGE_CURVE ( 'NONE', #296, #1979, #2574, .T. ) ;
#2208 = CARTESIAN_POINT ( 'NONE',  ( -0.3464371228164651040, 1.999900000000000233, 0.3398425196850423102 ) ) ;
#2209 = ADVANCED_FACE ( 'NONE', ( #795 ), #1729, .F. ) ;
#2210 = EDGE_CURVE ( 'NONE', #1362, #345, #698, .T. ) ;
#2211 = LINE ( 'NONE', #1960, #2935 ) ;
#2212 = VECTOR ( 'NONE', #2822, 1000.000000000000000 ) ;
#2213 = PRESENTATION_STYLE_ASSIGNMENT (( #940 ) ) ;
#2214 =( NAMED_UNIT ( * ) PLANE_ANGLE_UNIT ( ) SI_UNIT ( $, .RADIAN. ) );
#2215 = ORIENTED_EDGE ( 'NONE', *, *, #1059, .T. ) ;
#2216 = LINE ( 'NONE', #973, #2220 ) ;
#2217 = VERTEX_POINT ( 'NONE', #2732 ) ;
#2218 = STYLED_ITEM ( 'NONE', ( #2095 ), #1686 ) ;
#2219 = LINE ( 'NONE', #2974, #555 ) ;
#2220 = VECTOR ( 'NONE', #1964, 1000.000000000000114 ) ;
#2221 = VECTOR ( 'NONE', #1629, 1000.000000000000000 ) ;
#2222 = FACE_BOUND ( 'NONE', #896, .T. ) ;
#2223 = LINE ( 'NONE', #3236, #1415 ) ;
#2224 = SURFACE_STYLE_FILL_AREA ( #1438 ) ;
#2225 = FILL_AREA_STYLE ('',( #2074 ) ) ;
#2226 =( NAMED_UNIT ( * ) SI_UNIT ( $, .STERADIAN. ) SOLID_ANGLE_UNIT ( ) );
#2227 = ORIENTED_EDGE ( 'NONE', *, *, #1248, .F. ) ;
#2228 = EDGE_CURVE ( 'NONE', #3083, #460, #1200, .T. ) ;
#2229 = CARTESIAN_POINT ( 'NONE',  ( -0.5649999999999996136, 0.1000000000000000056, -1.350000000000000089 ) ) ;
#2230 = EDGE_CURVE ( 'NONE', #2895, #1178, #3307, .T. ) ;
#2231 = DIRECTION ( 'NONE',  ( 0.000000000000000000, 0.000000000000000000, -1.000000000000000000 ) ) ;
#2232 = CARTESIAN_POINT ( 'NONE',  ( -1.064999999999999725, 0.000000000000000000, 1.350000000000000089 ) ) ;
#2233 = PLANE ( 'NONE',  #2958 ) ;
#2234 = ORIENTED_EDGE ( 'NONE', *, *, #3041, .T. ) ;
#2235 = ORIENTED_EDGE ( 'NONE', *, *, #227, .T. ) ;
#2236 = SURFACE_STYLE_USAGE ( .BOTH. , #914 ) ;
#2237 =( NAMED_UNIT ( * ) SI_UNIT ( $, .STERADIAN. ) SOLID_ANGLE_UNIT ( ) );
#2238 = FILL_AREA_STYLE ('',( #2452 ) ) ;
#2239 =( GEOMETRIC_REPRESENTATION_CONTEXT ( 3 ) GLOBAL_UNCERTAINTY_ASSIGNED_CONTEXT ( ( #870 ) ) GLOBAL_UNIT_ASSIGNED_CONTEXT ( ( #2444, #1945, #3206 ) ) REPRESENTATION_CONTEXT ( 'NONE', 'WORKASPACE' ) );
#2240 = LINE ( 'NONE', #1678, #1161 ) ;
#2241 = LINE ( 'NONE', #1498, #444 ) ;
#2242 = CARTESIAN_POINT ( 'NONE',  ( 0.6806169852840326939, 1.999900000000000233, -0.5935331636772722685 ) ) ;
#2243 = ORIENTED_EDGE ( 'NONE', *, *, #1877, .T. ) ;
#2244 = FILL_AREA_STYLE ('',( #1221 ) ) ;
#2245 = CARTESIAN_POINT ( 'NONE',  ( -0.3464371228164651040, 1.999900000000000233, 0.3398425196850423102 ) ) ;
#2246 = SURFACE_STYLE_FILL_AREA ( #630 ) ;
#2247 = ORIENTED_EDGE ( 'NONE', *, *, #1324, .T. ) ;
#2248 = LINE ( 'NONE', #3257, #1642 ) ;
#2249 = ORIENTED_EDGE ( 'NONE', *, *, #1902, .T. ) ;
#2250 = AXIS2_PLACEMENT_3D ( 'NONE', #320, #2148, #1359 ) ;
#2251 = DIRECTION ( 'NONE',  ( 0.8422489274984858998, 0.000000000000000000, -0.5390888091285610528 ) ) ;
#2252 = FILL_AREA_STYLE_COLOUR ( '', #3170 ) ;
#2253 = VECTOR ( 'NONE', #249, 1000.000000000000000 ) ;
#2254 = EDGE_CURVE ( 'NONE', #2217, #3121, #133, .T. ) ;
#2255 = DIRECTION ( 'NONE',  ( 0.8423401905372559506, 0.000000000000000000, 0.5389461971344258195 ) ) ;
#2256 = VECTOR ( 'NONE', #2528, 1000.000000000000000 ) ;
#2257 =( NAMED_UNIT ( * ) PLANE_ANGLE_UNIT ( ) SI_UNIT ( $, .RADIAN. ) );
#2258 = STYLED_ITEM ( 'NONE', ( #3292 ), #2484 ) ;
#2259 = ORIENTED_EDGE ( 'NONE', *, *, #2171, .T. ) ;
#2260 = LINE ( 'NONE', #2272, #1102 ) ;
#2261 = PRESENTATION_STYLE_ASSIGNMENT (( #990 ) ) ;
#2262 = ORIENTED_EDGE ( 'NONE', *, *, #650, .T. ) ;
#2263 = VECTOR ( 'NONE', #1020, 1000.000000000000114 ) ;
#2264 = PRESENTATION_STYLE_ASSIGNMENT (( #3303 ) ) ;
#2265 = FILL_AREA_STYLE_COLOUR ( '', #1665 ) ;
#2266 = ORIENTED_EDGE ( 'NONE', *, *, #2228, .F. ) ;
#2267 = AXIS2_PLACEMENT_3D ( 'NONE', #1381, #1932, #342 ) ;
#2268 = FACE_OUTER_BOUND ( 'NONE', #2295, .T. ) ;
#2269 = PRESENTATION_LAYER_ASSIGNMENT (  '', '', ( #390 ) ) ;
#2270 = DIRECTION ( 'NONE',  ( 0.000000000000000000, 0.000000000000000000, -1.000000000000000000 ) ) ;
#2271 = AXIS2_PLACEMENT_3D ( 'NONE', #1385, #954, #2642 ) ;
#2272 = CARTESIAN_POINT ( 'NONE',  ( 0.6806169852840326939, 1.999900000000000233, 0.1431455222201637734 ) ) ;
#2273 = DIRECTION ( 'NONE',  ( -0.8422499766716468050, 0.000000000000000000, 0.5390871699424967245 ) ) ;
#2274 = ORIENTED_EDGE ( 'NONE', *, *, #1651, .T. ) ;
#2275 = UNCERTAINTY_MEASURE_WITH_UNIT (LENGTH_MEASURE( 1.000000000000000082E-05 ), #1573, 'distance_accuracy_value', 'NONE');
#2276 = AXIS2_PLACEMENT_3D ( 'NONE', #2767, #904, #2652 ) ;
#2277 =( LENGTH_UNIT ( ) NAMED_UNIT ( * ) SI_UNIT ( .MILLI., .METRE. ) );
#2278 = VERTEX_POINT ( 'NONE', #2112 ) ;
#2279 = ORIENTED_EDGE ( 'NONE', *, *, #1388, .T. ) ;
#2280 = AXIS2_PLACEMENT_3D ( 'NONE', #45, #1563, #1630 ) ;
#2281 = VECTOR ( 'NONE', #2391, 1000.000000000000114 ) ;
#2282 = DIRECTION ( 'NONE',  ( -0.000000000000000000, 1.000000000000000000, -0.000000000000000000 ) ) ;
#2283 = ADVANCED_FACE ( 'NONE', ( #2679 ), #1182, .F. ) ;
#2284 = FACE_OUTER_BOUND ( 'NONE', #1687, .T. ) ;
#2285 = FACE_OUTER_BOUND ( 'NONE', #338, .T. ) ;
#2286 = MECHANICAL_DESIGN_GEOMETRIC_PRESENTATION_REPRESENTATION (  '', ( #2656 ), #237 ) ;
#2287 =( NAMED_UNIT ( * ) SI_UNIT ( $, .STERADIAN. ) SOLID_ANGLE_UNIT ( ) );
#2288 = LINE ( 'NONE', #2302, #1292 ) ;
#2289 = EDGE_CURVE ( 'NONE', #1787, #2895, #2130, .T. ) ;
#2290 = CARTESIAN_POINT ( 'NONE',  ( -1.064999999999999725, 0.000000000000000000, -1.350000000000000089 ) ) ;
#2291 = ORIENTED_EDGE ( 'NONE', *, *, #561, .F. ) ;
#2292 = FACE_OUTER_BOUND ( 'NONE', #2449, .T. ) ;
#2293 = DIRECTION ( 'NONE',  ( -1.000000000000000000, 0.000000000000000000, 0.000000000000000000 ) ) ;
#2294 = SURFACE_STYLE_FILL_AREA ( #1273 ) ;
#2295 = EDGE_LOOP ( 'NONE', ( #2175, #254, #2180, #2552 ) ) ;
#2296 = CARTESIAN_POINT ( 'NONE',  ( 0.6806169852840326939, 1.999900000000000233, 0.1431455222201637734 ) ) ;
#2297 = ORIENTED_EDGE ( 'NONE', *, *, #3165, .F. ) ;
#2298 = PRESENTATION_LAYER_ASSIGNMENT (  '', '', ( #961 ) ) ;
#2299 = PLANE ( 'NONE',  #524 ) ;
#2300 = PRESENTATION_STYLE_ASSIGNMENT (( #487 ) ) ;
#2301 = SURFACE_STYLE_FILL_AREA ( #1534 ) ;
#2302 = CARTESIAN_POINT ( 'NONE',  ( 1.600000000000000089, 0.1000000000000000056, 1.599999999999999867 ) ) ;
#2303 = STYLED_ITEM ( 'NONE', ( #2307 ), #2453 ) ;
#2304 = ORIENTED_EDGE ( 'NONE', *, *, #2344, .F. ) ;
#2305 = VECTOR ( 'NONE', #2162, 1000.000000000000000 ) ;
#2306 = DIRECTION ( 'NONE',  ( 1.000000000000000000, 0.000000000000000000, -1.355252715606880789E-16 ) ) ;
#2307 = PRESENTATION_STYLE_ASSIGNMENT (( #263 ) ) ;
#2308 = ORIENTED_EDGE ( 'NONE', *, *, #65, .F. ) ;
#2309 = ORIENTED_EDGE ( 'NONE', *, *, #3111, .T. ) ;
#2310 = VECTOR ( 'NONE', #2001, 1000.000000000000000 ) ;
#2311 =( GEOMETRIC_REPRESENTATION_CONTEXT ( 3 ) GLOBAL_UNCERTAINTY_ASSIGNED_CONTEXT ( ( #2149 ) ) GLOBAL_UNIT_ASSIGNED_CONTEXT ( ( #2169, #91, #361 ) ) REPRESENTATION_CONTEXT ( 'NONE', 'WORKASPACE' ) );
#2312 = LINE ( 'NONE', #1249, #1028 ) ;
#2313 =( NAMED_UNIT ( * ) SI_UNIT ( $, .STERADIAN. ) SOLID_ANGLE_UNIT ( ) );
#2314 = FACE_OUTER_BOUND ( 'NONE', #43, .T. ) ;
#2315 = CARTESIAN_POINT ( 'NONE',  ( -0.5649999999999996136, 0.000000000000000000, 1.350000000000000089 ) ) ;
#2316 = PRESENTATION_LAYER_ASSIGNMENT (  '', '', ( #1781 ) ) ;
#2317 = PRESENTATION_LAYER_ASSIGNMENT (  '', '', ( #1367 ) ) ;
#2318 = ADVANCED_FACE ( 'NONE', ( #1153 ), #1659, .F. ) ;
#2319 = ORIENTED_EDGE ( 'NONE', *, *, #1002, .F. ) ;
#2320 = VECTOR ( 'NONE', #3199, 1000.000000000000000 ) ;
#2321 = VERTEX_POINT ( 'NONE', #9 ) ;
#2322 = EDGE_CURVE ( 'NONE', #446, #709, #1073, .T. ) ;
#2323 = CARTESIAN_POINT ( 'NONE',  ( -0.3464371228164651040, 2.000000000000000000, 0.3398425196850423102 ) ) ;
#2324 = SURFACE_SIDE_STYLE ('',( #200 ) ) ;
#2325 = ORIENTED_EDGE ( 'NONE', *, *, #2230, .F. ) ;
#2326 = DIRECTION ( 'NONE',  ( 1.000000000000000000, 0.000000000000000000, 0.000000000000000000 ) ) ;
#2327 = ORIENTED_EDGE ( 'NONE', *, *, #47, .F. ) ;
#2328 = EDGE_CURVE ( 'NONE', #2771, #147, #1588, .T. ) ;
#2329 = PRESENTATION_LAYER_ASSIGNMENT (  '', '', ( #454 ) ) ;
#2330 = VECTOR ( 'NONE', #64, 1000.000000000000000 ) ;
#2331 = LINE ( 'NONE', #527, #203 ) ;
#2332 = FILL_AREA_STYLE ('',( #14 ) ) ;
#2333 =( NAMED_UNIT ( * ) SI_UNIT ( $, .STERADIAN. ) SOLID_ANGLE_UNIT ( ) );
#2334 = SURFACE_STYLE_USAGE ( .BOTH. , #863 ) ;
#2335 = CARTESIAN_POINT ( 'NONE',  ( -0.5649999999999996136, 0.000000000000000000, -1.350000000000000089 ) ) ;
#2336 = PRESENTATION_STYLE_ASSIGNMENT (( #66 ) ) ;
#2337 = PRESENTATION_LAYER_ASSIGNMENT (  '', '', ( #2020 ) ) ;
#2338 = ORIENTED_EDGE ( 'NONE', *, *, #2902, .T. ) ;
#2339 = UNCERTAINTY_MEASURE_WITH_UNIT (LENGTH_MEASURE( 1.000000000000000082E-05 ), #2059, 'distance_accuracy_value', 'NONE');
#2340 = ORIENTED_EDGE ( 'NONE', *, *, #921, .F. ) ;
#2341 = DIRECTION ( 'NONE',  ( 0.000000000000000000, -0.000000000000000000, -1.000000000000000000 ) ) ;
#2342 = SURFACE_SIDE_STYLE ('',( #1321 ) ) ;
#2343 = ORIENTED_EDGE ( 'NONE', *, *, #2560, .T. ) ;
#2344 = EDGE_CURVE ( 'NONE', #993, #2571, #2707, .T. ) ;
#2345 = SURFACE_STYLE_USAGE ( .BOTH. , #1325 ) ;
#2346 = DIRECTION ( 'NONE',  ( 0.000000000000000000, -0.000000000000000000, 1.000000000000000000 ) ) ;
#2347 = DIRECTION ( 'NONE',  ( 0.8422499766716468050, 0.000000000000000000, 0.5390871699424967245 ) ) ;
#2348 = CARTESIAN_POINT ( 'NONE',  ( 0.8851442288737763064, 2.000000000000000000, 0.01223606709195864013 ) ) ;
#2349 = EDGE_CURVE ( 'NONE', #2995, #3330, #1934, .T. ) ;
#2350 = DIRECTION ( 'NONE',  ( -0.000000000000000000, 1.000000000000000000, -0.000000000000000000 ) ) ;
#2351 = PRESENTATION_LAYER_ASSIGNMENT (  '', '', ( #1931 ) ) ;
#2352 = VERTEX_POINT ( 'NONE', #2746 ) ;
#2353 = DIRECTION ( 'NONE',  ( -0.000000000000000000, 1.000000000000000000, -0.000000000000000000 ) ) ;
#2354 = LINE ( 'NONE', #3328, #3100 ) ;
#2355 = ORIENTED_EDGE ( 'NONE', *, *, #1766, .F. ) ;
#2356 = ORIENTED_EDGE ( 'NONE', *, *, #2818, .F. ) ;
#2357 = CARTESIAN_POINT ( 'NONE',  ( 1.180616985284032694, 1.999900000000000233, 0.5726327017073432613 ) ) ;
#2358 = CARTESIAN_POINT ( 'NONE',  ( 1.180616985284032694, 1.999900000000000233, -0.5481605675234261232 ) ) ;
#2359 = CARTESIAN_POINT ( 'NONE',  ( 0.6806169852840326939, 1.999900000000000233, 0.6180052978611894066 ) ) ;
#2360 = AXIS2_PLACEMENT_3D ( 'NONE', #1995, #912, #2200 ) ;
#2361 =( GEOMETRIC_REPRESENTATION_CONTEXT ( 3 ) GLOBAL_UNCERTAINTY_ASSIGNED_CONTEXT ( ( #1478 ) ) GLOBAL_UNIT_ASSIGNED_CONTEXT ( ( #1181, #687, #395 ) ) REPRESENTATION_CONTEXT ( 'NONE', 'WORKASPACE' ) );
#2362 = ORIENTED_EDGE ( 'NONE', *, *, #1002, .T. ) ;
#2363 = CARTESIAN_POINT ( 'NONE',  ( 0.9256089724635199190, 1.999900000000000233, -0.4367823623952210021 ) ) ;
#2364 = PRESENTATION_LAYER_ASSIGNMENT (  '', '', ( #2731 ) ) ;
#2365 = ADVANCED_FACE ( 'NONE', ( #2185 ), #1183, .F. ) ;
#2366 = FACE_OUTER_BOUND ( 'NONE', #1992, .T. ) ;
#2367 = MECHANICAL_DESIGN_GEOMETRIC_PRESENTATION_REPRESENTATION (  '', ( #433 ), #983 ) ;
#2368 = CARTESIAN_POINT ( 'NONE',  ( 0.8851442288737763064, 1.999900000000000233, 0.01223606709195864013 ) ) ;
#2369 =( GEOMETRIC_REPRESENTATION_CONTEXT ( 3 ) GLOBAL_UNCERTAINTY_ASSIGNED_CONTEXT ( ( #1505 ) ) GLOBAL_UNIT_ASSIGNED_CONTEXT ( ( #1047, #33, #510 ) ) REPRESENTATION_CONTEXT ( 'NONE', 'WORKASPACE' ) );
#2370 = COLOUR_RGB ( '',0.1921568627450980227, 0.2039215686274509776, 0.2039215686274509776 ) ;
#2371 = EDGE_LOOP ( 'NONE', ( #1570, #106, #613, #235 ) ) ;
#2372 = EDGE_CURVE ( 'NONE', #265, #2083, #1948, .T. ) ;
#2373 = PRESENTATION_STYLE_ASSIGNMENT (( #1295 ) ) ;
#2374 = CARTESIAN_POINT ( 'NONE',  ( 1.180616985284032694, 2.000000000000000000, -0.2217382918824004900 ) ) ;
#2375 = VERTEX_POINT ( 'NONE', #1444 ) ;
#2376 = UNCERTAINTY_MEASURE_WITH_UNIT (LENGTH_MEASURE( 1.000000000000000082E-05 ), #479, 'distance_accuracy_value', 'NONE');
#2377 = ORIENTED_EDGE ( 'NONE', *, *, #2042, .F. ) ;
#2378 = VECTOR ( 'NONE', #2255, 1000.000000000000000 ) ;
#2379 = CARTESIAN_POINT ( 'NONE',  ( -1.415835694995793315, 1.999900000000000233, 1.422620850083640587 ) ) ;
#2380 = CARTESIAN_POINT ( 'NONE',  ( -0.3777264928952082657, 1.999900000000000233, -0.1595275590551165357 ) ) ;
#2381 = CARTESIAN_POINT ( 'NONE',  ( -1.064999999999999725, 0.000000000000000000, 1.350000000000000089 ) ) ;
#2382 = ORIENTED_EDGE ( 'NONE', *, *, #2708, .F. ) ;
#2383 = PLANE ( 'NONE',  #2267 ) ;
#2384 = CARTESIAN_POINT ( 'NONE',  ( -0.6737186188794591635, 1.999900000000000233, -0.3103307086614129351 ) ) ;
#2385 = CARTESIAN_POINT ( 'NONE',  ( -0.3464371228164651040, 2.000000000000000000, 0.3398425196850423102 ) ) ;
#2386 = DIRECTION ( 'NONE',  ( -0.000000000000000000, 1.000000000000000000, -0.000000000000000000 ) ) ;
#2387 = UNCERTAINTY_MEASURE_WITH_UNIT (LENGTH_MEASURE( 1.000000000000000082E-05 ), #76, 'distance_accuracy_value', 'NONE');
#2388 = COLOUR_RGB ( '',0.8274509803921568096, 0.8392156862745098200, 0.8274509803921568096 ) ;
#2389 = B_SPLINE_CURVE_WITH_KNOTS ( 'NONE', 3,
 ( #1099, #3156, #1352, #333 ),
 .UNSPECIFIED., .F., .F.,
 ( 4, 4 ),
 ( 0.8181818181818183433, 0.9090909090909092827 ),
 .UNSPECIFIED. ) ;
#2390 = ORIENTED_EDGE ( 'NONE', *, *, #761, .T. ) ;
#2391 = DIRECTION ( 'NONE',  ( -0.8421872852981131530, 0.000000000000000000, -0.5391851040989491528 ) ) ;
#2392 = DIRECTION ( 'NONE',  ( 0.000000000000000000, 0.000000000000000000, 1.000000000000000000 ) ) ;
#2393 = EDGE_LOOP ( 'NONE', ( #497, #2407, #56, #1289 ) ) ;
#2394 = ORIENTED_EDGE ( 'NONE', *, *, #2948, .F. ) ;
#2395 = CARTESIAN_POINT ( 'NONE',  ( -1.239421662711972294, 1.999900000000000233, -1.422620850083640143 ) ) ;
#2396 = DIRECTION ( 'NONE',  ( 0.8422489274984858998, 0.000000000000000000, -0.5390888091285611639 ) ) ;
#2397 = FACE_OUTER_BOUND ( 'NONE', #2129, .T. ) ;
#2398 = ORIENTED_EDGE ( 'NONE', *, *, #753, .F. ) ;
#2399 = LINE ( 'NONE', #2660, #1962 ) ;
#2400 =( NAMED_UNIT ( * ) SI_UNIT ( $, .STERADIAN. ) SOLID_ANGLE_UNIT ( ) );
#2401 = ORIENTED_EDGE ( 'NONE', *, *, #533, .T. ) ;
#2402 = DIRECTION ( 'NONE',  ( 0.000000000000000000, 0.000000000000000000, 1.000000000000000000 ) ) ;
#2403 = SURFACE_SIDE_STYLE ('',( #351 ) ) ;
#2404 = LINE ( 'NONE', #84, #2556 ) ;
#2405 =( LENGTH_UNIT ( ) NAMED_UNIT ( * ) SI_UNIT ( .MILLI., .METRE. ) );
#2406 = LINE ( 'NONE', #822, #3237 ) ;
#2407 = ORIENTED_EDGE ( 'NONE', *, *, #878, .F. ) ;
#2408 = ORIENTED_EDGE ( 'NONE', *, *, #641, .F. ) ;
#2409 = ADVANCED_FACE ( 'NONE', ( #2970 ), #1412, .T. ) ;
#2410 = SURFACE_SIDE_STYLE ('',( #908 ) ) ;
#2411 = FILL_AREA_STYLE_COLOUR ( '', #3213 ) ;
#2412 = ORIENTED_EDGE ( 'NONE', *, *, #182, .T. ) ;
#2413 =( NAMED_UNIT ( * ) PLANE_ANGLE_UNIT ( ) SI_UNIT ( $, .RADIAN. ) );
#2414 = UNCERTAINTY_MEASURE_WITH_UNIT (LENGTH_MEASURE( 1.000000000000000082E-05 ), #1911, 'distance_accuracy_value', 'NONE');
#2415 = MECHANICAL_DESIGN_GEOMETRIC_PRESENTATION_REPRESENTATION (  '', ( #532 ), #2361 ) ;
#2416 = VECTOR ( 'NONE', #1958, 1000.000000000000000 ) ;
#2417 = ORIENTED_EDGE ( 'NONE', *, *, #327, .F. ) ;
#2418 = SURFACE_STYLE_USAGE ( .BOTH. , #897 ) ;
#2419 = LINE ( 'NONE', #1420, #1298 ) ;
#2420 =( NAMED_UNIT ( * ) PLANE_ANGLE_UNIT ( ) SI_UNIT ( $, .RADIAN. ) );
#2421 = ORIENTED_EDGE ( 'NONE', *, *, #1949, .T. ) ;
#2422 = DIRECTION ( 'NONE',  ( 0.8422489274984858998, 0.000000000000000000, -0.5390888091285610528 ) ) ;
#2423 = PLANE ( 'NONE',  #455 ) ;
#2424 = CARTESIAN_POINT ( 'NONE',  ( 1.064999999999999725, 0.000000000000000000, -1.350000000000000311 ) ) ;
#2425 = COLOUR_RGB ( '',1.000000000000000000, 1.000000000000000000, 1.000000000000000000 ) ;
#2426 = SURFACE_STYLE_FILL_AREA ( #2968 ) ;
#2427 = PRESENTATION_STYLE_ASSIGNMENT (( #1408 ) ) ;
#2428 = EDGE_CURVE ( 'NONE', #1926, #265, #731, .T. ) ;
#2429 = AXIS2_PLACEMENT_3D ( 'NONE', #783, #1516, #1016 ) ;
#2430 = SURFACE_STYLE_USAGE ( .BOTH. , #1460 ) ;
#2431 = LINE ( 'NONE', #979, #2066 ) ;
#2432 = PRESENTATION_LAYER_ASSIGNMENT (  '', '', ( #1471 ) ) ;
#2433 = EDGE_CURVE ( 'NONE', #265, #1376, #554, .T. ) ;
#2434 = VERTEX_POINT ( 'NONE', #652 ) ;
#2435 = FILL_AREA_STYLE_COLOUR ( '', #1830 ) ;
#2436 = STYLED_ITEM ( 'NONE', ( #1953 ), #1279 ) ;
#2437 =( NAMED_UNIT ( * ) PLANE_ANGLE_UNIT ( ) SI_UNIT ( $, .RADIAN. ) );
#2438 = DIRECTION ( 'NONE',  ( 0.000000000000000000, 0.000000000000000000, 1.000000000000000000 ) ) ;
#2439 = STYLED_ITEM ( 'NONE', ( #3268 ), #1371 ) ;
#2440 = VECTOR ( 'NONE', #1698, 1000.000000000000000 ) ;
#2441 = STYLED_ITEM ( 'NONE', ( #2213 ), #512 ) ;
#2442 = ORIENTED_EDGE ( 'NONE', *, *, #2530, .T. ) ;
#2443 = CARTESIAN_POINT ( 'NONE',  ( -1.064999999999999725, 0.000000000000000000, -1.350000000000000089 ) ) ;
#2444 =( LENGTH_UNIT ( ) NAMED_UNIT ( * ) SI_UNIT ( .MILLI., .METRE. ) );
#2445 = CARTESIAN_POINT ( 'NONE',  ( 1.180616985284032694, 2.000000000000000000, 0.2462104260663175448 ) ) ;
#2446 = CARTESIAN_POINT ( 'NONE',  ( 1.180616985284032694, 1.999900000000000233, 0.2979932786304201331 ) ) ;
#2447 = DIRECTION ( 'NONE',  ( 1.000000000000000000, 0.000000000000000000, 0.000000000000000000 ) ) ;
#2448 = FILL_AREA_STYLE_COLOUR ( '', #2721 ) ;
#2449 = EDGE_LOOP ( 'NONE', ( #3146, #1640, #1747, #1092 ) ) ;
#2450 = AXIS2_PLACEMENT_3D ( 'NONE', #3241, #2231, #1442 ) ;
#2451 = EDGE_CURVE ( 'NONE', #1812, #3277, #508, .T. ) ;
#2452 = FILL_AREA_STYLE_COLOUR ( '', #2927 ) ;
#2453 = ADVANCED_FACE ( 'NONE', ( #1786 ), #1525, .T. ) ;
#2454 = ADVANCED_FACE ( 'NONE', ( #1241 ), #3276, .T. ) ;
#2455 = LINE ( 'NONE', #680, #2858 ) ;
#2456 = CARTESIAN_POINT ( 'NONE',  ( 0.5649999999999996136, 0.000000000000000000, -1.350000000000000311 ) ) ;
#2457 =( NAMED_UNIT ( * ) SI_UNIT ( $, .STERADIAN. ) SOLID_ANGLE_UNIT ( ) );
#2458 = CARTESIAN_POINT ( 'NONE',  ( -1.016826886595993074, 2.000000000000000000, 0.1189940944881940493 ) ) ;
#2459 = DIRECTION ( 'NONE',  ( 0.5390888091285611639, 0.000000000000000000, -0.8422489274984860108 ) ) ;
#2460 =( NAMED_UNIT ( * ) SI_UNIT ( $, .STERADIAN. ) SOLID_ANGLE_UNIT ( ) );
#2461 = DIRECTION ( 'NONE',  ( -0.8422489274984861218, 0.000000000000000000, -0.5390888091285608308 ) ) ;
#2462 = DIRECTION ( 'NONE',  ( 0.5391851040989491528, 0.000000000000000000, -0.8421872852981131530 ) ) ;
#2463 = ORIENTED_EDGE ( 'NONE', *, *, #3142, .T. ) ;
#2464 = SURFACE_STYLE_FILL_AREA ( #2238 ) ;
#2465 = EDGE_CURVE ( 'NONE', #1850, #2054, #775, .T. ) ;
#2466 = CARTESIAN_POINT ( 'NONE',  ( -1.600000000000000089, 2.000000000000000000, -1.599999999999999867 ) ) ;
#2467 = FILL_AREA_STYLE_COLOUR ( '', #2917 ) ;
#2468 = PRESENTATION_LAYER_ASSIGNMENT (  '', '', ( #585 ) ) ;
#2469 = LINE ( 'NONE', #1924, #1005 ) ;
#2470 = STYLED_ITEM ( 'NONE', ( #1284 ), #2625 ) ;
#2471 = CARTESIAN_POINT ( 'NONE',  ( 1.180616985284032694, 1.999900000000000233, -0.5481605675234261232 ) ) ;
#2472 = VECTOR ( 'NONE', #1750, 1000.000000000000227 ) ;
#2473 = CARTESIAN_POINT ( 'NONE',  ( -0.2581438157298540648, 2.000000000000000000, -0.3136988188976359004 ) ) ;
#2474 = STYLED_ITEM ( 'NONE', ( #1906 ), #669 ) ;
#2475 = CARTESIAN_POINT ( 'NONE',  ( -0.02976192596607432628, 1.999900000000000233, -0.5366929133858255874 ) ) ;
#2476 = ORIENTED_EDGE ( 'NONE', *, *, #3003, .T. ) ;
#2477 = CARTESIAN_POINT ( 'NONE',  ( -0.9174548393519011968, 2.000000000000000000, -0.2263956692913342006 ) ) ;
#2478 = B_SPLINE_SURFACE_WITH_KNOTS ( 'NONE', 3, 1, ( 
 ( #2648, #1864 ),
 ( #2137, #350 ),
 ( #602, #2064 ),
 ( #1315, #1118 ) ),
 .UNSPECIFIED., .F., .F., .F.,
 ( 4, 4 ),
 ( 2, 2 ),
 ( 0.000000000000000000, 0.09090909090909091161 ),
 ( 0.000000000000000000, 1.000000000000000000 ),
 .UNSPECIFIED. ) ;
#2479 = FACE_OUTER_BOUND ( 'NONE', #1445, .T. ) ;
#2480 = AXIS2_PLACEMENT_3D ( 'NONE', #579, #596, #1308 ) ;
#2481 = CARTESIAN_POINT ( 'NONE',  ( 1.064999999999999725, 0.000000000000000000, -1.350000000000000311 ) ) ;
#2482 = SURFACE_STYLE_USAGE ( .BOTH. , #544 ) ;
#2483 = LINE ( 'NONE', #1035, #2618 ) ;
#2484 = ADVANCED_FACE ( 'NONE', ( #2551 ), #246, .F. ) ;
#2485 = CARTESIAN_POINT ( 'NONE',  ( 1.180616985284032694, 1.999900000000000233, -0.5999434200875286560 ) ) ;
#2486 = CARTESIAN_POINT ( 'NONE',  ( -0.3777264928952082657, 1.999900000000000233, -0.1595275590551165357 ) ) ;
#2487 = PLANE ( 'NONE',  #1384 ) ;
#2488 = FILL_AREA_STYLE_COLOUR ( '', #316 ) ;
#2489 = VECTOR ( 'NONE', #1397, 1000.000000000000000 ) ;
#2490 = ADVANCED_FACE ( 'NONE', ( #839 ), #73, .T. ) ;
#2491 = ORIENTED_EDGE ( 'NONE', *, *, #2230, .T. ) ;
#2492 = ADVANCED_FACE ( 'NONE', ( #321 ), #875, .T. ) ;
#2493 =( NAMED_UNIT ( * ) SI_UNIT ( $, .STERADIAN. ) SOLID_ANGLE_UNIT ( ) );
#2494 = ORIENTED_EDGE ( 'NONE', *, *, #753, .T. ) ;
#2495 = CARTESIAN_POINT ( 'NONE',  ( -0.9174548393519011968, 1.999900000000000233, -0.2263956692913342006 ) ) ;
#2496 =( LENGTH_UNIT ( ) NAMED_UNIT ( * ) SI_UNIT ( .MILLI., .METRE. ) );
#2497 = PRESENTATION_LAYER_ASSIGNMENT (  '', '', ( #1748 ) ) ;
#2498 = FACE_BOUND ( 'NONE', #1375, .T. ) ;
#2499 =( LENGTH_UNIT ( ) NAMED_UNIT ( * ) SI_UNIT ( .MILLI., .METRE. ) );
#2500 = DIRECTION ( 'NONE',  ( 1.000000000000000000, 0.000000000000000000, 0.000000000000000000 ) ) ;
#2501 = CARTESIAN_POINT ( 'NONE',  ( 0.2737006724591231066, 1.999900000000000233, 0.01437007874015852442 ) ) ;
#2502 = SURFACE_STYLE_USAGE ( .BOTH. , #3042 ) ;
#2503 = ORIENTED_EDGE ( 'NONE', *, *, #160, .T. ) ;
#2504 = ADVANCED_FACE ( 'NONE', ( #1322 ), #8, .T. ) ;
#2505 = ORIENTED_EDGE ( 'NONE', *, *, #2171, .F. ) ;
#2506 = LINE ( 'NONE', #1228, #2531 ) ;
#2507 = CARTESIAN_POINT ( 'NONE',  ( -0.04874027242276514349, 1.999900000000000233, 0.4608228346456701430 ) ) ;
#2508 = CARTESIAN_POINT ( 'NONE',  ( 0.6806169852840326939, 1.999900000000000233, -0.2281485482926569053 ) ) ;
#2509 = ORIENTED_EDGE ( 'NONE', *, *, #815, .F. ) ;
#2510 = VECTOR ( 'NONE', #298, 1000.000000000000000 ) ;
#2511 =( NAMED_UNIT ( * ) PLANE_ANGLE_UNIT ( ) SI_UNIT ( $, .RADIAN. ) );
#2512 = MECHANICAL_DESIGN_GEOMETRIC_PRESENTATION_REPRESENTATION (  '', ( #3204 ), #367 ) ;
#2513 = CARTESIAN_POINT ( 'NONE',  ( -0.3441182251786700230, 1.999900000000000233, 0.5527303149606328514 ) ) ;
#2514 = CARTESIAN_POINT ( 'NONE',  ( 0.5649999999999996136, 0.000000000000000000, 1.350000000000000311 ) ) ;
#2515 = SURFACE_STYLE_USAGE ( .BOTH. , #3065 ) ;
#2516 = AXIS2_PLACEMENT_3D ( 'NONE', #2539, #2797, #2570 ) ;
#2517 = SURFACE_STYLE_USAGE ( .BOTH. , #2021 ) ;
#2518 =( LENGTH_UNIT ( ) NAMED_UNIT ( * ) SI_UNIT ( .MILLI., .METRE. ) );
#2519 =( NAMED_UNIT ( * ) SI_UNIT ( $, .STERADIAN. ) SOLID_ANGLE_UNIT ( ) );
#2520 = ORIENTED_EDGE ( 'NONE', *, *, #1833, .T. ) ;
#2521 = STYLED_ITEM ( 'NONE', ( #716 ), #2932 ) ;
#2522 = CARTESIAN_POINT ( 'NONE',  ( -0.3464371228164651040, 2.000000000000000000, 0.3398425196850423102 ) ) ;
#2523 = DIRECTION ( 'NONE',  ( 0.000000000000000000, 0.000000000000000000, -1.000000000000000000 ) ) ;
#2524 = ORIENTED_EDGE ( 'NONE', *, *, #1963, .T. ) ;
#2525 = ADVANCED_FACE ( 'NONE', ( #1224 ), #2233, .T. ) ;
#2526 = MECHANICAL_DESIGN_GEOMETRIC_PRESENTATION_REPRESENTATION (  '', ( #930 ), #594 ) ;
#2527 = COLOUR_RGB ( '',0.8274509803921568096, 0.8392156862745098200, 0.8274509803921568096 ) ;
#2528 = DIRECTION ( 'NONE',  ( -1.000000000000000000, 0.000000000000000000, 1.355252715606880543E-16 ) ) ;
#2529 =( LENGTH_UNIT ( ) NAMED_UNIT ( * ) SI_UNIT ( .MILLI., .METRE. ) );
#2530 = EDGE_CURVE ( 'NONE', #322, #2083, #1487, .T. ) ;
#2531 = VECTOR ( 'NONE', #1738, 1000.000000000000000 ) ;
#2532 = AXIS2_PLACEMENT_3D ( 'NONE', #985, #486, #2821 ) ;
#2533 = CARTESIAN_POINT ( 'NONE',  ( 1.064999999999999725, 0.1000000000000000056, -1.350000000000000311 ) ) ;
#2534 = SURFACE_SIDE_STYLE ('',( #492 ) ) ;
#2535 = UNCERTAINTY_MEASURE_WITH_UNIT (LENGTH_MEASURE( 1.000000000000000082E-05 ), #2518, 'distance_accuracy_value', 'NONE');
#2536 = ORIENTED_EDGE ( 'NONE', *, *, #1550, .T. ) ;
#2537 = VECTOR ( 'NONE', #516, 1000.000000000000000 ) ;
#2538 = CARTESIAN_POINT ( 'NONE',  ( 0.2689605149788099614, 1.999900000000000233, 0.3567736220472458863 ) ) ;
#2539 = CARTESIAN_POINT ( 'NONE',  ( 1.180616985284032694, 1.999900000000000233, 0.2013386311945227491 ) ) ;
#2540 = ORIENTED_EDGE ( 'NONE', *, *, #1942, .T. ) ;
#2541 = CARTESIAN_POINT ( 'NONE',  ( -0.8860138944700116648, 1.999900000000000233, -0.3356850393700730462 ) ) ;
#2542 =( GEOMETRIC_REPRESENTATION_CONTEXT ( 3 ) GLOBAL_UNCERTAINTY_ASSIGNED_CONTEXT ( ( #2068 ) ) GLOBAL_UNIT_ASSIGNED_CONTEXT ( ( #1065, #3114, #1847 ) ) REPRESENTATION_CONTEXT ( 'NONE', 'WORKASPACE' ) );
#2543 = VECTOR ( 'NONE', #3193, 1000.000000000000000 ) ;
#2544 =( NAMED_UNIT ( * ) PLANE_ANGLE_UNIT ( ) SI_UNIT ( $, .RADIAN. ) );
#2545 = EDGE_CURVE ( 'NONE', #2109, #2971, #145, .T. ) ;
#2546 = LINE ( 'NONE', #1283, #2044 ) ;
#2547 = SURFACE_STYLE_FILL_AREA ( #1782 ) ;
#2548 = ORIENTED_EDGE ( 'NONE', *, *, #711, .T. ) ;
#2549 =( NAMED_UNIT ( * ) PLANE_ANGLE_UNIT ( ) SI_UNIT ( $, .RADIAN. ) );
#2550 = DIRECTION ( 'NONE',  ( 0.6128916609699335272, -0.000000000000000000, -0.7901669519244121087 ) ) ;
#2551 = FACE_OUTER_BOUND ( 'NONE', #3211, .T. ) ;
#2552 = ORIENTED_EDGE ( 'NONE', *, *, #1414, .T. ) ;
#2553 = SURFACE_STYLE_FILL_AREA ( #1788 ) ;
#2554 = STYLED_ITEM ( 'NONE', ( #852 ), #717 ) ;
#2555 = CARTESIAN_POINT ( 'NONE',  ( 0.2213758693095143615, 2.000000000000000000, -0.5366929133858265866 ) ) ;
#2556 = VECTOR ( 'NONE', #2282, 1000.000000000000000 ) ;
#2557 = CARTESIAN_POINT ( 'NONE',  ( 0.9256089724635199190, 1.999900000000000233, -0.4367823623952210021 ) ) ;
#2558 =( NAMED_UNIT ( * ) SI_UNIT ( $, .STERADIAN. ) SOLID_ANGLE_UNIT ( ) );
#2559 = CARTESIAN_POINT ( 'NONE',  ( 0.1664979165536132066, 1.999900000000000233, 0.6921062992125998070 ) ) ;
#2560 = EDGE_CURVE ( 'NONE', #1281, #92, #1930, .T. ) ;
#2561 = ADVANCED_FACE ( 'NONE', ( #377 ), #1209, .T. ) ;
#2562 = CARTESIAN_POINT ( 'NONE',  ( 0.9256089724635199190, 1.999900000000000233, 0.03807741324580478370 ) ) ;
#2563 = CARTESIAN_POINT ( 'NONE',  ( -0.2581438157298540648, 1.999900000000000233, -0.3136988188976359004 ) ) ;
#2564 = AXIS2_PLACEMENT_3D ( 'NONE', #2955, #2462, #942 ) ;
#2565 = VERTEX_POINT ( 'NONE', #1735 ) ;
#2566 = UNCERTAINTY_MEASURE_WITH_UNIT (LENGTH_MEASURE( 1.000000000000000082E-05 ), #674, 'distance_accuracy_value', 'NONE');
#2567 = ORIENTED_EDGE ( 'NONE', *, *, #2708, .T. ) ;
#2568 = LINE ( 'NONE', #1126, #1497 ) ;
#2569 =( GEOMETRIC_REPRESENTATION_CONTEXT ( 3 ) GLOBAL_UNCERTAINTY_ASSIGNED_CONTEXT ( ( #971 ) ) GLOBAL_UNIT_ASSIGNED_CONTEXT ( ( #3254, #1989, #1491 ) ) REPRESENTATION_CONTEXT ( 'NONE', 'WORKASPACE' ) );
#2570 = DIRECTION ( 'NONE',  ( -0.8421872852981131530, 0.000000000000000000, -0.5391851040989491528 ) ) ;
#2571 = VERTEX_POINT ( 'NONE', #518 ) ;
#2572 = CARTESIAN_POINT ( 'NONE',  ( -1.600000000000000089, 2.000000000000000000, 1.600000000000000311 ) ) ;
#2573 = PRESENTATION_LAYER_ASSIGNMENT (  '', '', ( #712 ) ) ;
#2574 = LINE ( 'NONE', #2593, #1499 ) ;
#2575 = PRESENTATION_STYLE_ASSIGNMENT (( #1806 ) ) ;
#2576 = CARTESIAN_POINT ( 'NONE',  ( 0.9256089724635199190, 1.999900000000000233, -0.3849995098311184138 ) ) ;
#2577 = CARTESIAN_POINT ( 'NONE',  ( 1.180616985284032694, 2.000000000000000000, -0.1768664970106055001 ) ) ;
#2578 = AXIS2_PLACEMENT_3D ( 'NONE', #1166, #686, #2183 ) ;
#2579 = FACE_OUTER_BOUND ( 'NONE', #879, .T. ) ;
#2580 = VECTOR ( 'NONE', #2270, 1000.000000000000000 ) ;
#2581 = CARTESIAN_POINT ( 'NONE',  ( -1.239421662711972294, 1.999900000000000233, -1.422620850083640143 ) ) ;
#2582 = EDGE_CURVE ( 'NONE', #1832, #3168, #992, .T. ) ;
#2583 = ORIENTED_EDGE ( 'NONE', *, *, #2254, .F. ) ;
#2584 = STYLED_ITEM ( 'NONE', ( #419 ), #67 ) ;
#2585 = ORIENTED_EDGE ( 'NONE', *, *, #2099, .T. ) ;
#2586 = DIRECTION ( 'NONE',  ( 0.000000000000000000, -0.000000000000000000, 1.000000000000000000 ) ) ;
#2587 = SURFACE_STYLE_FILL_AREA ( #3145 ) ;
#2588 = ORIENTED_EDGE ( 'NONE', *, *, #3026, .T. ) ;
#2589 = EDGE_CURVE ( 'NONE', #1376, #1602, #475, .T. ) ;
#2590 = EDGE_CURVE ( 'NONE', #1850, #1787, #1254, .T. ) ;
#2591 = PRESENTATION_LAYER_ASSIGNMENT (  '', '', ( #732 ) ) ;
#2592 = EDGE_CURVE ( 'NONE', #2278, #2885, #3287, .T. ) ;
#2593 = CARTESIAN_POINT ( 'NONE',  ( 1.180616985284032694, 1.999900000000000233, -0.1768664970106055001 ) ) ;
#2594 = ORIENTED_EDGE ( 'NONE', *, *, #2428, .T. ) ;
#2595 = CARTESIAN_POINT ( 'NONE',  ( -1.064999999999999725, 0.000000000000000000, -1.350000000000000089 ) ) ;
#2596 = LINE ( 'NONE', #1079, #99 ) ;
#2597 = SURFACE_STYLE_FILL_AREA ( #1809 ) ;
#2598 = STYLED_ITEM ( 'NONE', ( #2748 ), #1096 ) ;
#2599 = ORIENTED_EDGE ( 'NONE', *, *, #1226, .F. ) ;
#2600 = DIRECTION ( 'NONE',  ( 0.8423374887037072822, 0.000000000000000000, -0.5389504199129376838 ) ) ;
#2601 = FILL_AREA_STYLE_COLOUR ( '', #765 ) ;
#2602 = ORIENTED_EDGE ( 'NONE', *, *, #1606, .F. ) ;
#2603 = EDGE_CURVE ( 'NONE', #620, #972, #3300, .T. ) ;
#2604 = PLANE ( 'NONE',  #2163 ) ;
#2605 = UNCERTAINTY_MEASURE_WITH_UNIT (LENGTH_MEASURE( 1.000000000000000082E-05 ), #2920, 'distance_accuracy_value', 'NONE');
#2606 = SURFACE_SIDE_STYLE ('',( #2154 ) ) ;
#2607 = UNCERTAINTY_MEASURE_WITH_UNIT (LENGTH_MEASURE( 1.000000000000000082E-05 ), #859, 'distance_accuracy_value', 'NONE');
#2608 = DIRECTION ( 'NONE',  ( -0.000000000000000000, 1.000000000000000000, -0.000000000000000000 ) ) ;
#2609 = ORIENTED_EDGE ( 'NONE', *, *, #2837, .T. ) ;
#2610 = SURFACE_STYLE_FILL_AREA ( #2871 ) ;
#2611 = LINE ( 'NONE', #313, #2061 ) ;
#2612 = CARTESIAN_POINT ( 'NONE',  ( 0.8851442288737763064, 1.999900000000000233, -0.4108408559849646147 ) ) ;
#2613 = ORIENTED_EDGE ( 'NONE', *, *, #1125, .F. ) ;
#2614 = ORIENTED_EDGE ( 'NONE', *, *, #418, .T. ) ;
#2615 =( NAMED_UNIT ( * ) SI_UNIT ( $, .STERADIAN. ) SOLID_ANGLE_UNIT ( ) );
#2616 = EDGE_LOOP ( 'NONE', ( #1921, #3148, #805, #2124 ) ) ;
#2617 =( NAMED_UNIT ( * ) PLANE_ANGLE_UNIT ( ) SI_UNIT ( $, .RADIAN. ) );
#2618 = VECTOR ( 'NONE', #1278, 999.9999999999998863 ) ;
#2619 = VECTOR ( 'NONE', #496, 1000.000000000000227 ) ;
#2620 = VECTOR ( 'NONE', #968, 1000.000000000000000 ) ;
#2621 = PLANE ( 'NONE',  #2754 ) ;
#2622 =( LENGTH_UNIT ( ) NAMED_UNIT ( * ) SI_UNIT ( .MILLI., .METRE. ) );
#2623 = MECHANICAL_DESIGN_GEOMETRIC_PRESENTATION_REPRESENTATION (  '', ( #768 ), #592 ) ;
#2624 = CARTESIAN_POINT ( 'NONE',  ( -0.9174548393519011968, 2.000000000000000000, -0.2263956692913342006 ) ) ;
#2625 = ADVANCED_FACE ( 'NONE', ( #1549 ), #1238, .T. ) ;
#2626 = AXIS2_PLACEMENT_3D ( 'NONE', #1454, #1947, #110 ) ;
#2627 = ORIENTED_EDGE ( 'NONE', *, *, #280, .T. ) ;
#2628 = DIRECTION ( 'NONE',  ( 1.000000000000000000, 0.000000000000000000, -0.000000000000000000 ) ) ;
#2629 = ORIENTED_EDGE ( 'NONE', *, *, #1248, .T. ) ;
#2630 = UNCERTAINTY_MEASURE_WITH_UNIT (LENGTH_MEASURE( 1.000000000000000082E-05 ), #1261, 'distance_accuracy_value', 'NONE');
#2631 = ORIENTED_EDGE ( 'NONE', *, *, #2804, .T. ) ;
#2632 = DIRECTION ( 'NONE',  ( -0.000000000000000000, -0.000000000000000000, -1.000000000000000000 ) ) ;
#2633 = MECHANICAL_DESIGN_GEOMETRIC_PRESENTATION_REPRESENTATION (  '', ( #2218 ), #780 ) ;
#2634 = AXIS2_PLACEMENT_3D ( 'NONE', #311, #2870, #568 ) ;
#2635 = DIRECTION ( 'NONE',  ( -0.8422489274984860108, 0.000000000000000000, -0.5390888091285609418 ) ) ;
#2636 = FILL_AREA_STYLE ('',( #1127 ) ) ;
#2637 = VECTOR ( 'NONE', #1427, 1000.000000000000114 ) ;
#2638 = ORIENTED_EDGE ( 'NONE', *, *, #1963, .F. ) ;
#2639 = CARTESIAN_POINT ( 'NONE',  ( 0.9256089724635199190, 1.999900000000000233, 0.4093714837586252542 ) ) ;
#2640 = CARTESIAN_POINT ( 'NONE',  ( -0.8119036582495383625, 2.000000000000000000, -0.005803149606293965188 ) ) ;
#2641 = FILL_AREA_STYLE ('',( #2865 ) ) ;
#2642 = DIRECTION ( 'NONE',  ( 0.8423401905372559506, 0.000000000000000000, 0.5389461971344258195 ) ) ;
#2643 = PRESENTATION_LAYER_ASSIGNMENT (  '', '', ( #2598 ) ) ;
#2644 = COLOUR_RGB ( '',1.000000000000000000, 1.000000000000000000, 1.000000000000000000 ) ;
#2645 = FILL_AREA_STYLE ('',( #1133 ) ) ;
#2646 = EDGE_CURVE ( 'NONE', #233, #2877, #3027, .T. ) ;
#2647 = VERTEX_POINT ( 'NONE', #1765 ) ;
#2648 = CARTESIAN_POINT ( 'NONE',  ( 0.4596101212780215328, 1.999900000000000233, -6.098637220230962441E-17 ) ) ;
#2649 = FILL_AREA_STYLE ('',( #2910 ) ) ;
#2650 = FILL_AREA_STYLE ('',( #1667 ) ) ;
#2651 =( NAMED_UNIT ( * ) SI_UNIT ( $, .STERADIAN. ) SOLID_ANGLE_UNIT ( ) );
#2652 = DIRECTION ( 'NONE',  ( 1.000000000000000000, 0.000000000000000000, 0.000000000000000000 ) ) ;
#2653 = ORIENTED_EDGE ( 'NONE', *, *, #2190, .F. ) ;
#2654 = EDGE_LOOP ( 'NONE', ( #1943, #221, #1413, #1399 ) ) ;
#2655 = CARTESIAN_POINT ( 'NONE',  ( -0.7344056267534750937, 1.999900000000000233, -0.1765905511810994810 ) ) ;
#2656 = STYLED_ITEM ( 'NONE', ( #2264 ), #959 ) ;
#2657 = ORIENTED_EDGE ( 'NONE', *, *, #922, .T. ) ;
#2658 =( NAMED_UNIT ( * ) PLANE_ANGLE_UNIT ( ) SI_UNIT ( $, .RADIAN. ) );
#2659 = ORIENTED_EDGE ( 'NONE', *, *, #1512, .T. ) ;
#2660 = CARTESIAN_POINT ( 'NONE',  ( 1.064999999999999725, 0.000000000000000000, 1.350000000000000311 ) ) ;
#2661 = B_SPLINE_SURFACE_WITH_KNOTS ( 'NONE', 3, 1, ( 
 ( #1527, #1245 ),
 ( #2801, #694 ),
 ( #2541, #2724 ),
 ( #431, #2477 ) ),
 .UNSPECIFIED., .F., .F., .F.,
 ( 4, 4 ),
 ( 2, 2 ),
 ( 0.2727272727272727071, 0.3636363636363636465 ),
 ( 0.000000000000000000, 1.000000000000000000 ),
 .UNSPECIFIED. ) ;
#2662 = PRESENTATION_STYLE_ASSIGNMENT (( #995 ) ) ;
#2663 = ORIENTED_EDGE ( 'NONE', *, *, #3111, .F. ) ;
#2664 = PRESENTATION_STYLE_ASSIGNMENT (( #3135 ) ) ;
#2665 = PRESENTATION_STYLE_ASSIGNMENT (( #158 ) ) ;
#2666 = DIRECTION ( 'NONE',  ( -0.8422489274984861218, 0.000000000000000000, -0.5390888091285608308 ) ) ;
#2667 = AXIS2_PLACEMENT_3D ( 'NONE', #1091, #2128, #2586 ) ;
#2668 = PRESENTATION_STYLE_ASSIGNMENT (( #640 ) ) ;
#2669 = ADVANCED_FACE ( 'NONE', ( #1752 ), #1503, .F. ) ;
#2670 = VECTOR ( 'NONE', #616, 1000.000000000000000 ) ;
#2671 = VERTEX_POINT ( 'NONE', #2374 ) ;
#2672 = FILL_AREA_STYLE_COLOUR ( '', #445 ) ;
#2673 = CARTESIAN_POINT ( 'NONE',  ( 0.6806169852840326939, 1.999900000000000233, -0.2799314008567594381 ) ) ;
#2674 = LINE ( 'NONE', #424, #466 ) ;
#2675 = CARTESIAN_POINT ( 'NONE',  ( -0.6542757054936341188, 2.000000000000000000, -0.4438799212598381061 ) ) ;
#2676 = DIRECTION ( 'NONE',  ( -1.000000000000000000, -0.000000000000000000, -0.000000000000000000 ) ) ;
#2677 = EDGE_CURVE ( 'NONE', #993, #460, #2100, .T. ) ;
#2678 = UNCERTAINTY_MEASURE_WITH_UNIT (LENGTH_MEASURE( 1.000000000000000082E-05 ), #2529, 'distance_accuracy_value', 'NONE');
#2679 = FACE_OUTER_BOUND ( 'NONE', #2654, .T. ) ;
#2680 = ORIENTED_EDGE ( 'NONE', *, *, #2925, .F. ) ;
#2681 = LINE ( 'NONE', #729, #900 ) ;
#2682 = VECTOR ( 'NONE', #1167, 1000.000000000000000 ) ;
#2683 = MECHANICAL_DESIGN_GEOMETRIC_PRESENTATION_REPRESENTATION (  '', ( #536 ), #656 ) ;
#2684 = ORIENTED_EDGE ( 'NONE', *, *, #227, .F. ) ;
#2685 = CARTESIAN_POINT ( 'NONE',  ( 0.6806169852840326939, 2.000000000000000000, -0.5417503111131697358 ) ) ;
#2686 = SURFACE_STYLE_FILL_AREA ( #1186 ) ;
#2687 = FACE_OUTER_BOUND ( 'NONE', #2616, .T. ) ;
#2688 = LINE ( 'NONE', #1451, #699 ) ;
#2689 = ORIENTED_EDGE ( 'NONE', *, *, #2349, .T. ) ;
#2690 = DIRECTION ( 'NONE',  ( -0.8421872852981131530, 0.000000000000000000, -0.5391851040989491528 ) ) ;
#2691 = PLANE ( 'NONE',  #2578 ) ;
#2692 = SURFACE_STYLE_FILL_AREA ( #928 ) ;
#2693 = VERTEX_POINT ( 'NONE', #1317 ) ;
#2694 = EDGE_CURVE ( 'NONE', #556, #586, #2354, .T. ) ;
#2695 = STYLED_ITEM ( 'NONE', ( #2662 ), #1753 ) ;
#2696 = ADVANCED_FACE ( 'NONE', ( #1566 ), #1616, .F. ) ;
#2697 = LINE ( 'NONE', #123, #667 ) ;
#2698 = DIRECTION ( 'NONE',  ( 0.8423374887037071712, 0.000000000000000000, -0.5389504199129376838 ) ) ;
#2699 = LINE ( 'NONE', #407, #2866 ) ;
#2700 = DIRECTION ( 'NONE',  ( 0.6128916609699335272, -0.000000000000000000, -0.7901669519244121087 ) ) ;
#2701 = STYLED_ITEM ( 'NONE', ( #456 ), #1432 ) ;
#2702 = VERTEX_POINT ( 'NONE', #23 ) ;
#2703 = LINE ( 'NONE', #643, #232 ) ;
#2704 = CARTESIAN_POINT ( 'NONE',  ( 0.8851442288737763064, 1.999900000000000233, -0.4108408559849646147 ) ) ;
#2705 = FILL_AREA_STYLE ('',( #2086 ) ) ;
#2706 = UNCERTAINTY_MEASURE_WITH_UNIT (LENGTH_MEASURE( 1.000000000000000082E-05 ), #2496, 'distance_accuracy_value', 'NONE');
#2707 = LINE ( 'NONE', #2475, #305 ) ;
#2708 = EDGE_CURVE ( 'NONE', #310, #3330, #336, .T. ) ;
#2709 = ORIENTED_EDGE ( 'NONE', *, *, #10, .T. ) ;
#2710 = COLOUR_RGB ( '',1.000000000000000000, 1.000000000000000000, 1.000000000000000000 ) ;
#2711 = EDGE_CURVE ( 'NONE', #1246, #556, #2872, .T. ) ;
#2712 = DIRECTION ( 'NONE',  ( 0.8423401905372559506, 0.000000000000000000, 0.5389461971344258195 ) ) ;
#2713 = FACE_OUTER_BOUND ( 'NONE', #1270, .T. ) ;
#2714 = DIRECTION ( 'NONE',  ( 0.8423374887037072822, 0.000000000000000000, -0.5389504199129375728 ) ) ;
#2715 = CARTESIAN_POINT ( 'NONE',  ( -0.3464371228164651040, 2.000000000000000000, 0.3398425196850423102 ) ) ;
#2716 = SURFACE_STYLE_FILL_AREA ( #1696 ) ;
#2717 = MECHANICAL_DESIGN_GEOMETRIC_PRESENTATION_REPRESENTATION (  '', ( #1931 ), #366 ) ;
#2718 = LINE ( 'NONE', #2918, #3294 ) ;
#2719 = SURFACE_STYLE_FILL_AREA ( #2934 ) ;
#2720 = DIRECTION ( 'NONE',  ( 1.000000000000000000, 0.000000000000000000, 0.000000000000000000 ) ) ;
#2721 = COLOUR_RGB ( '',0.8274509803921568096, 0.8392156862745098200, 0.8274509803921568096 ) ;
#2722 = CARTESIAN_POINT ( 'NONE',  ( -0.3776024771471770958, 1.999900000000000233, -0.4350039370078715439 ) ) ;
#2723 = ORIENTED_EDGE ( 'NONE', *, *, #2582, .F. ) ;
#2724 = CARTESIAN_POINT ( 'NONE',  ( -0.8860138944700116648, 2.000000000000000000, -0.3356850393700730462 ) ) ;
#2725 = STYLED_ITEM ( 'NONE', ( #1015 ), #211 ) ;
#2726 = B_SPLINE_CURVE_WITH_KNOTS ( 'NONE', 3,
 ( #1610, #290, #3110, #2624 ),
 .UNSPECIFIED., .F., .F.,
 ( 4, 4 ),
 ( 0.2727272727272727071, 0.3636363636363636465 ),
 .UNSPECIFIED. ) ;
#2727 = DIRECTION ( 'NONE',  ( -0.000000000000000000, 1.000000000000000000, -0.000000000000000000 ) ) ;
#2728 = MECHANICAL_DESIGN_GEOMETRIC_PRESENTATION_REPRESENTATION (  '', ( #864 ), #1555 ) ;
#2729 = SURFACE_STYLE_FILL_AREA ( #1969 ) ;
#2730 = CARTESIAN_POINT ( 'NONE',  ( 1.180616985284032694, 1.999900000000000233, 0.6244155542714457940 ) ) ;
#2731 = STYLED_ITEM ( 'NONE', ( #2668 ), #2835 ) ;
#2732 = CARTESIAN_POINT ( 'NONE',  ( -0.7344056267534750937, 1.999900000000000233, -0.1765905511810994810 ) ) ;
#2733 =( NAMED_UNIT ( * ) SI_UNIT ( $, .STERADIAN. ) SOLID_ANGLE_UNIT ( ) );
#2734 = EDGE_CURVE ( 'NONE', #1011, #202, #1374, .T. ) ;
#2735 = EDGE_CURVE ( 'NONE', #310, #816, #1594, .T. ) ;
#2736 = EDGE_LOOP ( 'NONE', ( #606, #1143, #3014, #447 ) ) ;
#2737 = FACE_OUTER_BOUND ( 'NONE', #1662, .T. ) ;
#2738 = DIRECTION ( 'NONE',  ( 1.000000000000000000, -0.000000000000000000, 0.000000000000000000 ) ) ;
#2739 = CARTESIAN_POINT ( 'NONE',  ( -0.3777264928952082657, 1.999900000000000233, -0.1595275590551165357 ) ) ;
#2740 = FACE_OUTER_BOUND ( 'NONE', #853, .T. ) ;
#2741 = SURFACE_SIDE_STYLE ('',( #1975 ) ) ;
#2742 = LINE ( 'NONE', #443, #1311 ) ;
#2743 = ORIENTED_EDGE ( 'NONE', *, *, #2603, .F. ) ;
#2744 = PRESENTATION_LAYER_ASSIGNMENT (  '', '', ( #543 ) ) ;
#2745 = SURFACE_STYLE_USAGE ( .BOTH. , #2764 ) ;
#2746 = CARTESIAN_POINT ( 'NONE',  ( 1.064999999999999725, 0.1000000000000000056, 1.350000000000000311 ) ) ;
#2747 = ORIENTED_EDGE ( 'NONE', *, *, #1651, .F. ) ;
#2748 = PRESENTATION_STYLE_ASSIGNMENT (( #2236 ) ) ;
#2749 = VECTOR ( 'NONE', #1175, 1000.000000000000114 ) ;
#2750 = MECHANICAL_DESIGN_GEOMETRIC_PRESENTATION_REPRESENTATION (  '', ( #2584 ), #2921 ) ;
#2751 = FACE_OUTER_BOUND ( 'NONE', #1171, .T. ) ;
#2752 = SURFACE_STYLE_FILL_AREA ( #1518 ) ;
#2753 = EDGE_CURVE ( 'NONE', #2067, #310, #866, .T. ) ;
#2754 = AXIS2_PLACEMENT_3D ( 'NONE', #894, #2939, #287 ) ;
#2755 = LINE ( 'NONE', #2789, #1169 ) ;
#2756 = SURFACE_SIDE_STYLE ('',( #1764 ) ) ;
#2757 = FACE_OUTER_BOUND ( 'NONE', #792, .T. ) ;
#2758 = DIRECTION ( 'NONE',  ( -0.000000000000000000, 1.000000000000000000, -0.000000000000000000 ) ) ;
#2759 = CARTESIAN_POINT ( 'NONE',  ( -1.064999999999999725, 0.1000000000000000056, 1.350000000000000089 ) ) ;
#2760 = MECHANICAL_DESIGN_GEOMETRIC_PRESENTATION_REPRESENTATION (  '', ( #454 ), #1305 ) ;
#2761 = VECTOR ( 'NONE', #107, 1000.000000000000000 ) ;
#2762 = VERTEX_POINT ( 'NONE', #3137 ) ;
#2763 = VERTEX_POINT ( 'NONE', #2836 ) ;
#2764 = SURFACE_SIDE_STYLE ('',( #168 ) ) ;
#2765 = ORIENTED_EDGE ( 'NONE', *, *, #2940, .T. ) ;
#2766 = ORIENTED_EDGE ( 'NONE', *, *, #1041, .T. ) ;
#2767 = CARTESIAN_POINT ( 'NONE',  ( -1.415835694995793315, 1.999900000000000233, 1.422620850083640587 ) ) ;
#2768 = MECHANICAL_DESIGN_GEOMETRIC_PRESENTATION_REPRESENTATION (  '', ( #2020 ), #2239 ) ;
#2769 = DIRECTION ( 'NONE',  ( 0.8422489274984860108, 0.000000000000000000, -0.5390888091285609418 ) ) ;
#2770 =( LENGTH_UNIT ( ) NAMED_UNIT ( * ) SI_UNIT ( .MILLI., .METRE. ) );
#2771 = VERTEX_POINT ( 'NONE', #1668 ) ;
#2772 = DIRECTION ( 'NONE',  ( 0.000000000000000000, 0.000000000000000000, -1.000000000000000000 ) ) ;
#2773 = EDGE_CURVE ( 'NONE', #709, #147, #1190, .T. ) ;
#2774 = DIRECTION ( 'NONE',  ( 0.000000000000000000, 0.000000000000000000, -1.000000000000000000 ) ) ;
#2775 = FILL_AREA_STYLE ('',( #183 ) ) ;
#2776 = FILL_AREA_STYLE_COLOUR ( '', #1456 ) ;
#2777 = CARTESIAN_POINT ( 'NONE',  ( 1.600000000000000089, 2.000000000000000000, -1.600000000000000311 ) ) ;
#2778 = SURFACE_STYLE_USAGE ( .BOTH. , #791 ) ;
#2779 = EDGE_LOOP ( 'NONE', ( #2743, #5, #1702, #3187, #68, #3318, #3032, #688, #1910, #560, #2131, #1479 ) ) ;
#2780 = COLOUR_RGB ( '',1.000000000000000000, 1.000000000000000000, 1.000000000000000000 ) ;
#2781 = EDGE_CURVE ( 'NONE', #3121, #1926, #1440, .T. ) ;
#2782 = DIRECTION ( 'NONE',  ( -0.000000000000000000, 1.000000000000000000, -0.000000000000000000 ) ) ;
#2783 =( GEOMETRIC_REPRESENTATION_CONTEXT ( 3 ) GLOBAL_UNCERTAINTY_ASSIGNED_CONTEXT ( ( #1115 ) ) GLOBAL_UNIT_ASSIGNED_CONTEXT ( ( #820, #2658, #94 ) ) REPRESENTATION_CONTEXT ( 'NONE', 'WORKASPACE' ) );
#2784 = ADVANCED_FACE ( 'NONE', ( #700 ), #85, .T. ) ;
#2785 = CARTESIAN_POINT ( 'NONE',  ( 0.9256089724635199190, 2.000000000000000000, -0.3849995098311184138 ) ) ;
#2786 = CARTESIAN_POINT ( 'NONE',  ( -0.5723327921078065206, 1.999900000000000233, 0.2480511811023666524 ) ) ;
#2787 = FILL_AREA_STYLE ('',( #750 ) ) ;
#2788 = LINE ( 'NONE', #2242, #3267 ) ;
#2789 = CARTESIAN_POINT ( 'NONE',  ( 0.6806169852840326939, 1.999900000000000233, -0.2281485482926569053 ) ) ;
#2790 = VECTOR ( 'NONE', #772, 1000.000000000000000 ) ;
#2791 =( NAMED_UNIT ( * ) SI_UNIT ( $, .STERADIAN. ) SOLID_ANGLE_UNIT ( ) );
#2792 = FILL_AREA_STYLE ('',( #2776 ) ) ;
#2793 = MECHANICAL_DESIGN_GEOMETRIC_PRESENTATION_REPRESENTATION (  '', ( #2731 ), #2205 ) ;
#2794 = ORIENTED_EDGE ( 'NONE', *, *, #2451, .F. ) ;
#2795 = AXIS2_PLACEMENT_3D ( 'NONE', #1714, #2738, #2774 ) ;
#2796 = CARTESIAN_POINT ( 'NONE',  ( -0.3464371228164651040, 1.999900000000000233, 0.3398425196850423102 ) ) ;
#2797 = DIRECTION ( 'NONE',  ( 0.5391851040989491528, 0.000000000000000000, -0.8421872852981131530 ) ) ;
#2798 = ORIENTED_EDGE ( 'NONE', *, *, #1297, .F. ) ;
#2799 = EDGE_CURVE ( 'NONE', #2217, #943, #389, .T. ) ;
#2800 = VECTOR ( 'NONE', #1685, 1000.000000000000000 ) ;
#2801 = CARTESIAN_POINT ( 'NONE',  ( -0.7813721621865478140, 1.999900000000000233, -0.4190531496062963601 ) ) ;
#2802 = PRESENTATION_LAYER_ASSIGNMENT (  '', '', ( #931 ) ) ;
#2803 = EDGE_CURVE ( 'NONE', #2186, #1849, #661, .T. ) ;
#2804 = EDGE_CURVE ( 'NONE', #3315, #3103, #1423, .T. ) ;
#2805 = VECTOR ( 'NONE', #1693, 1000.000000000000000 ) ;
#2806 = SURFACE_STYLE_USAGE ( .BOTH. , #1775 ) ;
#2807 = CARTESIAN_POINT ( 'NONE',  ( 1.180616985284032694, 2.000000000000000000, -0.1250836444465028841 ) ) ;
#2808 = MECHANICAL_DESIGN_GEOMETRIC_PRESENTATION_REPRESENTATION (  '', ( #1954 ), #664 ) ;
#2809 = CARTESIAN_POINT ( 'NONE',  ( 0.5649999999999996136, 0.1000000000000000056, -1.350000000000000311 ) ) ;
#2810 = CARTESIAN_POINT ( 'NONE',  ( 0.6806169852840326939, 2.000000000000000000, 0.1431455222201637734 ) ) ;
#2811 = CARTESIAN_POINT ( 'NONE',  ( 1.600000000000000089, 2.000000000000000000, 1.599999999999999867 ) ) ;
#2812 = ORIENTED_EDGE ( 'NONE', *, *, #1978, .T. ) ;
#2813 = SURFACE_STYLE_USAGE ( .BOTH. , #3044 ) ;
#2814 = DIRECTION ( 'NONE',  ( 1.000000000000000000, -0.000000000000000000, -1.355252715606880543E-16 ) ) ;
#2815 = CARTESIAN_POINT ( 'NONE',  ( 1.600000000000000089, 2.000000000000000000, -1.600000000000000311 ) ) ;
#2816 = SURFACE_SIDE_STYLE ('',( #1058 ) ) ;
#2817 = EDGE_LOOP ( 'NONE', ( #292, #1805, #1966, #3140 ) ) ;
#2818 = EDGE_CURVE ( 'NONE', #1849, #300, #371, .T. ) ;
#2819 = FACE_OUTER_BOUND ( 'NONE', #773, .T. ) ;
#2820 = EDGE_CURVE ( 'NONE', #1242, #1799, #408, .T. ) ;
#2821 = DIRECTION ( 'NONE',  ( 0.000000000000000000, -0.000000000000000000, 1.000000000000000000 ) ) ;
#2822 = DIRECTION ( 'NONE',  ( -0.000000000000000000, 1.000000000000000000, -0.000000000000000000 ) ) ;
#2823 = CARTESIAN_POINT ( 'NONE',  ( -1.600000000000000089, 0.1000000000000000056, 1.600000000000000311 ) ) ;
#2824 = CARTESIAN_POINT ( 'NONE',  ( 0.9256089724635199190, 1.999900000000000233, 0.4611543363227278425 ) ) ;
#2825 = VERTEX_POINT ( 'NONE', #625 ) ;
#2826 =( LENGTH_UNIT ( ) NAMED_UNIT ( * ) SI_UNIT ( .MILLI., .METRE. ) );
#2827 = ORIENTED_EDGE ( 'NONE', *, *, #2781, .T. ) ;
#2828 = ORIENTED_EDGE ( 'NONE', *, *, #17, .T. ) ;
#2829 = VECTOR ( 'NONE', #262, 1000.000000000000114 ) ;
#2830 = VECTOR ( 'NONE', #2438, 1000.000000000000000 ) ;
#2831 = FACE_OUTER_BOUND ( 'NONE', #2736, .T. ) ;
#2832 = CARTESIAN_POINT ( 'NONE',  ( 0.6806169852840326939, 2.000000000000000000, 0.5662224452970868738 ) ) ;
#2833 =( NAMED_UNIT ( * ) SI_UNIT ( $, .STERADIAN. ) SOLID_ANGLE_UNIT ( ) );
#2834 =( NAMED_UNIT ( * ) PLANE_ANGLE_UNIT ( ) SI_UNIT ( $, .RADIAN. ) );
#2835 = ADVANCED_FACE ( 'NONE', ( #1712 ), #950, .F. ) ;
#2836 = CARTESIAN_POINT ( 'NONE',  ( -0.3464371228164651040, 2.000000000000000000, 0.3398425196850423102 ) ) ;
#2837 = EDGE_CURVE ( 'NONE', #3016, #1362, #2483, .T. ) ;
#2838 = PRESENTATION_LAYER_ASSIGNMENT (  '', '', ( #529 ) ) ;
#2839 = ORIENTED_EDGE ( 'NONE', *, *, #180, .F. ) ;
#2840 = UNCERTAINTY_MEASURE_WITH_UNIT (LENGTH_MEASURE( 1.000000000000000082E-05 ), #3101, 'distance_accuracy_value', 'NONE');
#2841 = ORIENTED_EDGE ( 'NONE', *, *, #403, .F. ) ;
#2842 = STYLED_ITEM ( 'NONE', ( #2964 ), #2784 ) ;
#2843 = CARTESIAN_POINT ( 'NONE',  ( 1.180616985284032694, 1.999900000000000233, 0.2462104260663175448 ) ) ;
#2844 =( NAMED_UNIT ( * ) PLANE_ANGLE_UNIT ( ) SI_UNIT ( $, .RADIAN. ) );
#2845 = PLANE ( 'NONE',  #1617 ) ;
#2846 =( GEOMETRIC_REPRESENTATION_CONTEXT ( 3 ) GLOBAL_UNCERTAINTY_ASSIGNED_CONTEXT ( ( #2678 ) ) GLOBAL_UNIT_ASSIGNED_CONTEXT ( ( #2529, #1983, #767 ) ) REPRESENTATION_CONTEXT ( 'NONE', 'WORKASPACE' ) );
#2847 = DIRECTION ( 'NONE',  ( 0.000000000000000000, 0.000000000000000000, 1.000000000000000000 ) ) ;
#2848 = ORIENTED_EDGE ( 'NONE', *, *, #2677, .T. ) ;
#2849 = STYLED_ITEM ( 'NONE', ( #285 ), #3283 ) ;
#2850 = DIRECTION ( 'NONE',  ( 0.000000000000000000, 0.000000000000000000, 1.000000000000000000 ) ) ;
#2851 = PRESENTATION_LAYER_ASSIGNMENT (  '', '', ( #1517 ) ) ;
#2852 = LINE ( 'NONE', #548, #1145 ) ;
#2853 = COLOUR_RGB ( '',0.8274509803921568096, 0.8392156862745098200, 0.8274509803921568096 ) ;
#2854 = ADVANCED_FACE ( 'NONE', ( #2285 ), #1006, .T. ) ;
#2855 = MECHANICAL_DESIGN_GEOMETRIC_PRESENTATION_REPRESENTATION (  '', ( #2695 ), #1368 ) ;
#2856 =( NAMED_UNIT ( * ) PLANE_ANGLE_UNIT ( ) SI_UNIT ( $, .RADIAN. ) );
#2857 = ORIENTED_EDGE ( 'NONE', *, *, #416, .T. ) ;
#2858 = VECTOR ( 'NONE', #916, 1000.000000000000000 ) ;
#2859 = EDGE_LOOP ( 'NONE', ( #2247, #3197, #264, #1211 ) ) ;
#2860 = LINE ( 'NONE', #1358, #2510 ) ;
#2861 = SURFACE_SIDE_STYLE ('',( #2108 ) ) ;
#2862 = MECHANICAL_DESIGN_GEOMETRIC_PRESENTATION_REPRESENTATION (  '', ( #1216 ), #2060 ) ;
#2863 = CARTESIAN_POINT ( 'NONE',  ( 0.1664979165536132066, 1.999900000000000233, 0.6921062992125998070 ) ) ;
#2864 = VERTEX_POINT ( 'NONE', #2807 ) ;
#2865 = FILL_AREA_STYLE_COLOUR ( '', #503 ) ;
#2866 = VECTOR ( 'NONE', #2666, 1000.000000000000114 ) ;
#2867 = SURFACE_STYLE_USAGE ( .BOTH. , #2133 ) ;
#2868 = LINE ( 'NONE', #2118, #1355 ) ;
#2869 = VERTEX_POINT ( 'NONE', #179 ) ;
#2870 = DIRECTION ( 'NONE',  ( -1.355252715606880789E-16, 0.000000000000000000, -1.000000000000000000 ) ) ;
#2871 = FILL_AREA_STYLE ('',( #1614 ) ) ;
#2872 = LINE ( 'NONE', #2141, #1990 ) ;
#2873 = CARTESIAN_POINT ( 'NONE',  ( 1.180616985284032694, 1.999900000000000233, -0.1768664970106055001 ) ) ;
#2874 = PRESENTATION_LAYER_ASSIGNMENT (  '', '', ( #130 ) ) ;
#2875 = EDGE_LOOP ( 'NONE', ( #998, #1876, #2583, #1827 ) ) ;
#2876 = UNCERTAINTY_MEASURE_WITH_UNIT (LENGTH_MEASURE( 1.000000000000000082E-05 ), #837, 'distance_accuracy_value', 'NONE');
#2877 = VERTEX_POINT ( 'NONE', #1468 ) ;
#2878 = CARTESIAN_POINT ( 'NONE',  ( -0.2581438157298540648, 2.000000000000000000, -0.3136988188976359004 ) ) ;
#2879 = EDGE_CURVE ( 'NONE', #2825, #1996, #1235, .T. ) ;
#2880 =( NAMED_UNIT ( * ) PLANE_ANGLE_UNIT ( ) SI_UNIT ( $, .RADIAN. ) );
#2881 = SURFACE_SIDE_STYLE ('',( #1893 ) ) ;
#2882 = ORIENTED_EDGE ( 'NONE', *, *, #829, .T. ) ;
#2883 = FILL_AREA_STYLE ('',( #1554 ) ) ;
#2884 =( NAMED_UNIT ( * ) SI_UNIT ( $, .STERADIAN. ) SOLID_ANGLE_UNIT ( ) );
#2885 = VERTEX_POINT ( 'NONE', #228 ) ;
#2886 = CARTESIAN_POINT ( 'NONE',  ( 0.9256089724635199190, 1.999900000000000233, -0.4367823623952210021 ) ) ;
#2887 = UNCERTAINTY_MEASURE_WITH_UNIT (LENGTH_MEASURE( 1.000000000000000082E-05 ), #139, 'distance_accuracy_value', 'NONE');
#2888 = DIRECTION ( 'NONE',  ( -0.000000000000000000, -0.000000000000000000, -1.000000000000000000 ) ) ;
#2889 = ORIENTED_EDGE ( 'NONE', *, *, #2879, .F. ) ;
#2890 = FILL_AREA_STYLE_COLOUR ( '', #836 ) ;
#2891 = LINE ( 'NONE', #1373, #177 ) ;
#2892 = CARTESIAN_POINT ( 'NONE',  ( 0.2213758693095143615, 1.999900000000000233, -0.5366929133858265866 ) ) ;
#2893 = COLOUR_RGB ( '',0.7921568627450980005, 0.8196078431372548767, 0.9333333333333333481 ) ;
#2894 = ORIENTED_EDGE ( 'NONE', *, *, #2818, .T. ) ;
#2895 = VERTEX_POINT ( 'NONE', #1746 ) ;
#2896 = DIRECTION ( 'NONE',  ( -0.000000000000000000, 1.000000000000000000, -0.000000000000000000 ) ) ;
#2897 = LINE ( 'NONE', #2380, #3252 ) ;
#2898 = SURFACE_STYLE_USAGE ( .BOTH. , #1875 ) ;
#2899 = VERTEX_POINT ( 'NONE', #784 ) ;
#2900 = MECHANICAL_DESIGN_GEOMETRIC_PRESENTATION_REPRESENTATION (  '', ( #585 ), #2846 ) ;
#2901 = STYLED_ITEM ( 'NONE', ( #283 ), #2492 ) ;
#2902 = EDGE_CURVE ( 'NONE', #1111, #2671, #1263, .T. ) ;
#2903 = ORIENTED_EDGE ( 'NONE', *, *, #2965, .F. ) ;
#2904 =( NAMED_UNIT ( * ) SI_UNIT ( $, .STERADIAN. ) SOLID_ANGLE_UNIT ( ) );
#2905 = PLANE ( 'NONE',  #3279 ) ;
#2906 = MECHANICAL_DESIGN_GEOMETRIC_PRESENTATION_REPRESENTATION (  '', ( #539 ), #1201 ) ;
#2907 = SURFACE_SIDE_STYLE ('',( #3172 ) ) ;
#2908 = ORIENTED_EDGE ( 'NONE', *, *, #922, .F. ) ;
#2909 = LINE ( 'NONE', #82, #1307 ) ;
#2910 = FILL_AREA_STYLE_COLOUR ( '', #161 ) ;
#2911 = LINE ( 'NONE', #1139, #1546 ) ;
#2912 = FILL_AREA_STYLE_COLOUR ( '', #1882 ) ;
#2913 = ORIENTED_EDGE ( 'NONE', *, *, #2560, .F. ) ;
#2914 = UNCERTAINTY_MEASURE_WITH_UNIT (LENGTH_MEASURE( 1.000000000000000082E-05 ), #3242, 'distance_accuracy_value', 'NONE');
#2915 = ORIENTED_EDGE ( 'NONE', *, *, #3125, .T. ) ;
#2916 = PLANE ( 'NONE',  #580 ) ;
#2917 = COLOUR_RGB ( '',1.000000000000000000, 1.000000000000000000, 1.000000000000000000 ) ;
#2918 = CARTESIAN_POINT ( 'NONE',  ( 0.6806169852840326939, 2.000000000000000000, 0.1949283747842663339 ) ) ;
#2919 =( NAMED_UNIT ( * ) PLANE_ANGLE_UNIT ( ) SI_UNIT ( $, .RADIAN. ) );
#2920 =( LENGTH_UNIT ( ) NAMED_UNIT ( * ) SI_UNIT ( .MILLI., .METRE. ) );
#2921 =( GEOMETRIC_REPRESENTATION_CONTEXT ( 3 ) GLOBAL_UNCERTAINTY_ASSIGNED_CONTEXT ( ( #1068 ) ) GLOBAL_UNIT_ASSIGNED_CONTEXT ( ( #137, #156, #1922 ) ) REPRESENTATION_CONTEXT ( 'NONE', 'WORKASPACE' ) );
#2922 = SURFACE_SIDE_STYLE ('',( #2170 ) ) ;
#2923 = ORIENTED_EDGE ( 'NONE', *, *, #2589, .F. ) ;
#2924 = UNCERTAINTY_MEASURE_WITH_UNIT (LENGTH_MEASURE( 1.000000000000000082E-05 ), #116, 'distance_accuracy_value', 'NONE');
#2925 = EDGE_CURVE ( 'NONE', #1660, #2864, #3039, .T. ) ;
#2926 = EDGE_CURVE ( 'NONE', #586, #2762, #2788, .T. ) ;
#2927 = COLOUR_RGB ( '',1.000000000000000000, 1.000000000000000000, 1.000000000000000000 ) ;
#2928 = ORIENTED_EDGE ( 'NONE', *, *, #135, .T. ) ;
#2929 = PRESENTATION_STYLE_ASSIGNMENT (( #1956 ) ) ;
#2930 = CARTESIAN_POINT ( 'NONE',  ( 0.2755786252150284610, 1.999900000000000233, -0.1215177165354328764 ) ) ;
#2931 = FILL_AREA_STYLE_COLOUR ( '', #380 ) ;
#2932 = ADVANCED_FACE ( 'NONE', ( #2033 ), #3006, .T. ) ;
#2933 = ORIENTED_EDGE ( 'NONE', *, *, #2210, .T. ) ;
#2934 = FILL_AREA_STYLE ('',( #665 ) ) ;
#2935 = VECTOR ( 'NONE', #2982, 1000.000000000000000 ) ;
#2936 = ORIENTED_EDGE ( 'NONE', *, *, #1345, .T. ) ;
#2937 = FILL_AREA_STYLE_COLOUR ( '', #2081 ) ;
#2938 = VERTEX_POINT ( 'NONE', #1561 ) ;
#2939 = DIRECTION ( 'NONE',  ( -0.000000000000000000, 0.000000000000000000, 1.000000000000000000 ) ) ;
#2940 = EDGE_CURVE ( 'NONE', #2938, #3230, #451, .T. ) ;
#2941 = ORIENTED_EDGE ( 'NONE', *, *, #760, .F. ) ;
#2942 = LINE ( 'NONE', #637, #999 ) ;
#2943 = CARTESIAN_POINT ( 'NONE',  ( 0.8851442288737763064, 1.999900000000000233, 0.4353129901688816417 ) ) ;
#2944 = FACE_OUTER_BOUND ( 'NONE', #411, .T. ) ;
#2945 = CARTESIAN_POINT ( 'NONE',  ( 1.600000000000000089, 0.1000000000000000056, 1.599999999999999867 ) ) ;
#2946 = EDGE_LOOP ( 'NONE', ( #3150, #1935, #2304, #2848 ) ) ;
#2947 = CARTESIAN_POINT ( 'NONE',  ( 0.9256089724635199190, 1.999900000000000233, 0.4093714837586252542 ) ) ;
#2948 = EDGE_CURVE ( 'NONE', #2864, #2995, #2868, .T. ) ;
#2949 = EDGE_CURVE ( 'NONE', #92, #1417, #1590, .T. ) ;
#2950 = SURFACE_STYLE_USAGE ( .BOTH. , #2410 ) ;
#2951 = FILL_AREA_STYLE_COLOUR ( '', #1314 ) ;
#2952 = SURFACE_SIDE_STYLE ('',( #910 ) ) ;
#2953 = CARTESIAN_POINT ( 'NONE',  ( 0.6806169852840326939, 1.999900000000000233, 0.6180052978611894066 ) ) ;
#2954 = UNCERTAINTY_MEASURE_WITH_UNIT (LENGTH_MEASURE( 1.000000000000000082E-05 ), #1312, 'distance_accuracy_value', 'NONE');
#2955 = CARTESIAN_POINT ( 'NONE',  ( 1.180616985284032694, 1.999900000000000233, -0.2217382918824004900 ) ) ;
#2956 = VERTEX_POINT ( 'NONE', #2063 ) ;
#2957 = CARTESIAN_POINT ( 'NONE',  ( -0.9174548393519011968, 2.000000000000000000, -0.2263956692913342006 ) ) ;
#2958 = AXIS2_PLACEMENT_3D ( 'NONE', #442, #1701, #426 ) ;
#2959 = VECTOR ( 'NONE', #105, 1000.000000000000000 ) ;
#2960 = MECHANICAL_DESIGN_GEOMETRIC_PRESENTATION_REPRESENTATION (  '', ( #2521 ), #258 ) ;
#2961 = CARTESIAN_POINT ( 'NONE',  ( 0.9256089724635199190, 1.999900000000000233, 0.4611543363227278425 ) ) ;
#2962 = DIRECTION ( 'NONE',  ( 0.000000000000000000, -0.000000000000000000, -1.000000000000000000 ) ) ;
#2963 = CARTESIAN_POINT ( 'NONE',  ( -0.6542757054936341188, 2.000000000000000000, -0.4438799212598381061 ) ) ;
#2964 = PRESENTATION_STYLE_ASSIGNMENT (( #1389 ) ) ;
#2965 = EDGE_CURVE ( 'NONE', #2956, #1720, #272, .T. ) ;
#2966 = LINE ( 'NONE', #2485, #823 ) ;
#2967 = LINE ( 'NONE', #3194, #3062 ) ;
#2968 = FILL_AREA_STYLE ('',( #2983 ) ) ;
#2969 = MECHANICAL_DESIGN_GEOMETRIC_PRESENTATION_REPRESENTATION (  '', ( #1896 ), #1158 ) ;
#2970 = FACE_OUTER_BOUND ( 'NONE', #277, .T. ) ;
#2971 = VERTEX_POINT ( 'NONE', #15 ) ;
#2972 = COLOUR_RGB ( '',1.000000000000000000, 1.000000000000000000, 1.000000000000000000 ) ;
#2973 = COLOUR_RGB ( '',0.1019607843137254888, 0.1019607843137254888, 0.1019607843137254888 ) ;
#2974 = CARTESIAN_POINT ( 'NONE',  ( 1.064999999999999725, 0.000000000000000000, -1.350000000000000311 ) ) ;
#2975 = CARTESIAN_POINT ( 'NONE',  ( 0.6806169852840326939, 1.999900000000000233, -0.1704562406003490849 ) ) ;
#2976 = PRESENTATION_STYLE_ASSIGNMENT (( #3200 ) ) ;
#2977 = PLANE ( 'NONE',  #3012 ) ;
#2978 = CARTESIAN_POINT ( 'NONE',  ( 0.2689605149788099614, 2.000000000000000000, 0.3567736220472458863 ) ) ;
#2979 = DIRECTION ( 'NONE',  ( -0.8422499766716468050, 0.000000000000000000, 0.5390871699424967245 ) ) ;
#2980 = VECTOR ( 'NONE', #20, 1000.000000000000000 ) ;
#2981 = PRESENTATION_STYLE_ASSIGNMENT (( #1959 ) ) ;
#2982 = DIRECTION ( 'NONE',  ( -0.000000000000000000, 1.000000000000000000, -0.000000000000000000 ) ) ;
#2983 = FILL_AREA_STYLE_COLOUR ( '', #1080 ) ;
#2984 = CARTESIAN_POINT ( 'NONE',  ( -0.3441182251786700230, 2.000000000000000000, 0.5527303149606328514 ) ) ;
#2985 = EDGE_LOOP ( 'NONE', ( #2442, #2037, #1704, #2627 ) ) ;
#2986 = FILL_AREA_STYLE ('',( #3244 ) ) ;
#2987 = CARTESIAN_POINT ( 'NONE',  ( -0.5271713747849737786, 1.999900000000000233, -0.4687086614173205379 ) ) ;
#2988 = ORIENTED_EDGE ( 'NONE', *, *, #1626, .T. ) ;
#2989 = CARTESIAN_POINT ( 'NONE',  ( -1.016826886595993074, 1.999900000000000233, 0.1189940944881940493 ) ) ;
#2990 = FILL_AREA_STYLE ('',( #482 ) ) ;
#2991 = UNCERTAINTY_MEASURE_WITH_UNIT (LENGTH_MEASURE( 1.000000000000000082E-05 ), #2017, 'distance_accuracy_value', 'NONE');
#2992 = SURFACE_STYLE_USAGE ( .BOTH. , #3249 ) ;
#2993 = CARTESIAN_POINT ( 'NONE',  ( -0.3776024771471770958, 1.999900000000000233, -0.4350039370078715439 ) ) ;
#2994 = CARTESIAN_POINT ( 'NONE',  ( 1.180616985284032694, 1.999900000000000233, 0.2462104260663175448 ) ) ;
#2995 = VERTEX_POINT ( 'NONE', #309 ) ;
#2996 = LINE ( 'NONE', #702, #2543 ) ;
#2997 = EDGE_LOOP ( 'NONE', ( #1184, #2024, #364, #2262 ) ) ;
#2998 = STYLED_ITEM ( 'NONE', ( #1639 ), #2318 ) ;
#2999 = ORIENTED_EDGE ( 'NONE', *, *, #2433, .T. ) ;
#3000 =( LENGTH_UNIT ( ) NAMED_UNIT ( * ) SI_UNIT ( .MILLI., .METRE. ) );
#3001 = ORIENTED_EDGE ( 'NONE', *, *, #1607, .F. ) ;
#3002 =( NAMED_UNIT ( * ) PLANE_ANGLE_UNIT ( ) SI_UNIT ( $, .RADIAN. ) );
#3003 = EDGE_CURVE ( 'NONE', #1635, #300, #1348, .T. ) ;
#3004 = CARTESIAN_POINT ( 'NONE',  ( -1.600000000000000089, 2.000000000000000000, 1.600000000000000311 ) ) ;
#3005 = DIRECTION ( 'NONE',  ( -0.8421838463247542927, 0.000000000000000000, 0.5391904756110244001 ) ) ;
#3006 = PLANE ( 'NONE',  #1773 ) ;
#3007 = VECTOR ( 'NONE', #1544, 1000.000000000000000 ) ;
#3008 = FILL_AREA_STYLE ('',( #1779 ) ) ;
#3009 = CARTESIAN_POINT ( 'NONE',  ( 0.4596101212780215328, 2.000000000000000000, -6.098637220230962441E-17 ) ) ;
#3010 =( NAMED_UNIT ( * ) PLANE_ANGLE_UNIT ( ) SI_UNIT ( $, .RADIAN. ) );
#3011 = CARTESIAN_POINT ( 'NONE',  ( -1.415835694995793315, 1.999900000000000233, 1.422620850083640587 ) ) ;
#3012 = AXIS2_PLACEMENT_3D ( 'NONE', #138, #1694, #2714 ) ;
#3013 = DIRECTION ( 'NONE',  ( 0.5390888091285608308, 0.000000000000000000, -0.8422489274984861218 ) ) ;
#3014 = ORIENTED_EDGE ( 'NONE', *, *, #2590, .T. ) ;
#3015 = CARTESIAN_POINT ( 'NONE',  ( 0.4543561842701464015, 1.999900000000000233, -0.1636791338582682109 ) ) ;
#3016 = VERTEX_POINT ( 'NONE', #2368 ) ;
#3017 = PRESENTATION_LAYER_ASSIGNMENT (  '', '', ( #1896 ) ) ;
#3018 = VECTOR ( 'NONE', #933, 1000.000000000000000 ) ;
#3019 = EDGE_CURVE ( 'NONE', #1417, #1720, #844, .T. ) ;
#3020 = CARTESIAN_POINT ( 'NONE',  ( 0.6806169852840326939, 1.999900000000000233, 0.5662224452970868738 ) ) ;
#3021 = CARTESIAN_POINT ( 'NONE',  ( 0.000000000000000000, 1.999900000000000233, 0.000000000000000000 ) ) ;
#3022 = VECTOR ( 'NONE', #1202, 1000.000000000000000 ) ;
#3023 = CARTESIAN_POINT ( 'NONE',  ( -1.064999999999999725, 0.000000000000000000, 1.350000000000000089 ) ) ;
#3024 = DIRECTION ( 'NONE',  ( 0.000000000000000000, 0.000000000000000000, -1.000000000000000000 ) ) ;
#3025 = CARTESIAN_POINT ( 'NONE',  ( -0.4857737369896968360, 2.000000000000000000, -0.2824212598425180354 ) ) ;
#3026 = EDGE_CURVE ( 'NONE', #2083, #1602, #2726, .T. ) ;
#3027 = LINE ( 'NONE', #754, #3052 ) ;
#3028 = MECHANICAL_DESIGN_GEOMETRIC_PRESENTATION_REPRESENTATION (  '', ( #2701 ), #1742 ) ;
#3029 = MECHANICAL_DESIGN_GEOMETRIC_PRESENTATION_REPRESENTATION (  '', ( #1577 ), #1484 ) ;
#3030 = VECTOR ( 'NONE', #704, 1000.000000000000000 ) ;
#3031 = ADVANCED_FACE ( 'NONE', ( #2579 ), #40, .F. ) ;
#3032 = ORIENTED_EDGE ( 'NONE', *, *, #2646, .F. ) ;
#3033 = CARTESIAN_POINT ( 'NONE',  ( 1.064999999999999725, 0.1000000000000000056, -1.350000000000000311 ) ) ;
#3034 = SURFACE_STYLE_USAGE ( .BOTH. , #2324 ) ;
#3035 = EDGE_LOOP ( 'NONE', ( #2362, #581, #128, #2548 ) ) ;
#3036 = COLOUR_RGB ( '',1.000000000000000000, 1.000000000000000000, 1.000000000000000000 ) ;
#3037 = FACE_BOUND ( 'NONE', #727, .T. ) ;
#3038 = PLANE ( 'NONE',  #330 ) ;
#3039 = LINE ( 'NONE', #1795, #212 ) ;
#3040 = CARTESIAN_POINT ( 'NONE',  ( -1.239421662711972294, 1.999900000000000233, -1.422620850083640143 ) ) ;
#3041 = EDGE_CURVE ( 'NONE', #2971, #1067, #2852, .T. ) ;
#3042 = SURFACE_SIDE_STYLE ('',( #2547 ) ) ;
#3043 = EDGE_CURVE ( 'NONE', #893, #1111, #2596, .T. ) ;
#3044 = SURFACE_SIDE_STYLE ('',( #3302 ) ) ;
#3045 = ADVANCED_FACE ( 'NONE', ( #348 ), #599, .T. ) ;
#3046 = ORIENTED_EDGE ( 'NONE', *, *, #182, .F. ) ;
#3047 = SURFACE_SIDE_STYLE ('',( #1511 ) ) ;
#3048 = SURFACE_SIDE_STYLE ('',( #1014 ) ) ;
#3049 = CARTESIAN_POINT ( 'NONE',  ( -0.6298859417141036143, 1.999900000000000233, 0.4747342519685079920 ) ) ;
#3050 = SURFACE_STYLE_FILL_AREA ( #1794 ) ;
#3051 = FILL_AREA_STYLE_COLOUR ( '', #1560 ) ;
#3052 = VECTOR ( 'NONE', #741, 1000.000000000000114 ) ;
#3053 = VECTOR ( 'NONE', #1296, 1000.000000000000000 ) ;
#3054 = LINE ( 'NONE', #1780, #1718 ) ;
#3055 = CARTESIAN_POINT ( 'NONE',  ( 0.9256089724635199190, 1.999900000000000233, -0.3849995098311184138 ) ) ;
#3056 = COLOUR_RGB ( '',0.1921568627450980227, 0.2039215686274509776, 0.2039215686274509776 ) ;
#3057 = ADVANCED_FACE ( 'NONE', ( #1732 ), #491, .F. ) ;
#3058 = CARTESIAN_POINT ( 'NONE',  ( 0.1317498850575476721, 2.000000000000000000, -0.3750472440944886965 ) ) ;
#3059 =( NAMED_UNIT ( * ) PLANE_ANGLE_UNIT ( ) SI_UNIT ( $, .RADIAN. ) );
#3060 = ORIENTED_EDGE ( 'NONE', *, *, #204, .T. ) ;
#3061 = FILL_AREA_STYLE_COLOUR ( '', #1150 ) ;
#3062 = VECTOR ( 'NONE', #1700, 1000.000000000000000 ) ;
#3063 = DIRECTION ( 'NONE',  ( 0.000000000000000000, -1.000000000000000000, 0.000000000000000000 ) ) ;
#3064 = SURFACE_SIDE_STYLE ('',( #2046 ) ) ;
#3065 = SURFACE_SIDE_STYLE ('',( #2752 ) ) ;
#3066 =( GEOMETRIC_REPRESENTATION_CONTEXT ( 3 ) GLOBAL_UNCERTAINTY_ASSIGNED_CONTEXT ( ( #2115 ) ) GLOBAL_UNIT_ASSIGNED_CONTEXT ( ( #3274, #598, #2400 ) ) REPRESENTATION_CONTEXT ( 'NONE', 'WORKASPACE' ) );
#3067 = FACE_OUTER_BOUND ( 'NONE', #3035, .T. ) ;
#3068 = ORIENTED_EDGE ( 'NONE', *, *, #878, .T. ) ;
#3069 = CARTESIAN_POINT ( 'NONE',  ( 0.6806169852840326939, 1.999900000000000233, -0.2281485482926569053 ) ) ;
#3070 = PRESENTATION_LAYER_ASSIGNMENT (  '', '', ( #2436 ) ) ;
#3071 = CARTESIAN_POINT ( 'NONE',  ( -0.6737186188794591635, 2.000000000000000000, -0.3103307086614129351 ) ) ;
#3072 = PRESENTATION_LAYER_ASSIGNMENT (  '', '', ( #1577 ) ) ;
#3073 = CARTESIAN_POINT ( 'NONE',  ( 1.600000000000000089, 2.000000000000000000, 1.599999999999999867 ) ) ;
#3074 = ORIENTED_EDGE ( 'NONE', *, *, #2099, .F. ) ;
#3075 =( LENGTH_UNIT ( ) NAMED_UNIT ( * ) SI_UNIT ( .MILLI., .METRE. ) );
#3076 = ORIENTED_EDGE ( 'NONE', *, *, #1306, .T. ) ;
#3077 = EDGE_CURVE ( 'NONE', #893, #202, #439, .T. ) ;
#3078 =( NAMED_UNIT ( * ) PLANE_ANGLE_UNIT ( ) SI_UNIT ( $, .RADIAN. ) );
#3079 = EDGE_CURVE ( 'NONE', #2375, #1660, #3299, .T. ) ;
#3080 = VECTOR ( 'NONE', #2814, 1000.000000000000000 ) ;
#3081 = CARTESIAN_POINT ( 'NONE',  ( 1.180616985284032694, 2.000000000000000000, 0.2013386311945227491 ) ) ;
#3082 = APPLICATION_CONTEXT ( 'automotive_design' ) ;
#3083 = VERTEX_POINT ( 'NONE', #3009 ) ;
#3084 = PLANE ( 'NONE',  #1072 ) ;
#3085 = LINE ( 'NONE', #2379, #1545 ) ;
#3086 = VECTOR ( 'NONE', #2127, 1000.000000000000000 ) ;
#3087 =( NAMED_UNIT ( * ) SI_UNIT ( $, .STERADIAN. ) SOLID_ANGLE_UNIT ( ) );
#3088 = ORIENTED_EDGE ( 'NONE', *, *, #1792, .F. ) ;
#3089 = PRESENTATION_LAYER_ASSIGNMENT (  '', '', ( #3204 ) ) ;
#3090 = EDGE_CURVE ( 'NONE', #2054, #2895, #2288, .T. ) ;
#3091 =( NAMED_UNIT ( * ) PLANE_ANGLE_UNIT ( ) SI_UNIT ( $, .RADIAN. ) );
#3092 = CARTESIAN_POINT ( 'NONE',  ( -1.415835694995793759, 2.000000000000000000, -1.422620850083640143 ) ) ;
#3093 =( LENGTH_UNIT ( ) NAMED_UNIT ( * ) SI_UNIT ( .MILLI., .METRE. ) );
#3094 =( GEOMETRIC_REPRESENTATION_CONTEXT ( 3 ) GLOBAL_UNCERTAINTY_ASSIGNED_CONTEXT ( ( #120 ) ) GLOBAL_UNIT_ASSIGNED_CONTEXT ( ( #299, #2844, #1380 ) ) REPRESENTATION_CONTEXT ( 'NONE', 'WORKASPACE' ) );
#3095 = ORIENTED_EDGE ( 'NONE', *, *, #46, .F. ) ;
#3096 = PRESENTATION_LAYER_ASSIGNMENT (  '', '', ( #532 ) ) ;
#3097 = UNCERTAINTY_MEASURE_WITH_UNIT (LENGTH_MEASURE( 1.000000000000000082E-05 ), #1923, 'distance_accuracy_value', 'NONE');
#3098 = VERTEX_POINT ( 'NONE', #1520 ) ;
#3099 = CARTESIAN_POINT ( 'NONE',  ( -0.7344056267534750937, 2.000000000000000000, -0.1765905511810994810 ) ) ;
#3100 = VECTOR ( 'NONE', #1867, 1000.000000000000000 ) ;
#3101 =( LENGTH_UNIT ( ) NAMED_UNIT ( * ) SI_UNIT ( .MILLI., .METRE. ) );
#3102 =( LENGTH_UNIT ( ) NAMED_UNIT ( * ) SI_UNIT ( .MILLI., .METRE. ) );
#3103 = VERTEX_POINT ( 'NONE', #474 ) ;
#3104 = FILL_AREA_STYLE ('',( #1060 ) ) ;
#3105 = PRESENTATION_LAYER_ASSIGNMENT (  '', '', ( #433 ) ) ;
#3106 = ORIENTED_EDGE ( 'NONE', *, *, #204, .F. ) ;
#3107 = VECTOR ( 'NONE', #3319, 1000.000000000000000 ) ;
#3108 = CARTESIAN_POINT ( 'NONE',  ( -1.600000000000000089, 0.1000000000000000056, -1.599999999999999867 ) ) ;
#3109 = UNCERTAINTY_MEASURE_WITH_UNIT (LENGTH_MEASURE( 1.000000000000000082E-05 ), #3326, 'distance_accuracy_value', 'NONE');
#3110 = CARTESIAN_POINT ( 'NONE',  ( -0.8860138944700116648, 2.000000000000000000, -0.3356850393700730462 ) ) ;
#3111 = EDGE_CURVE ( 'NONE', #1372, #1417, #739, .T. ) ;
#3112 = ORIENTED_EDGE ( 'NONE', *, *, #461, .T. ) ;
#3113 = CARTESIAN_POINT ( 'NONE',  ( 1.180616985284032694, 1.999900000000000233, -0.1250836444465028841 ) ) ;
#3114 =( NAMED_UNIT ( * ) PLANE_ANGLE_UNIT ( ) SI_UNIT ( $, .RADIAN. ) );
#3115 = DIRECTION ( 'NONE',  ( -0.8421838463247542927, 0.000000000000000000, 0.5391904756110242891 ) ) ;
#3116 = VECTOR ( 'NONE', #1406, 1000.000000000000000 ) ;
#3117 = SURFACE_SIDE_STYLE ('',( #1084 ) ) ;
#3118 =( NAMED_UNIT ( * ) SI_UNIT ( $, .STERADIAN. ) SOLID_ANGLE_UNIT ( ) );
#3119 = ORIENTED_EDGE ( 'NONE', *, *, #191, .F. ) ;
#3120 = VECTOR ( 'NONE', #2712, 1000.000000000000114 ) ;
#3121 = VERTEX_POINT ( 'NONE', #2486 ) ;
#3122 =( NAMED_UNIT ( * ) SI_UNIT ( $, .STERADIAN. ) SOLID_ANGLE_UNIT ( ) );
#3123 = DIRECTION ( 'NONE',  ( -1.000000000000000000, 0.000000000000000000, -0.000000000000000000 ) ) ;
#3124 = ORIENTED_EDGE ( 'NONE', *, *, #794, .T. ) ;
#3125 = EDGE_CURVE ( 'NONE', #1383, #1783, #1222, .T. ) ;
#3126 = SURFACE_STYLE_FILL_AREA ( #2883 ) ;
#3127 = PRESENTATION_LAYER_ASSIGNMENT (  '', '', ( #830 ) ) ;
#3128 = CARTESIAN_POINT ( 'NONE',  ( 0.4596101212780215328, 1.999900000000000233, -6.098637220230962441E-17 ) ) ;
#3129 = EDGE_LOOP ( 'NONE', ( #1236, #1010, #3258, #1340 ) ) ;
#3130 = PRESENTATION_LAYER_ASSIGNMENT (  '', '', ( #1262 ) ) ;
#3131 = VECTOR ( 'NONE', #660, 1000.000000000000000 ) ;
#3132 = DIRECTION ( 'NONE',  ( 0.8422489274984858998, 0.000000000000000000, -0.5390888091285611639 ) ) ;
#3133 = CARTESIAN_POINT ( 'NONE',  ( 0.6806169852840326939, 1.999900000000000233, 0.2526206824765739323 ) ) ;
#3134 = VERTEX_POINT ( 'NONE', #2245 ) ;
#3135 = SURFACE_STYLE_USAGE ( .BOTH. , #1136 ) ;
#3136 = SURFACE_STYLE_FILL_AREA ( #294 ) ;
#3137 = CARTESIAN_POINT ( 'NONE',  ( 0.6806169852840326939, 2.000000000000000000, -0.5935331636772722685 ) ) ;
#3138 = ORIENTED_EDGE ( 'NONE', *, *, #357, .T. ) ;
#3139 = UNCERTAINTY_MEASURE_WITH_UNIT (LENGTH_MEASURE( 1.000000000000000082E-05 ), #218, 'distance_accuracy_value', 'NONE');
#3140 = ORIENTED_EDGE ( 'NONE', *, *, #1260, .F. ) ;
#3141 = SURFACE_STYLE_USAGE ( .BOTH. , #608 ) ;
#3142 = EDGE_CURVE ( 'NONE', #1799, #2069, #1253, .T. ) ;
#3143 = DIRECTION ( 'NONE',  ( 1.524232085339900481E-16, -0.000000000000000000, 1.000000000000000000 ) ) ;
#3144 = SURFACE_STYLE_USAGE ( .BOTH. , #54 ) ;
#3145 = FILL_AREA_STYLE ('',( #2411 ) ) ;
#3146 = ORIENTED_EDGE ( 'NONE', *, *, #1510, .T. ) ;
#3147 = EDGE_CURVE ( 'NONE', #1163, #1011, #3054, .T. ) ;
#3148 = ORIENTED_EDGE ( 'NONE', *, *, #1902, .F. ) ;
#3149 = DIRECTION ( 'NONE',  ( -0.000000000000000000, -1.000000000000000000, -0.000000000000000000 ) ) ;
#3150 = ORIENTED_EDGE ( 'NONE', *, *, #1807, .T. ) ;
#3151 = DIRECTION ( 'NONE',  ( 1.000000000000000000, 0.000000000000000000, -0.000000000000000000 ) ) ;
#3152 = DIRECTION ( 'NONE',  ( -0.8422499766716469161, 0.000000000000000000, 0.5390871699424966135 ) ) ;
#3153 = VECTOR ( 'NONE', #126, 1000.000000000000000 ) ;
#3154 = ORIENTED_EDGE ( 'NONE', *, *, #2735, .F. ) ;
#3155 =( NAMED_UNIT ( * ) SI_UNIT ( $, .STERADIAN. ) SOLID_ANGLE_UNIT ( ) );
#3156 = CARTESIAN_POINT ( 'NONE',  ( 0.1317498850575476721, 1.999900000000000233, -0.3750472440944886965 ) ) ;
#3157 = CARTESIAN_POINT ( 'NONE',  ( 1.180616985284032694, 2.000000000000000000, 0.2979932786304201331 ) ) ;
#3158 = DIRECTION ( 'NONE',  ( 0.8422499766716468050, 0.000000000000000000, 0.5390871699424967245 ) ) ;
#3159 = VERTEX_POINT ( 'NONE', #2810 ) ;
#3160 = EDGE_LOOP ( 'NONE', ( #1618, #2913, #469, #1392 ) ) ;
#3161 = FACE_OUTER_BOUND ( 'NONE', #245, .T. ) ;
#3162 = FACE_OUTER_BOUND ( 'NONE', #284, .T. ) ;
#3163 = DIRECTION ( 'NONE',  ( -0.000000000000000000, 1.000000000000000000, -0.000000000000000000 ) ) ;
#3164 = VECTOR ( 'NONE', #2012, 1000.000000000000000 ) ;
#3165 = EDGE_CURVE ( 'NONE', #3315, #1163, #2546, .T. ) ;
#3166 = EDGE_CURVE ( 'NONE', #586, #233, #3261, .T. ) ;
#3167 = CARTESIAN_POINT ( 'NONE',  ( -0.7344056267534750937, 1.999900000000000233, -0.1765905511810994810 ) ) ;
#3168 = VERTEX_POINT ( 'NONE', #1981 ) ;
#3169 =( NAMED_UNIT ( * ) SI_UNIT ( $, .STERADIAN. ) SOLID_ANGLE_UNIT ( ) );
#3170 = COLOUR_RGB ( '',1.000000000000000000, 1.000000000000000000, 1.000000000000000000 ) ;
#3171 = CARTESIAN_POINT ( 'NONE',  ( 1.180616985284032694, 1.999900000000000233, 0.6244155542714457940 ) ) ;
#3172 = SURFACE_STYLE_FILL_AREA ( #2645 ) ;
#3173 = COLOUR_RGB ( '',1.000000000000000000, 1.000000000000000000, 1.000000000000000000 ) ;
#3174 = ORIENTED_EDGE ( 'NONE', *, *, #41, .T. ) ;
#3175 = DIRECTION ( 'NONE',  ( 0.5390888091285611639, 0.000000000000000000, -0.8422489274984860108 ) ) ;
#3176 = CARTESIAN_POINT ( 'NONE',  ( -0.02976192596607432628, 2.000000000000000000, -0.5366929133858255874 ) ) ;
#3177 = FILL_AREA_STYLE_COLOUR ( '', #813 ) ;
#3178 = ORIENTED_EDGE ( 'NONE', *, *, #2949, .T. ) ;
#3179 = CARTESIAN_POINT ( 'NONE',  ( 1.064999999999999725, 0.000000000000000000, -1.350000000000000311 ) ) ;
#3180 =( GEOMETRIC_REPRESENTATION_CONTEXT ( 3 ) GLOBAL_UNCERTAINTY_ASSIGNED_CONTEXT ( ( #1840 ) ) GLOBAL_UNIT_ASSIGNED_CONTEXT ( ( #697, #638, #1710 ) ) REPRESENTATION_CONTEXT ( 'NONE', 'WORKASPACE' ) );
#3181 = FILL_AREA_STYLE ('',( #109 ) ) ;
#3182 = DIRECTION ( 'NONE',  ( -0.5390871699424968355, 0.000000000000000000, 0.8422499766716468050 ) ) ;
#3183 = VECTOR ( 'NONE', #1709, 1000.000000000000000 ) ;
#3184 = CARTESIAN_POINT ( 'NONE',  ( 0.1664979165536132066, 2.000000000000000000, 0.6921062992125998070 ) ) ;
#3185 = COLOUR_RGB ( '',0.8274509803921568096, 0.8392156862745098200, 0.8274509803921568096 ) ;
#3186 = EDGE_CURVE ( 'NONE', #3230, #993, #2089, .T. ) ;
#3187 = ORIENTED_EDGE ( 'NONE', *, *, #41, .F. ) ;
#3188 = LINE ( 'NONE', #962, #3183 ) ;
#3189 = CARTESIAN_POINT ( 'NONE',  ( -0.02976192596607432628, 1.999900000000000233, -0.5366929133858255874 ) ) ;
#3190 = ADVANCED_FACE ( 'NONE', ( #2268 ), #192, .T. ) ;
#3191 = CARTESIAN_POINT ( 'NONE',  ( 0.6806169852840326939, 1.999900000000000233, 0.3044035350406765761 ) ) ;
#3192 = ORIENTED_EDGE ( 'NONE', *, *, #2055, .F. ) ;
#3193 = DIRECTION ( 'NONE',  ( -0.000000000000000000, -0.000000000000000000, 1.000000000000000000 ) ) ;
#3194 = CARTESIAN_POINT ( 'NONE',  ( 1.180616985284032694, 1.999900000000000233, 0.6244155542714457940 ) ) ;
#3195 = DIRECTION ( 'NONE',  ( 0.000000000000000000, 0.000000000000000000, -1.000000000000000000 ) ) ;
#3196 = DIRECTION ( 'NONE',  ( -0.000000000000000000, 1.000000000000000000, -0.000000000000000000 ) ) ;
#3197 = ORIENTED_EDGE ( 'NONE', *, *, #1980, .F. ) ;
#3198 = EDGE_CURVE ( 'NONE', #2571, #2041, #1967, .T. ) ;
#3199 = DIRECTION ( 'NONE',  ( 0.000000000000000000, 0.000000000000000000, 1.000000000000000000 ) ) ;
#3200 = SURFACE_STYLE_USAGE ( .BOTH. , #1400 ) ;
#3201 = CARTESIAN_POINT ( 'NONE',  ( 0.1317498850575476721, 2.000000000000000000, -0.3750472440944886965 ) ) ;
#3202 = MECHANICAL_DESIGN_GEOMETRIC_PRESENTATION_REPRESENTATION (  '', ( #961 ), #1758 ) ;
#3203 =( NAMED_UNIT ( * ) PLANE_ANGLE_UNIT ( ) SI_UNIT ( $, .RADIAN. ) );
#3204 = STYLED_ITEM ( 'NONE', ( #1062 ), #2209 ) ;
#3205 = DIRECTION ( 'NONE',  ( -0.5391904756110241781, 0.000000000000000000, -0.8421838463247544038 ) ) ;
#3206 =( NAMED_UNIT ( * ) SI_UNIT ( $, .STERADIAN. ) SOLID_ANGLE_UNIT ( ) );
#3207 = LINE ( 'NONE', #2445, #3030 ) ;
#3208 = SURFACE_SIDE_STYLE ('',( #2426 ) ) ;
#3209 = VECTOR ( 'NONE', #52, 1000.000000000000000 ) ;
#3210 = CARTESIAN_POINT ( 'NONE',  ( 0.9660737160532634205, 2.000000000000000000, 0.01223606709195864013 ) ) ;
#3211 = EDGE_LOOP ( 'NONE', ( #49, #2291, #2050, #2857 ) ) ;
#3212 = DIRECTION ( 'NONE',  ( 1.000000000000000000, 0.000000000000000000, 0.000000000000000000 ) ) ;
#3213 = COLOUR_RGB ( '',1.000000000000000000, 1.000000000000000000, 1.000000000000000000 ) ;
#3214 = UNCERTAINTY_MEASURE_WITH_UNIT (LENGTH_MEASURE( 1.000000000000000082E-05 ), #726, 'distance_accuracy_value', 'NONE');
#3215 =( GEOMETRIC_REPRESENTATION_CONTEXT ( 3 ) GLOBAL_UNCERTAINTY_ASSIGNED_CONTEXT ( ( #114 ) ) GLOBAL_UNIT_ASSIGNED_CONTEXT ( ( #1054, #2856, #354 ) ) REPRESENTATION_CONTEXT ( 'NONE', 'WORKASPACE' ) );
#3216 =( NAMED_UNIT ( * ) PLANE_ANGLE_UNIT ( ) SI_UNIT ( $, .RADIAN. ) );
#3217 = VECTOR ( 'NONE', #2888, 1000.000000000000000 ) ;
#3218 = CARTESIAN_POINT ( 'NONE',  ( 0.9256089724635199190, 1.999900000000000233, 0.03807741324580478370 ) ) ;
#3219 = LINE ( 'NONE', #681, #2805 ) ;
#3220 = CARTESIAN_POINT ( 'NONE',  ( 0.6806169852840326939, 1.999900000000000233, -0.5935331636772722685 ) ) ;
#3221 = LINE ( 'NONE', #1957, #3153 ) ;
#3222 = CARTESIAN_POINT ( 'NONE',  ( -0.7344056267534750937, 1.999900000000000233, -0.1765905511810994810 ) ) ;
#3223 =( GEOMETRIC_REPRESENTATION_CONTEXT ( 3 ) GLOBAL_UNCERTAINTY_ASSIGNED_CONTEXT ( ( #3097 ) ) GLOBAL_UNIT_ASSIGNED_CONTEXT ( ( #1923, #603, #1631 ) ) REPRESENTATION_CONTEXT ( 'NONE', 'WORKASPACE' ) );
#3224 = CARTESIAN_POINT ( 'NONE',  ( -0.6298859417141036143, 2.000000000000000000, 0.4747342519685079920 ) ) ;
#3225 =( NAMED_UNIT ( * ) PLANE_ANGLE_UNIT ( ) SI_UNIT ( $, .RADIAN. ) );
#3226 = PRESENTATION_STYLE_ASSIGNMENT (( #410 ) ) ;
#3227 = ADVANCED_FACE ( 'NONE', ( #1706 ), #2661, .F. ) ;
#3228 = MECHANICAL_DESIGN_GEOMETRIC_PRESENTATION_REPRESENTATION (  '', ( #600 ), #3180 ) ;
#3229 = VERTEX_POINT ( 'NONE', #172 ) ;
#3230 = VERTEX_POINT ( 'NONE', #3248 ) ;
#3231 = PRESENTATION_LAYER_ASSIGNMENT (  '', '', ( #1954 ) ) ;
#3232 = CARTESIAN_POINT ( 'NONE',  ( -1.016826886595993074, 2.000000000000000000, 0.1189940944881940493 ) ) ;
#3233 = VECTOR ( 'NONE', #2121, 1000.000000000000000 ) ;
#3234 = CARTESIAN_POINT ( 'NONE',  ( 0.9256089724635199190, 2.000000000000000000, 0.4611543363227278425 ) ) ;
#3235 = LINE ( 'NONE', #2191, #2320 ) ;
#3236 = CARTESIAN_POINT ( 'NONE',  ( 1.064999999999999725, 0.1000000000000000056, -1.350000000000000311 ) ) ;
#3237 = VECTOR ( 'NONE', #3163, 1000.000000000000000 ) ;
#3238 =( NAMED_UNIT ( * ) PLANE_ANGLE_UNIT ( ) SI_UNIT ( $, .RADIAN. ) );
#3239 = CARTESIAN_POINT ( 'NONE',  ( -0.2581438157298540648, 1.999900000000000233, -0.3136988188976359004 ) ) ;
#3240 = CARTESIAN_POINT ( 'NONE',  ( 0.8851442288737763064, 1.999900000000000233, -0.4108408559849646147 ) ) ;
#3241 = CARTESIAN_POINT ( 'NONE',  ( -1.415835694995793759, 1.999900000000000233, -1.422620850083640143 ) ) ;
#3242 =( LENGTH_UNIT ( ) NAMED_UNIT ( * ) SI_UNIT ( .MILLI., .METRE. ) );
#3243 = ADVANCED_FACE ( 'NONE', ( #1723 ), #2604, .T. ) ;
#3244 = FILL_AREA_STYLE_COLOUR ( '', #2972 ) ;
#3245 = PRESENTATION_STYLE_ASSIGNMENT (( #429 ) ) ;
#3246 = ORIENTED_EDGE ( 'NONE', *, *, #1807, .F. ) ;
#3247 = FILL_AREA_STYLE ('',( #956 ) ) ;
#3248 = CARTESIAN_POINT ( 'NONE',  ( 0.4596101212780215328, 1.999900000000000233, -6.098637220230962441E-17 ) ) ;
#3249 = SURFACE_SIDE_STYLE ('',( #2464 ) ) ;
#3250 = LINE ( 'NONE', #963, #1952 ) ;
#3251 = SURFACE_SIDE_STYLE ('',( #2301 ) ) ;
#3252 = VECTOR ( 'NONE', #89, 1000.000000000000000 ) ;
#3253 = CARTESIAN_POINT ( 'NONE',  ( 0.9660737160532634205, 1.999900000000000233, 0.4353129901688816417 ) ) ;
#3254 =( LENGTH_UNIT ( ) NAMED_UNIT ( * ) SI_UNIT ( .MILLI., .METRE. ) );
#3255 = COLOUR_RGB ( '',0.8274509803921568096, 0.8392156862745098200, 0.8274509803921568096 ) ;
#3256 = ORIENTED_EDGE ( 'NONE', *, *, #1023, .T. ) ;
#3257 = CARTESIAN_POINT ( 'NONE',  ( 0.6806169852840326939, 1.999900000000000233, 0.1949283747842663339 ) ) ;
#3258 = ORIENTED_EDGE ( 'NONE', *, *, #1469, .F. ) ;
#3259 = DIRECTION ( 'NONE',  ( -0.000000000000000000, 1.000000000000000000, -0.000000000000000000 ) ) ;
#3260 = EDGE_CURVE ( 'NONE', #167, #95, #2056, .T. ) ;
#3261 = LINE ( 'NONE', #730, #2159 ) ;
#3262 = MECHANICAL_DESIGN_GEOMETRIC_PRESENTATION_REPRESENTATION (  '', ( #428 ), #1816 ) ;
#3263 = VECTOR ( 'NONE', #165, 1000.000000000000000 ) ;
#3264 = ADVANCED_FACE ( 'NONE', ( #1586, #2088, #2043 ), #2845, .F. ) ;
#3265 = VECTOR ( 'NONE', #2979, 1000.000000000000114 ) ;
#3266 = DIRECTION ( 'NONE',  ( -0.000000000000000000, 1.000000000000000000, -0.000000000000000000 ) ) ;
#3267 = VECTOR ( 'NONE', #1017, 1000.000000000000000 ) ;
#3268 = PRESENTATION_STYLE_ASSIGNMENT (( #2517 ) ) ;
#3269 = PRESENTATION_STYLE_ASSIGNMENT (( #457 ) ) ;
#3270 = CARTESIAN_POINT ( 'NONE',  ( 0.2689605149788099614, 1.999900000000000233, 0.3567736220472458863 ) ) ;
#3271 = MECHANICAL_DESIGN_GEOMETRIC_PRESENTATION_REPRESENTATION (  '', ( #2849 ), #1514 ) ;
#3272 = DIRECTION ( 'NONE',  ( -0.5390871699424965025, 0.000000000000000000, -0.8422499766716470271 ) ) ;
#3273 = MECHANICAL_DESIGN_GEOMETRIC_PRESENTATION_REPRESENTATION (  '', ( #2441 ), #881 ) ;
#3274 =( LENGTH_UNIT ( ) NAMED_UNIT ( * ) SI_UNIT ( .MILLI., .METRE. ) );
#3275 = CARTESIAN_POINT ( 'NONE',  ( -0.04874027242276514349, 2.000000000000000000, 0.4608228346456701430 ) ) ;
#3276 = PLANE ( 'NONE',  #1078 ) ;
#3277 = VERTEX_POINT ( 'NONE', #1856 ) ;
#3278 = VECTOR ( 'NONE', #2204, 1000.000000000000000 ) ;
#3279 = AXIS2_PLACEMENT_3D ( 'NONE', #3171, #477, #742 ) ;
#3280 = VECTOR ( 'NONE', #386, 1000.000000000000000 ) ;
#3281 = LINE ( 'NONE', #1003, #2150 ) ;
#3282 = CARTESIAN_POINT ( 'NONE',  ( 0.6806169852840326939, 2.000000000000000000, -0.2281485482926569053 ) ) ;
#3283 = ADVANCED_FACE ( 'NONE', ( #525 ), #2383, .T. ) ;
#3284 = MECHANICAL_DESIGN_GEOMETRIC_PRESENTATION_REPRESENTATION (  '', ( #675 ), #1634 ) ;
#3285 = LINE ( 'NONE', #1489, #2537 ) ;
#3286 = DIRECTION ( 'NONE',  ( -0.000000000000000000, 1.000000000000000000, -0.000000000000000000 ) ) ;
#3287 = LINE ( 'NONE', #2759, #3053 ) ;
#3288 = COLOUR_RGB ( '',1.000000000000000000, 1.000000000000000000, 1.000000000000000000 ) ;
#3289 = VECTOR ( 'NONE', #951, 1000.000000000000000 ) ;
#3290 = VERTEX_POINT ( 'NONE', #113 ) ;
#3291 = ORIENTED_EDGE ( 'NONE', *, *, #500, .T. ) ;
#3292 = PRESENTATION_STYLE_ASSIGNMENT (( #3034 ) ) ;
#3293 = ORIENTED_EDGE ( 'NONE', *, *, #2589, .T. ) ;
#3294 = VECTOR ( 'NONE', #609, 1000.000000000000000 ) ;
#3295 = CARTESIAN_POINT ( 'NONE',  ( 0.6806169852840326939, 1.999900000000000233, 0.2526206824765739323 ) ) ;
#3296 = CARTESIAN_POINT ( 'NONE',  ( 1.180616985284032694, 1.999900000000000233, -0.2217382918824004900 ) ) ;
#3297 = EDGE_CURVE ( 'NONE', #1372, #2956, #2199, .T. ) ;
#3298 = PLANE ( 'NONE',  #1688 ) ;
#3299 = LINE ( 'NONE', #1473, #2472 ) ;
#3300 = LINE ( 'NONE', #3055, #1611 ) ;
#3301 = AXIS2_PLACEMENT_3D ( 'NONE', #2815, #507, #2306 ) ;
#3302 = SURFACE_STYLE_FILL_AREA ( #261 ) ;
#3303 = SURFACE_STYLE_USAGE ( .BOTH. , #1523 ) ;
#3304 = VERTEX_POINT ( 'NONE', #2953 ) ;
#3305 = VECTOR ( 'NONE', #381, 1000.000000000000000 ) ;
#3306 = SURFACE_SIDE_STYLE ('',( #980 ) ) ;
#3307 = LINE ( 'NONE', #1291, #2670 ) ;
#3308 = STYLED_ITEM ( 'NONE', ( #1286 ), #288 ) ;
#3309 = FACE_BOUND ( 'NONE', #3329, .T. ) ;
#3310 =( LENGTH_UNIT ( ) NAMED_UNIT ( * ) SI_UNIT ( .MILLI., .METRE. ) );
#3311 = MECHANICAL_DESIGN_GEOMETRIC_PRESENTATION_REPRESENTATION (  '', ( #2901 ), #90 ) ;
#3312 = FILL_AREA_STYLE ('',( #1267 ) ) ;
#3313 = CARTESIAN_POINT ( 'NONE',  ( 1.180616985284032694, 1.999900000000000233, 0.2979932786304201331 ) ) ;
#3314 = COLOUR_RGB ( '',1.000000000000000000, 1.000000000000000000, 1.000000000000000000 ) ;
#3315 = VERTEX_POINT ( 'NONE', #612 ) ;
#3316 =( NAMED_UNIT ( * ) SI_UNIT ( $, .STERADIAN. ) SOLID_ANGLE_UNIT ( ) );
#3317 = CARTESIAN_POINT ( 'NONE',  ( -0.6542757054936341188, 1.999900000000000233, -0.4438799212598381061 ) ) ;
#3318 = ORIENTED_EDGE ( 'NONE', *, *, #1822, .F. ) ;
#3319 = DIRECTION ( 'NONE',  ( -0.000000000000000000, -0.000000000000000000, 1.000000000000000000 ) ) ;
#3320 = MECHANICAL_DESIGN_GEOMETRIC_PRESENTATION_REPRESENTATION (  '', ( #543 ), #1038 ) ;
#3321 = PRESENTATION_LAYER_ASSIGNMENT (  '', '', ( #1572 ) ) ;
#3322 = FILL_AREA_STYLE ('',( #1531 ) ) ;
#3323 = PLANE ( 'NONE',  #499 ) ;
#3324 = SURFACE_SIDE_STYLE ('',( #1331 ) ) ;
#3325 = PRESENTATION_LAYER_ASSIGNMENT (  '', '', ( #2584 ) ) ;
#3326 =( LENGTH_UNIT ( ) NAMED_UNIT ( * ) SI_UNIT ( .MILLI., .METRE. ) );
#3327 = DIRECTION ( 'NONE',  ( -1.000000000000000000, 0.000000000000000000, -0.000000000000000000 ) ) ;
#3328 = CARTESIAN_POINT ( 'NONE',  ( 0.6806169852840326939, 1.999900000000000233, -0.5417503111131697358 ) ) ;
#3329 = EDGE_LOOP ( 'NONE', ( #2812, #3112, #2657, #1069, #1040, #2087, #1086, #691, #1323, #1789, #2689, #2215 ) ) ;
#3330 = VERTEX_POINT ( 'NONE', #1148 ) ;
#3331 = CARTESIAN_POINT ( 'NONE',  ( 0.8851442288737763064, 2.000000000000000000, 0.01223606709195864013 ) ) ;
#3332 = COLOUR_RGB ( '',1.000000000000000000, 1.000000000000000000, 1.000000000000000000 ) ;
#3333 =( GEOMETRIC_REPRESENTATION_CONTEXT ( 3 ) GLOBAL_UNCERTAINTY_ASSIGNED_CONTEXT ( ( #676 ) ) GLOBAL_UNIT_ASSIGNED_CONTEXT ( ( #2082, #2834, #1797 ) ) REPRESENTATION_CONTEXT ( 'NONE', 'WORKASPACE' ) );
#3334 = FILL_AREA_STYLE ('',( #1494 ) ) ;
#3335 = EDGE_CURVE ( 'NONE', #296, #1660, #75, .T. ) ;
#3336 = DIRECTION ( 'NONE',  ( 0.000000000000000000, 0.000000000000000000, -1.000000000000000000 ) ) ;
#3337 = CARTESIAN_POINT ( 'NONE',  ( 0.000000000000000000, 0.000000000000000000, 0.000000000000000000 ) ) ;
#3338 = CARTESIAN_POINT ( 'NONE',  ( 0.6806169852840326939, 2.000000000000000000, 0.5662224452970868738 ) ) ;
ENDSEC;
END-ISO-10303-21;
