ISO-10303-21;
HEADER;
FILE_DESCRIPTION(('FreeCAD Model'),'2;1');
FILE_NAME('Open CASCADE Shape Model','2026-09-15T13:40:43',('FreeCAD'),(
    'FreeCAD'),'Open CASCADE STEP processor 7.8','FreeCAD','Unknown');
FILE_SCHEMA(('AUTOMOTIVE_DESIGN { 1 0 10303 214 1 1 1 1 }'));
ENDSEC;
DATA;
#1 = APPLICATION_PROTOCOL_DEFINITION('international standard',
  'automotive_design',2000,#2);
#2 = APPLICATION_CONTEXT(
  'core data for automotive mechanical design processes');
#3 = SHAPE_DEFINITION_REPRESENTATION(#4,#10);
#4 = PRODUCT_DEFINITION_SHAPE('','',#5);
#5 = PRODUCT_DEFINITION('design','',#6,#9);
#6 = PRODUCT_DEFINITION_FORMATION('','',#7);
#7 = PRODUCT('Open CASCADE STEP translator 7.8 1',
  'Open CASCADE STEP translator 7.8 1','',(#8));
#8 = PRODUCT_CONTEXT('',#2,'mechanical');
#9 = PRODUCT_DEFINITION_CONTEXT('part definition',#2,'design');
#10 = SHAPE_REPRESENTATION('',(#11,#15,#243,#393,#543,#693,#843,#993,
    #1143,#1293,#1443,#1593,#1743,#1893,#2043,#2193,#2343,#2493,#2643,
    #2793,#2943,#3093,#3243,#3393,#3543,#3693,#3843,#3993,#4143,#4293,
    #4443,#4593,#4743,#4893,#5043,#5193,#5343,#5493,#5643,#5793,#5943,
    #6093,#6243,#6393,#6543,#6693,#6843,#6993,#7143,#7293,#7443,#7593,
    #7743,#7893,#8043,#8193,#8343,#8493,#8643,#8793,#8943,#9093,#9243,
    #9393,#9543,#9693,#9843,#9993,#10143,#10293,#10443,#10593,#10743,
    #10893,#11043,#11193,#11343,#11493,#11643,#11793,#11943,#12093,
    #12243),#12393);
#11 = AXIS2_PLACEMENT_3D('',#12,#13,#14);
#12 = CARTESIAN_POINT('',(0.,0.,0.));
#13 = DIRECTION('',(0.,0.,1.));
#14 = DIRECTION('',(1.,0.,-0.));
#15 = MANIFOLD_SOLID_BREP('',#16);
#16 = CLOSED_SHELL('',(#17,#57,#88,#131,#155,#180,#197,#209,#234));
#17 = ADVANCED_FACE('',(#18),#52,.F.);
#18 = FACE_BOUND('',#19,.T.);
#19 = EDGE_LOOP('',(#20,#30,#38,#46));
#20 = ORIENTED_EDGE('',*,*,#21,.T.);
#21 = EDGE_CURVE('',#22,#24,#26,.T.);
#22 = VERTEX_POINT('',#23);
#23 = CARTESIAN_POINT('',(-5.,4.,0.85));
#24 = VERTEX_POINT('',#25);
#25 = CARTESIAN_POINT('',(-5.,4.,0.));
#26 = LINE('',#27,#28);
#27 = CARTESIAN_POINT('',(-5.,4.,0.85));
#28 = VECTOR('',#29,1.);
#29 = DIRECTION('',(-0.,-0.,-1.));
#30 = ORIENTED_EDGE('',*,*,#31,.T.);
#31 = EDGE_CURVE('',#24,#32,#34,.T.);
#32 = VERTEX_POINT('',#33);
#33 = CARTESIAN_POINT('',(-5.,-5.,0.));
#34 = LINE('',#35,#36);
#35 = CARTESIAN_POINT('',(-5.,5.,0.));
#36 = VECTOR('',#37,1.);
#37 = DIRECTION('',(-0.,-1.,-0.));
#38 = ORIENTED_EDGE('',*,*,#39,.T.);
#39 = EDGE_CURVE('',#32,#40,#42,.T.);
#40 = VERTEX_POINT('',#41);
#41 = CARTESIAN_POINT('',(-5.,-5.,0.85));
#42 = LINE('',#43,#44);
#43 = CARTESIAN_POINT('',(-5.,-5.,0.));
#44 = VECTOR('',#45,1.);
#45 = DIRECTION('',(-0.,-0.,1.));
#46 = ORIENTED_EDGE('',*,*,#47,.F.);
#47 = EDGE_CURVE('',#22,#40,#48,.T.);
#48 = LINE('',#49,#50);
#49 = CARTESIAN_POINT('',(-5.,5.,0.85));
#50 = VECTOR('',#51,1.);
#51 = DIRECTION('',(-0.,-1.,-0.));
#52 = PLANE('',#53);
#53 = AXIS2_PLACEMENT_3D('',#54,#55,#56);
#54 = CARTESIAN_POINT('',(-5.,5.,0.));
#55 = DIRECTION('',(1.,-0.,-0.));
#56 = DIRECTION('',(0.,0.,-1.));
#57 = ADVANCED_FACE('',(#58),#83,.F.);
#58 = FACE_BOUND('',#59,.T.);
#59 = EDGE_LOOP('',(#60,#68,#76,#82));
#60 = ORIENTED_EDGE('',*,*,#61,.F.);
#61 = EDGE_CURVE('',#62,#22,#64,.T.);
#62 = VERTEX_POINT('',#63);
#63 = CARTESIAN_POINT('',(-4.,5.,0.85));
#64 = LINE('',#65,#66);
#65 = CARTESIAN_POINT('',(-4.,5.,0.85));
#66 = VECTOR('',#67,1.);
#67 = DIRECTION('',(-0.707106781187,-0.707106781187,-0.));
#68 = ORIENTED_EDGE('',*,*,#69,.T.);
#69 = EDGE_CURVE('',#62,#70,#72,.T.);
#70 = VERTEX_POINT('',#71);
#71 = CARTESIAN_POINT('',(-4.,5.,0.));
#72 = LINE('',#73,#74);
#73 = CARTESIAN_POINT('',(-4.,5.,0.85));
#74 = VECTOR('',#75,1.);
#75 = DIRECTION('',(-0.,-0.,-1.));
#76 = ORIENTED_EDGE('',*,*,#77,.T.);
#77 = EDGE_CURVE('',#70,#24,#78,.T.);
#78 = LINE('',#79,#80);
#79 = CARTESIAN_POINT('',(-4.25,4.75,-1.110223024625E-16));
#80 = VECTOR('',#81,1.);
#81 = DIRECTION('',(-0.707106781187,-0.707106781187,-0.));
#82 = ORIENTED_EDGE('',*,*,#21,.F.);
#83 = PLANE('',#84);
#84 = AXIS2_PLACEMENT_3D('',#85,#86,#87);
#85 = CARTESIAN_POINT('',(-4.,5.,0.85));
#86 = DIRECTION('',(0.707106781187,-0.707106781187,-0.));
#87 = DIRECTION('',(0.707106781187,0.707106781187,0.));
#88 = ADVANCED_FACE('',(#89,#115),#126,.T.);
#89 = FACE_BOUND('',#90,.F.);
#90 = EDGE_LOOP('',(#91,#92,#93,#101,#109));
#91 = ORIENTED_EDGE('',*,*,#47,.F.);
#92 = ORIENTED_EDGE('',*,*,#61,.F.);
#93 = ORIENTED_EDGE('',*,*,#94,.T.);
#94 = EDGE_CURVE('',#62,#95,#97,.T.);
#95 = VERTEX_POINT('',#96);
#96 = CARTESIAN_POINT('',(5.,5.,0.85));
#97 = LINE('',#98,#99);
#98 = CARTESIAN_POINT('',(-5.,5.,0.85));
#99 = VECTOR('',#100,1.);
#100 = DIRECTION('',(1.,-0.,-0.));
#101 = ORIENTED_EDGE('',*,*,#102,.T.);
#102 = EDGE_CURVE('',#95,#103,#105,.T.);
#103 = VERTEX_POINT('',#104);
#104 = CARTESIAN_POINT('',(5.,-5.,0.85));
#105 = LINE('',#106,#107);
#106 = CARTESIAN_POINT('',(5.,5.,0.85));
#107 = VECTOR('',#108,1.);
#108 = DIRECTION('',(-0.,-1.,-0.));
#109 = ORIENTED_EDGE('',*,*,#110,.F.);
#110 = EDGE_CURVE('',#40,#103,#111,.T.);
#111 = LINE('',#112,#113);
#112 = CARTESIAN_POINT('',(-5.,-5.,0.85));
#113 = VECTOR('',#114,1.);
#114 = DIRECTION('',(1.,-0.,-0.));
#115 = FACE_BOUND('',#116,.F.);
#116 = EDGE_LOOP('',(#117));
#117 = ORIENTED_EDGE('',*,*,#118,.F.);
#118 = EDGE_CURVE('',#119,#119,#121,.T.);
#119 = VERTEX_POINT('',#120);
#120 = CARTESIAN_POINT('',(-3.75,4.1,0.85));
#121 = CIRCLE('',#122,0.35);
#122 = AXIS2_PLACEMENT_3D('',#123,#124,#125);
#123 = CARTESIAN_POINT('',(-4.1,4.1,0.85));
#124 = DIRECTION('',(0.,0.,-1.));
#125 = DIRECTION('',(1.,-0.,-0.));
#126 = PLANE('',#127);
#127 = AXIS2_PLACEMENT_3D('',#128,#129,#130);
#128 = CARTESIAN_POINT('',(-5.,5.,0.85));
#129 = DIRECTION('',(-0.,-0.,1.));
#130 = DIRECTION('',(-1.,0.,0.));
#131 = ADVANCED_FACE('',(#132),#150,.T.);
#132 = FACE_BOUND('',#133,.F.);
#133 = EDGE_LOOP('',(#134,#142,#143,#144));
#134 = ORIENTED_EDGE('',*,*,#135,.F.);
#135 = EDGE_CURVE('',#32,#136,#138,.T.);
#136 = VERTEX_POINT('',#137);
#137 = CARTESIAN_POINT('',(5.,-5.,0.));
#138 = LINE('',#139,#140);
#139 = CARTESIAN_POINT('',(-5.,-5.,0.));
#140 = VECTOR('',#141,1.);
#141 = DIRECTION('',(1.,-0.,-0.));
#142 = ORIENTED_EDGE('',*,*,#39,.T.);
#143 = ORIENTED_EDGE('',*,*,#110,.T.);
#144 = ORIENTED_EDGE('',*,*,#145,.F.);
#145 = EDGE_CURVE('',#136,#103,#146,.T.);
#146 = LINE('',#147,#148);
#147 = CARTESIAN_POINT('',(5.,-5.,0.));
#148 = VECTOR('',#149,1.);
#149 = DIRECTION('',(-0.,-0.,1.));
#150 = PLANE('',#151);
#151 = AXIS2_PLACEMENT_3D('',#152,#153,#154);
#152 = CARTESIAN_POINT('',(-5.,-5.,0.));
#153 = DIRECTION('',(-0.,-1.,-0.));
#154 = DIRECTION('',(0.,0.,-1.));
#155 = ADVANCED_FACE('',(#156),#175,.F.);
#156 = FACE_BOUND('',#157,.T.);
#157 = EDGE_LOOP('',(#158,#159,#160,#168,#174));
#158 = ORIENTED_EDGE('',*,*,#31,.F.);
#159 = ORIENTED_EDGE('',*,*,#77,.F.);
#160 = ORIENTED_EDGE('',*,*,#161,.T.);
#161 = EDGE_CURVE('',#70,#162,#164,.T.);
#162 = VERTEX_POINT('',#163);
#163 = CARTESIAN_POINT('',(5.,5.,0.));
#164 = LINE('',#165,#166);
#165 = CARTESIAN_POINT('',(-5.,5.,0.));
#166 = VECTOR('',#167,1.);
#167 = DIRECTION('',(1.,-0.,-0.));
#168 = ORIENTED_EDGE('',*,*,#169,.T.);
#169 = EDGE_CURVE('',#162,#136,#170,.T.);
#170 = LINE('',#171,#172);
#171 = CARTESIAN_POINT('',(5.,5.,0.));
#172 = VECTOR('',#173,1.);
#173 = DIRECTION('',(-0.,-1.,-0.));
#174 = ORIENTED_EDGE('',*,*,#135,.F.);
#175 = PLANE('',#176);
#176 = AXIS2_PLACEMENT_3D('',#177,#178,#179);
#177 = CARTESIAN_POINT('',(-5.,5.,0.));
#178 = DIRECTION('',(-0.,-0.,1.));
#179 = DIRECTION('',(-1.,0.,0.));
#180 = ADVANCED_FACE('',(#181),#192,.F.);
#181 = FACE_BOUND('',#182,.T.);
#182 = EDGE_LOOP('',(#183,#184,#185,#186));
#183 = ORIENTED_EDGE('',*,*,#161,.F.);
#184 = ORIENTED_EDGE('',*,*,#69,.F.);
#185 = ORIENTED_EDGE('',*,*,#94,.T.);
#186 = ORIENTED_EDGE('',*,*,#187,.F.);
#187 = EDGE_CURVE('',#162,#95,#188,.T.);
#188 = LINE('',#189,#190);
#189 = CARTESIAN_POINT('',(5.,5.,0.));
#190 = VECTOR('',#191,1.);
#191 = DIRECTION('',(-0.,-0.,1.));
#192 = PLANE('',#193);
#193 = AXIS2_PLACEMENT_3D('',#194,#195,#196);
#194 = CARTESIAN_POINT('',(-5.,5.,0.));
#195 = DIRECTION('',(-0.,-1.,-0.));
#196 = DIRECTION('',(0.,0.,-1.));
#197 = ADVANCED_FACE('',(#198),#204,.T.);
#198 = FACE_BOUND('',#199,.F.);
#199 = EDGE_LOOP('',(#200,#201,#202,#203));
#200 = ORIENTED_EDGE('',*,*,#187,.F.);
#201 = ORIENTED_EDGE('',*,*,#169,.T.);
#202 = ORIENTED_EDGE('',*,*,#145,.T.);
#203 = ORIENTED_EDGE('',*,*,#102,.F.);
#204 = PLANE('',#205);
#205 = AXIS2_PLACEMENT_3D('',#206,#207,#208);
#206 = CARTESIAN_POINT('',(5.,5.,0.));
#207 = DIRECTION('',(1.,-0.,-0.));
#208 = DIRECTION('',(0.,0.,-1.));
#209 = ADVANCED_FACE('',(#210),#229,.F.);
#210 = FACE_BOUND('',#211,.T.);
#211 = EDGE_LOOP('',(#212,#213,#221,#228));
#212 = ORIENTED_EDGE('',*,*,#118,.F.);
#213 = ORIENTED_EDGE('',*,*,#214,.F.);
#214 = EDGE_CURVE('',#215,#119,#217,.T.);
#215 = VERTEX_POINT('',#216);
#216 = CARTESIAN_POINT('',(-3.75,4.1,0.73));
#217 = LINE('',#218,#219);
#218 = CARTESIAN_POINT('',(-3.75,4.1,0.73));
#219 = VECTOR('',#220,1.);
#220 = DIRECTION('',(-0.,-0.,1.));
#221 = ORIENTED_EDGE('',*,*,#222,.T.);
#222 = EDGE_CURVE('',#215,#215,#223,.T.);
#223 = CIRCLE('',#224,0.35);
#224 = AXIS2_PLACEMENT_3D('',#225,#226,#227);
#225 = CARTESIAN_POINT('',(-4.1,4.1,0.73));
#226 = DIRECTION('',(0.,0.,-1.));
#227 = DIRECTION('',(1.,-0.,-0.));
#228 = ORIENTED_EDGE('',*,*,#214,.T.);
#229 = CYLINDRICAL_SURFACE('',#230,0.35);
#230 = AXIS2_PLACEMENT_3D('',#231,#232,#233);
#231 = CARTESIAN_POINT('',(-4.1,4.1,0.73));
#232 = DIRECTION('',(-0.,-0.,1.));
#233 = DIRECTION('',(1.,-0.,-0.));
#234 = ADVANCED_FACE('',(#235),#238,.T.);
#235 = FACE_BOUND('',#236,.T.);
#236 = EDGE_LOOP('',(#237));
#237 = ORIENTED_EDGE('',*,*,#222,.F.);
#238 = PLANE('',#239);
#239 = AXIS2_PLACEMENT_3D('',#240,#241,#242);
#240 = CARTESIAN_POINT('',(-4.1,4.1,0.73));
#241 = DIRECTION('',(-0.,-0.,1.));
#242 = DIRECTION('',(-1.,0.,0.));
#243 = MANIFOLD_SOLID_BREP('',#244);
#244 = CLOSED_SHELL('',(#245,#285,#325,#347,#369,#381));
#245 = ADVANCED_FACE('',(#246),#280,.F.);
#246 = FACE_BOUND('',#247,.T.);
#247 = EDGE_LOOP('',(#248,#258,#266,#274));
#248 = ORIENTED_EDGE('',*,*,#249,.F.);
#249 = EDGE_CURVE('',#250,#252,#254,.T.);
#250 = VERTEX_POINT('',#251);
#251 = CARTESIAN_POINT('',(-5.35,3.9,0.));
#252 = VERTEX_POINT('',#253);
#253 = CARTESIAN_POINT('',(-5.35,3.9,0.203));
#254 = LINE('',#255,#256);
#255 = CARTESIAN_POINT('',(-5.35,3.9,0.));
#256 = VECTOR('',#257,1.);
#257 = DIRECTION('',(-0.,-0.,1.));
#258 = ORIENTED_EDGE('',*,*,#259,.T.);
#259 = EDGE_CURVE('',#250,#260,#262,.T.);
#260 = VERTEX_POINT('',#261);
#261 = CARTESIAN_POINT('',(-5.35,3.7,0.));
#262 = LINE('',#263,#264);
#263 = CARTESIAN_POINT('',(-5.35,3.9,0.));
#264 = VECTOR('',#265,1.);
#265 = DIRECTION('',(-0.,-1.,-0.));
#266 = ORIENTED_EDGE('',*,*,#267,.T.);
#267 = EDGE_CURVE('',#260,#268,#270,.T.);
#268 = VERTEX_POINT('',#269);
#269 = CARTESIAN_POINT('',(-5.35,3.7,0.203));
#270 = LINE('',#271,#272);
#271 = CARTESIAN_POINT('',(-5.35,3.7,0.));
#272 = VECTOR('',#273,1.);
#273 = DIRECTION('',(-0.,-0.,1.));
#274 = ORIENTED_EDGE('',*,*,#275,.F.);
#275 = EDGE_CURVE('',#252,#268,#276,.T.);
#276 = LINE('',#277,#278);
#277 = CARTESIAN_POINT('',(-5.35,3.9,0.203));
#278 = VECTOR('',#279,1.);
#279 = DIRECTION('',(-0.,-1.,-0.));
#280 = PLANE('',#281);
#281 = AXIS2_PLACEMENT_3D('',#282,#283,#284);
#282 = CARTESIAN_POINT('',(-5.35,3.9,0.));
#283 = DIRECTION('',(1.,-0.,-0.));
#284 = DIRECTION('',(0.,0.,-1.));
#285 = ADVANCED_FACE('',(#286),#320,.T.);
#286 = FACE_BOUND('',#287,.F.);
#287 = EDGE_LOOP('',(#288,#298,#306,#314));
#288 = ORIENTED_EDGE('',*,*,#289,.F.);
#289 = EDGE_CURVE('',#290,#292,#294,.T.);
#290 = VERTEX_POINT('',#291);
#291 = CARTESIAN_POINT('',(-4.55,3.9,0.));
#292 = VERTEX_POINT('',#293);
#293 = CARTESIAN_POINT('',(-4.55,3.9,0.203));
#294 = LINE('',#295,#296);
#295 = CARTESIAN_POINT('',(-4.55,3.9,0.));
#296 = VECTOR('',#297,1.);
#297 = DIRECTION('',(-0.,-0.,1.));
#298 = ORIENTED_EDGE('',*,*,#299,.T.);
#299 = EDGE_CURVE('',#290,#300,#302,.T.);
#300 = VERTEX_POINT('',#301);
#301 = CARTESIAN_POINT('',(-4.55,3.7,0.));
#302 = LINE('',#303,#304);
#303 = CARTESIAN_POINT('',(-4.55,3.9,0.));
#304 = VECTOR('',#305,1.);
#305 = DIRECTION('',(-0.,-1.,-0.));
#306 = ORIENTED_EDGE('',*,*,#307,.T.);
#307 = EDGE_CURVE('',#300,#308,#310,.T.);
#308 = VERTEX_POINT('',#309);
#309 = CARTESIAN_POINT('',(-4.55,3.7,0.203));
#310 = LINE('',#311,#312);
#311 = CARTESIAN_POINT('',(-4.55,3.7,0.));
#312 = VECTOR('',#313,1.);
#313 = DIRECTION('',(-0.,-0.,1.));
#314 = ORIENTED_EDGE('',*,*,#315,.F.);
#315 = EDGE_CURVE('',#292,#308,#316,.T.);
#316 = LINE('',#317,#318);
#317 = CARTESIAN_POINT('',(-4.55,3.9,0.203));
#318 = VECTOR('',#319,1.);
#319 = DIRECTION('',(-0.,-1.,-0.));
#320 = PLANE('',#321);
#321 = AXIS2_PLACEMENT_3D('',#322,#323,#324);
#322 = CARTESIAN_POINT('',(-4.55,3.9,0.));
#323 = DIRECTION('',(1.,-0.,-0.));
#324 = DIRECTION('',(0.,0.,-1.));
#325 = ADVANCED_FACE('',(#326),#342,.F.);
#326 = FACE_BOUND('',#327,.T.);
#327 = EDGE_LOOP('',(#328,#334,#335,#341));
#328 = ORIENTED_EDGE('',*,*,#329,.F.);
#329 = EDGE_CURVE('',#250,#290,#330,.T.);
#330 = LINE('',#331,#332);
#331 = CARTESIAN_POINT('',(-5.35,3.9,0.));
#332 = VECTOR('',#333,1.);
#333 = DIRECTION('',(1.,-0.,-0.));
#334 = ORIENTED_EDGE('',*,*,#249,.T.);
#335 = ORIENTED_EDGE('',*,*,#336,.T.);
#336 = EDGE_CURVE('',#252,#292,#337,.T.);
#337 = LINE('',#338,#339);
#338 = CARTESIAN_POINT('',(-5.35,3.9,0.203));
#339 = VECTOR('',#340,1.);
#340 = DIRECTION('',(1.,-0.,-0.));
#341 = ORIENTED_EDGE('',*,*,#289,.F.);
#342 = PLANE('',#343);
#343 = AXIS2_PLACEMENT_3D('',#344,#345,#346);
#344 = CARTESIAN_POINT('',(-5.35,3.9,0.));
#345 = DIRECTION('',(-0.,-1.,-0.));
#346 = DIRECTION('',(0.,0.,-1.));
#347 = ADVANCED_FACE('',(#348),#364,.T.);
#348 = FACE_BOUND('',#349,.F.);
#349 = EDGE_LOOP('',(#350,#356,#357,#363));
#350 = ORIENTED_EDGE('',*,*,#351,.F.);
#351 = EDGE_CURVE('',#260,#300,#352,.T.);
#352 = LINE('',#353,#354);
#353 = CARTESIAN_POINT('',(-5.35,3.7,0.));
#354 = VECTOR('',#355,1.);
#355 = DIRECTION('',(1.,-0.,-0.));
#356 = ORIENTED_EDGE('',*,*,#267,.T.);
#357 = ORIENTED_EDGE('',*,*,#358,.T.);
#358 = EDGE_CURVE('',#268,#308,#359,.T.);
#359 = LINE('',#360,#361);
#360 = CARTESIAN_POINT('',(-5.35,3.7,0.203));
#361 = VECTOR('',#362,1.);
#362 = DIRECTION('',(1.,-0.,-0.));
#363 = ORIENTED_EDGE('',*,*,#307,.F.);
#364 = PLANE('',#365);
#365 = AXIS2_PLACEMENT_3D('',#366,#367,#368);
#366 = CARTESIAN_POINT('',(-5.35,3.7,0.));
#367 = DIRECTION('',(-0.,-1.,-0.));
#368 = DIRECTION('',(0.,0.,-1.));
#369 = ADVANCED_FACE('',(#370),#376,.F.);
#370 = FACE_BOUND('',#371,.T.);
#371 = EDGE_LOOP('',(#372,#373,#374,#375));
#372 = ORIENTED_EDGE('',*,*,#259,.F.);
#373 = ORIENTED_EDGE('',*,*,#329,.T.);
#374 = ORIENTED_EDGE('',*,*,#299,.T.);
#375 = ORIENTED_EDGE('',*,*,#351,.F.);
#376 = PLANE('',#377);
#377 = AXIS2_PLACEMENT_3D('',#378,#379,#380);
#378 = CARTESIAN_POINT('',(-5.35,3.9,0.));
#379 = DIRECTION('',(-0.,-0.,1.));
#380 = DIRECTION('',(-1.,0.,0.));
#381 = ADVANCED_FACE('',(#382),#388,.T.);
#382 = FACE_BOUND('',#383,.F.);
#383 = EDGE_LOOP('',(#384,#385,#386,#387));
#384 = ORIENTED_EDGE('',*,*,#275,.F.);
#385 = ORIENTED_EDGE('',*,*,#336,.T.);
#386 = ORIENTED_EDGE('',*,*,#315,.T.);
#387 = ORIENTED_EDGE('',*,*,#358,.F.);
#388 = PLANE('',#389);
#389 = AXIS2_PLACEMENT_3D('',#390,#391,#392);
#390 = CARTESIAN_POINT('',(-5.35,3.9,0.203));
#391 = DIRECTION('',(-0.,-0.,1.));
#392 = DIRECTION('',(-1.,0.,0.));
#393 = MANIFOLD_SOLID_BREP('',#394);
#394 = CLOSED_SHELL('',(#395,#435,#475,#497,#519,#531));
#395 = ADVANCED_FACE('',(#396),#430,.F.);
#396 = FACE_BOUND('',#397,.T.);
#397 = EDGE_LOOP('',(#398,#408,#416,#424));
#398 = ORIENTED_EDGE('',*,*,#399,.F.);
#399 = EDGE_CURVE('',#400,#402,#404,.T.);
#400 = VERTEX_POINT('',#401);
#401 = CARTESIAN_POINT('',(-5.35,3.5,0.));
#402 = VERTEX_POINT('',#403);
#403 = CARTESIAN_POINT('',(-5.35,3.5,0.203));
#404 = LINE('',#405,#406);
#405 = CARTESIAN_POINT('',(-5.35,3.5,0.));
#406 = VECTOR('',#407,1.);
#407 = DIRECTION('',(-0.,-0.,1.));
#408 = ORIENTED_EDGE('',*,*,#409,.T.);
#409 = EDGE_CURVE('',#400,#410,#412,.T.);
#410 = VERTEX_POINT('',#411);
#411 = CARTESIAN_POINT('',(-5.35,3.3,0.));
#412 = LINE('',#413,#414);
#413 = CARTESIAN_POINT('',(-5.35,3.5,0.));
#414 = VECTOR('',#415,1.);
#415 = DIRECTION('',(-0.,-1.,-0.));
#416 = ORIENTED_EDGE('',*,*,#417,.T.);
#417 = EDGE_CURVE('',#410,#418,#420,.T.);
#418 = VERTEX_POINT('',#419);
#419 = CARTESIAN_POINT('',(-5.35,3.3,0.203));
#420 = LINE('',#421,#422);
#421 = CARTESIAN_POINT('',(-5.35,3.3,0.));
#422 = VECTOR('',#423,1.);
#423 = DIRECTION('',(-0.,-0.,1.));
#424 = ORIENTED_EDGE('',*,*,#425,.F.);
#425 = EDGE_CURVE('',#402,#418,#426,.T.);
#426 = LINE('',#427,#428);
#427 = CARTESIAN_POINT('',(-5.35,3.5,0.203));
#428 = VECTOR('',#429,1.);
#429 = DIRECTION('',(-0.,-1.,-0.));
#430 = PLANE('',#431);
#431 = AXIS2_PLACEMENT_3D('',#432,#433,#434);
#432 = CARTESIAN_POINT('',(-5.35,3.5,0.));
#433 = DIRECTION('',(1.,-0.,-0.));
#434 = DIRECTION('',(0.,0.,-1.));
#435 = ADVANCED_FACE('',(#436),#470,.T.);
#436 = FACE_BOUND('',#437,.F.);
#437 = EDGE_LOOP('',(#438,#448,#456,#464));
#438 = ORIENTED_EDGE('',*,*,#439,.F.);
#439 = EDGE_CURVE('',#440,#442,#444,.T.);
#440 = VERTEX_POINT('',#441);
#441 = CARTESIAN_POINT('',(-4.55,3.5,0.));
#442 = VERTEX_POINT('',#443);
#443 = CARTESIAN_POINT('',(-4.55,3.5,0.203));
#444 = LINE('',#445,#446);
#445 = CARTESIAN_POINT('',(-4.55,3.5,0.));
#446 = VECTOR('',#447,1.);
#447 = DIRECTION('',(-0.,-0.,1.));
#448 = ORIENTED_EDGE('',*,*,#449,.T.);
#449 = EDGE_CURVE('',#440,#450,#452,.T.);
#450 = VERTEX_POINT('',#451);
#451 = CARTESIAN_POINT('',(-4.55,3.3,0.));
#452 = LINE('',#453,#454);
#453 = CARTESIAN_POINT('',(-4.55,3.5,0.));
#454 = VECTOR('',#455,1.);
#455 = DIRECTION('',(-0.,-1.,-0.));
#456 = ORIENTED_EDGE('',*,*,#457,.T.);
#457 = EDGE_CURVE('',#450,#458,#460,.T.);
#458 = VERTEX_POINT('',#459);
#459 = CARTESIAN_POINT('',(-4.55,3.3,0.203));
#460 = LINE('',#461,#462);
#461 = CARTESIAN_POINT('',(-4.55,3.3,0.));
#462 = VECTOR('',#463,1.);
#463 = DIRECTION('',(-0.,-0.,1.));
#464 = ORIENTED_EDGE('',*,*,#465,.F.);
#465 = EDGE_CURVE('',#442,#458,#466,.T.);
#466 = LINE('',#467,#468);
#467 = CARTESIAN_POINT('',(-4.55,3.5,0.203));
#468 = VECTOR('',#469,1.);
#469 = DIRECTION('',(-0.,-1.,-0.));
#470 = PLANE('',#471);
#471 = AXIS2_PLACEMENT_3D('',#472,#473,#474);
#472 = CARTESIAN_POINT('',(-4.55,3.5,0.));
#473 = DIRECTION('',(1.,-0.,-0.));
#474 = DIRECTION('',(0.,0.,-1.));
#475 = ADVANCED_FACE('',(#476),#492,.F.);
#476 = FACE_BOUND('',#477,.T.);
#477 = EDGE_LOOP('',(#478,#484,#485,#491));
#478 = ORIENTED_EDGE('',*,*,#479,.F.);
#479 = EDGE_CURVE('',#400,#440,#480,.T.);
#480 = LINE('',#481,#482);
#481 = CARTESIAN_POINT('',(-5.35,3.5,0.));
#482 = VECTOR('',#483,1.);
#483 = DIRECTION('',(1.,-0.,-0.));
#484 = ORIENTED_EDGE('',*,*,#399,.T.);
#485 = ORIENTED_EDGE('',*,*,#486,.T.);
#486 = EDGE_CURVE('',#402,#442,#487,.T.);
#487 = LINE('',#488,#489);
#488 = CARTESIAN_POINT('',(-5.35,3.5,0.203));
#489 = VECTOR('',#490,1.);
#490 = DIRECTION('',(1.,-0.,-0.));
#491 = ORIENTED_EDGE('',*,*,#439,.F.);
#492 = PLANE('',#493);
#493 = AXIS2_PLACEMENT_3D('',#494,#495,#496);
#494 = CARTESIAN_POINT('',(-5.35,3.5,0.));
#495 = DIRECTION('',(-0.,-1.,-0.));
#496 = DIRECTION('',(0.,0.,-1.));
#497 = ADVANCED_FACE('',(#498),#514,.T.);
#498 = FACE_BOUND('',#499,.F.);
#499 = EDGE_LOOP('',(#500,#506,#507,#513));
#500 = ORIENTED_EDGE('',*,*,#501,.F.);
#501 = EDGE_CURVE('',#410,#450,#502,.T.);
#502 = LINE('',#503,#504);
#503 = CARTESIAN_POINT('',(-5.35,3.3,0.));
#504 = VECTOR('',#505,1.);
#505 = DIRECTION('',(1.,-0.,-0.));
#506 = ORIENTED_EDGE('',*,*,#417,.T.);
#507 = ORIENTED_EDGE('',*,*,#508,.T.);
#508 = EDGE_CURVE('',#418,#458,#509,.T.);
#509 = LINE('',#510,#511);
#510 = CARTESIAN_POINT('',(-5.35,3.3,0.203));
#511 = VECTOR('',#512,1.);
#512 = DIRECTION('',(1.,-0.,-0.));
#513 = ORIENTED_EDGE('',*,*,#457,.F.);
#514 = PLANE('',#515);
#515 = AXIS2_PLACEMENT_3D('',#516,#517,#518);
#516 = CARTESIAN_POINT('',(-5.35,3.3,0.));
#517 = DIRECTION('',(-0.,-1.,-0.));
#518 = DIRECTION('',(0.,0.,-1.));
#519 = ADVANCED_FACE('',(#520),#526,.F.);
#520 = FACE_BOUND('',#521,.T.);
#521 = EDGE_LOOP('',(#522,#523,#524,#525));
#522 = ORIENTED_EDGE('',*,*,#409,.F.);
#523 = ORIENTED_EDGE('',*,*,#479,.T.);
#524 = ORIENTED_EDGE('',*,*,#449,.T.);
#525 = ORIENTED_EDGE('',*,*,#501,.F.);
#526 = PLANE('',#527);
#527 = AXIS2_PLACEMENT_3D('',#528,#529,#530);
#528 = CARTESIAN_POINT('',(-5.35,3.5,0.));
#529 = DIRECTION('',(-0.,-0.,1.));
#530 = DIRECTION('',(-1.,0.,0.));
#531 = ADVANCED_FACE('',(#532),#538,.T.);
#532 = FACE_BOUND('',#533,.F.);
#533 = EDGE_LOOP('',(#534,#535,#536,#537));
#534 = ORIENTED_EDGE('',*,*,#425,.F.);
#535 = ORIENTED_EDGE('',*,*,#486,.T.);
#536 = ORIENTED_EDGE('',*,*,#465,.T.);
#537 = ORIENTED_EDGE('',*,*,#508,.F.);
#538 = PLANE('',#539);
#539 = AXIS2_PLACEMENT_3D('',#540,#541,#542);
#540 = CARTESIAN_POINT('',(-5.35,3.5,0.203));
#541 = DIRECTION('',(-0.,-0.,1.));
#542 = DIRECTION('',(-1.,0.,0.));
#543 = MANIFOLD_SOLID_BREP('',#544);
#544 = CLOSED_SHELL('',(#545,#585,#625,#647,#669,#681));
#545 = ADVANCED_FACE('',(#546),#580,.F.);
#546 = FACE_BOUND('',#547,.T.);
#547 = EDGE_LOOP('',(#548,#558,#566,#574));
#548 = ORIENTED_EDGE('',*,*,#549,.F.);
#549 = EDGE_CURVE('',#550,#552,#554,.T.);
#550 = VERTEX_POINT('',#551);
#551 = CARTESIAN_POINT('',(-5.35,3.1,0.));
#552 = VERTEX_POINT('',#553);
#553 = CARTESIAN_POINT('',(-5.35,3.1,0.203));
#554 = LINE('',#555,#556);
#555 = CARTESIAN_POINT('',(-5.35,3.1,0.));
#556 = VECTOR('',#557,1.);
#557 = DIRECTION('',(-0.,-0.,1.));
#558 = ORIENTED_EDGE('',*,*,#559,.T.);
#559 = EDGE_CURVE('',#550,#560,#562,.T.);
#560 = VERTEX_POINT('',#561);
#561 = CARTESIAN_POINT('',(-5.35,2.9,0.));
#562 = LINE('',#563,#564);
#563 = CARTESIAN_POINT('',(-5.35,3.1,0.));
#564 = VECTOR('',#565,1.);
#565 = DIRECTION('',(-0.,-1.,-0.));
#566 = ORIENTED_EDGE('',*,*,#567,.T.);
#567 = EDGE_CURVE('',#560,#568,#570,.T.);
#568 = VERTEX_POINT('',#569);
#569 = CARTESIAN_POINT('',(-5.35,2.9,0.203));
#570 = LINE('',#571,#572);
#571 = CARTESIAN_POINT('',(-5.35,2.9,0.));
#572 = VECTOR('',#573,1.);
#573 = DIRECTION('',(-0.,-0.,1.));
#574 = ORIENTED_EDGE('',*,*,#575,.F.);
#575 = EDGE_CURVE('',#552,#568,#576,.T.);
#576 = LINE('',#577,#578);
#577 = CARTESIAN_POINT('',(-5.35,3.1,0.203));
#578 = VECTOR('',#579,1.);
#579 = DIRECTION('',(-0.,-1.,-0.));
#580 = PLANE('',#581);
#581 = AXIS2_PLACEMENT_3D('',#582,#583,#584);
#582 = CARTESIAN_POINT('',(-5.35,3.1,0.));
#583 = DIRECTION('',(1.,-0.,-0.));
#584 = DIRECTION('',(0.,0.,-1.));
#585 = ADVANCED_FACE('',(#586),#620,.T.);
#586 = FACE_BOUND('',#587,.F.);
#587 = EDGE_LOOP('',(#588,#598,#606,#614));
#588 = ORIENTED_EDGE('',*,*,#589,.F.);
#589 = EDGE_CURVE('',#590,#592,#594,.T.);
#590 = VERTEX_POINT('',#591);
#591 = CARTESIAN_POINT('',(-4.55,3.1,0.));
#592 = VERTEX_POINT('',#593);
#593 = CARTESIAN_POINT('',(-4.55,3.1,0.203));
#594 = LINE('',#595,#596);
#595 = CARTESIAN_POINT('',(-4.55,3.1,0.));
#596 = VECTOR('',#597,1.);
#597 = DIRECTION('',(-0.,-0.,1.));
#598 = ORIENTED_EDGE('',*,*,#599,.T.);
#599 = EDGE_CURVE('',#590,#600,#602,.T.);
#600 = VERTEX_POINT('',#601);
#601 = CARTESIAN_POINT('',(-4.55,2.9,0.));
#602 = LINE('',#603,#604);
#603 = CARTESIAN_POINT('',(-4.55,3.1,0.));
#604 = VECTOR('',#605,1.);
#605 = DIRECTION('',(-0.,-1.,-0.));
#606 = ORIENTED_EDGE('',*,*,#607,.T.);
#607 = EDGE_CURVE('',#600,#608,#610,.T.);
#608 = VERTEX_POINT('',#609);
#609 = CARTESIAN_POINT('',(-4.55,2.9,0.203));
#610 = LINE('',#611,#612);
#611 = CARTESIAN_POINT('',(-4.55,2.9,0.));
#612 = VECTOR('',#613,1.);
#613 = DIRECTION('',(-0.,-0.,1.));
#614 = ORIENTED_EDGE('',*,*,#615,.F.);
#615 = EDGE_CURVE('',#592,#608,#616,.T.);
#616 = LINE('',#617,#618);
#617 = CARTESIAN_POINT('',(-4.55,3.1,0.203));
#618 = VECTOR('',#619,1.);
#619 = DIRECTION('',(-0.,-1.,-0.));
#620 = PLANE('',#621);
#621 = AXIS2_PLACEMENT_3D('',#622,#623,#624);
#622 = CARTESIAN_POINT('',(-4.55,3.1,0.));
#623 = DIRECTION('',(1.,-0.,-0.));
#624 = DIRECTION('',(0.,0.,-1.));
#625 = ADVANCED_FACE('',(#626),#642,.F.);
#626 = FACE_BOUND('',#627,.T.);
#627 = EDGE_LOOP('',(#628,#634,#635,#641));
#628 = ORIENTED_EDGE('',*,*,#629,.F.);
#629 = EDGE_CURVE('',#550,#590,#630,.T.);
#630 = LINE('',#631,#632);
#631 = CARTESIAN_POINT('',(-5.35,3.1,0.));
#632 = VECTOR('',#633,1.);
#633 = DIRECTION('',(1.,-0.,-0.));
#634 = ORIENTED_EDGE('',*,*,#549,.T.);
#635 = ORIENTED_EDGE('',*,*,#636,.T.);
#636 = EDGE_CURVE('',#552,#592,#637,.T.);
#637 = LINE('',#638,#639);
#638 = CARTESIAN_POINT('',(-5.35,3.1,0.203));
#639 = VECTOR('',#640,1.);
#640 = DIRECTION('',(1.,-0.,-0.));
#641 = ORIENTED_EDGE('',*,*,#589,.F.);
#642 = PLANE('',#643);
#643 = AXIS2_PLACEMENT_3D('',#644,#645,#646);
#644 = CARTESIAN_POINT('',(-5.35,3.1,0.));
#645 = DIRECTION('',(-0.,-1.,-0.));
#646 = DIRECTION('',(0.,0.,-1.));
#647 = ADVANCED_FACE('',(#648),#664,.T.);
#648 = FACE_BOUND('',#649,.F.);
#649 = EDGE_LOOP('',(#650,#656,#657,#663));
#650 = ORIENTED_EDGE('',*,*,#651,.F.);
#651 = EDGE_CURVE('',#560,#600,#652,.T.);
#652 = LINE('',#653,#654);
#653 = CARTESIAN_POINT('',(-5.35,2.9,0.));
#654 = VECTOR('',#655,1.);
#655 = DIRECTION('',(1.,-0.,-0.));
#656 = ORIENTED_EDGE('',*,*,#567,.T.);
#657 = ORIENTED_EDGE('',*,*,#658,.T.);
#658 = EDGE_CURVE('',#568,#608,#659,.T.);
#659 = LINE('',#660,#661);
#660 = CARTESIAN_POINT('',(-5.35,2.9,0.203));
#661 = VECTOR('',#662,1.);
#662 = DIRECTION('',(1.,-0.,-0.));
#663 = ORIENTED_EDGE('',*,*,#607,.F.);
#664 = PLANE('',#665);
#665 = AXIS2_PLACEMENT_3D('',#666,#667,#668);
#666 = CARTESIAN_POINT('',(-5.35,2.9,0.));
#667 = DIRECTION('',(-0.,-1.,-0.));
#668 = DIRECTION('',(0.,0.,-1.));
#669 = ADVANCED_FACE('',(#670),#676,.F.);
#670 = FACE_BOUND('',#671,.T.);
#671 = EDGE_LOOP('',(#672,#673,#674,#675));
#672 = ORIENTED_EDGE('',*,*,#559,.F.);
#673 = ORIENTED_EDGE('',*,*,#629,.T.);
#674 = ORIENTED_EDGE('',*,*,#599,.T.);
#675 = ORIENTED_EDGE('',*,*,#651,.F.);
#676 = PLANE('',#677);
#677 = AXIS2_PLACEMENT_3D('',#678,#679,#680);
#678 = CARTESIAN_POINT('',(-5.35,3.1,0.));
#679 = DIRECTION('',(-0.,-0.,1.));
#680 = DIRECTION('',(-1.,0.,0.));
#681 = ADVANCED_FACE('',(#682),#688,.T.);
#682 = FACE_BOUND('',#683,.F.);
#683 = EDGE_LOOP('',(#684,#685,#686,#687));
#684 = ORIENTED_EDGE('',*,*,#575,.F.);
#685 = ORIENTED_EDGE('',*,*,#636,.T.);
#686 = ORIENTED_EDGE('',*,*,#615,.T.);
#687 = ORIENTED_EDGE('',*,*,#658,.F.);
#688 = PLANE('',#689);
#689 = AXIS2_PLACEMENT_3D('',#690,#691,#692);
#690 = CARTESIAN_POINT('',(-5.35,3.1,0.203));
#691 = DIRECTION('',(-0.,-0.,1.));
#692 = DIRECTION('',(-1.,0.,0.));
#693 = MANIFOLD_SOLID_BREP('',#694);
#694 = CLOSED_SHELL('',(#695,#735,#775,#797,#819,#831));
#695 = ADVANCED_FACE('',(#696),#730,.F.);
#696 = FACE_BOUND('',#697,.T.);
#697 = EDGE_LOOP('',(#698,#708,#716,#724));
#698 = ORIENTED_EDGE('',*,*,#699,.F.);
#699 = EDGE_CURVE('',#700,#702,#704,.T.);
#700 = VERTEX_POINT('',#701);
#701 = CARTESIAN_POINT('',(-5.35,2.7,0.));
#702 = VERTEX_POINT('',#703);
#703 = CARTESIAN_POINT('',(-5.35,2.7,0.203));
#704 = LINE('',#705,#706);
#705 = CARTESIAN_POINT('',(-5.35,2.7,0.));
#706 = VECTOR('',#707,1.);
#707 = DIRECTION('',(-0.,-0.,1.));
#708 = ORIENTED_EDGE('',*,*,#709,.T.);
#709 = EDGE_CURVE('',#700,#710,#712,.T.);
#710 = VERTEX_POINT('',#711);
#711 = CARTESIAN_POINT('',(-5.35,2.5,0.));
#712 = LINE('',#713,#714);
#713 = CARTESIAN_POINT('',(-5.35,2.7,0.));
#714 = VECTOR('',#715,1.);
#715 = DIRECTION('',(-0.,-1.,-0.));
#716 = ORIENTED_EDGE('',*,*,#717,.T.);
#717 = EDGE_CURVE('',#710,#718,#720,.T.);
#718 = VERTEX_POINT('',#719);
#719 = CARTESIAN_POINT('',(-5.35,2.5,0.203));
#720 = LINE('',#721,#722);
#721 = CARTESIAN_POINT('',(-5.35,2.5,0.));
#722 = VECTOR('',#723,1.);
#723 = DIRECTION('',(-0.,-0.,1.));
#724 = ORIENTED_EDGE('',*,*,#725,.F.);
#725 = EDGE_CURVE('',#702,#718,#726,.T.);
#726 = LINE('',#727,#728);
#727 = CARTESIAN_POINT('',(-5.35,2.7,0.203));
#728 = VECTOR('',#729,1.);
#729 = DIRECTION('',(-0.,-1.,-0.));
#730 = PLANE('',#731);
#731 = AXIS2_PLACEMENT_3D('',#732,#733,#734);
#732 = CARTESIAN_POINT('',(-5.35,2.7,0.));
#733 = DIRECTION('',(1.,-0.,-0.));
#734 = DIRECTION('',(0.,0.,-1.));
#735 = ADVANCED_FACE('',(#736),#770,.T.);
#736 = FACE_BOUND('',#737,.F.);
#737 = EDGE_LOOP('',(#738,#748,#756,#764));
#738 = ORIENTED_EDGE('',*,*,#739,.F.);
#739 = EDGE_CURVE('',#740,#742,#744,.T.);
#740 = VERTEX_POINT('',#741);
#741 = CARTESIAN_POINT('',(-4.55,2.7,0.));
#742 = VERTEX_POINT('',#743);
#743 = CARTESIAN_POINT('',(-4.55,2.7,0.203));
#744 = LINE('',#745,#746);
#745 = CARTESIAN_POINT('',(-4.55,2.7,0.));
#746 = VECTOR('',#747,1.);
#747 = DIRECTION('',(-0.,-0.,1.));
#748 = ORIENTED_EDGE('',*,*,#749,.T.);
#749 = EDGE_CURVE('',#740,#750,#752,.T.);
#750 = VERTEX_POINT('',#751);
#751 = CARTESIAN_POINT('',(-4.55,2.5,0.));
#752 = LINE('',#753,#754);
#753 = CARTESIAN_POINT('',(-4.55,2.7,0.));
#754 = VECTOR('',#755,1.);
#755 = DIRECTION('',(-0.,-1.,-0.));
#756 = ORIENTED_EDGE('',*,*,#757,.T.);
#757 = EDGE_CURVE('',#750,#758,#760,.T.);
#758 = VERTEX_POINT('',#759);
#759 = CARTESIAN_POINT('',(-4.55,2.5,0.203));
#760 = LINE('',#761,#762);
#761 = CARTESIAN_POINT('',(-4.55,2.5,0.));
#762 = VECTOR('',#763,1.);
#763 = DIRECTION('',(-0.,-0.,1.));
#764 = ORIENTED_EDGE('',*,*,#765,.F.);
#765 = EDGE_CURVE('',#742,#758,#766,.T.);
#766 = LINE('',#767,#768);
#767 = CARTESIAN_POINT('',(-4.55,2.7,0.203));
#768 = VECTOR('',#769,1.);
#769 = DIRECTION('',(-0.,-1.,-0.));
#770 = PLANE('',#771);
#771 = AXIS2_PLACEMENT_3D('',#772,#773,#774);
#772 = CARTESIAN_POINT('',(-4.55,2.7,0.));
#773 = DIRECTION('',(1.,-0.,-0.));
#774 = DIRECTION('',(0.,0.,-1.));
#775 = ADVANCED_FACE('',(#776),#792,.F.);
#776 = FACE_BOUND('',#777,.T.);
#777 = EDGE_LOOP('',(#778,#784,#785,#791));
#778 = ORIENTED_EDGE('',*,*,#779,.F.);
#779 = EDGE_CURVE('',#700,#740,#780,.T.);
#780 = LINE('',#781,#782);
#781 = CARTESIAN_POINT('',(-5.35,2.7,0.));
#782 = VECTOR('',#783,1.);
#783 = DIRECTION('',(1.,-0.,-0.));
#784 = ORIENTED_EDGE('',*,*,#699,.T.);
#785 = ORIENTED_EDGE('',*,*,#786,.T.);
#786 = EDGE_CURVE('',#702,#742,#787,.T.);
#787 = LINE('',#788,#789);
#788 = CARTESIAN_POINT('',(-5.35,2.7,0.203));
#789 = VECTOR('',#790,1.);
#790 = DIRECTION('',(1.,-0.,-0.));
#791 = ORIENTED_EDGE('',*,*,#739,.F.);
#792 = PLANE('',#793);
#793 = AXIS2_PLACEMENT_3D('',#794,#795,#796);
#794 = CARTESIAN_POINT('',(-5.35,2.7,0.));
#795 = DIRECTION('',(-0.,-1.,-0.));
#796 = DIRECTION('',(0.,0.,-1.));
#797 = ADVANCED_FACE('',(#798),#814,.T.);
#798 = FACE_BOUND('',#799,.F.);
#799 = EDGE_LOOP('',(#800,#806,#807,#813));
#800 = ORIENTED_EDGE('',*,*,#801,.F.);
#801 = EDGE_CURVE('',#710,#750,#802,.T.);
#802 = LINE('',#803,#804);
#803 = CARTESIAN_POINT('',(-5.35,2.5,0.));
#804 = VECTOR('',#805,1.);
#805 = DIRECTION('',(1.,-0.,-0.));
#806 = ORIENTED_EDGE('',*,*,#717,.T.);
#807 = ORIENTED_EDGE('',*,*,#808,.T.);
#808 = EDGE_CURVE('',#718,#758,#809,.T.);
#809 = LINE('',#810,#811);
#810 = CARTESIAN_POINT('',(-5.35,2.5,0.203));
#811 = VECTOR('',#812,1.);
#812 = DIRECTION('',(1.,-0.,-0.));
#813 = ORIENTED_EDGE('',*,*,#757,.F.);
#814 = PLANE('',#815);
#815 = AXIS2_PLACEMENT_3D('',#816,#817,#818);
#816 = CARTESIAN_POINT('',(-5.35,2.5,0.));
#817 = DIRECTION('',(-0.,-1.,-0.));
#818 = DIRECTION('',(0.,0.,-1.));
#819 = ADVANCED_FACE('',(#820),#826,.F.);
#820 = FACE_BOUND('',#821,.T.);
#821 = EDGE_LOOP('',(#822,#823,#824,#825));
#822 = ORIENTED_EDGE('',*,*,#709,.F.);
#823 = ORIENTED_EDGE('',*,*,#779,.T.);
#824 = ORIENTED_EDGE('',*,*,#749,.T.);
#825 = ORIENTED_EDGE('',*,*,#801,.F.);
#826 = PLANE('',#827);
#827 = AXIS2_PLACEMENT_3D('',#828,#829,#830);
#828 = CARTESIAN_POINT('',(-5.35,2.7,0.));
#829 = DIRECTION('',(-0.,-0.,1.));
#830 = DIRECTION('',(-1.,0.,0.));
#831 = ADVANCED_FACE('',(#832),#838,.T.);
#832 = FACE_BOUND('',#833,.F.);
#833 = EDGE_LOOP('',(#834,#835,#836,#837));
#834 = ORIENTED_EDGE('',*,*,#725,.F.);
#835 = ORIENTED_EDGE('',*,*,#786,.T.);
#836 = ORIENTED_EDGE('',*,*,#765,.T.);
#837 = ORIENTED_EDGE('',*,*,#808,.F.);
#838 = PLANE('',#839);
#839 = AXIS2_PLACEMENT_3D('',#840,#841,#842);
#840 = CARTESIAN_POINT('',(-5.35,2.7,0.203));
#841 = DIRECTION('',(-0.,-0.,1.));
#842 = DIRECTION('',(-1.,0.,0.));
#843 = MANIFOLD_SOLID_BREP('',#844);
#844 = CLOSED_SHELL('',(#845,#885,#925,#947,#969,#981));
#845 = ADVANCED_FACE('',(#846),#880,.F.);
#846 = FACE_BOUND('',#847,.T.);
#847 = EDGE_LOOP('',(#848,#858,#866,#874));
#848 = ORIENTED_EDGE('',*,*,#849,.F.);
#849 = EDGE_CURVE('',#850,#852,#854,.T.);
#850 = VERTEX_POINT('',#851);
#851 = CARTESIAN_POINT('',(-5.35,2.3,0.));
#852 = VERTEX_POINT('',#853);
#853 = CARTESIAN_POINT('',(-5.35,2.3,0.203));
#854 = LINE('',#855,#856);
#855 = CARTESIAN_POINT('',(-5.35,2.3,0.));
#856 = VECTOR('',#857,1.);
#857 = DIRECTION('',(-0.,-0.,1.));
#858 = ORIENTED_EDGE('',*,*,#859,.T.);
#859 = EDGE_CURVE('',#850,#860,#862,.T.);
#860 = VERTEX_POINT('',#861);
#861 = CARTESIAN_POINT('',(-5.35,2.1,0.));
#862 = LINE('',#863,#864);
#863 = CARTESIAN_POINT('',(-5.35,2.3,0.));
#864 = VECTOR('',#865,1.);
#865 = DIRECTION('',(-0.,-1.,-0.));
#866 = ORIENTED_EDGE('',*,*,#867,.T.);
#867 = EDGE_CURVE('',#860,#868,#870,.T.);
#868 = VERTEX_POINT('',#869);
#869 = CARTESIAN_POINT('',(-5.35,2.1,0.203));
#870 = LINE('',#871,#872);
#871 = CARTESIAN_POINT('',(-5.35,2.1,0.));
#872 = VECTOR('',#873,1.);
#873 = DIRECTION('',(-0.,-0.,1.));
#874 = ORIENTED_EDGE('',*,*,#875,.F.);
#875 = EDGE_CURVE('',#852,#868,#876,.T.);
#876 = LINE('',#877,#878);
#877 = CARTESIAN_POINT('',(-5.35,2.3,0.203));
#878 = VECTOR('',#879,1.);
#879 = DIRECTION('',(-0.,-1.,-0.));
#880 = PLANE('',#881);
#881 = AXIS2_PLACEMENT_3D('',#882,#883,#884);
#882 = CARTESIAN_POINT('',(-5.35,2.3,0.));
#883 = DIRECTION('',(1.,-0.,-0.));
#884 = DIRECTION('',(0.,0.,-1.));
#885 = ADVANCED_FACE('',(#886),#920,.T.);
#886 = FACE_BOUND('',#887,.F.);
#887 = EDGE_LOOP('',(#888,#898,#906,#914));
#888 = ORIENTED_EDGE('',*,*,#889,.F.);
#889 = EDGE_CURVE('',#890,#892,#894,.T.);
#890 = VERTEX_POINT('',#891);
#891 = CARTESIAN_POINT('',(-4.55,2.3,0.));
#892 = VERTEX_POINT('',#893);
#893 = CARTESIAN_POINT('',(-4.55,2.3,0.203));
#894 = LINE('',#895,#896);
#895 = CARTESIAN_POINT('',(-4.55,2.3,0.));
#896 = VECTOR('',#897,1.);
#897 = DIRECTION('',(-0.,-0.,1.));
#898 = ORIENTED_EDGE('',*,*,#899,.T.);
#899 = EDGE_CURVE('',#890,#900,#902,.T.);
#900 = VERTEX_POINT('',#901);
#901 = CARTESIAN_POINT('',(-4.55,2.1,0.));
#902 = LINE('',#903,#904);
#903 = CARTESIAN_POINT('',(-4.55,2.3,0.));
#904 = VECTOR('',#905,1.);
#905 = DIRECTION('',(-0.,-1.,-0.));
#906 = ORIENTED_EDGE('',*,*,#907,.T.);
#907 = EDGE_CURVE('',#900,#908,#910,.T.);
#908 = VERTEX_POINT('',#909);
#909 = CARTESIAN_POINT('',(-4.55,2.1,0.203));
#910 = LINE('',#911,#912);
#911 = CARTESIAN_POINT('',(-4.55,2.1,0.));
#912 = VECTOR('',#913,1.);
#913 = DIRECTION('',(-0.,-0.,1.));
#914 = ORIENTED_EDGE('',*,*,#915,.F.);
#915 = EDGE_CURVE('',#892,#908,#916,.T.);
#916 = LINE('',#917,#918);
#917 = CARTESIAN_POINT('',(-4.55,2.3,0.203));
#918 = VECTOR('',#919,1.);
#919 = DIRECTION('',(-0.,-1.,-0.));
#920 = PLANE('',#921);
#921 = AXIS2_PLACEMENT_3D('',#922,#923,#924);
#922 = CARTESIAN_POINT('',(-4.55,2.3,0.));
#923 = DIRECTION('',(1.,-0.,-0.));
#924 = DIRECTION('',(0.,0.,-1.));
#925 = ADVANCED_FACE('',(#926),#942,.F.);
#926 = FACE_BOUND('',#927,.T.);
#927 = EDGE_LOOP('',(#928,#934,#935,#941));
#928 = ORIENTED_EDGE('',*,*,#929,.F.);
#929 = EDGE_CURVE('',#850,#890,#930,.T.);
#930 = LINE('',#931,#932);
#931 = CARTESIAN_POINT('',(-5.35,2.3,0.));
#932 = VECTOR('',#933,1.);
#933 = DIRECTION('',(1.,-0.,-0.));
#934 = ORIENTED_EDGE('',*,*,#849,.T.);
#935 = ORIENTED_EDGE('',*,*,#936,.T.);
#936 = EDGE_CURVE('',#852,#892,#937,.T.);
#937 = LINE('',#938,#939);
#938 = CARTESIAN_POINT('',(-5.35,2.3,0.203));
#939 = VECTOR('',#940,1.);
#940 = DIRECTION('',(1.,-0.,-0.));
#941 = ORIENTED_EDGE('',*,*,#889,.F.);
#942 = PLANE('',#943);
#943 = AXIS2_PLACEMENT_3D('',#944,#945,#946);
#944 = CARTESIAN_POINT('',(-5.35,2.3,0.));
#945 = DIRECTION('',(-0.,-1.,-0.));
#946 = DIRECTION('',(0.,0.,-1.));
#947 = ADVANCED_FACE('',(#948),#964,.T.);
#948 = FACE_BOUND('',#949,.F.);
#949 = EDGE_LOOP('',(#950,#956,#957,#963));
#950 = ORIENTED_EDGE('',*,*,#951,.F.);
#951 = EDGE_CURVE('',#860,#900,#952,.T.);
#952 = LINE('',#953,#954);
#953 = CARTESIAN_POINT('',(-5.35,2.1,0.));
#954 = VECTOR('',#955,1.);
#955 = DIRECTION('',(1.,-0.,-0.));
#956 = ORIENTED_EDGE('',*,*,#867,.T.);
#957 = ORIENTED_EDGE('',*,*,#958,.T.);
#958 = EDGE_CURVE('',#868,#908,#959,.T.);
#959 = LINE('',#960,#961);
#960 = CARTESIAN_POINT('',(-5.35,2.1,0.203));
#961 = VECTOR('',#962,1.);
#962 = DIRECTION('',(1.,-0.,-0.));
#963 = ORIENTED_EDGE('',*,*,#907,.F.);
#964 = PLANE('',#965);
#965 = AXIS2_PLACEMENT_3D('',#966,#967,#968);
#966 = CARTESIAN_POINT('',(-5.35,2.1,0.));
#967 = DIRECTION('',(-0.,-1.,-0.));
#968 = DIRECTION('',(0.,0.,-1.));
#969 = ADVANCED_FACE('',(#970),#976,.F.);
#970 = FACE_BOUND('',#971,.T.);
#971 = EDGE_LOOP('',(#972,#973,#974,#975));
#972 = ORIENTED_EDGE('',*,*,#859,.F.);
#973 = ORIENTED_EDGE('',*,*,#929,.T.);
#974 = ORIENTED_EDGE('',*,*,#899,.T.);
#975 = ORIENTED_EDGE('',*,*,#951,.F.);
#976 = PLANE('',#977);
#977 = AXIS2_PLACEMENT_3D('',#978,#979,#980);
#978 = CARTESIAN_POINT('',(-5.35,2.3,0.));
#979 = DIRECTION('',(-0.,-0.,1.));
#980 = DIRECTION('',(-1.,0.,0.));
#981 = ADVANCED_FACE('',(#982),#988,.T.);
#982 = FACE_BOUND('',#983,.F.);
#983 = EDGE_LOOP('',(#984,#985,#986,#987));
#984 = ORIENTED_EDGE('',*,*,#875,.F.);
#985 = ORIENTED_EDGE('',*,*,#936,.T.);
#986 = ORIENTED_EDGE('',*,*,#915,.T.);
#987 = ORIENTED_EDGE('',*,*,#958,.F.);
#988 = PLANE('',#989);
#989 = AXIS2_PLACEMENT_3D('',#990,#991,#992);
#990 = CARTESIAN_POINT('',(-5.35,2.3,0.203));
#991 = DIRECTION('',(-0.,-0.,1.));
#992 = DIRECTION('',(-1.,0.,0.));
#993 = MANIFOLD_SOLID_BREP('',#994);
#994 = CLOSED_SHELL('',(#995,#1035,#1075,#1097,#1119,#1131));
#995 = ADVANCED_FACE('',(#996),#1030,.F.);
#996 = FACE_BOUND('',#997,.T.);
#997 = EDGE_LOOP('',(#998,#1008,#1016,#1024));
#998 = ORIENTED_EDGE('',*,*,#999,.F.);
#999 = EDGE_CURVE('',#1000,#1002,#1004,.T.);
#1000 = VERTEX_POINT('',#1001);
#1001 = CARTESIAN_POINT('',(-5.35,1.9,0.));
#1002 = VERTEX_POINT('',#1003);
#1003 = CARTESIAN_POINT('',(-5.35,1.9,0.203));
#1004 = LINE('',#1005,#1006);
#1005 = CARTESIAN_POINT('',(-5.35,1.9,0.));
#1006 = VECTOR('',#1007,1.);
#1007 = DIRECTION('',(-0.,-0.,1.));
#1008 = ORIENTED_EDGE('',*,*,#1009,.T.);
#1009 = EDGE_CURVE('',#1000,#1010,#1012,.T.);
#1010 = VERTEX_POINT('',#1011);
#1011 = CARTESIAN_POINT('',(-5.35,1.7,0.));
#1012 = LINE('',#1013,#1014);
#1013 = CARTESIAN_POINT('',(-5.35,1.9,0.));
#1014 = VECTOR('',#1015,1.);
#1015 = DIRECTION('',(-0.,-1.,-0.));
#1016 = ORIENTED_EDGE('',*,*,#1017,.T.);
#1017 = EDGE_CURVE('',#1010,#1018,#1020,.T.);
#1018 = VERTEX_POINT('',#1019);
#1019 = CARTESIAN_POINT('',(-5.35,1.7,0.203));
#1020 = LINE('',#1021,#1022);
#1021 = CARTESIAN_POINT('',(-5.35,1.7,0.));
#1022 = VECTOR('',#1023,1.);
#1023 = DIRECTION('',(-0.,-0.,1.));
#1024 = ORIENTED_EDGE('',*,*,#1025,.F.);
#1025 = EDGE_CURVE('',#1002,#1018,#1026,.T.);
#1026 = LINE('',#1027,#1028);
#1027 = CARTESIAN_POINT('',(-5.35,1.9,0.203));
#1028 = VECTOR('',#1029,1.);
#1029 = DIRECTION('',(-0.,-1.,-0.));
#1030 = PLANE('',#1031);
#1031 = AXIS2_PLACEMENT_3D('',#1032,#1033,#1034);
#1032 = CARTESIAN_POINT('',(-5.35,1.9,0.));
#1033 = DIRECTION('',(1.,-0.,-0.));
#1034 = DIRECTION('',(0.,0.,-1.));
#1035 = ADVANCED_FACE('',(#1036),#1070,.T.);
#1036 = FACE_BOUND('',#1037,.F.);
#1037 = EDGE_LOOP('',(#1038,#1048,#1056,#1064));
#1038 = ORIENTED_EDGE('',*,*,#1039,.F.);
#1039 = EDGE_CURVE('',#1040,#1042,#1044,.T.);
#1040 = VERTEX_POINT('',#1041);
#1041 = CARTESIAN_POINT('',(-4.55,1.9,0.));
#1042 = VERTEX_POINT('',#1043);
#1043 = CARTESIAN_POINT('',(-4.55,1.9,0.203));
#1044 = LINE('',#1045,#1046);
#1045 = CARTESIAN_POINT('',(-4.55,1.9,0.));
#1046 = VECTOR('',#1047,1.);
#1047 = DIRECTION('',(-0.,-0.,1.));
#1048 = ORIENTED_EDGE('',*,*,#1049,.T.);
#1049 = EDGE_CURVE('',#1040,#1050,#1052,.T.);
#1050 = VERTEX_POINT('',#1051);
#1051 = CARTESIAN_POINT('',(-4.55,1.7,0.));
#1052 = LINE('',#1053,#1054);
#1053 = CARTESIAN_POINT('',(-4.55,1.9,0.));
#1054 = VECTOR('',#1055,1.);
#1055 = DIRECTION('',(-0.,-1.,-0.));
#1056 = ORIENTED_EDGE('',*,*,#1057,.T.);
#1057 = EDGE_CURVE('',#1050,#1058,#1060,.T.);
#1058 = VERTEX_POINT('',#1059);
#1059 = CARTESIAN_POINT('',(-4.55,1.7,0.203));
#1060 = LINE('',#1061,#1062);
#1061 = CARTESIAN_POINT('',(-4.55,1.7,0.));
#1062 = VECTOR('',#1063,1.);
#1063 = DIRECTION('',(-0.,-0.,1.));
#1064 = ORIENTED_EDGE('',*,*,#1065,.F.);
#1065 = EDGE_CURVE('',#1042,#1058,#1066,.T.);
#1066 = LINE('',#1067,#1068);
#1067 = CARTESIAN_POINT('',(-4.55,1.9,0.203));
#1068 = VECTOR('',#1069,1.);
#1069 = DIRECTION('',(-0.,-1.,-0.));
#1070 = PLANE('',#1071);
#1071 = AXIS2_PLACEMENT_3D('',#1072,#1073,#1074);
#1072 = CARTESIAN_POINT('',(-4.55,1.9,0.));
#1073 = DIRECTION('',(1.,-0.,-0.));
#1074 = DIRECTION('',(0.,0.,-1.));
#1075 = ADVANCED_FACE('',(#1076),#1092,.F.);
#1076 = FACE_BOUND('',#1077,.T.);
#1077 = EDGE_LOOP('',(#1078,#1084,#1085,#1091));
#1078 = ORIENTED_EDGE('',*,*,#1079,.F.);
#1079 = EDGE_CURVE('',#1000,#1040,#1080,.T.);
#1080 = LINE('',#1081,#1082);
#1081 = CARTESIAN_POINT('',(-5.35,1.9,0.));
#1082 = VECTOR('',#1083,1.);
#1083 = DIRECTION('',(1.,-0.,-0.));
#1084 = ORIENTED_EDGE('',*,*,#999,.T.);
#1085 = ORIENTED_EDGE('',*,*,#1086,.T.);
#1086 = EDGE_CURVE('',#1002,#1042,#1087,.T.);
#1087 = LINE('',#1088,#1089);
#1088 = CARTESIAN_POINT('',(-5.35,1.9,0.203));
#1089 = VECTOR('',#1090,1.);
#1090 = DIRECTION('',(1.,-0.,-0.));
#1091 = ORIENTED_EDGE('',*,*,#1039,.F.);
#1092 = PLANE('',#1093);
#1093 = AXIS2_PLACEMENT_3D('',#1094,#1095,#1096);
#1094 = CARTESIAN_POINT('',(-5.35,1.9,0.));
#1095 = DIRECTION('',(-0.,-1.,-0.));
#1096 = DIRECTION('',(0.,0.,-1.));
#1097 = ADVANCED_FACE('',(#1098),#1114,.T.);
#1098 = FACE_BOUND('',#1099,.F.);
#1099 = EDGE_LOOP('',(#1100,#1106,#1107,#1113));
#1100 = ORIENTED_EDGE('',*,*,#1101,.F.);
#1101 = EDGE_CURVE('',#1010,#1050,#1102,.T.);
#1102 = LINE('',#1103,#1104);
#1103 = CARTESIAN_POINT('',(-5.35,1.7,0.));
#1104 = VECTOR('',#1105,1.);
#1105 = DIRECTION('',(1.,-0.,-0.));
#1106 = ORIENTED_EDGE('',*,*,#1017,.T.);
#1107 = ORIENTED_EDGE('',*,*,#1108,.T.);
#1108 = EDGE_CURVE('',#1018,#1058,#1109,.T.);
#1109 = LINE('',#1110,#1111);
#1110 = CARTESIAN_POINT('',(-5.35,1.7,0.203));
#1111 = VECTOR('',#1112,1.);
#1112 = DIRECTION('',(1.,-0.,-0.));
#1113 = ORIENTED_EDGE('',*,*,#1057,.F.);
#1114 = PLANE('',#1115);
#1115 = AXIS2_PLACEMENT_3D('',#1116,#1117,#1118);
#1116 = CARTESIAN_POINT('',(-5.35,1.7,0.));
#1117 = DIRECTION('',(-0.,-1.,-0.));
#1118 = DIRECTION('',(0.,0.,-1.));
#1119 = ADVANCED_FACE('',(#1120),#1126,.F.);
#1120 = FACE_BOUND('',#1121,.T.);
#1121 = EDGE_LOOP('',(#1122,#1123,#1124,#1125));
#1122 = ORIENTED_EDGE('',*,*,#1009,.F.);
#1123 = ORIENTED_EDGE('',*,*,#1079,.T.);
#1124 = ORIENTED_EDGE('',*,*,#1049,.T.);
#1125 = ORIENTED_EDGE('',*,*,#1101,.F.);
#1126 = PLANE('',#1127);
#1127 = AXIS2_PLACEMENT_3D('',#1128,#1129,#1130);
#1128 = CARTESIAN_POINT('',(-5.35,1.9,0.));
#1129 = DIRECTION('',(-0.,-0.,1.));
#1130 = DIRECTION('',(-1.,0.,0.));
#1131 = ADVANCED_FACE('',(#1132),#1138,.T.);
#1132 = FACE_BOUND('',#1133,.F.);
#1133 = EDGE_LOOP('',(#1134,#1135,#1136,#1137));
#1134 = ORIENTED_EDGE('',*,*,#1025,.F.);
#1135 = ORIENTED_EDGE('',*,*,#1086,.T.);
#1136 = ORIENTED_EDGE('',*,*,#1065,.T.);
#1137 = ORIENTED_EDGE('',*,*,#1108,.F.);
#1138 = PLANE('',#1139);
#1139 = AXIS2_PLACEMENT_3D('',#1140,#1141,#1142);
#1140 = CARTESIAN_POINT('',(-5.35,1.9,0.203));
#1141 = DIRECTION('',(-0.,-0.,1.));
#1142 = DIRECTION('',(-1.,0.,0.));
#1143 = MANIFOLD_SOLID_BREP('',#1144);
#1144 = CLOSED_SHELL('',(#1145,#1185,#1225,#1247,#1269,#1281));
#1145 = ADVANCED_FACE('',(#1146),#1180,.F.);
#1146 = FACE_BOUND('',#1147,.T.);
#1147 = EDGE_LOOP('',(#1148,#1158,#1166,#1174));
#1148 = ORIENTED_EDGE('',*,*,#1149,.F.);
#1149 = EDGE_CURVE('',#1150,#1152,#1154,.T.);
#1150 = VERTEX_POINT('',#1151);
#1151 = CARTESIAN_POINT('',(-5.35,1.5,0.));
#1152 = VERTEX_POINT('',#1153);
#1153 = CARTESIAN_POINT('',(-5.35,1.5,0.203));
#1154 = LINE('',#1155,#1156);
#1155 = CARTESIAN_POINT('',(-5.35,1.5,0.));
#1156 = VECTOR('',#1157,1.);
#1157 = DIRECTION('',(-0.,-0.,1.));
#1158 = ORIENTED_EDGE('',*,*,#1159,.T.);
#1159 = EDGE_CURVE('',#1150,#1160,#1162,.T.);
#1160 = VERTEX_POINT('',#1161);
#1161 = CARTESIAN_POINT('',(-5.35,1.3,0.));
#1162 = LINE('',#1163,#1164);
#1163 = CARTESIAN_POINT('',(-5.35,1.5,0.));
#1164 = VECTOR('',#1165,1.);
#1165 = DIRECTION('',(-0.,-1.,-0.));
#1166 = ORIENTED_EDGE('',*,*,#1167,.T.);
#1167 = EDGE_CURVE('',#1160,#1168,#1170,.T.);
#1168 = VERTEX_POINT('',#1169);
#1169 = CARTESIAN_POINT('',(-5.35,1.3,0.203));
#1170 = LINE('',#1171,#1172);
#1171 = CARTESIAN_POINT('',(-5.35,1.3,0.));
#1172 = VECTOR('',#1173,1.);
#1173 = DIRECTION('',(-0.,-0.,1.));
#1174 = ORIENTED_EDGE('',*,*,#1175,.F.);
#1175 = EDGE_CURVE('',#1152,#1168,#1176,.T.);
#1176 = LINE('',#1177,#1178);
#1177 = CARTESIAN_POINT('',(-5.35,1.5,0.203));
#1178 = VECTOR('',#1179,1.);
#1179 = DIRECTION('',(-0.,-1.,-0.));
#1180 = PLANE('',#1181);
#1181 = AXIS2_PLACEMENT_3D('',#1182,#1183,#1184);
#1182 = CARTESIAN_POINT('',(-5.35,1.5,0.));
#1183 = DIRECTION('',(1.,-0.,-0.));
#1184 = DIRECTION('',(0.,0.,-1.));
#1185 = ADVANCED_FACE('',(#1186),#1220,.T.);
#1186 = FACE_BOUND('',#1187,.F.);
#1187 = EDGE_LOOP('',(#1188,#1198,#1206,#1214));
#1188 = ORIENTED_EDGE('',*,*,#1189,.F.);
#1189 = EDGE_CURVE('',#1190,#1192,#1194,.T.);
#1190 = VERTEX_POINT('',#1191);
#1191 = CARTESIAN_POINT('',(-4.55,1.5,0.));
#1192 = VERTEX_POINT('',#1193);
#1193 = CARTESIAN_POINT('',(-4.55,1.5,0.203));
#1194 = LINE('',#1195,#1196);
#1195 = CARTESIAN_POINT('',(-4.55,1.5,0.));
#1196 = VECTOR('',#1197,1.);
#1197 = DIRECTION('',(-0.,-0.,1.));
#1198 = ORIENTED_EDGE('',*,*,#1199,.T.);
#1199 = EDGE_CURVE('',#1190,#1200,#1202,.T.);
#1200 = VERTEX_POINT('',#1201);
#1201 = CARTESIAN_POINT('',(-4.55,1.3,0.));
#1202 = LINE('',#1203,#1204);
#1203 = CARTESIAN_POINT('',(-4.55,1.5,0.));
#1204 = VECTOR('',#1205,1.);
#1205 = DIRECTION('',(-0.,-1.,-0.));
#1206 = ORIENTED_EDGE('',*,*,#1207,.T.);
#1207 = EDGE_CURVE('',#1200,#1208,#1210,.T.);
#1208 = VERTEX_POINT('',#1209);
#1209 = CARTESIAN_POINT('',(-4.55,1.3,0.203));
#1210 = LINE('',#1211,#1212);
#1211 = CARTESIAN_POINT('',(-4.55,1.3,0.));
#1212 = VECTOR('',#1213,1.);
#1213 = DIRECTION('',(-0.,-0.,1.));
#1214 = ORIENTED_EDGE('',*,*,#1215,.F.);
#1215 = EDGE_CURVE('',#1192,#1208,#1216,.T.);
#1216 = LINE('',#1217,#1218);
#1217 = CARTESIAN_POINT('',(-4.55,1.5,0.203));
#1218 = VECTOR('',#1219,1.);
#1219 = DIRECTION('',(-0.,-1.,-0.));
#1220 = PLANE('',#1221);
#1221 = AXIS2_PLACEMENT_3D('',#1222,#1223,#1224);
#1222 = CARTESIAN_POINT('',(-4.55,1.5,0.));
#1223 = DIRECTION('',(1.,-0.,-0.));
#1224 = DIRECTION('',(0.,0.,-1.));
#1225 = ADVANCED_FACE('',(#1226),#1242,.F.);
#1226 = FACE_BOUND('',#1227,.T.);
#1227 = EDGE_LOOP('',(#1228,#1234,#1235,#1241));
#1228 = ORIENTED_EDGE('',*,*,#1229,.F.);
#1229 = EDGE_CURVE('',#1150,#1190,#1230,.T.);
#1230 = LINE('',#1231,#1232);
#1231 = CARTESIAN_POINT('',(-5.35,1.5,0.));
#1232 = VECTOR('',#1233,1.);
#1233 = DIRECTION('',(1.,-0.,-0.));
#1234 = ORIENTED_EDGE('',*,*,#1149,.T.);
#1235 = ORIENTED_EDGE('',*,*,#1236,.T.);
#1236 = EDGE_CURVE('',#1152,#1192,#1237,.T.);
#1237 = LINE('',#1238,#1239);
#1238 = CARTESIAN_POINT('',(-5.35,1.5,0.203));
#1239 = VECTOR('',#1240,1.);
#1240 = DIRECTION('',(1.,-0.,-0.));
#1241 = ORIENTED_EDGE('',*,*,#1189,.F.);
#1242 = PLANE('',#1243);
#1243 = AXIS2_PLACEMENT_3D('',#1244,#1245,#1246);
#1244 = CARTESIAN_POINT('',(-5.35,1.5,0.));
#1245 = DIRECTION('',(-0.,-1.,-0.));
#1246 = DIRECTION('',(0.,0.,-1.));
#1247 = ADVANCED_FACE('',(#1248),#1264,.T.);
#1248 = FACE_BOUND('',#1249,.F.);
#1249 = EDGE_LOOP('',(#1250,#1256,#1257,#1263));
#1250 = ORIENTED_EDGE('',*,*,#1251,.F.);
#1251 = EDGE_CURVE('',#1160,#1200,#1252,.T.);
#1252 = LINE('',#1253,#1254);
#1253 = CARTESIAN_POINT('',(-5.35,1.3,0.));
#1254 = VECTOR('',#1255,1.);
#1255 = DIRECTION('',(1.,-0.,-0.));
#1256 = ORIENTED_EDGE('',*,*,#1167,.T.);
#1257 = ORIENTED_EDGE('',*,*,#1258,.T.);
#1258 = EDGE_CURVE('',#1168,#1208,#1259,.T.);
#1259 = LINE('',#1260,#1261);
#1260 = CARTESIAN_POINT('',(-5.35,1.3,0.203));
#1261 = VECTOR('',#1262,1.);
#1262 = DIRECTION('',(1.,-0.,-0.));
#1263 = ORIENTED_EDGE('',*,*,#1207,.F.);
#1264 = PLANE('',#1265);
#1265 = AXIS2_PLACEMENT_3D('',#1266,#1267,#1268);
#1266 = CARTESIAN_POINT('',(-5.35,1.3,0.));
#1267 = DIRECTION('',(-0.,-1.,-0.));
#1268 = DIRECTION('',(0.,0.,-1.));
#1269 = ADVANCED_FACE('',(#1270),#1276,.F.);
#1270 = FACE_BOUND('',#1271,.T.);
#1271 = EDGE_LOOP('',(#1272,#1273,#1274,#1275));
#1272 = ORIENTED_EDGE('',*,*,#1159,.F.);
#1273 = ORIENTED_EDGE('',*,*,#1229,.T.);
#1274 = ORIENTED_EDGE('',*,*,#1199,.T.);
#1275 = ORIENTED_EDGE('',*,*,#1251,.F.);
#1276 = PLANE('',#1277);
#1277 = AXIS2_PLACEMENT_3D('',#1278,#1279,#1280);
#1278 = CARTESIAN_POINT('',(-5.35,1.5,0.));
#1279 = DIRECTION('',(-0.,-0.,1.));
#1280 = DIRECTION('',(-1.,0.,0.));
#1281 = ADVANCED_FACE('',(#1282),#1288,.T.);
#1282 = FACE_BOUND('',#1283,.F.);
#1283 = EDGE_LOOP('',(#1284,#1285,#1286,#1287));
#1284 = ORIENTED_EDGE('',*,*,#1175,.F.);
#1285 = ORIENTED_EDGE('',*,*,#1236,.T.);
#1286 = ORIENTED_EDGE('',*,*,#1215,.T.);
#1287 = ORIENTED_EDGE('',*,*,#1258,.F.);
#1288 = PLANE('',#1289);
#1289 = AXIS2_PLACEMENT_3D('',#1290,#1291,#1292);
#1290 = CARTESIAN_POINT('',(-5.35,1.5,0.203));
#1291 = DIRECTION('',(-0.,-0.,1.));
#1292 = DIRECTION('',(-1.,0.,0.));
#1293 = MANIFOLD_SOLID_BREP('',#1294);
#1294 = CLOSED_SHELL('',(#1295,#1335,#1375,#1397,#1419,#1431));
#1295 = ADVANCED_FACE('',(#1296),#1330,.F.);
#1296 = FACE_BOUND('',#1297,.T.);
#1297 = EDGE_LOOP('',(#1298,#1308,#1316,#1324));
#1298 = ORIENTED_EDGE('',*,*,#1299,.F.);
#1299 = EDGE_CURVE('',#1300,#1302,#1304,.T.);
#1300 = VERTEX_POINT('',#1301);
#1301 = CARTESIAN_POINT('',(-5.35,1.1,0.));
#1302 = VERTEX_POINT('',#1303);
#1303 = CARTESIAN_POINT('',(-5.35,1.1,0.203));
#1304 = LINE('',#1305,#1306);
#1305 = CARTESIAN_POINT('',(-5.35,1.1,0.));
#1306 = VECTOR('',#1307,1.);
#1307 = DIRECTION('',(-0.,-0.,1.));
#1308 = ORIENTED_EDGE('',*,*,#1309,.T.);
#1309 = EDGE_CURVE('',#1300,#1310,#1312,.T.);
#1310 = VERTEX_POINT('',#1311);
#1311 = CARTESIAN_POINT('',(-5.35,0.9,0.));
#1312 = LINE('',#1313,#1314);
#1313 = CARTESIAN_POINT('',(-5.35,1.1,0.));
#1314 = VECTOR('',#1315,1.);
#1315 = DIRECTION('',(-0.,-1.,-0.));
#1316 = ORIENTED_EDGE('',*,*,#1317,.T.);
#1317 = EDGE_CURVE('',#1310,#1318,#1320,.T.);
#1318 = VERTEX_POINT('',#1319);
#1319 = CARTESIAN_POINT('',(-5.35,0.9,0.203));
#1320 = LINE('',#1321,#1322);
#1321 = CARTESIAN_POINT('',(-5.35,0.9,0.));
#1322 = VECTOR('',#1323,1.);
#1323 = DIRECTION('',(-0.,-0.,1.));
#1324 = ORIENTED_EDGE('',*,*,#1325,.F.);
#1325 = EDGE_CURVE('',#1302,#1318,#1326,.T.);
#1326 = LINE('',#1327,#1328);
#1327 = CARTESIAN_POINT('',(-5.35,1.1,0.203));
#1328 = VECTOR('',#1329,1.);
#1329 = DIRECTION('',(-0.,-1.,-0.));
#1330 = PLANE('',#1331);
#1331 = AXIS2_PLACEMENT_3D('',#1332,#1333,#1334);
#1332 = CARTESIAN_POINT('',(-5.35,1.1,0.));
#1333 = DIRECTION('',(1.,-0.,-0.));
#1334 = DIRECTION('',(0.,0.,-1.));
#1335 = ADVANCED_FACE('',(#1336),#1370,.T.);
#1336 = FACE_BOUND('',#1337,.F.);
#1337 = EDGE_LOOP('',(#1338,#1348,#1356,#1364));
#1338 = ORIENTED_EDGE('',*,*,#1339,.F.);
#1339 = EDGE_CURVE('',#1340,#1342,#1344,.T.);
#1340 = VERTEX_POINT('',#1341);
#1341 = CARTESIAN_POINT('',(-4.55,1.1,0.));
#1342 = VERTEX_POINT('',#1343);
#1343 = CARTESIAN_POINT('',(-4.55,1.1,0.203));
#1344 = LINE('',#1345,#1346);
#1345 = CARTESIAN_POINT('',(-4.55,1.1,0.));
#1346 = VECTOR('',#1347,1.);
#1347 = DIRECTION('',(-0.,-0.,1.));
#1348 = ORIENTED_EDGE('',*,*,#1349,.T.);
#1349 = EDGE_CURVE('',#1340,#1350,#1352,.T.);
#1350 = VERTEX_POINT('',#1351);
#1351 = CARTESIAN_POINT('',(-4.55,0.9,0.));
#1352 = LINE('',#1353,#1354);
#1353 = CARTESIAN_POINT('',(-4.55,1.1,0.));
#1354 = VECTOR('',#1355,1.);
#1355 = DIRECTION('',(-0.,-1.,-0.));
#1356 = ORIENTED_EDGE('',*,*,#1357,.T.);
#1357 = EDGE_CURVE('',#1350,#1358,#1360,.T.);
#1358 = VERTEX_POINT('',#1359);
#1359 = CARTESIAN_POINT('',(-4.55,0.9,0.203));
#1360 = LINE('',#1361,#1362);
#1361 = CARTESIAN_POINT('',(-4.55,0.9,0.));
#1362 = VECTOR('',#1363,1.);
#1363 = DIRECTION('',(-0.,-0.,1.));
#1364 = ORIENTED_EDGE('',*,*,#1365,.F.);
#1365 = EDGE_CURVE('',#1342,#1358,#1366,.T.);
#1366 = LINE('',#1367,#1368);
#1367 = CARTESIAN_POINT('',(-4.55,1.1,0.203));
#1368 = VECTOR('',#1369,1.);
#1369 = DIRECTION('',(-0.,-1.,-0.));
#1370 = PLANE('',#1371);
#1371 = AXIS2_PLACEMENT_3D('',#1372,#1373,#1374);
#1372 = CARTESIAN_POINT('',(-4.55,1.1,0.));
#1373 = DIRECTION('',(1.,-0.,-0.));
#1374 = DIRECTION('',(0.,0.,-1.));
#1375 = ADVANCED_FACE('',(#1376),#1392,.F.);
#1376 = FACE_BOUND('',#1377,.T.);
#1377 = EDGE_LOOP('',(#1378,#1384,#1385,#1391));
#1378 = ORIENTED_EDGE('',*,*,#1379,.F.);
#1379 = EDGE_CURVE('',#1300,#1340,#1380,.T.);
#1380 = LINE('',#1381,#1382);
#1381 = CARTESIAN_POINT('',(-5.35,1.1,0.));
#1382 = VECTOR('',#1383,1.);
#1383 = DIRECTION('',(1.,-0.,-0.));
#1384 = ORIENTED_EDGE('',*,*,#1299,.T.);
#1385 = ORIENTED_EDGE('',*,*,#1386,.T.);
#1386 = EDGE_CURVE('',#1302,#1342,#1387,.T.);
#1387 = LINE('',#1388,#1389);
#1388 = CARTESIAN_POINT('',(-5.35,1.1,0.203));
#1389 = VECTOR('',#1390,1.);
#1390 = DIRECTION('',(1.,-0.,-0.));
#1391 = ORIENTED_EDGE('',*,*,#1339,.F.);
#1392 = PLANE('',#1393);
#1393 = AXIS2_PLACEMENT_3D('',#1394,#1395,#1396);
#1394 = CARTESIAN_POINT('',(-5.35,1.1,0.));
#1395 = DIRECTION('',(-0.,-1.,-0.));
#1396 = DIRECTION('',(0.,0.,-1.));
#1397 = ADVANCED_FACE('',(#1398),#1414,.T.);
#1398 = FACE_BOUND('',#1399,.F.);
#1399 = EDGE_LOOP('',(#1400,#1406,#1407,#1413));
#1400 = ORIENTED_EDGE('',*,*,#1401,.F.);
#1401 = EDGE_CURVE('',#1310,#1350,#1402,.T.);
#1402 = LINE('',#1403,#1404);
#1403 = CARTESIAN_POINT('',(-5.35,0.9,0.));
#1404 = VECTOR('',#1405,1.);
#1405 = DIRECTION('',(1.,-0.,-0.));
#1406 = ORIENTED_EDGE('',*,*,#1317,.T.);
#1407 = ORIENTED_EDGE('',*,*,#1408,.T.);
#1408 = EDGE_CURVE('',#1318,#1358,#1409,.T.);
#1409 = LINE('',#1410,#1411);
#1410 = CARTESIAN_POINT('',(-5.35,0.9,0.203));
#1411 = VECTOR('',#1412,1.);
#1412 = DIRECTION('',(1.,-0.,-0.));
#1413 = ORIENTED_EDGE('',*,*,#1357,.F.);
#1414 = PLANE('',#1415);
#1415 = AXIS2_PLACEMENT_3D('',#1416,#1417,#1418);
#1416 = CARTESIAN_POINT('',(-5.35,0.9,0.));
#1417 = DIRECTION('',(-0.,-1.,-0.));
#1418 = DIRECTION('',(0.,0.,-1.));
#1419 = ADVANCED_FACE('',(#1420),#1426,.F.);
#1420 = FACE_BOUND('',#1421,.T.);
#1421 = EDGE_LOOP('',(#1422,#1423,#1424,#1425));
#1422 = ORIENTED_EDGE('',*,*,#1309,.F.);
#1423 = ORIENTED_EDGE('',*,*,#1379,.T.);
#1424 = ORIENTED_EDGE('',*,*,#1349,.T.);
#1425 = ORIENTED_EDGE('',*,*,#1401,.F.);
#1426 = PLANE('',#1427);
#1427 = AXIS2_PLACEMENT_3D('',#1428,#1429,#1430);
#1428 = CARTESIAN_POINT('',(-5.35,1.1,0.));
#1429 = DIRECTION('',(-0.,-0.,1.));
#1430 = DIRECTION('',(-1.,0.,0.));
#1431 = ADVANCED_FACE('',(#1432),#1438,.T.);
#1432 = FACE_BOUND('',#1433,.F.);
#1433 = EDGE_LOOP('',(#1434,#1435,#1436,#1437));
#1434 = ORIENTED_EDGE('',*,*,#1325,.F.);
#1435 = ORIENTED_EDGE('',*,*,#1386,.T.);
#1436 = ORIENTED_EDGE('',*,*,#1365,.T.);
#1437 = ORIENTED_EDGE('',*,*,#1408,.F.);
#1438 = PLANE('',#1439);
#1439 = AXIS2_PLACEMENT_3D('',#1440,#1441,#1442);
#1440 = CARTESIAN_POINT('',(-5.35,1.1,0.203));
#1441 = DIRECTION('',(-0.,-0.,1.));
#1442 = DIRECTION('',(-1.,0.,0.));
#1443 = MANIFOLD_SOLID_BREP('',#1444);
#1444 = CLOSED_SHELL('',(#1445,#1485,#1525,#1547,#1569,#1581));
#1445 = ADVANCED_FACE('',(#1446),#1480,.F.);
#1446 = FACE_BOUND('',#1447,.T.);
#1447 = EDGE_LOOP('',(#1448,#1458,#1466,#1474));
#1448 = ORIENTED_EDGE('',*,*,#1449,.F.);
#1449 = EDGE_CURVE('',#1450,#1452,#1454,.T.);
#1450 = VERTEX_POINT('',#1451);
#1451 = CARTESIAN_POINT('',(-5.35,0.7,0.));
#1452 = VERTEX_POINT('',#1453);
#1453 = CARTESIAN_POINT('',(-5.35,0.7,0.203));
#1454 = LINE('',#1455,#1456);
#1455 = CARTESIAN_POINT('',(-5.35,0.7,0.));
#1456 = VECTOR('',#1457,1.);
#1457 = DIRECTION('',(-0.,-0.,1.));
#1458 = ORIENTED_EDGE('',*,*,#1459,.T.);
#1459 = EDGE_CURVE('',#1450,#1460,#1462,.T.);
#1460 = VERTEX_POINT('',#1461);
#1461 = CARTESIAN_POINT('',(-5.35,0.5,0.));
#1462 = LINE('',#1463,#1464);
#1463 = CARTESIAN_POINT('',(-5.35,0.7,0.));
#1464 = VECTOR('',#1465,1.);
#1465 = DIRECTION('',(-0.,-1.,-0.));
#1466 = ORIENTED_EDGE('',*,*,#1467,.T.);
#1467 = EDGE_CURVE('',#1460,#1468,#1470,.T.);
#1468 = VERTEX_POINT('',#1469);
#1469 = CARTESIAN_POINT('',(-5.35,0.5,0.203));
#1470 = LINE('',#1471,#1472);
#1471 = CARTESIAN_POINT('',(-5.35,0.5,0.));
#1472 = VECTOR('',#1473,1.);
#1473 = DIRECTION('',(-0.,-0.,1.));
#1474 = ORIENTED_EDGE('',*,*,#1475,.F.);
#1475 = EDGE_CURVE('',#1452,#1468,#1476,.T.);
#1476 = LINE('',#1477,#1478);
#1477 = CARTESIAN_POINT('',(-5.35,0.7,0.203));
#1478 = VECTOR('',#1479,1.);
#1479 = DIRECTION('',(-0.,-1.,-0.));
#1480 = PLANE('',#1481);
#1481 = AXIS2_PLACEMENT_3D('',#1482,#1483,#1484);
#1482 = CARTESIAN_POINT('',(-5.35,0.7,0.));
#1483 = DIRECTION('',(1.,-0.,-0.));
#1484 = DIRECTION('',(0.,0.,-1.));
#1485 = ADVANCED_FACE('',(#1486),#1520,.T.);
#1486 = FACE_BOUND('',#1487,.F.);
#1487 = EDGE_LOOP('',(#1488,#1498,#1506,#1514));
#1488 = ORIENTED_EDGE('',*,*,#1489,.F.);
#1489 = EDGE_CURVE('',#1490,#1492,#1494,.T.);
#1490 = VERTEX_POINT('',#1491);
#1491 = CARTESIAN_POINT('',(-4.55,0.7,0.));
#1492 = VERTEX_POINT('',#1493);
#1493 = CARTESIAN_POINT('',(-4.55,0.7,0.203));
#1494 = LINE('',#1495,#1496);
#1495 = CARTESIAN_POINT('',(-4.55,0.7,0.));
#1496 = VECTOR('',#1497,1.);
#1497 = DIRECTION('',(-0.,-0.,1.));
#1498 = ORIENTED_EDGE('',*,*,#1499,.T.);
#1499 = EDGE_CURVE('',#1490,#1500,#1502,.T.);
#1500 = VERTEX_POINT('',#1501);
#1501 = CARTESIAN_POINT('',(-4.55,0.5,0.));
#1502 = LINE('',#1503,#1504);
#1503 = CARTESIAN_POINT('',(-4.55,0.7,0.));
#1504 = VECTOR('',#1505,1.);
#1505 = DIRECTION('',(-0.,-1.,-0.));
#1506 = ORIENTED_EDGE('',*,*,#1507,.T.);
#1507 = EDGE_CURVE('',#1500,#1508,#1510,.T.);
#1508 = VERTEX_POINT('',#1509);
#1509 = CARTESIAN_POINT('',(-4.55,0.5,0.203));
#1510 = LINE('',#1511,#1512);
#1511 = CARTESIAN_POINT('',(-4.55,0.5,0.));
#1512 = VECTOR('',#1513,1.);
#1513 = DIRECTION('',(-0.,-0.,1.));
#1514 = ORIENTED_EDGE('',*,*,#1515,.F.);
#1515 = EDGE_CURVE('',#1492,#1508,#1516,.T.);
#1516 = LINE('',#1517,#1518);
#1517 = CARTESIAN_POINT('',(-4.55,0.7,0.203));
#1518 = VECTOR('',#1519,1.);
#1519 = DIRECTION('',(-0.,-1.,-0.));
#1520 = PLANE('',#1521);
#1521 = AXIS2_PLACEMENT_3D('',#1522,#1523,#1524);
#1522 = CARTESIAN_POINT('',(-4.55,0.7,0.));
#1523 = DIRECTION('',(1.,-0.,-0.));
#1524 = DIRECTION('',(0.,0.,-1.));
#1525 = ADVANCED_FACE('',(#1526),#1542,.F.);
#1526 = FACE_BOUND('',#1527,.T.);
#1527 = EDGE_LOOP('',(#1528,#1534,#1535,#1541));
#1528 = ORIENTED_EDGE('',*,*,#1529,.F.);
#1529 = EDGE_CURVE('',#1450,#1490,#1530,.T.);
#1530 = LINE('',#1531,#1532);
#1531 = CARTESIAN_POINT('',(-5.35,0.7,0.));
#1532 = VECTOR('',#1533,1.);
#1533 = DIRECTION('',(1.,-0.,-0.));
#1534 = ORIENTED_EDGE('',*,*,#1449,.T.);
#1535 = ORIENTED_EDGE('',*,*,#1536,.T.);
#1536 = EDGE_CURVE('',#1452,#1492,#1537,.T.);
#1537 = LINE('',#1538,#1539);
#1538 = CARTESIAN_POINT('',(-5.35,0.7,0.203));
#1539 = VECTOR('',#1540,1.);
#1540 = DIRECTION('',(1.,-0.,-0.));
#1541 = ORIENTED_EDGE('',*,*,#1489,.F.);
#1542 = PLANE('',#1543);
#1543 = AXIS2_PLACEMENT_3D('',#1544,#1545,#1546);
#1544 = CARTESIAN_POINT('',(-5.35,0.7,0.));
#1545 = DIRECTION('',(-0.,-1.,-0.));
#1546 = DIRECTION('',(0.,0.,-1.));
#1547 = ADVANCED_FACE('',(#1548),#1564,.T.);
#1548 = FACE_BOUND('',#1549,.F.);
#1549 = EDGE_LOOP('',(#1550,#1556,#1557,#1563));
#1550 = ORIENTED_EDGE('',*,*,#1551,.F.);
#1551 = EDGE_CURVE('',#1460,#1500,#1552,.T.);
#1552 = LINE('',#1553,#1554);
#1553 = CARTESIAN_POINT('',(-5.35,0.5,0.));
#1554 = VECTOR('',#1555,1.);
#1555 = DIRECTION('',(1.,-0.,-0.));
#1556 = ORIENTED_EDGE('',*,*,#1467,.T.);
#1557 = ORIENTED_EDGE('',*,*,#1558,.T.);
#1558 = EDGE_CURVE('',#1468,#1508,#1559,.T.);
#1559 = LINE('',#1560,#1561);
#1560 = CARTESIAN_POINT('',(-5.35,0.5,0.203));
#1561 = VECTOR('',#1562,1.);
#1562 = DIRECTION('',(1.,-0.,-0.));
#1563 = ORIENTED_EDGE('',*,*,#1507,.F.);
#1564 = PLANE('',#1565);
#1565 = AXIS2_PLACEMENT_3D('',#1566,#1567,#1568);
#1566 = CARTESIAN_POINT('',(-5.35,0.5,0.));
#1567 = DIRECTION('',(-0.,-1.,-0.));
#1568 = DIRECTION('',(0.,0.,-1.));
#1569 = ADVANCED_FACE('',(#1570),#1576,.F.);
#1570 = FACE_BOUND('',#1571,.T.);
#1571 = EDGE_LOOP('',(#1572,#1573,#1574,#1575));
#1572 = ORIENTED_EDGE('',*,*,#1459,.F.);
#1573 = ORIENTED_EDGE('',*,*,#1529,.T.);
#1574 = ORIENTED_EDGE('',*,*,#1499,.T.);
#1575 = ORIENTED_EDGE('',*,*,#1551,.F.);
#1576 = PLANE('',#1577);
#1577 = AXIS2_PLACEMENT_3D('',#1578,#1579,#1580);
#1578 = CARTESIAN_POINT('',(-5.35,0.7,0.));
#1579 = DIRECTION('',(-0.,-0.,1.));
#1580 = DIRECTION('',(-1.,0.,0.));
#1581 = ADVANCED_FACE('',(#1582),#1588,.T.);
#1582 = FACE_BOUND('',#1583,.F.);
#1583 = EDGE_LOOP('',(#1584,#1585,#1586,#1587));
#1584 = ORIENTED_EDGE('',*,*,#1475,.F.);
#1585 = ORIENTED_EDGE('',*,*,#1536,.T.);
#1586 = ORIENTED_EDGE('',*,*,#1515,.T.);
#1587 = ORIENTED_EDGE('',*,*,#1558,.F.);
#1588 = PLANE('',#1589);
#1589 = AXIS2_PLACEMENT_3D('',#1590,#1591,#1592);
#1590 = CARTESIAN_POINT('',(-5.35,0.7,0.203));
#1591 = DIRECTION('',(-0.,-0.,1.));
#1592 = DIRECTION('',(-1.,0.,0.));
#1593 = MANIFOLD_SOLID_BREP('',#1594);
#1594 = CLOSED_SHELL('',(#1595,#1635,#1675,#1697,#1719,#1731));
#1595 = ADVANCED_FACE('',(#1596),#1630,.F.);
#1596 = FACE_BOUND('',#1597,.T.);
#1597 = EDGE_LOOP('',(#1598,#1608,#1616,#1624));
#1598 = ORIENTED_EDGE('',*,*,#1599,.F.);
#1599 = EDGE_CURVE('',#1600,#1602,#1604,.T.);
#1600 = VERTEX_POINT('',#1601);
#1601 = CARTESIAN_POINT('',(-5.35,0.3,0.));
#1602 = VERTEX_POINT('',#1603);
#1603 = CARTESIAN_POINT('',(-5.35,0.3,0.203));
#1604 = LINE('',#1605,#1606);
#1605 = CARTESIAN_POINT('',(-5.35,0.3,0.));
#1606 = VECTOR('',#1607,1.);
#1607 = DIRECTION('',(-0.,-0.,1.));
#1608 = ORIENTED_EDGE('',*,*,#1609,.T.);
#1609 = EDGE_CURVE('',#1600,#1610,#1612,.T.);
#1610 = VERTEX_POINT('',#1611);
#1611 = CARTESIAN_POINT('',(-5.35,0.1,0.));
#1612 = LINE('',#1613,#1614);
#1613 = CARTESIAN_POINT('',(-5.35,0.3,0.));
#1614 = VECTOR('',#1615,1.);
#1615 = DIRECTION('',(-0.,-1.,-0.));
#1616 = ORIENTED_EDGE('',*,*,#1617,.T.);
#1617 = EDGE_CURVE('',#1610,#1618,#1620,.T.);
#1618 = VERTEX_POINT('',#1619);
#1619 = CARTESIAN_POINT('',(-5.35,0.1,0.203));
#1620 = LINE('',#1621,#1622);
#1621 = CARTESIAN_POINT('',(-5.35,0.1,0.));
#1622 = VECTOR('',#1623,1.);
#1623 = DIRECTION('',(-0.,-0.,1.));
#1624 = ORIENTED_EDGE('',*,*,#1625,.F.);
#1625 = EDGE_CURVE('',#1602,#1618,#1626,.T.);
#1626 = LINE('',#1627,#1628);
#1627 = CARTESIAN_POINT('',(-5.35,0.3,0.203));
#1628 = VECTOR('',#1629,1.);
#1629 = DIRECTION('',(-0.,-1.,-0.));
#1630 = PLANE('',#1631);
#1631 = AXIS2_PLACEMENT_3D('',#1632,#1633,#1634);
#1632 = CARTESIAN_POINT('',(-5.35,0.3,0.));
#1633 = DIRECTION('',(1.,-0.,-0.));
#1634 = DIRECTION('',(0.,0.,-1.));
#1635 = ADVANCED_FACE('',(#1636),#1670,.T.);
#1636 = FACE_BOUND('',#1637,.F.);
#1637 = EDGE_LOOP('',(#1638,#1648,#1656,#1664));
#1638 = ORIENTED_EDGE('',*,*,#1639,.F.);
#1639 = EDGE_CURVE('',#1640,#1642,#1644,.T.);
#1640 = VERTEX_POINT('',#1641);
#1641 = CARTESIAN_POINT('',(-4.55,0.3,0.));
#1642 = VERTEX_POINT('',#1643);
#1643 = CARTESIAN_POINT('',(-4.55,0.3,0.203));
#1644 = LINE('',#1645,#1646);
#1645 = CARTESIAN_POINT('',(-4.55,0.3,0.));
#1646 = VECTOR('',#1647,1.);
#1647 = DIRECTION('',(-0.,-0.,1.));
#1648 = ORIENTED_EDGE('',*,*,#1649,.T.);
#1649 = EDGE_CURVE('',#1640,#1650,#1652,.T.);
#1650 = VERTEX_POINT('',#1651);
#1651 = CARTESIAN_POINT('',(-4.55,0.1,0.));
#1652 = LINE('',#1653,#1654);
#1653 = CARTESIAN_POINT('',(-4.55,0.3,0.));
#1654 = VECTOR('',#1655,1.);
#1655 = DIRECTION('',(-0.,-1.,-0.));
#1656 = ORIENTED_EDGE('',*,*,#1657,.T.);
#1657 = EDGE_CURVE('',#1650,#1658,#1660,.T.);
#1658 = VERTEX_POINT('',#1659);
#1659 = CARTESIAN_POINT('',(-4.55,0.1,0.203));
#1660 = LINE('',#1661,#1662);
#1661 = CARTESIAN_POINT('',(-4.55,0.1,0.));
#1662 = VECTOR('',#1663,1.);
#1663 = DIRECTION('',(-0.,-0.,1.));
#1664 = ORIENTED_EDGE('',*,*,#1665,.F.);
#1665 = EDGE_CURVE('',#1642,#1658,#1666,.T.);
#1666 = LINE('',#1667,#1668);
#1667 = CARTESIAN_POINT('',(-4.55,0.3,0.203));
#1668 = VECTOR('',#1669,1.);
#1669 = DIRECTION('',(-0.,-1.,-0.));
#1670 = PLANE('',#1671);
#1671 = AXIS2_PLACEMENT_3D('',#1672,#1673,#1674);
#1672 = CARTESIAN_POINT('',(-4.55,0.3,0.));
#1673 = DIRECTION('',(1.,-0.,-0.));
#1674 = DIRECTION('',(0.,0.,-1.));
#1675 = ADVANCED_FACE('',(#1676),#1692,.F.);
#1676 = FACE_BOUND('',#1677,.T.);
#1677 = EDGE_LOOP('',(#1678,#1684,#1685,#1691));
#1678 = ORIENTED_EDGE('',*,*,#1679,.F.);
#1679 = EDGE_CURVE('',#1600,#1640,#1680,.T.);
#1680 = LINE('',#1681,#1682);
#1681 = CARTESIAN_POINT('',(-5.35,0.3,0.));
#1682 = VECTOR('',#1683,1.);
#1683 = DIRECTION('',(1.,-0.,-0.));
#1684 = ORIENTED_EDGE('',*,*,#1599,.T.);
#1685 = ORIENTED_EDGE('',*,*,#1686,.T.);
#1686 = EDGE_CURVE('',#1602,#1642,#1687,.T.);
#1687 = LINE('',#1688,#1689);
#1688 = CARTESIAN_POINT('',(-5.35,0.3,0.203));
#1689 = VECTOR('',#1690,1.);
#1690 = DIRECTION('',(1.,-0.,-0.));
#1691 = ORIENTED_EDGE('',*,*,#1639,.F.);
#1692 = PLANE('',#1693);
#1693 = AXIS2_PLACEMENT_3D('',#1694,#1695,#1696);
#1694 = CARTESIAN_POINT('',(-5.35,0.3,0.));
#1695 = DIRECTION('',(-0.,-1.,-0.));
#1696 = DIRECTION('',(0.,0.,-1.));
#1697 = ADVANCED_FACE('',(#1698),#1714,.T.);
#1698 = FACE_BOUND('',#1699,.F.);
#1699 = EDGE_LOOP('',(#1700,#1706,#1707,#1713));
#1700 = ORIENTED_EDGE('',*,*,#1701,.F.);
#1701 = EDGE_CURVE('',#1610,#1650,#1702,.T.);
#1702 = LINE('',#1703,#1704);
#1703 = CARTESIAN_POINT('',(-5.35,0.1,0.));
#1704 = VECTOR('',#1705,1.);
#1705 = DIRECTION('',(1.,-0.,-0.));
#1706 = ORIENTED_EDGE('',*,*,#1617,.T.);
#1707 = ORIENTED_EDGE('',*,*,#1708,.T.);
#1708 = EDGE_CURVE('',#1618,#1658,#1709,.T.);
#1709 = LINE('',#1710,#1711);
#1710 = CARTESIAN_POINT('',(-5.35,0.1,0.203));
#1711 = VECTOR('',#1712,1.);
#1712 = DIRECTION('',(1.,-0.,-0.));
#1713 = ORIENTED_EDGE('',*,*,#1657,.F.);
#1714 = PLANE('',#1715);
#1715 = AXIS2_PLACEMENT_3D('',#1716,#1717,#1718);
#1716 = CARTESIAN_POINT('',(-5.35,0.1,0.));
#1717 = DIRECTION('',(-0.,-1.,-0.));
#1718 = DIRECTION('',(0.,0.,-1.));
#1719 = ADVANCED_FACE('',(#1720),#1726,.F.);
#1720 = FACE_BOUND('',#1721,.T.);
#1721 = EDGE_LOOP('',(#1722,#1723,#1724,#1725));
#1722 = ORIENTED_EDGE('',*,*,#1609,.F.);
#1723 = ORIENTED_EDGE('',*,*,#1679,.T.);
#1724 = ORIENTED_EDGE('',*,*,#1649,.T.);
#1725 = ORIENTED_EDGE('',*,*,#1701,.F.);
#1726 = PLANE('',#1727);
#1727 = AXIS2_PLACEMENT_3D('',#1728,#1729,#1730);
#1728 = CARTESIAN_POINT('',(-5.35,0.3,0.));
#1729 = DIRECTION('',(-0.,-0.,1.));
#1730 = DIRECTION('',(-1.,0.,0.));
#1731 = ADVANCED_FACE('',(#1732),#1738,.T.);
#1732 = FACE_BOUND('',#1733,.F.);
#1733 = EDGE_LOOP('',(#1734,#1735,#1736,#1737));
#1734 = ORIENTED_EDGE('',*,*,#1625,.F.);
#1735 = ORIENTED_EDGE('',*,*,#1686,.T.);
#1736 = ORIENTED_EDGE('',*,*,#1665,.T.);
#1737 = ORIENTED_EDGE('',*,*,#1708,.F.);
#1738 = PLANE('',#1739);
#1739 = AXIS2_PLACEMENT_3D('',#1740,#1741,#1742);
#1740 = CARTESIAN_POINT('',(-5.35,0.3,0.203));
#1741 = DIRECTION('',(-0.,-0.,1.));
#1742 = DIRECTION('',(-1.,0.,0.));
#1743 = MANIFOLD_SOLID_BREP('',#1744);
#1744 = CLOSED_SHELL('',(#1745,#1785,#1825,#1847,#1869,#1881));
#1745 = ADVANCED_FACE('',(#1746),#1780,.F.);
#1746 = FACE_BOUND('',#1747,.T.);
#1747 = EDGE_LOOP('',(#1748,#1758,#1766,#1774));
#1748 = ORIENTED_EDGE('',*,*,#1749,.F.);
#1749 = EDGE_CURVE('',#1750,#1752,#1754,.T.);
#1750 = VERTEX_POINT('',#1751);
#1751 = CARTESIAN_POINT('',(-5.35,-1.E-01,0.));
#1752 = VERTEX_POINT('',#1753);
#1753 = CARTESIAN_POINT('',(-5.35,-1.E-01,0.203));
#1754 = LINE('',#1755,#1756);
#1755 = CARTESIAN_POINT('',(-5.35,-1.E-01,0.));
#1756 = VECTOR('',#1757,1.);
#1757 = DIRECTION('',(-0.,-0.,1.));
#1758 = ORIENTED_EDGE('',*,*,#1759,.T.);
#1759 = EDGE_CURVE('',#1750,#1760,#1762,.T.);
#1760 = VERTEX_POINT('',#1761);
#1761 = CARTESIAN_POINT('',(-5.35,-0.3,0.));
#1762 = LINE('',#1763,#1764);
#1763 = CARTESIAN_POINT('',(-5.35,-1.E-01,0.));
#1764 = VECTOR('',#1765,1.);
#1765 = DIRECTION('',(-0.,-1.,-0.));
#1766 = ORIENTED_EDGE('',*,*,#1767,.T.);
#1767 = EDGE_CURVE('',#1760,#1768,#1770,.T.);
#1768 = VERTEX_POINT('',#1769);
#1769 = CARTESIAN_POINT('',(-5.35,-0.3,0.203));
#1770 = LINE('',#1771,#1772);
#1771 = CARTESIAN_POINT('',(-5.35,-0.3,0.));
#1772 = VECTOR('',#1773,1.);
#1773 = DIRECTION('',(-0.,-0.,1.));
#1774 = ORIENTED_EDGE('',*,*,#1775,.F.);
#1775 = EDGE_CURVE('',#1752,#1768,#1776,.T.);
#1776 = LINE('',#1777,#1778);
#1777 = CARTESIAN_POINT('',(-5.35,-1.E-01,0.203));
#1778 = VECTOR('',#1779,1.);
#1779 = DIRECTION('',(-0.,-1.,-0.));
#1780 = PLANE('',#1781);
#1781 = AXIS2_PLACEMENT_3D('',#1782,#1783,#1784);
#1782 = CARTESIAN_POINT('',(-5.35,-1.E-01,0.));
#1783 = DIRECTION('',(1.,-0.,-0.));
#1784 = DIRECTION('',(0.,0.,-1.));
#1785 = ADVANCED_FACE('',(#1786),#1820,.T.);
#1786 = FACE_BOUND('',#1787,.F.);
#1787 = EDGE_LOOP('',(#1788,#1798,#1806,#1814));
#1788 = ORIENTED_EDGE('',*,*,#1789,.F.);
#1789 = EDGE_CURVE('',#1790,#1792,#1794,.T.);
#1790 = VERTEX_POINT('',#1791);
#1791 = CARTESIAN_POINT('',(-4.55,-1.E-01,0.));
#1792 = VERTEX_POINT('',#1793);
#1793 = CARTESIAN_POINT('',(-4.55,-1.E-01,0.203));
#1794 = LINE('',#1795,#1796);
#1795 = CARTESIAN_POINT('',(-4.55,-1.E-01,0.));
#1796 = VECTOR('',#1797,1.);
#1797 = DIRECTION('',(-0.,-0.,1.));
#1798 = ORIENTED_EDGE('',*,*,#1799,.T.);
#1799 = EDGE_CURVE('',#1790,#1800,#1802,.T.);
#1800 = VERTEX_POINT('',#1801);
#1801 = CARTESIAN_POINT('',(-4.55,-0.3,0.));
#1802 = LINE('',#1803,#1804);
#1803 = CARTESIAN_POINT('',(-4.55,-1.E-01,0.));
#1804 = VECTOR('',#1805,1.);
#1805 = DIRECTION('',(-0.,-1.,-0.));
#1806 = ORIENTED_EDGE('',*,*,#1807,.T.);
#1807 = EDGE_CURVE('',#1800,#1808,#1810,.T.);
#1808 = VERTEX_POINT('',#1809);
#1809 = CARTESIAN_POINT('',(-4.55,-0.3,0.203));
#1810 = LINE('',#1811,#1812);
#1811 = CARTESIAN_POINT('',(-4.55,-0.3,0.));
#1812 = VECTOR('',#1813,1.);
#1813 = DIRECTION('',(-0.,-0.,1.));
#1814 = ORIENTED_EDGE('',*,*,#1815,.F.);
#1815 = EDGE_CURVE('',#1792,#1808,#1816,.T.);
#1816 = LINE('',#1817,#1818);
#1817 = CARTESIAN_POINT('',(-4.55,-1.E-01,0.203));
#1818 = VECTOR('',#1819,1.);
#1819 = DIRECTION('',(-0.,-1.,-0.));
#1820 = PLANE('',#1821);
#1821 = AXIS2_PLACEMENT_3D('',#1822,#1823,#1824);
#1822 = CARTESIAN_POINT('',(-4.55,-1.E-01,0.));
#1823 = DIRECTION('',(1.,-0.,-0.));
#1824 = DIRECTION('',(0.,0.,-1.));
#1825 = ADVANCED_FACE('',(#1826),#1842,.F.);
#1826 = FACE_BOUND('',#1827,.T.);
#1827 = EDGE_LOOP('',(#1828,#1834,#1835,#1841));
#1828 = ORIENTED_EDGE('',*,*,#1829,.F.);
#1829 = EDGE_CURVE('',#1750,#1790,#1830,.T.);
#1830 = LINE('',#1831,#1832);
#1831 = CARTESIAN_POINT('',(-5.35,-1.E-01,0.));
#1832 = VECTOR('',#1833,1.);
#1833 = DIRECTION('',(1.,-0.,-0.));
#1834 = ORIENTED_EDGE('',*,*,#1749,.T.);
#1835 = ORIENTED_EDGE('',*,*,#1836,.T.);
#1836 = EDGE_CURVE('',#1752,#1792,#1837,.T.);
#1837 = LINE('',#1838,#1839);
#1838 = CARTESIAN_POINT('',(-5.35,-1.E-01,0.203));
#1839 = VECTOR('',#1840,1.);
#1840 = DIRECTION('',(1.,-0.,-0.));
#1841 = ORIENTED_EDGE('',*,*,#1789,.F.);
#1842 = PLANE('',#1843);
#1843 = AXIS2_PLACEMENT_3D('',#1844,#1845,#1846);
#1844 = CARTESIAN_POINT('',(-5.35,-1.E-01,0.));
#1845 = DIRECTION('',(-0.,-1.,-0.));
#1846 = DIRECTION('',(0.,0.,-1.));
#1847 = ADVANCED_FACE('',(#1848),#1864,.T.);
#1848 = FACE_BOUND('',#1849,.F.);
#1849 = EDGE_LOOP('',(#1850,#1856,#1857,#1863));
#1850 = ORIENTED_EDGE('',*,*,#1851,.F.);
#1851 = EDGE_CURVE('',#1760,#1800,#1852,.T.);
#1852 = LINE('',#1853,#1854);
#1853 = CARTESIAN_POINT('',(-5.35,-0.3,0.));
#1854 = VECTOR('',#1855,1.);
#1855 = DIRECTION('',(1.,-0.,-0.));
#1856 = ORIENTED_EDGE('',*,*,#1767,.T.);
#1857 = ORIENTED_EDGE('',*,*,#1858,.T.);
#1858 = EDGE_CURVE('',#1768,#1808,#1859,.T.);
#1859 = LINE('',#1860,#1861);
#1860 = CARTESIAN_POINT('',(-5.35,-0.3,0.203));
#1861 = VECTOR('',#1862,1.);
#1862 = DIRECTION('',(1.,-0.,-0.));
#1863 = ORIENTED_EDGE('',*,*,#1807,.F.);
#1864 = PLANE('',#1865);
#1865 = AXIS2_PLACEMENT_3D('',#1866,#1867,#1868);
#1866 = CARTESIAN_POINT('',(-5.35,-0.3,0.));
#1867 = DIRECTION('',(-0.,-1.,-0.));
#1868 = DIRECTION('',(0.,0.,-1.));
#1869 = ADVANCED_FACE('',(#1870),#1876,.F.);
#1870 = FACE_BOUND('',#1871,.T.);
#1871 = EDGE_LOOP('',(#1872,#1873,#1874,#1875));
#1872 = ORIENTED_EDGE('',*,*,#1759,.F.);
#1873 = ORIENTED_EDGE('',*,*,#1829,.T.);
#1874 = ORIENTED_EDGE('',*,*,#1799,.T.);
#1875 = ORIENTED_EDGE('',*,*,#1851,.F.);
#1876 = PLANE('',#1877);
#1877 = AXIS2_PLACEMENT_3D('',#1878,#1879,#1880);
#1878 = CARTESIAN_POINT('',(-5.35,-1.E-01,0.));
#1879 = DIRECTION('',(-0.,-0.,1.));
#1880 = DIRECTION('',(-1.,0.,0.));
#1881 = ADVANCED_FACE('',(#1882),#1888,.T.);
#1882 = FACE_BOUND('',#1883,.F.);
#1883 = EDGE_LOOP('',(#1884,#1885,#1886,#1887));
#1884 = ORIENTED_EDGE('',*,*,#1775,.F.);
#1885 = ORIENTED_EDGE('',*,*,#1836,.T.);
#1886 = ORIENTED_EDGE('',*,*,#1815,.T.);
#1887 = ORIENTED_EDGE('',*,*,#1858,.F.);
#1888 = PLANE('',#1889);
#1889 = AXIS2_PLACEMENT_3D('',#1890,#1891,#1892);
#1890 = CARTESIAN_POINT('',(-5.35,-1.E-01,0.203));
#1891 = DIRECTION('',(-0.,-0.,1.));
#1892 = DIRECTION('',(-1.,0.,0.));
#1893 = MANIFOLD_SOLID_BREP('',#1894);
#1894 = CLOSED_SHELL('',(#1895,#1935,#1975,#1997,#2019,#2031));
#1895 = ADVANCED_FACE('',(#1896),#1930,.F.);
#1896 = FACE_BOUND('',#1897,.T.);
#1897 = EDGE_LOOP('',(#1898,#1908,#1916,#1924));
#1898 = ORIENTED_EDGE('',*,*,#1899,.F.);
#1899 = EDGE_CURVE('',#1900,#1902,#1904,.T.);
#1900 = VERTEX_POINT('',#1901);
#1901 = CARTESIAN_POINT('',(-5.35,-0.5,0.));
#1902 = VERTEX_POINT('',#1903);
#1903 = CARTESIAN_POINT('',(-5.35,-0.5,0.203));
#1904 = LINE('',#1905,#1906);
#1905 = CARTESIAN_POINT('',(-5.35,-0.5,0.));
#1906 = VECTOR('',#1907,1.);
#1907 = DIRECTION('',(-0.,-0.,1.));
#1908 = ORIENTED_EDGE('',*,*,#1909,.T.);
#1909 = EDGE_CURVE('',#1900,#1910,#1912,.T.);
#1910 = VERTEX_POINT('',#1911);
#1911 = CARTESIAN_POINT('',(-5.35,-0.7,0.));
#1912 = LINE('',#1913,#1914);
#1913 = CARTESIAN_POINT('',(-5.35,-0.5,0.));
#1914 = VECTOR('',#1915,1.);
#1915 = DIRECTION('',(-0.,-1.,-0.));
#1916 = ORIENTED_EDGE('',*,*,#1917,.T.);
#1917 = EDGE_CURVE('',#1910,#1918,#1920,.T.);
#1918 = VERTEX_POINT('',#1919);
#1919 = CARTESIAN_POINT('',(-5.35,-0.7,0.203));
#1920 = LINE('',#1921,#1922);
#1921 = CARTESIAN_POINT('',(-5.35,-0.7,0.));
#1922 = VECTOR('',#1923,1.);
#1923 = DIRECTION('',(-0.,-0.,1.));
#1924 = ORIENTED_EDGE('',*,*,#1925,.F.);
#1925 = EDGE_CURVE('',#1902,#1918,#1926,.T.);
#1926 = LINE('',#1927,#1928);
#1927 = CARTESIAN_POINT('',(-5.35,-0.5,0.203));
#1928 = VECTOR('',#1929,1.);
#1929 = DIRECTION('',(-0.,-1.,-0.));
#1930 = PLANE('',#1931);
#1931 = AXIS2_PLACEMENT_3D('',#1932,#1933,#1934);
#1932 = CARTESIAN_POINT('',(-5.35,-0.5,0.));
#1933 = DIRECTION('',(1.,-0.,-0.));
#1934 = DIRECTION('',(0.,0.,-1.));
#1935 = ADVANCED_FACE('',(#1936),#1970,.T.);
#1936 = FACE_BOUND('',#1937,.F.);
#1937 = EDGE_LOOP('',(#1938,#1948,#1956,#1964));
#1938 = ORIENTED_EDGE('',*,*,#1939,.F.);
#1939 = EDGE_CURVE('',#1940,#1942,#1944,.T.);
#1940 = VERTEX_POINT('',#1941);
#1941 = CARTESIAN_POINT('',(-4.55,-0.5,0.));
#1942 = VERTEX_POINT('',#1943);
#1943 = CARTESIAN_POINT('',(-4.55,-0.5,0.203));
#1944 = LINE('',#1945,#1946);
#1945 = CARTESIAN_POINT('',(-4.55,-0.5,0.));
#1946 = VECTOR('',#1947,1.);
#1947 = DIRECTION('',(-0.,-0.,1.));
#1948 = ORIENTED_EDGE('',*,*,#1949,.T.);
#1949 = EDGE_CURVE('',#1940,#1950,#1952,.T.);
#1950 = VERTEX_POINT('',#1951);
#1951 = CARTESIAN_POINT('',(-4.55,-0.7,0.));
#1952 = LINE('',#1953,#1954);
#1953 = CARTESIAN_POINT('',(-4.55,-0.5,0.));
#1954 = VECTOR('',#1955,1.);
#1955 = DIRECTION('',(-0.,-1.,-0.));
#1956 = ORIENTED_EDGE('',*,*,#1957,.T.);
#1957 = EDGE_CURVE('',#1950,#1958,#1960,.T.);
#1958 = VERTEX_POINT('',#1959);
#1959 = CARTESIAN_POINT('',(-4.55,-0.7,0.203));
#1960 = LINE('',#1961,#1962);
#1961 = CARTESIAN_POINT('',(-4.55,-0.7,0.));
#1962 = VECTOR('',#1963,1.);
#1963 = DIRECTION('',(-0.,-0.,1.));
#1964 = ORIENTED_EDGE('',*,*,#1965,.F.);
#1965 = EDGE_CURVE('',#1942,#1958,#1966,.T.);
#1966 = LINE('',#1967,#1968);
#1967 = CARTESIAN_POINT('',(-4.55,-0.5,0.203));
#1968 = VECTOR('',#1969,1.);
#1969 = DIRECTION('',(-0.,-1.,-0.));
#1970 = PLANE('',#1971);
#1971 = AXIS2_PLACEMENT_3D('',#1972,#1973,#1974);
#1972 = CARTESIAN_POINT('',(-4.55,-0.5,0.));
#1973 = DIRECTION('',(1.,-0.,-0.));
#1974 = DIRECTION('',(0.,0.,-1.));
#1975 = ADVANCED_FACE('',(#1976),#1992,.F.);
#1976 = FACE_BOUND('',#1977,.T.);
#1977 = EDGE_LOOP('',(#1978,#1984,#1985,#1991));
#1978 = ORIENTED_EDGE('',*,*,#1979,.F.);
#1979 = EDGE_CURVE('',#1900,#1940,#1980,.T.);
#1980 = LINE('',#1981,#1982);
#1981 = CARTESIAN_POINT('',(-5.35,-0.5,0.));
#1982 = VECTOR('',#1983,1.);
#1983 = DIRECTION('',(1.,-0.,-0.));
#1984 = ORIENTED_EDGE('',*,*,#1899,.T.);
#1985 = ORIENTED_EDGE('',*,*,#1986,.T.);
#1986 = EDGE_CURVE('',#1902,#1942,#1987,.T.);
#1987 = LINE('',#1988,#1989);
#1988 = CARTESIAN_POINT('',(-5.35,-0.5,0.203));
#1989 = VECTOR('',#1990,1.);
#1990 = DIRECTION('',(1.,-0.,-0.));
#1991 = ORIENTED_EDGE('',*,*,#1939,.F.);
#1992 = PLANE('',#1993);
#1993 = AXIS2_PLACEMENT_3D('',#1994,#1995,#1996);
#1994 = CARTESIAN_POINT('',(-5.35,-0.5,0.));
#1995 = DIRECTION('',(-0.,-1.,-0.));
#1996 = DIRECTION('',(0.,0.,-1.));
#1997 = ADVANCED_FACE('',(#1998),#2014,.T.);
#1998 = FACE_BOUND('',#1999,.F.);
#1999 = EDGE_LOOP('',(#2000,#2006,#2007,#2013));
#2000 = ORIENTED_EDGE('',*,*,#2001,.F.);
#2001 = EDGE_CURVE('',#1910,#1950,#2002,.T.);
#2002 = LINE('',#2003,#2004);
#2003 = CARTESIAN_POINT('',(-5.35,-0.7,0.));
#2004 = VECTOR('',#2005,1.);
#2005 = DIRECTION('',(1.,-0.,-0.));
#2006 = ORIENTED_EDGE('',*,*,#1917,.T.);
#2007 = ORIENTED_EDGE('',*,*,#2008,.T.);
#2008 = EDGE_CURVE('',#1918,#1958,#2009,.T.);
#2009 = LINE('',#2010,#2011);
#2010 = CARTESIAN_POINT('',(-5.35,-0.7,0.203));
#2011 = VECTOR('',#2012,1.);
#2012 = DIRECTION('',(1.,-0.,-0.));
#2013 = ORIENTED_EDGE('',*,*,#1957,.F.);
#2014 = PLANE('',#2015);
#2015 = AXIS2_PLACEMENT_3D('',#2016,#2017,#2018);
#2016 = CARTESIAN_POINT('',(-5.35,-0.7,0.));
#2017 = DIRECTION('',(-0.,-1.,-0.));
#2018 = DIRECTION('',(0.,0.,-1.));
#2019 = ADVANCED_FACE('',(#2020),#2026,.F.);
#2020 = FACE_BOUND('',#2021,.T.);
#2021 = EDGE_LOOP('',(#2022,#2023,#2024,#2025));
#2022 = ORIENTED_EDGE('',*,*,#1909,.F.);
#2023 = ORIENTED_EDGE('',*,*,#1979,.T.);
#2024 = ORIENTED_EDGE('',*,*,#1949,.T.);
#2025 = ORIENTED_EDGE('',*,*,#2001,.F.);
#2026 = PLANE('',#2027);
#2027 = AXIS2_PLACEMENT_3D('',#2028,#2029,#2030);
#2028 = CARTESIAN_POINT('',(-5.35,-0.5,0.));
#2029 = DIRECTION('',(-0.,-0.,1.));
#2030 = DIRECTION('',(-1.,0.,0.));
#2031 = ADVANCED_FACE('',(#2032),#2038,.T.);
#2032 = FACE_BOUND('',#2033,.F.);
#2033 = EDGE_LOOP('',(#2034,#2035,#2036,#2037));
#2034 = ORIENTED_EDGE('',*,*,#1925,.F.);
#2035 = ORIENTED_EDGE('',*,*,#1986,.T.);
#2036 = ORIENTED_EDGE('',*,*,#1965,.T.);
#2037 = ORIENTED_EDGE('',*,*,#2008,.F.);
#2038 = PLANE('',#2039);
#2039 = AXIS2_PLACEMENT_3D('',#2040,#2041,#2042);
#2040 = CARTESIAN_POINT('',(-5.35,-0.5,0.203));
#2041 = DIRECTION('',(-0.,-0.,1.));
#2042 = DIRECTION('',(-1.,0.,0.));
#2043 = MANIFOLD_SOLID_BREP('',#2044);
#2044 = CLOSED_SHELL('',(#2045,#2085,#2125,#2147,#2169,#2181));
#2045 = ADVANCED_FACE('',(#2046),#2080,.F.);
#2046 = FACE_BOUND('',#2047,.T.);
#2047 = EDGE_LOOP('',(#2048,#2058,#2066,#2074));
#2048 = ORIENTED_EDGE('',*,*,#2049,.F.);
#2049 = EDGE_CURVE('',#2050,#2052,#2054,.T.);
#2050 = VERTEX_POINT('',#2051);
#2051 = CARTESIAN_POINT('',(-5.35,-0.9,0.));
#2052 = VERTEX_POINT('',#2053);
#2053 = CARTESIAN_POINT('',(-5.35,-0.9,0.203));
#2054 = LINE('',#2055,#2056);
#2055 = CARTESIAN_POINT('',(-5.35,-0.9,0.));
#2056 = VECTOR('',#2057,1.);
#2057 = DIRECTION('',(-0.,-0.,1.));
#2058 = ORIENTED_EDGE('',*,*,#2059,.T.);
#2059 = EDGE_CURVE('',#2050,#2060,#2062,.T.);
#2060 = VERTEX_POINT('',#2061);
#2061 = CARTESIAN_POINT('',(-5.35,-1.1,0.));
#2062 = LINE('',#2063,#2064);
#2063 = CARTESIAN_POINT('',(-5.35,-0.9,0.));
#2064 = VECTOR('',#2065,1.);
#2065 = DIRECTION('',(-0.,-1.,-0.));
#2066 = ORIENTED_EDGE('',*,*,#2067,.T.);
#2067 = EDGE_CURVE('',#2060,#2068,#2070,.T.);
#2068 = VERTEX_POINT('',#2069);
#2069 = CARTESIAN_POINT('',(-5.35,-1.1,0.203));
#2070 = LINE('',#2071,#2072);
#2071 = CARTESIAN_POINT('',(-5.35,-1.1,0.));
#2072 = VECTOR('',#2073,1.);
#2073 = DIRECTION('',(-0.,-0.,1.));
#2074 = ORIENTED_EDGE('',*,*,#2075,.F.);
#2075 = EDGE_CURVE('',#2052,#2068,#2076,.T.);
#2076 = LINE('',#2077,#2078);
#2077 = CARTESIAN_POINT('',(-5.35,-0.9,0.203));
#2078 = VECTOR('',#2079,1.);
#2079 = DIRECTION('',(-0.,-1.,-0.));
#2080 = PLANE('',#2081);
#2081 = AXIS2_PLACEMENT_3D('',#2082,#2083,#2084);
#2082 = CARTESIAN_POINT('',(-5.35,-0.9,0.));
#2083 = DIRECTION('',(1.,-0.,-0.));
#2084 = DIRECTION('',(0.,0.,-1.));
#2085 = ADVANCED_FACE('',(#2086),#2120,.T.);
#2086 = FACE_BOUND('',#2087,.F.);
#2087 = EDGE_LOOP('',(#2088,#2098,#2106,#2114));
#2088 = ORIENTED_EDGE('',*,*,#2089,.F.);
#2089 = EDGE_CURVE('',#2090,#2092,#2094,.T.);
#2090 = VERTEX_POINT('',#2091);
#2091 = CARTESIAN_POINT('',(-4.55,-0.9,0.));
#2092 = VERTEX_POINT('',#2093);
#2093 = CARTESIAN_POINT('',(-4.55,-0.9,0.203));
#2094 = LINE('',#2095,#2096);
#2095 = CARTESIAN_POINT('',(-4.55,-0.9,0.));
#2096 = VECTOR('',#2097,1.);
#2097 = DIRECTION('',(-0.,-0.,1.));
#2098 = ORIENTED_EDGE('',*,*,#2099,.T.);
#2099 = EDGE_CURVE('',#2090,#2100,#2102,.T.);
#2100 = VERTEX_POINT('',#2101);
#2101 = CARTESIAN_POINT('',(-4.55,-1.1,0.));
#2102 = LINE('',#2103,#2104);
#2103 = CARTESIAN_POINT('',(-4.55,-0.9,0.));
#2104 = VECTOR('',#2105,1.);
#2105 = DIRECTION('',(-0.,-1.,-0.));
#2106 = ORIENTED_EDGE('',*,*,#2107,.T.);
#2107 = EDGE_CURVE('',#2100,#2108,#2110,.T.);
#2108 = VERTEX_POINT('',#2109);
#2109 = CARTESIAN_POINT('',(-4.55,-1.1,0.203));
#2110 = LINE('',#2111,#2112);
#2111 = CARTESIAN_POINT('',(-4.55,-1.1,0.));
#2112 = VECTOR('',#2113,1.);
#2113 = DIRECTION('',(-0.,-0.,1.));
#2114 = ORIENTED_EDGE('',*,*,#2115,.F.);
#2115 = EDGE_CURVE('',#2092,#2108,#2116,.T.);
#2116 = LINE('',#2117,#2118);
#2117 = CARTESIAN_POINT('',(-4.55,-0.9,0.203));
#2118 = VECTOR('',#2119,1.);
#2119 = DIRECTION('',(-0.,-1.,-0.));
#2120 = PLANE('',#2121);
#2121 = AXIS2_PLACEMENT_3D('',#2122,#2123,#2124);
#2122 = CARTESIAN_POINT('',(-4.55,-0.9,0.));
#2123 = DIRECTION('',(1.,-0.,-0.));
#2124 = DIRECTION('',(0.,0.,-1.));
#2125 = ADVANCED_FACE('',(#2126),#2142,.F.);
#2126 = FACE_BOUND('',#2127,.T.);
#2127 = EDGE_LOOP('',(#2128,#2134,#2135,#2141));
#2128 = ORIENTED_EDGE('',*,*,#2129,.F.);
#2129 = EDGE_CURVE('',#2050,#2090,#2130,.T.);
#2130 = LINE('',#2131,#2132);
#2131 = CARTESIAN_POINT('',(-5.35,-0.9,0.));
#2132 = VECTOR('',#2133,1.);
#2133 = DIRECTION('',(1.,-0.,-0.));
#2134 = ORIENTED_EDGE('',*,*,#2049,.T.);
#2135 = ORIENTED_EDGE('',*,*,#2136,.T.);
#2136 = EDGE_CURVE('',#2052,#2092,#2137,.T.);
#2137 = LINE('',#2138,#2139);
#2138 = CARTESIAN_POINT('',(-5.35,-0.9,0.203));
#2139 = VECTOR('',#2140,1.);
#2140 = DIRECTION('',(1.,-0.,-0.));
#2141 = ORIENTED_EDGE('',*,*,#2089,.F.);
#2142 = PLANE('',#2143);
#2143 = AXIS2_PLACEMENT_3D('',#2144,#2145,#2146);
#2144 = CARTESIAN_POINT('',(-5.35,-0.9,0.));
#2145 = DIRECTION('',(-0.,-1.,-0.));
#2146 = DIRECTION('',(0.,0.,-1.));
#2147 = ADVANCED_FACE('',(#2148),#2164,.T.);
#2148 = FACE_BOUND('',#2149,.F.);
#2149 = EDGE_LOOP('',(#2150,#2156,#2157,#2163));
#2150 = ORIENTED_EDGE('',*,*,#2151,.F.);
#2151 = EDGE_CURVE('',#2060,#2100,#2152,.T.);
#2152 = LINE('',#2153,#2154);
#2153 = CARTESIAN_POINT('',(-5.35,-1.1,0.));
#2154 = VECTOR('',#2155,1.);
#2155 = DIRECTION('',(1.,-0.,-0.));
#2156 = ORIENTED_EDGE('',*,*,#2067,.T.);
#2157 = ORIENTED_EDGE('',*,*,#2158,.T.);
#2158 = EDGE_CURVE('',#2068,#2108,#2159,.T.);
#2159 = LINE('',#2160,#2161);
#2160 = CARTESIAN_POINT('',(-5.35,-1.1,0.203));
#2161 = VECTOR('',#2162,1.);
#2162 = DIRECTION('',(1.,-0.,-0.));
#2163 = ORIENTED_EDGE('',*,*,#2107,.F.);
#2164 = PLANE('',#2165);
#2165 = AXIS2_PLACEMENT_3D('',#2166,#2167,#2168);
#2166 = CARTESIAN_POINT('',(-5.35,-1.1,0.));
#2167 = DIRECTION('',(-0.,-1.,-0.));
#2168 = DIRECTION('',(0.,0.,-1.));
#2169 = ADVANCED_FACE('',(#2170),#2176,.F.);
#2170 = FACE_BOUND('',#2171,.T.);
#2171 = EDGE_LOOP('',(#2172,#2173,#2174,#2175));
#2172 = ORIENTED_EDGE('',*,*,#2059,.F.);
#2173 = ORIENTED_EDGE('',*,*,#2129,.T.);
#2174 = ORIENTED_EDGE('',*,*,#2099,.T.);
#2175 = ORIENTED_EDGE('',*,*,#2151,.F.);
#2176 = PLANE('',#2177);
#2177 = AXIS2_PLACEMENT_3D('',#2178,#2179,#2180);
#2178 = CARTESIAN_POINT('',(-5.35,-0.9,0.));
#2179 = DIRECTION('',(-0.,-0.,1.));
#2180 = DIRECTION('',(-1.,0.,0.));
#2181 = ADVANCED_FACE('',(#2182),#2188,.T.);
#2182 = FACE_BOUND('',#2183,.F.);
#2183 = EDGE_LOOP('',(#2184,#2185,#2186,#2187));
#2184 = ORIENTED_EDGE('',*,*,#2075,.F.);
#2185 = ORIENTED_EDGE('',*,*,#2136,.T.);
#2186 = ORIENTED_EDGE('',*,*,#2115,.T.);
#2187 = ORIENTED_EDGE('',*,*,#2158,.F.);
#2188 = PLANE('',#2189);
#2189 = AXIS2_PLACEMENT_3D('',#2190,#2191,#2192);
#2190 = CARTESIAN_POINT('',(-5.35,-0.9,0.203));
#2191 = DIRECTION('',(-0.,-0.,1.));
#2192 = DIRECTION('',(-1.,0.,0.));
#2193 = MANIFOLD_SOLID_BREP('',#2194);
#2194 = CLOSED_SHELL('',(#2195,#2235,#2275,#2297,#2319,#2331));
#2195 = ADVANCED_FACE('',(#2196),#2230,.F.);
#2196 = FACE_BOUND('',#2197,.T.);
#2197 = EDGE_LOOP('',(#2198,#2208,#2216,#2224));
#2198 = ORIENTED_EDGE('',*,*,#2199,.F.);
#2199 = EDGE_CURVE('',#2200,#2202,#2204,.T.);
#2200 = VERTEX_POINT('',#2201);
#2201 = CARTESIAN_POINT('',(-5.35,-1.3,0.));
#2202 = VERTEX_POINT('',#2203);
#2203 = CARTESIAN_POINT('',(-5.35,-1.3,0.203));
#2204 = LINE('',#2205,#2206);
#2205 = CARTESIAN_POINT('',(-5.35,-1.3,0.));
#2206 = VECTOR('',#2207,1.);
#2207 = DIRECTION('',(-0.,-0.,1.));
#2208 = ORIENTED_EDGE('',*,*,#2209,.T.);
#2209 = EDGE_CURVE('',#2200,#2210,#2212,.T.);
#2210 = VERTEX_POINT('',#2211);
#2211 = CARTESIAN_POINT('',(-5.35,-1.5,0.));
#2212 = LINE('',#2213,#2214);
#2213 = CARTESIAN_POINT('',(-5.35,-1.3,0.));
#2214 = VECTOR('',#2215,1.);
#2215 = DIRECTION('',(-0.,-1.,-0.));
#2216 = ORIENTED_EDGE('',*,*,#2217,.T.);
#2217 = EDGE_CURVE('',#2210,#2218,#2220,.T.);
#2218 = VERTEX_POINT('',#2219);
#2219 = CARTESIAN_POINT('',(-5.35,-1.5,0.203));
#2220 = LINE('',#2221,#2222);
#2221 = CARTESIAN_POINT('',(-5.35,-1.5,0.));
#2222 = VECTOR('',#2223,1.);
#2223 = DIRECTION('',(-0.,-0.,1.));
#2224 = ORIENTED_EDGE('',*,*,#2225,.F.);
#2225 = EDGE_CURVE('',#2202,#2218,#2226,.T.);
#2226 = LINE('',#2227,#2228);
#2227 = CARTESIAN_POINT('',(-5.35,-1.3,0.203));
#2228 = VECTOR('',#2229,1.);
#2229 = DIRECTION('',(-0.,-1.,-0.));
#2230 = PLANE('',#2231);
#2231 = AXIS2_PLACEMENT_3D('',#2232,#2233,#2234);
#2232 = CARTESIAN_POINT('',(-5.35,-1.3,0.));
#2233 = DIRECTION('',(1.,-0.,-0.));
#2234 = DIRECTION('',(0.,0.,-1.));
#2235 = ADVANCED_FACE('',(#2236),#2270,.T.);
#2236 = FACE_BOUND('',#2237,.F.);
#2237 = EDGE_LOOP('',(#2238,#2248,#2256,#2264));
#2238 = ORIENTED_EDGE('',*,*,#2239,.F.);
#2239 = EDGE_CURVE('',#2240,#2242,#2244,.T.);
#2240 = VERTEX_POINT('',#2241);
#2241 = CARTESIAN_POINT('',(-4.55,-1.3,0.));
#2242 = VERTEX_POINT('',#2243);
#2243 = CARTESIAN_POINT('',(-4.55,-1.3,0.203));
#2244 = LINE('',#2245,#2246);
#2245 = CARTESIAN_POINT('',(-4.55,-1.3,0.));
#2246 = VECTOR('',#2247,1.);
#2247 = DIRECTION('',(-0.,-0.,1.));
#2248 = ORIENTED_EDGE('',*,*,#2249,.T.);
#2249 = EDGE_CURVE('',#2240,#2250,#2252,.T.);
#2250 = VERTEX_POINT('',#2251);
#2251 = CARTESIAN_POINT('',(-4.55,-1.5,0.));
#2252 = LINE('',#2253,#2254);
#2253 = CARTESIAN_POINT('',(-4.55,-1.3,0.));
#2254 = VECTOR('',#2255,1.);
#2255 = DIRECTION('',(-0.,-1.,-0.));
#2256 = ORIENTED_EDGE('',*,*,#2257,.T.);
#2257 = EDGE_CURVE('',#2250,#2258,#2260,.T.);
#2258 = VERTEX_POINT('',#2259);
#2259 = CARTESIAN_POINT('',(-4.55,-1.5,0.203));
#2260 = LINE('',#2261,#2262);
#2261 = CARTESIAN_POINT('',(-4.55,-1.5,0.));
#2262 = VECTOR('',#2263,1.);
#2263 = DIRECTION('',(-0.,-0.,1.));
#2264 = ORIENTED_EDGE('',*,*,#2265,.F.);
#2265 = EDGE_CURVE('',#2242,#2258,#2266,.T.);
#2266 = LINE('',#2267,#2268);
#2267 = CARTESIAN_POINT('',(-4.55,-1.3,0.203));
#2268 = VECTOR('',#2269,1.);
#2269 = DIRECTION('',(-0.,-1.,-0.));
#2270 = PLANE('',#2271);
#2271 = AXIS2_PLACEMENT_3D('',#2272,#2273,#2274);
#2272 = CARTESIAN_POINT('',(-4.55,-1.3,0.));
#2273 = DIRECTION('',(1.,-0.,-0.));
#2274 = DIRECTION('',(0.,0.,-1.));
#2275 = ADVANCED_FACE('',(#2276),#2292,.F.);
#2276 = FACE_BOUND('',#2277,.T.);
#2277 = EDGE_LOOP('',(#2278,#2284,#2285,#2291));
#2278 = ORIENTED_EDGE('',*,*,#2279,.F.);
#2279 = EDGE_CURVE('',#2200,#2240,#2280,.T.);
#2280 = LINE('',#2281,#2282);
#2281 = CARTESIAN_POINT('',(-5.35,-1.3,0.));
#2282 = VECTOR('',#2283,1.);
#2283 = DIRECTION('',(1.,-0.,-0.));
#2284 = ORIENTED_EDGE('',*,*,#2199,.T.);
#2285 = ORIENTED_EDGE('',*,*,#2286,.T.);
#2286 = EDGE_CURVE('',#2202,#2242,#2287,.T.);
#2287 = LINE('',#2288,#2289);
#2288 = CARTESIAN_POINT('',(-5.35,-1.3,0.203));
#2289 = VECTOR('',#2290,1.);
#2290 = DIRECTION('',(1.,-0.,-0.));
#2291 = ORIENTED_EDGE('',*,*,#2239,.F.);
#2292 = PLANE('',#2293);
#2293 = AXIS2_PLACEMENT_3D('',#2294,#2295,#2296);
#2294 = CARTESIAN_POINT('',(-5.35,-1.3,0.));
#2295 = DIRECTION('',(-0.,-1.,-0.));
#2296 = DIRECTION('',(0.,0.,-1.));
#2297 = ADVANCED_FACE('',(#2298),#2314,.T.);
#2298 = FACE_BOUND('',#2299,.F.);
#2299 = EDGE_LOOP('',(#2300,#2306,#2307,#2313));
#2300 = ORIENTED_EDGE('',*,*,#2301,.F.);
#2301 = EDGE_CURVE('',#2210,#2250,#2302,.T.);
#2302 = LINE('',#2303,#2304);
#2303 = CARTESIAN_POINT('',(-5.35,-1.5,0.));
#2304 = VECTOR('',#2305,1.);
#2305 = DIRECTION('',(1.,-0.,-0.));
#2306 = ORIENTED_EDGE('',*,*,#2217,.T.);
#2307 = ORIENTED_EDGE('',*,*,#2308,.T.);
#2308 = EDGE_CURVE('',#2218,#2258,#2309,.T.);
#2309 = LINE('',#2310,#2311);
#2310 = CARTESIAN_POINT('',(-5.35,-1.5,0.203));
#2311 = VECTOR('',#2312,1.);
#2312 = DIRECTION('',(1.,-0.,-0.));
#2313 = ORIENTED_EDGE('',*,*,#2257,.F.);
#2314 = PLANE('',#2315);
#2315 = AXIS2_PLACEMENT_3D('',#2316,#2317,#2318);
#2316 = CARTESIAN_POINT('',(-5.35,-1.5,0.));
#2317 = DIRECTION('',(-0.,-1.,-0.));
#2318 = DIRECTION('',(0.,0.,-1.));
#2319 = ADVANCED_FACE('',(#2320),#2326,.F.);
#2320 = FACE_BOUND('',#2321,.T.);
#2321 = EDGE_LOOP('',(#2322,#2323,#2324,#2325));
#2322 = ORIENTED_EDGE('',*,*,#2209,.F.);
#2323 = ORIENTED_EDGE('',*,*,#2279,.T.);
#2324 = ORIENTED_EDGE('',*,*,#2249,.T.);
#2325 = ORIENTED_EDGE('',*,*,#2301,.F.);
#2326 = PLANE('',#2327);
#2327 = AXIS2_PLACEMENT_3D('',#2328,#2329,#2330);
#2328 = CARTESIAN_POINT('',(-5.35,-1.3,0.));
#2329 = DIRECTION('',(-0.,-0.,1.));
#2330 = DIRECTION('',(-1.,0.,0.));
#2331 = ADVANCED_FACE('',(#2332),#2338,.T.);
#2332 = FACE_BOUND('',#2333,.F.);
#2333 = EDGE_LOOP('',(#2334,#2335,#2336,#2337));
#2334 = ORIENTED_EDGE('',*,*,#2225,.F.);
#2335 = ORIENTED_EDGE('',*,*,#2286,.T.);
#2336 = ORIENTED_EDGE('',*,*,#2265,.T.);
#2337 = ORIENTED_EDGE('',*,*,#2308,.F.);
#2338 = PLANE('',#2339);
#2339 = AXIS2_PLACEMENT_3D('',#2340,#2341,#2342);
#2340 = CARTESIAN_POINT('',(-5.35,-1.3,0.203));
#2341 = DIRECTION('',(-0.,-0.,1.));
#2342 = DIRECTION('',(-1.,0.,0.));
#2343 = MANIFOLD_SOLID_BREP('',#2344);
#2344 = CLOSED_SHELL('',(#2345,#2385,#2425,#2447,#2469,#2481));
#2345 = ADVANCED_FACE('',(#2346),#2380,.F.);
#2346 = FACE_BOUND('',#2347,.T.);
#2347 = EDGE_LOOP('',(#2348,#2358,#2366,#2374));
#2348 = ORIENTED_EDGE('',*,*,#2349,.F.);
#2349 = EDGE_CURVE('',#2350,#2352,#2354,.T.);
#2350 = VERTEX_POINT('',#2351);
#2351 = CARTESIAN_POINT('',(-5.35,-1.7,0.));
#2352 = VERTEX_POINT('',#2353);
#2353 = CARTESIAN_POINT('',(-5.35,-1.7,0.203));
#2354 = LINE('',#2355,#2356);
#2355 = CARTESIAN_POINT('',(-5.35,-1.7,0.));
#2356 = VECTOR('',#2357,1.);
#2357 = DIRECTION('',(-0.,-0.,1.));
#2358 = ORIENTED_EDGE('',*,*,#2359,.T.);
#2359 = EDGE_CURVE('',#2350,#2360,#2362,.T.);
#2360 = VERTEX_POINT('',#2361);
#2361 = CARTESIAN_POINT('',(-5.35,-1.9,0.));
#2362 = LINE('',#2363,#2364);
#2363 = CARTESIAN_POINT('',(-5.35,-1.7,0.));
#2364 = VECTOR('',#2365,1.);
#2365 = DIRECTION('',(-0.,-1.,-0.));
#2366 = ORIENTED_EDGE('',*,*,#2367,.T.);
#2367 = EDGE_CURVE('',#2360,#2368,#2370,.T.);
#2368 = VERTEX_POINT('',#2369);
#2369 = CARTESIAN_POINT('',(-5.35,-1.9,0.203));
#2370 = LINE('',#2371,#2372);
#2371 = CARTESIAN_POINT('',(-5.35,-1.9,0.));
#2372 = VECTOR('',#2373,1.);
#2373 = DIRECTION('',(-0.,-0.,1.));
#2374 = ORIENTED_EDGE('',*,*,#2375,.F.);
#2375 = EDGE_CURVE('',#2352,#2368,#2376,.T.);
#2376 = LINE('',#2377,#2378);
#2377 = CARTESIAN_POINT('',(-5.35,-1.7,0.203));
#2378 = VECTOR('',#2379,1.);
#2379 = DIRECTION('',(-0.,-1.,-0.));
#2380 = PLANE('',#2381);
#2381 = AXIS2_PLACEMENT_3D('',#2382,#2383,#2384);
#2382 = CARTESIAN_POINT('',(-5.35,-1.7,0.));
#2383 = DIRECTION('',(1.,-0.,-0.));
#2384 = DIRECTION('',(0.,0.,-1.));
#2385 = ADVANCED_FACE('',(#2386),#2420,.T.);
#2386 = FACE_BOUND('',#2387,.F.);
#2387 = EDGE_LOOP('',(#2388,#2398,#2406,#2414));
#2388 = ORIENTED_EDGE('',*,*,#2389,.F.);
#2389 = EDGE_CURVE('',#2390,#2392,#2394,.T.);
#2390 = VERTEX_POINT('',#2391);
#2391 = CARTESIAN_POINT('',(-4.55,-1.7,0.));
#2392 = VERTEX_POINT('',#2393);
#2393 = CARTESIAN_POINT('',(-4.55,-1.7,0.203));
#2394 = LINE('',#2395,#2396);
#2395 = CARTESIAN_POINT('',(-4.55,-1.7,0.));
#2396 = VECTOR('',#2397,1.);
#2397 = DIRECTION('',(-0.,-0.,1.));
#2398 = ORIENTED_EDGE('',*,*,#2399,.T.);
#2399 = EDGE_CURVE('',#2390,#2400,#2402,.T.);
#2400 = VERTEX_POINT('',#2401);
#2401 = CARTESIAN_POINT('',(-4.55,-1.9,0.));
#2402 = LINE('',#2403,#2404);
#2403 = CARTESIAN_POINT('',(-4.55,-1.7,0.));
#2404 = VECTOR('',#2405,1.);
#2405 = DIRECTION('',(-0.,-1.,-0.));
#2406 = ORIENTED_EDGE('',*,*,#2407,.T.);
#2407 = EDGE_CURVE('',#2400,#2408,#2410,.T.);
#2408 = VERTEX_POINT('',#2409);
#2409 = CARTESIAN_POINT('',(-4.55,-1.9,0.203));
#2410 = LINE('',#2411,#2412);
#2411 = CARTESIAN_POINT('',(-4.55,-1.9,0.));
#2412 = VECTOR('',#2413,1.);
#2413 = DIRECTION('',(-0.,-0.,1.));
#2414 = ORIENTED_EDGE('',*,*,#2415,.F.);
#2415 = EDGE_CURVE('',#2392,#2408,#2416,.T.);
#2416 = LINE('',#2417,#2418);
#2417 = CARTESIAN_POINT('',(-4.55,-1.7,0.203));
#2418 = VECTOR('',#2419,1.);
#2419 = DIRECTION('',(-0.,-1.,-0.));
#2420 = PLANE('',#2421);
#2421 = AXIS2_PLACEMENT_3D('',#2422,#2423,#2424);
#2422 = CARTESIAN_POINT('',(-4.55,-1.7,0.));
#2423 = DIRECTION('',(1.,-0.,-0.));
#2424 = DIRECTION('',(0.,0.,-1.));
#2425 = ADVANCED_FACE('',(#2426),#2442,.F.);
#2426 = FACE_BOUND('',#2427,.T.);
#2427 = EDGE_LOOP('',(#2428,#2434,#2435,#2441));
#2428 = ORIENTED_EDGE('',*,*,#2429,.F.);
#2429 = EDGE_CURVE('',#2350,#2390,#2430,.T.);
#2430 = LINE('',#2431,#2432);
#2431 = CARTESIAN_POINT('',(-5.35,-1.7,0.));
#2432 = VECTOR('',#2433,1.);
#2433 = DIRECTION('',(1.,-0.,-0.));
#2434 = ORIENTED_EDGE('',*,*,#2349,.T.);
#2435 = ORIENTED_EDGE('',*,*,#2436,.T.);
#2436 = EDGE_CURVE('',#2352,#2392,#2437,.T.);
#2437 = LINE('',#2438,#2439);
#2438 = CARTESIAN_POINT('',(-5.35,-1.7,0.203));
#2439 = VECTOR('',#2440,1.);
#2440 = DIRECTION('',(1.,-0.,-0.));
#2441 = ORIENTED_EDGE('',*,*,#2389,.F.);
#2442 = PLANE('',#2443);
#2443 = AXIS2_PLACEMENT_3D('',#2444,#2445,#2446);
#2444 = CARTESIAN_POINT('',(-5.35,-1.7,0.));
#2445 = DIRECTION('',(-0.,-1.,-0.));
#2446 = DIRECTION('',(0.,0.,-1.));
#2447 = ADVANCED_FACE('',(#2448),#2464,.T.);
#2448 = FACE_BOUND('',#2449,.F.);
#2449 = EDGE_LOOP('',(#2450,#2456,#2457,#2463));
#2450 = ORIENTED_EDGE('',*,*,#2451,.F.);
#2451 = EDGE_CURVE('',#2360,#2400,#2452,.T.);
#2452 = LINE('',#2453,#2454);
#2453 = CARTESIAN_POINT('',(-5.35,-1.9,0.));
#2454 = VECTOR('',#2455,1.);
#2455 = DIRECTION('',(1.,-0.,-0.));
#2456 = ORIENTED_EDGE('',*,*,#2367,.T.);
#2457 = ORIENTED_EDGE('',*,*,#2458,.T.);
#2458 = EDGE_CURVE('',#2368,#2408,#2459,.T.);
#2459 = LINE('',#2460,#2461);
#2460 = CARTESIAN_POINT('',(-5.35,-1.9,0.203));
#2461 = VECTOR('',#2462,1.);
#2462 = DIRECTION('',(1.,-0.,-0.));
#2463 = ORIENTED_EDGE('',*,*,#2407,.F.);
#2464 = PLANE('',#2465);
#2465 = AXIS2_PLACEMENT_3D('',#2466,#2467,#2468);
#2466 = CARTESIAN_POINT('',(-5.35,-1.9,0.));
#2467 = DIRECTION('',(-0.,-1.,-0.));
#2468 = DIRECTION('',(0.,0.,-1.));
#2469 = ADVANCED_FACE('',(#2470),#2476,.F.);
#2470 = FACE_BOUND('',#2471,.T.);
#2471 = EDGE_LOOP('',(#2472,#2473,#2474,#2475));
#2472 = ORIENTED_EDGE('',*,*,#2359,.F.);
#2473 = ORIENTED_EDGE('',*,*,#2429,.T.);
#2474 = ORIENTED_EDGE('',*,*,#2399,.T.);
#2475 = ORIENTED_EDGE('',*,*,#2451,.F.);
#2476 = PLANE('',#2477);
#2477 = AXIS2_PLACEMENT_3D('',#2478,#2479,#2480);
#2478 = CARTESIAN_POINT('',(-5.35,-1.7,0.));
#2479 = DIRECTION('',(-0.,-0.,1.));
#2480 = DIRECTION('',(-1.,0.,0.));
#2481 = ADVANCED_FACE('',(#2482),#2488,.T.);
#2482 = FACE_BOUND('',#2483,.F.);
#2483 = EDGE_LOOP('',(#2484,#2485,#2486,#2487));
#2484 = ORIENTED_EDGE('',*,*,#2375,.F.);
#2485 = ORIENTED_EDGE('',*,*,#2436,.T.);
#2486 = ORIENTED_EDGE('',*,*,#2415,.T.);
#2487 = ORIENTED_EDGE('',*,*,#2458,.F.);
#2488 = PLANE('',#2489);
#2489 = AXIS2_PLACEMENT_3D('',#2490,#2491,#2492);
#2490 = CARTESIAN_POINT('',(-5.35,-1.7,0.203));
#2491 = DIRECTION('',(-0.,-0.,1.));
#2492 = DIRECTION('',(-1.,0.,0.));
#2493 = MANIFOLD_SOLID_BREP('',#2494);
#2494 = CLOSED_SHELL('',(#2495,#2535,#2575,#2597,#2619,#2631));
#2495 = ADVANCED_FACE('',(#2496),#2530,.F.);
#2496 = FACE_BOUND('',#2497,.T.);
#2497 = EDGE_LOOP('',(#2498,#2508,#2516,#2524));
#2498 = ORIENTED_EDGE('',*,*,#2499,.F.);
#2499 = EDGE_CURVE('',#2500,#2502,#2504,.T.);
#2500 = VERTEX_POINT('',#2501);
#2501 = CARTESIAN_POINT('',(-5.35,-2.1,0.));
#2502 = VERTEX_POINT('',#2503);
#2503 = CARTESIAN_POINT('',(-5.35,-2.1,0.203));
#2504 = LINE('',#2505,#2506);
#2505 = CARTESIAN_POINT('',(-5.35,-2.1,0.));
#2506 = VECTOR('',#2507,1.);
#2507 = DIRECTION('',(-0.,-0.,1.));
#2508 = ORIENTED_EDGE('',*,*,#2509,.T.);
#2509 = EDGE_CURVE('',#2500,#2510,#2512,.T.);
#2510 = VERTEX_POINT('',#2511);
#2511 = CARTESIAN_POINT('',(-5.35,-2.3,0.));
#2512 = LINE('',#2513,#2514);
#2513 = CARTESIAN_POINT('',(-5.35,-2.1,0.));
#2514 = VECTOR('',#2515,1.);
#2515 = DIRECTION('',(-0.,-1.,-0.));
#2516 = ORIENTED_EDGE('',*,*,#2517,.T.);
#2517 = EDGE_CURVE('',#2510,#2518,#2520,.T.);
#2518 = VERTEX_POINT('',#2519);
#2519 = CARTESIAN_POINT('',(-5.35,-2.3,0.203));
#2520 = LINE('',#2521,#2522);
#2521 = CARTESIAN_POINT('',(-5.35,-2.3,0.));
#2522 = VECTOR('',#2523,1.);
#2523 = DIRECTION('',(-0.,-0.,1.));
#2524 = ORIENTED_EDGE('',*,*,#2525,.F.);
#2525 = EDGE_CURVE('',#2502,#2518,#2526,.T.);
#2526 = LINE('',#2527,#2528);
#2527 = CARTESIAN_POINT('',(-5.35,-2.1,0.203));
#2528 = VECTOR('',#2529,1.);
#2529 = DIRECTION('',(-0.,-1.,-0.));
#2530 = PLANE('',#2531);
#2531 = AXIS2_PLACEMENT_3D('',#2532,#2533,#2534);
#2532 = CARTESIAN_POINT('',(-5.35,-2.1,0.));
#2533 = DIRECTION('',(1.,-0.,-0.));
#2534 = DIRECTION('',(0.,0.,-1.));
#2535 = ADVANCED_FACE('',(#2536),#2570,.T.);
#2536 = FACE_BOUND('',#2537,.F.);
#2537 = EDGE_LOOP('',(#2538,#2548,#2556,#2564));
#2538 = ORIENTED_EDGE('',*,*,#2539,.F.);
#2539 = EDGE_CURVE('',#2540,#2542,#2544,.T.);
#2540 = VERTEX_POINT('',#2541);
#2541 = CARTESIAN_POINT('',(-4.55,-2.1,0.));
#2542 = VERTEX_POINT('',#2543);
#2543 = CARTESIAN_POINT('',(-4.55,-2.1,0.203));
#2544 = LINE('',#2545,#2546);
#2545 = CARTESIAN_POINT('',(-4.55,-2.1,0.));
#2546 = VECTOR('',#2547,1.);
#2547 = DIRECTION('',(-0.,-0.,1.));
#2548 = ORIENTED_EDGE('',*,*,#2549,.T.);
#2549 = EDGE_CURVE('',#2540,#2550,#2552,.T.);
#2550 = VERTEX_POINT('',#2551);
#2551 = CARTESIAN_POINT('',(-4.55,-2.3,0.));
#2552 = LINE('',#2553,#2554);
#2553 = CARTESIAN_POINT('',(-4.55,-2.1,0.));
#2554 = VECTOR('',#2555,1.);
#2555 = DIRECTION('',(-0.,-1.,-0.));
#2556 = ORIENTED_EDGE('',*,*,#2557,.T.);
#2557 = EDGE_CURVE('',#2550,#2558,#2560,.T.);
#2558 = VERTEX_POINT('',#2559);
#2559 = CARTESIAN_POINT('',(-4.55,-2.3,0.203));
#2560 = LINE('',#2561,#2562);
#2561 = CARTESIAN_POINT('',(-4.55,-2.3,0.));
#2562 = VECTOR('',#2563,1.);
#2563 = DIRECTION('',(-0.,-0.,1.));
#2564 = ORIENTED_EDGE('',*,*,#2565,.F.);
#2565 = EDGE_CURVE('',#2542,#2558,#2566,.T.);
#2566 = LINE('',#2567,#2568);
#2567 = CARTESIAN_POINT('',(-4.55,-2.1,0.203));
#2568 = VECTOR('',#2569,1.);
#2569 = DIRECTION('',(-0.,-1.,-0.));
#2570 = PLANE('',#2571);
#2571 = AXIS2_PLACEMENT_3D('',#2572,#2573,#2574);
#2572 = CARTESIAN_POINT('',(-4.55,-2.1,0.));
#2573 = DIRECTION('',(1.,-0.,-0.));
#2574 = DIRECTION('',(0.,0.,-1.));
#2575 = ADVANCED_FACE('',(#2576),#2592,.F.);
#2576 = FACE_BOUND('',#2577,.T.);
#2577 = EDGE_LOOP('',(#2578,#2584,#2585,#2591));
#2578 = ORIENTED_EDGE('',*,*,#2579,.F.);
#2579 = EDGE_CURVE('',#2500,#2540,#2580,.T.);
#2580 = LINE('',#2581,#2582);
#2581 = CARTESIAN_POINT('',(-5.35,-2.1,0.));
#2582 = VECTOR('',#2583,1.);
#2583 = DIRECTION('',(1.,-0.,-0.));
#2584 = ORIENTED_EDGE('',*,*,#2499,.T.);
#2585 = ORIENTED_EDGE('',*,*,#2586,.T.);
#2586 = EDGE_CURVE('',#2502,#2542,#2587,.T.);
#2587 = LINE('',#2588,#2589);
#2588 = CARTESIAN_POINT('',(-5.35,-2.1,0.203));
#2589 = VECTOR('',#2590,1.);
#2590 = DIRECTION('',(1.,-0.,-0.));
#2591 = ORIENTED_EDGE('',*,*,#2539,.F.);
#2592 = PLANE('',#2593);
#2593 = AXIS2_PLACEMENT_3D('',#2594,#2595,#2596);
#2594 = CARTESIAN_POINT('',(-5.35,-2.1,0.));
#2595 = DIRECTION('',(-0.,-1.,-0.));
#2596 = DIRECTION('',(0.,0.,-1.));
#2597 = ADVANCED_FACE('',(#2598),#2614,.T.);
#2598 = FACE_BOUND('',#2599,.F.);
#2599 = EDGE_LOOP('',(#2600,#2606,#2607,#2613));
#2600 = ORIENTED_EDGE('',*,*,#2601,.F.);
#2601 = EDGE_CURVE('',#2510,#2550,#2602,.T.);
#2602 = LINE('',#2603,#2604);
#2603 = CARTESIAN_POINT('',(-5.35,-2.3,0.));
#2604 = VECTOR('',#2605,1.);
#2605 = DIRECTION('',(1.,-0.,-0.));
#2606 = ORIENTED_EDGE('',*,*,#2517,.T.);
#2607 = ORIENTED_EDGE('',*,*,#2608,.T.);
#2608 = EDGE_CURVE('',#2518,#2558,#2609,.T.);
#2609 = LINE('',#2610,#2611);
#2610 = CARTESIAN_POINT('',(-5.35,-2.3,0.203));
#2611 = VECTOR('',#2612,1.);
#2612 = DIRECTION('',(1.,-0.,-0.));
#2613 = ORIENTED_EDGE('',*,*,#2557,.F.);
#2614 = PLANE('',#2615);
#2615 = AXIS2_PLACEMENT_3D('',#2616,#2617,#2618);
#2616 = CARTESIAN_POINT('',(-5.35,-2.3,0.));
#2617 = DIRECTION('',(-0.,-1.,-0.));
#2618 = DIRECTION('',(0.,0.,-1.));
#2619 = ADVANCED_FACE('',(#2620),#2626,.F.);
#2620 = FACE_BOUND('',#2621,.T.);
#2621 = EDGE_LOOP('',(#2622,#2623,#2624,#2625));
#2622 = ORIENTED_EDGE('',*,*,#2509,.F.);
#2623 = ORIENTED_EDGE('',*,*,#2579,.T.);
#2624 = ORIENTED_EDGE('',*,*,#2549,.T.);
#2625 = ORIENTED_EDGE('',*,*,#2601,.F.);
#2626 = PLANE('',#2627);
#2627 = AXIS2_PLACEMENT_3D('',#2628,#2629,#2630);
#2628 = CARTESIAN_POINT('',(-5.35,-2.1,0.));
#2629 = DIRECTION('',(-0.,-0.,1.));
#2630 = DIRECTION('',(-1.,0.,0.));
#2631 = ADVANCED_FACE('',(#2632),#2638,.T.);
#2632 = FACE_BOUND('',#2633,.F.);
#2633 = EDGE_LOOP('',(#2634,#2635,#2636,#2637));
#2634 = ORIENTED_EDGE('',*,*,#2525,.F.);
#2635 = ORIENTED_EDGE('',*,*,#2586,.T.);
#2636 = ORIENTED_EDGE('',*,*,#2565,.T.);
#2637 = ORIENTED_EDGE('',*,*,#2608,.F.);
#2638 = PLANE('',#2639);
#2639 = AXIS2_PLACEMENT_3D('',#2640,#2641,#2642);
#2640 = CARTESIAN_POINT('',(-5.35,-2.1,0.203));
#2641 = DIRECTION('',(-0.,-0.,1.));
#2642 = DIRECTION('',(-1.,0.,0.));
#2643 = MANIFOLD_SOLID_BREP('',#2644);
#2644 = CLOSED_SHELL('',(#2645,#2685,#2725,#2747,#2769,#2781));
#2645 = ADVANCED_FACE('',(#2646),#2680,.F.);
#2646 = FACE_BOUND('',#2647,.T.);
#2647 = EDGE_LOOP('',(#2648,#2658,#2666,#2674));
#2648 = ORIENTED_EDGE('',*,*,#2649,.F.);
#2649 = EDGE_CURVE('',#2650,#2652,#2654,.T.);
#2650 = VERTEX_POINT('',#2651);
#2651 = CARTESIAN_POINT('',(-5.35,-2.5,0.));
#2652 = VERTEX_POINT('',#2653);
#2653 = CARTESIAN_POINT('',(-5.35,-2.5,0.203));
#2654 = LINE('',#2655,#2656);
#2655 = CARTESIAN_POINT('',(-5.35,-2.5,0.));
#2656 = VECTOR('',#2657,1.);
#2657 = DIRECTION('',(-0.,-0.,1.));
#2658 = ORIENTED_EDGE('',*,*,#2659,.T.);
#2659 = EDGE_CURVE('',#2650,#2660,#2662,.T.);
#2660 = VERTEX_POINT('',#2661);
#2661 = CARTESIAN_POINT('',(-5.35,-2.7,0.));
#2662 = LINE('',#2663,#2664);
#2663 = CARTESIAN_POINT('',(-5.35,-2.5,0.));
#2664 = VECTOR('',#2665,1.);
#2665 = DIRECTION('',(-0.,-1.,-0.));
#2666 = ORIENTED_EDGE('',*,*,#2667,.T.);
#2667 = EDGE_CURVE('',#2660,#2668,#2670,.T.);
#2668 = VERTEX_POINT('',#2669);
#2669 = CARTESIAN_POINT('',(-5.35,-2.7,0.203));
#2670 = LINE('',#2671,#2672);
#2671 = CARTESIAN_POINT('',(-5.35,-2.7,0.));
#2672 = VECTOR('',#2673,1.);
#2673 = DIRECTION('',(-0.,-0.,1.));
#2674 = ORIENTED_EDGE('',*,*,#2675,.F.);
#2675 = EDGE_CURVE('',#2652,#2668,#2676,.T.);
#2676 = LINE('',#2677,#2678);
#2677 = CARTESIAN_POINT('',(-5.35,-2.5,0.203));
#2678 = VECTOR('',#2679,1.);
#2679 = DIRECTION('',(-0.,-1.,-0.));
#2680 = PLANE('',#2681);
#2681 = AXIS2_PLACEMENT_3D('',#2682,#2683,#2684);
#2682 = CARTESIAN_POINT('',(-5.35,-2.5,0.));
#2683 = DIRECTION('',(1.,-0.,-0.));
#2684 = DIRECTION('',(0.,0.,-1.));
#2685 = ADVANCED_FACE('',(#2686),#2720,.T.);
#2686 = FACE_BOUND('',#2687,.F.);
#2687 = EDGE_LOOP('',(#2688,#2698,#2706,#2714));
#2688 = ORIENTED_EDGE('',*,*,#2689,.F.);
#2689 = EDGE_CURVE('',#2690,#2692,#2694,.T.);
#2690 = VERTEX_POINT('',#2691);
#2691 = CARTESIAN_POINT('',(-4.55,-2.5,0.));
#2692 = VERTEX_POINT('',#2693);
#2693 = CARTESIAN_POINT('',(-4.55,-2.5,0.203));
#2694 = LINE('',#2695,#2696);
#2695 = CARTESIAN_POINT('',(-4.55,-2.5,0.));
#2696 = VECTOR('',#2697,1.);
#2697 = DIRECTION('',(-0.,-0.,1.));
#2698 = ORIENTED_EDGE('',*,*,#2699,.T.);
#2699 = EDGE_CURVE('',#2690,#2700,#2702,.T.);
#2700 = VERTEX_POINT('',#2701);
#2701 = CARTESIAN_POINT('',(-4.55,-2.7,0.));
#2702 = LINE('',#2703,#2704);
#2703 = CARTESIAN_POINT('',(-4.55,-2.5,0.));
#2704 = VECTOR('',#2705,1.);
#2705 = DIRECTION('',(-0.,-1.,-0.));
#2706 = ORIENTED_EDGE('',*,*,#2707,.T.);
#2707 = EDGE_CURVE('',#2700,#2708,#2710,.T.);
#2708 = VERTEX_POINT('',#2709);
#2709 = CARTESIAN_POINT('',(-4.55,-2.7,0.203));
#2710 = LINE('',#2711,#2712);
#2711 = CARTESIAN_POINT('',(-4.55,-2.7,0.));
#2712 = VECTOR('',#2713,1.);
#2713 = DIRECTION('',(-0.,-0.,1.));
#2714 = ORIENTED_EDGE('',*,*,#2715,.F.);
#2715 = EDGE_CURVE('',#2692,#2708,#2716,.T.);
#2716 = LINE('',#2717,#2718);
#2717 = CARTESIAN_POINT('',(-4.55,-2.5,0.203));
#2718 = VECTOR('',#2719,1.);
#2719 = DIRECTION('',(-0.,-1.,-0.));
#2720 = PLANE('',#2721);
#2721 = AXIS2_PLACEMENT_3D('',#2722,#2723,#2724);
#2722 = CARTESIAN_POINT('',(-4.55,-2.5,0.));
#2723 = DIRECTION('',(1.,-0.,-0.));
#2724 = DIRECTION('',(0.,0.,-1.));
#2725 = ADVANCED_FACE('',(#2726),#2742,.F.);
#2726 = FACE_BOUND('',#2727,.T.);
#2727 = EDGE_LOOP('',(#2728,#2734,#2735,#2741));
#2728 = ORIENTED_EDGE('',*,*,#2729,.F.);
#2729 = EDGE_CURVE('',#2650,#2690,#2730,.T.);
#2730 = LINE('',#2731,#2732);
#2731 = CARTESIAN_POINT('',(-5.35,-2.5,0.));
#2732 = VECTOR('',#2733,1.);
#2733 = DIRECTION('',(1.,-0.,-0.));
#2734 = ORIENTED_EDGE('',*,*,#2649,.T.);
#2735 = ORIENTED_EDGE('',*,*,#2736,.T.);
#2736 = EDGE_CURVE('',#2652,#2692,#2737,.T.);
#2737 = LINE('',#2738,#2739);
#2738 = CARTESIAN_POINT('',(-5.35,-2.5,0.203));
#2739 = VECTOR('',#2740,1.);
#2740 = DIRECTION('',(1.,-0.,-0.));
#2741 = ORIENTED_EDGE('',*,*,#2689,.F.);
#2742 = PLANE('',#2743);
#2743 = AXIS2_PLACEMENT_3D('',#2744,#2745,#2746);
#2744 = CARTESIAN_POINT('',(-5.35,-2.5,0.));
#2745 = DIRECTION('',(-0.,-1.,-0.));
#2746 = DIRECTION('',(0.,0.,-1.));
#2747 = ADVANCED_FACE('',(#2748),#2764,.T.);
#2748 = FACE_BOUND('',#2749,.F.);
#2749 = EDGE_LOOP('',(#2750,#2756,#2757,#2763));
#2750 = ORIENTED_EDGE('',*,*,#2751,.F.);
#2751 = EDGE_CURVE('',#2660,#2700,#2752,.T.);
#2752 = LINE('',#2753,#2754);
#2753 = CARTESIAN_POINT('',(-5.35,-2.7,0.));
#2754 = VECTOR('',#2755,1.);
#2755 = DIRECTION('',(1.,-0.,-0.));
#2756 = ORIENTED_EDGE('',*,*,#2667,.T.);
#2757 = ORIENTED_EDGE('',*,*,#2758,.T.);
#2758 = EDGE_CURVE('',#2668,#2708,#2759,.T.);
#2759 = LINE('',#2760,#2761);
#2760 = CARTESIAN_POINT('',(-5.35,-2.7,0.203));
#2761 = VECTOR('',#2762,1.);
#2762 = DIRECTION('',(1.,-0.,-0.));
#2763 = ORIENTED_EDGE('',*,*,#2707,.F.);
#2764 = PLANE('',#2765);
#2765 = AXIS2_PLACEMENT_3D('',#2766,#2767,#2768);
#2766 = CARTESIAN_POINT('',(-5.35,-2.7,0.));
#2767 = DIRECTION('',(-0.,-1.,-0.));
#2768 = DIRECTION('',(0.,0.,-1.));
#2769 = ADVANCED_FACE('',(#2770),#2776,.F.);
#2770 = FACE_BOUND('',#2771,.T.);
#2771 = EDGE_LOOP('',(#2772,#2773,#2774,#2775));
#2772 = ORIENTED_EDGE('',*,*,#2659,.F.);
#2773 = ORIENTED_EDGE('',*,*,#2729,.T.);
#2774 = ORIENTED_EDGE('',*,*,#2699,.T.);
#2775 = ORIENTED_EDGE('',*,*,#2751,.F.);
#2776 = PLANE('',#2777);
#2777 = AXIS2_PLACEMENT_3D('',#2778,#2779,#2780);
#2778 = CARTESIAN_POINT('',(-5.35,-2.5,0.));
#2779 = DIRECTION('',(-0.,-0.,1.));
#2780 = DIRECTION('',(-1.,0.,0.));
#2781 = ADVANCED_FACE('',(#2782),#2788,.T.);
#2782 = FACE_BOUND('',#2783,.F.);
#2783 = EDGE_LOOP('',(#2784,#2785,#2786,#2787));
#2784 = ORIENTED_EDGE('',*,*,#2675,.F.);
#2785 = ORIENTED_EDGE('',*,*,#2736,.T.);
#2786 = ORIENTED_EDGE('',*,*,#2715,.T.);
#2787 = ORIENTED_EDGE('',*,*,#2758,.F.);
#2788 = PLANE('',#2789);
#2789 = AXIS2_PLACEMENT_3D('',#2790,#2791,#2792);
#2790 = CARTESIAN_POINT('',(-5.35,-2.5,0.203));
#2791 = DIRECTION('',(-0.,-0.,1.));
#2792 = DIRECTION('',(-1.,0.,0.));
#2793 = MANIFOLD_SOLID_BREP('',#2794);
#2794 = CLOSED_SHELL('',(#2795,#2835,#2875,#2897,#2919,#2931));
#2795 = ADVANCED_FACE('',(#2796),#2830,.F.);
#2796 = FACE_BOUND('',#2797,.T.);
#2797 = EDGE_LOOP('',(#2798,#2808,#2816,#2824));
#2798 = ORIENTED_EDGE('',*,*,#2799,.F.);
#2799 = EDGE_CURVE('',#2800,#2802,#2804,.T.);
#2800 = VERTEX_POINT('',#2801);
#2801 = CARTESIAN_POINT('',(-5.35,-2.9,0.));
#2802 = VERTEX_POINT('',#2803);
#2803 = CARTESIAN_POINT('',(-5.35,-2.9,0.203));
#2804 = LINE('',#2805,#2806);
#2805 = CARTESIAN_POINT('',(-5.35,-2.9,0.));
#2806 = VECTOR('',#2807,1.);
#2807 = DIRECTION('',(-0.,-0.,1.));
#2808 = ORIENTED_EDGE('',*,*,#2809,.T.);
#2809 = EDGE_CURVE('',#2800,#2810,#2812,.T.);
#2810 = VERTEX_POINT('',#2811);
#2811 = CARTESIAN_POINT('',(-5.35,-3.1,0.));
#2812 = LINE('',#2813,#2814);
#2813 = CARTESIAN_POINT('',(-5.35,-2.9,0.));
#2814 = VECTOR('',#2815,1.);
#2815 = DIRECTION('',(-0.,-1.,-0.));
#2816 = ORIENTED_EDGE('',*,*,#2817,.T.);
#2817 = EDGE_CURVE('',#2810,#2818,#2820,.T.);
#2818 = VERTEX_POINT('',#2819);
#2819 = CARTESIAN_POINT('',(-5.35,-3.1,0.203));
#2820 = LINE('',#2821,#2822);
#2821 = CARTESIAN_POINT('',(-5.35,-3.1,0.));
#2822 = VECTOR('',#2823,1.);
#2823 = DIRECTION('',(-0.,-0.,1.));
#2824 = ORIENTED_EDGE('',*,*,#2825,.F.);
#2825 = EDGE_CURVE('',#2802,#2818,#2826,.T.);
#2826 = LINE('',#2827,#2828);
#2827 = CARTESIAN_POINT('',(-5.35,-2.9,0.203));
#2828 = VECTOR('',#2829,1.);
#2829 = DIRECTION('',(-0.,-1.,-0.));
#2830 = PLANE('',#2831);
#2831 = AXIS2_PLACEMENT_3D('',#2832,#2833,#2834);
#2832 = CARTESIAN_POINT('',(-5.35,-2.9,0.));
#2833 = DIRECTION('',(1.,-0.,-0.));
#2834 = DIRECTION('',(0.,0.,-1.));
#2835 = ADVANCED_FACE('',(#2836),#2870,.T.);
#2836 = FACE_BOUND('',#2837,.F.);
#2837 = EDGE_LOOP('',(#2838,#2848,#2856,#2864));
#2838 = ORIENTED_EDGE('',*,*,#2839,.F.);
#2839 = EDGE_CURVE('',#2840,#2842,#2844,.T.);
#2840 = VERTEX_POINT('',#2841);
#2841 = CARTESIAN_POINT('',(-4.55,-2.9,0.));
#2842 = VERTEX_POINT('',#2843);
#2843 = CARTESIAN_POINT('',(-4.55,-2.9,0.203));
#2844 = LINE('',#2845,#2846);
#2845 = CARTESIAN_POINT('',(-4.55,-2.9,0.));
#2846 = VECTOR('',#2847,1.);
#2847 = DIRECTION('',(-0.,-0.,1.));
#2848 = ORIENTED_EDGE('',*,*,#2849,.T.);
#2849 = EDGE_CURVE('',#2840,#2850,#2852,.T.);
#2850 = VERTEX_POINT('',#2851);
#2851 = CARTESIAN_POINT('',(-4.55,-3.1,0.));
#2852 = LINE('',#2853,#2854);
#2853 = CARTESIAN_POINT('',(-4.55,-2.9,0.));
#2854 = VECTOR('',#2855,1.);
#2855 = DIRECTION('',(-0.,-1.,-0.));
#2856 = ORIENTED_EDGE('',*,*,#2857,.T.);
#2857 = EDGE_CURVE('',#2850,#2858,#2860,.T.);
#2858 = VERTEX_POINT('',#2859);
#2859 = CARTESIAN_POINT('',(-4.55,-3.1,0.203));
#2860 = LINE('',#2861,#2862);
#2861 = CARTESIAN_POINT('',(-4.55,-3.1,0.));
#2862 = VECTOR('',#2863,1.);
#2863 = DIRECTION('',(-0.,-0.,1.));
#2864 = ORIENTED_EDGE('',*,*,#2865,.F.);
#2865 = EDGE_CURVE('',#2842,#2858,#2866,.T.);
#2866 = LINE('',#2867,#2868);
#2867 = CARTESIAN_POINT('',(-4.55,-2.9,0.203));
#2868 = VECTOR('',#2869,1.);
#2869 = DIRECTION('',(-0.,-1.,-0.));
#2870 = PLANE('',#2871);
#2871 = AXIS2_PLACEMENT_3D('',#2872,#2873,#2874);
#2872 = CARTESIAN_POINT('',(-4.55,-2.9,0.));
#2873 = DIRECTION('',(1.,-0.,-0.));
#2874 = DIRECTION('',(0.,0.,-1.));
#2875 = ADVANCED_FACE('',(#2876),#2892,.F.);
#2876 = FACE_BOUND('',#2877,.T.);
#2877 = EDGE_LOOP('',(#2878,#2884,#2885,#2891));
#2878 = ORIENTED_EDGE('',*,*,#2879,.F.);
#2879 = EDGE_CURVE('',#2800,#2840,#2880,.T.);
#2880 = LINE('',#2881,#2882);
#2881 = CARTESIAN_POINT('',(-5.35,-2.9,0.));
#2882 = VECTOR('',#2883,1.);
#2883 = DIRECTION('',(1.,-0.,-0.));
#2884 = ORIENTED_EDGE('',*,*,#2799,.T.);
#2885 = ORIENTED_EDGE('',*,*,#2886,.T.);
#2886 = EDGE_CURVE('',#2802,#2842,#2887,.T.);
#2887 = LINE('',#2888,#2889);
#2888 = CARTESIAN_POINT('',(-5.35,-2.9,0.203));
#2889 = VECTOR('',#2890,1.);
#2890 = DIRECTION('',(1.,-0.,-0.));
#2891 = ORIENTED_EDGE('',*,*,#2839,.F.);
#2892 = PLANE('',#2893);
#2893 = AXIS2_PLACEMENT_3D('',#2894,#2895,#2896);
#2894 = CARTESIAN_POINT('',(-5.35,-2.9,0.));
#2895 = DIRECTION('',(-0.,-1.,-0.));
#2896 = DIRECTION('',(0.,0.,-1.));
#2897 = ADVANCED_FACE('',(#2898),#2914,.T.);
#2898 = FACE_BOUND('',#2899,.F.);
#2899 = EDGE_LOOP('',(#2900,#2906,#2907,#2913));
#2900 = ORIENTED_EDGE('',*,*,#2901,.F.);
#2901 = EDGE_CURVE('',#2810,#2850,#2902,.T.);
#2902 = LINE('',#2903,#2904);
#2903 = CARTESIAN_POINT('',(-5.35,-3.1,0.));
#2904 = VECTOR('',#2905,1.);
#2905 = DIRECTION('',(1.,-0.,-0.));
#2906 = ORIENTED_EDGE('',*,*,#2817,.T.);
#2907 = ORIENTED_EDGE('',*,*,#2908,.T.);
#2908 = EDGE_CURVE('',#2818,#2858,#2909,.T.);
#2909 = LINE('',#2910,#2911);
#2910 = CARTESIAN_POINT('',(-5.35,-3.1,0.203));
#2911 = VECTOR('',#2912,1.);
#2912 = DIRECTION('',(1.,-0.,-0.));
#2913 = ORIENTED_EDGE('',*,*,#2857,.F.);
#2914 = PLANE('',#2915);
#2915 = AXIS2_PLACEMENT_3D('',#2916,#2917,#2918);
#2916 = CARTESIAN_POINT('',(-5.35,-3.1,0.));
#2917 = DIRECTION('',(-0.,-1.,-0.));
#2918 = DIRECTION('',(0.,0.,-1.));
#2919 = ADVANCED_FACE('',(#2920),#2926,.F.);
#2920 = FACE_BOUND('',#2921,.T.);
#2921 = EDGE_LOOP('',(#2922,#2923,#2924,#2925));
#2922 = ORIENTED_EDGE('',*,*,#2809,.F.);
#2923 = ORIENTED_EDGE('',*,*,#2879,.T.);
#2924 = ORIENTED_EDGE('',*,*,#2849,.T.);
#2925 = ORIENTED_EDGE('',*,*,#2901,.F.);
#2926 = PLANE('',#2927);
#2927 = AXIS2_PLACEMENT_3D('',#2928,#2929,#2930);
#2928 = CARTESIAN_POINT('',(-5.35,-2.9,0.));
#2929 = DIRECTION('',(-0.,-0.,1.));
#2930 = DIRECTION('',(-1.,0.,0.));
#2931 = ADVANCED_FACE('',(#2932),#2938,.T.);
#2932 = FACE_BOUND('',#2933,.F.);
#2933 = EDGE_LOOP('',(#2934,#2935,#2936,#2937));
#2934 = ORIENTED_EDGE('',*,*,#2825,.F.);
#2935 = ORIENTED_EDGE('',*,*,#2886,.T.);
#2936 = ORIENTED_EDGE('',*,*,#2865,.T.);
#2937 = ORIENTED_EDGE('',*,*,#2908,.F.);
#2938 = PLANE('',#2939);
#2939 = AXIS2_PLACEMENT_3D('',#2940,#2941,#2942);
#2940 = CARTESIAN_POINT('',(-5.35,-2.9,0.203));
#2941 = DIRECTION('',(-0.,-0.,1.));
#2942 = DIRECTION('',(-1.,0.,0.));
#2943 = MANIFOLD_SOLID_BREP('',#2944);
#2944 = CLOSED_SHELL('',(#2945,#2985,#3025,#3047,#3069,#3081));
#2945 = ADVANCED_FACE('',(#2946),#2980,.F.);
#2946 = FACE_BOUND('',#2947,.T.);
#2947 = EDGE_LOOP('',(#2948,#2958,#2966,#2974));
#2948 = ORIENTED_EDGE('',*,*,#2949,.F.);
#2949 = EDGE_CURVE('',#2950,#2952,#2954,.T.);
#2950 = VERTEX_POINT('',#2951);
#2951 = CARTESIAN_POINT('',(-5.35,-3.3,0.));
#2952 = VERTEX_POINT('',#2953);
#2953 = CARTESIAN_POINT('',(-5.35,-3.3,0.203));
#2954 = LINE('',#2955,#2956);
#2955 = CARTESIAN_POINT('',(-5.35,-3.3,0.));
#2956 = VECTOR('',#2957,1.);
#2957 = DIRECTION('',(-0.,-0.,1.));
#2958 = ORIENTED_EDGE('',*,*,#2959,.T.);
#2959 = EDGE_CURVE('',#2950,#2960,#2962,.T.);
#2960 = VERTEX_POINT('',#2961);
#2961 = CARTESIAN_POINT('',(-5.35,-3.5,0.));
#2962 = LINE('',#2963,#2964);
#2963 = CARTESIAN_POINT('',(-5.35,-3.3,0.));
#2964 = VECTOR('',#2965,1.);
#2965 = DIRECTION('',(-0.,-1.,-0.));
#2966 = ORIENTED_EDGE('',*,*,#2967,.T.);
#2967 = EDGE_CURVE('',#2960,#2968,#2970,.T.);
#2968 = VERTEX_POINT('',#2969);
#2969 = CARTESIAN_POINT('',(-5.35,-3.5,0.203));
#2970 = LINE('',#2971,#2972);
#2971 = CARTESIAN_POINT('',(-5.35,-3.5,0.));
#2972 = VECTOR('',#2973,1.);
#2973 = DIRECTION('',(-0.,-0.,1.));
#2974 = ORIENTED_EDGE('',*,*,#2975,.F.);
#2975 = EDGE_CURVE('',#2952,#2968,#2976,.T.);
#2976 = LINE('',#2977,#2978);
#2977 = CARTESIAN_POINT('',(-5.35,-3.3,0.203));
#2978 = VECTOR('',#2979,1.);
#2979 = DIRECTION('',(-0.,-1.,-0.));
#2980 = PLANE('',#2981);
#2981 = AXIS2_PLACEMENT_3D('',#2982,#2983,#2984);
#2982 = CARTESIAN_POINT('',(-5.35,-3.3,0.));
#2983 = DIRECTION('',(1.,-0.,-0.));
#2984 = DIRECTION('',(0.,0.,-1.));
#2985 = ADVANCED_FACE('',(#2986),#3020,.T.);
#2986 = FACE_BOUND('',#2987,.F.);
#2987 = EDGE_LOOP('',(#2988,#2998,#3006,#3014));
#2988 = ORIENTED_EDGE('',*,*,#2989,.F.);
#2989 = EDGE_CURVE('',#2990,#2992,#2994,.T.);
#2990 = VERTEX_POINT('',#2991);
#2991 = CARTESIAN_POINT('',(-4.55,-3.3,0.));
#2992 = VERTEX_POINT('',#2993);
#2993 = CARTESIAN_POINT('',(-4.55,-3.3,0.203));
#2994 = LINE('',#2995,#2996);
#2995 = CARTESIAN_POINT('',(-4.55,-3.3,0.));
#2996 = VECTOR('',#2997,1.);
#2997 = DIRECTION('',(-0.,-0.,1.));
#2998 = ORIENTED_EDGE('',*,*,#2999,.T.);
#2999 = EDGE_CURVE('',#2990,#3000,#3002,.T.);
#3000 = VERTEX_POINT('',#3001);
#3001 = CARTESIAN_POINT('',(-4.55,-3.5,0.));
#3002 = LINE('',#3003,#3004);
#3003 = CARTESIAN_POINT('',(-4.55,-3.3,0.));
#3004 = VECTOR('',#3005,1.);
#3005 = DIRECTION('',(-0.,-1.,-0.));
#3006 = ORIENTED_EDGE('',*,*,#3007,.T.);
#3007 = EDGE_CURVE('',#3000,#3008,#3010,.T.);
#3008 = VERTEX_POINT('',#3009);
#3009 = CARTESIAN_POINT('',(-4.55,-3.5,0.203));
#3010 = LINE('',#3011,#3012);
#3011 = CARTESIAN_POINT('',(-4.55,-3.5,0.));
#3012 = VECTOR('',#3013,1.);
#3013 = DIRECTION('',(-0.,-0.,1.));
#3014 = ORIENTED_EDGE('',*,*,#3015,.F.);
#3015 = EDGE_CURVE('',#2992,#3008,#3016,.T.);
#3016 = LINE('',#3017,#3018);
#3017 = CARTESIAN_POINT('',(-4.55,-3.3,0.203));
#3018 = VECTOR('',#3019,1.);
#3019 = DIRECTION('',(-0.,-1.,-0.));
#3020 = PLANE('',#3021);
#3021 = AXIS2_PLACEMENT_3D('',#3022,#3023,#3024);
#3022 = CARTESIAN_POINT('',(-4.55,-3.3,0.));
#3023 = DIRECTION('',(1.,-0.,-0.));
#3024 = DIRECTION('',(0.,0.,-1.));
#3025 = ADVANCED_FACE('',(#3026),#3042,.F.);
#3026 = FACE_BOUND('',#3027,.T.);
#3027 = EDGE_LOOP('',(#3028,#3034,#3035,#3041));
#3028 = ORIENTED_EDGE('',*,*,#3029,.F.);
#3029 = EDGE_CURVE('',#2950,#2990,#3030,.T.);
#3030 = LINE('',#3031,#3032);
#3031 = CARTESIAN_POINT('',(-5.35,-3.3,0.));
#3032 = VECTOR('',#3033,1.);
#3033 = DIRECTION('',(1.,-0.,-0.));
#3034 = ORIENTED_EDGE('',*,*,#2949,.T.);
#3035 = ORIENTED_EDGE('',*,*,#3036,.T.);
#3036 = EDGE_CURVE('',#2952,#2992,#3037,.T.);
#3037 = LINE('',#3038,#3039);
#3038 = CARTESIAN_POINT('',(-5.35,-3.3,0.203));
#3039 = VECTOR('',#3040,1.);
#3040 = DIRECTION('',(1.,-0.,-0.));
#3041 = ORIENTED_EDGE('',*,*,#2989,.F.);
#3042 = PLANE('',#3043);
#3043 = AXIS2_PLACEMENT_3D('',#3044,#3045,#3046);
#3044 = CARTESIAN_POINT('',(-5.35,-3.3,0.));
#3045 = DIRECTION('',(-0.,-1.,-0.));
#3046 = DIRECTION('',(0.,0.,-1.));
#3047 = ADVANCED_FACE('',(#3048),#3064,.T.);
#3048 = FACE_BOUND('',#3049,.F.);
#3049 = EDGE_LOOP('',(#3050,#3056,#3057,#3063));
#3050 = ORIENTED_EDGE('',*,*,#3051,.F.);
#3051 = EDGE_CURVE('',#2960,#3000,#3052,.T.);
#3052 = LINE('',#3053,#3054);
#3053 = CARTESIAN_POINT('',(-5.35,-3.5,0.));
#3054 = VECTOR('',#3055,1.);
#3055 = DIRECTION('',(1.,-0.,-0.));
#3056 = ORIENTED_EDGE('',*,*,#2967,.T.);
#3057 = ORIENTED_EDGE('',*,*,#3058,.T.);
#3058 = EDGE_CURVE('',#2968,#3008,#3059,.T.);
#3059 = LINE('',#3060,#3061);
#3060 = CARTESIAN_POINT('',(-5.35,-3.5,0.203));
#3061 = VECTOR('',#3062,1.);
#3062 = DIRECTION('',(1.,-0.,-0.));
#3063 = ORIENTED_EDGE('',*,*,#3007,.F.);
#3064 = PLANE('',#3065);
#3065 = AXIS2_PLACEMENT_3D('',#3066,#3067,#3068);
#3066 = CARTESIAN_POINT('',(-5.35,-3.5,0.));
#3067 = DIRECTION('',(-0.,-1.,-0.));
#3068 = DIRECTION('',(0.,0.,-1.));
#3069 = ADVANCED_FACE('',(#3070),#3076,.F.);
#3070 = FACE_BOUND('',#3071,.T.);
#3071 = EDGE_LOOP('',(#3072,#3073,#3074,#3075));
#3072 = ORIENTED_EDGE('',*,*,#2959,.F.);
#3073 = ORIENTED_EDGE('',*,*,#3029,.T.);
#3074 = ORIENTED_EDGE('',*,*,#2999,.T.);
#3075 = ORIENTED_EDGE('',*,*,#3051,.F.);
#3076 = PLANE('',#3077);
#3077 = AXIS2_PLACEMENT_3D('',#3078,#3079,#3080);
#3078 = CARTESIAN_POINT('',(-5.35,-3.3,0.));
#3079 = DIRECTION('',(-0.,-0.,1.));
#3080 = DIRECTION('',(-1.,0.,0.));
#3081 = ADVANCED_FACE('',(#3082),#3088,.T.);
#3082 = FACE_BOUND('',#3083,.F.);
#3083 = EDGE_LOOP('',(#3084,#3085,#3086,#3087));
#3084 = ORIENTED_EDGE('',*,*,#2975,.F.);
#3085 = ORIENTED_EDGE('',*,*,#3036,.T.);
#3086 = ORIENTED_EDGE('',*,*,#3015,.T.);
#3087 = ORIENTED_EDGE('',*,*,#3058,.F.);
#3088 = PLANE('',#3089);
#3089 = AXIS2_PLACEMENT_3D('',#3090,#3091,#3092);
#3090 = CARTESIAN_POINT('',(-5.35,-3.3,0.203));
#3091 = DIRECTION('',(-0.,-0.,1.));
#3092 = DIRECTION('',(-1.,0.,0.));
#3093 = MANIFOLD_SOLID_BREP('',#3094);
#3094 = CLOSED_SHELL('',(#3095,#3135,#3175,#3197,#3219,#3231));
#3095 = ADVANCED_FACE('',(#3096),#3130,.F.);
#3096 = FACE_BOUND('',#3097,.T.);
#3097 = EDGE_LOOP('',(#3098,#3108,#3116,#3124));
#3098 = ORIENTED_EDGE('',*,*,#3099,.F.);
#3099 = EDGE_CURVE('',#3100,#3102,#3104,.T.);
#3100 = VERTEX_POINT('',#3101);
#3101 = CARTESIAN_POINT('',(-5.35,-3.7,0.));
#3102 = VERTEX_POINT('',#3103);
#3103 = CARTESIAN_POINT('',(-5.35,-3.7,0.203));
#3104 = LINE('',#3105,#3106);
#3105 = CARTESIAN_POINT('',(-5.35,-3.7,0.));
#3106 = VECTOR('',#3107,1.);
#3107 = DIRECTION('',(-0.,-0.,1.));
#3108 = ORIENTED_EDGE('',*,*,#3109,.T.);
#3109 = EDGE_CURVE('',#3100,#3110,#3112,.T.);
#3110 = VERTEX_POINT('',#3111);
#3111 = CARTESIAN_POINT('',(-5.35,-3.9,0.));
#3112 = LINE('',#3113,#3114);
#3113 = CARTESIAN_POINT('',(-5.35,-3.7,0.));
#3114 = VECTOR('',#3115,1.);
#3115 = DIRECTION('',(-0.,-1.,-0.));
#3116 = ORIENTED_EDGE('',*,*,#3117,.T.);
#3117 = EDGE_CURVE('',#3110,#3118,#3120,.T.);
#3118 = VERTEX_POINT('',#3119);
#3119 = CARTESIAN_POINT('',(-5.35,-3.9,0.203));
#3120 = LINE('',#3121,#3122);
#3121 = CARTESIAN_POINT('',(-5.35,-3.9,0.));
#3122 = VECTOR('',#3123,1.);
#3123 = DIRECTION('',(-0.,-0.,1.));
#3124 = ORIENTED_EDGE('',*,*,#3125,.F.);
#3125 = EDGE_CURVE('',#3102,#3118,#3126,.T.);
#3126 = LINE('',#3127,#3128);
#3127 = CARTESIAN_POINT('',(-5.35,-3.7,0.203));
#3128 = VECTOR('',#3129,1.);
#3129 = DIRECTION('',(-0.,-1.,-0.));
#3130 = PLANE('',#3131);
#3131 = AXIS2_PLACEMENT_3D('',#3132,#3133,#3134);
#3132 = CARTESIAN_POINT('',(-5.35,-3.7,0.));
#3133 = DIRECTION('',(1.,-0.,-0.));
#3134 = DIRECTION('',(0.,0.,-1.));
#3135 = ADVANCED_FACE('',(#3136),#3170,.T.);
#3136 = FACE_BOUND('',#3137,.F.);
#3137 = EDGE_LOOP('',(#3138,#3148,#3156,#3164));
#3138 = ORIENTED_EDGE('',*,*,#3139,.F.);
#3139 = EDGE_CURVE('',#3140,#3142,#3144,.T.);
#3140 = VERTEX_POINT('',#3141);
#3141 = CARTESIAN_POINT('',(-4.55,-3.7,0.));
#3142 = VERTEX_POINT('',#3143);
#3143 = CARTESIAN_POINT('',(-4.55,-3.7,0.203));
#3144 = LINE('',#3145,#3146);
#3145 = CARTESIAN_POINT('',(-4.55,-3.7,0.));
#3146 = VECTOR('',#3147,1.);
#3147 = DIRECTION('',(-0.,-0.,1.));
#3148 = ORIENTED_EDGE('',*,*,#3149,.T.);
#3149 = EDGE_CURVE('',#3140,#3150,#3152,.T.);
#3150 = VERTEX_POINT('',#3151);
#3151 = CARTESIAN_POINT('',(-4.55,-3.9,0.));
#3152 = LINE('',#3153,#3154);
#3153 = CARTESIAN_POINT('',(-4.55,-3.7,0.));
#3154 = VECTOR('',#3155,1.);
#3155 = DIRECTION('',(-0.,-1.,-0.));
#3156 = ORIENTED_EDGE('',*,*,#3157,.T.);
#3157 = EDGE_CURVE('',#3150,#3158,#3160,.T.);
#3158 = VERTEX_POINT('',#3159);
#3159 = CARTESIAN_POINT('',(-4.55,-3.9,0.203));
#3160 = LINE('',#3161,#3162);
#3161 = CARTESIAN_POINT('',(-4.55,-3.9,0.));
#3162 = VECTOR('',#3163,1.);
#3163 = DIRECTION('',(-0.,-0.,1.));
#3164 = ORIENTED_EDGE('',*,*,#3165,.F.);
#3165 = EDGE_CURVE('',#3142,#3158,#3166,.T.);
#3166 = LINE('',#3167,#3168);
#3167 = CARTESIAN_POINT('',(-4.55,-3.7,0.203));
#3168 = VECTOR('',#3169,1.);
#3169 = DIRECTION('',(-0.,-1.,-0.));
#3170 = PLANE('',#3171);
#3171 = AXIS2_PLACEMENT_3D('',#3172,#3173,#3174);
#3172 = CARTESIAN_POINT('',(-4.55,-3.7,0.));
#3173 = DIRECTION('',(1.,-0.,-0.));
#3174 = DIRECTION('',(0.,0.,-1.));
#3175 = ADVANCED_FACE('',(#3176),#3192,.F.);
#3176 = FACE_BOUND('',#3177,.T.);
#3177 = EDGE_LOOP('',(#3178,#3184,#3185,#3191));
#3178 = ORIENTED_EDGE('',*,*,#3179,.F.);
#3179 = EDGE_CURVE('',#3100,#3140,#3180,.T.);
#3180 = LINE('',#3181,#3182);
#3181 = CARTESIAN_POINT('',(-5.35,-3.7,0.));
#3182 = VECTOR('',#3183,1.);
#3183 = DIRECTION('',(1.,-0.,-0.));
#3184 = ORIENTED_EDGE('',*,*,#3099,.T.);
#3185 = ORIENTED_EDGE('',*,*,#3186,.T.);
#3186 = EDGE_CURVE('',#3102,#3142,#3187,.T.);
#3187 = LINE('',#3188,#3189);
#3188 = CARTESIAN_POINT('',(-5.35,-3.7,0.203));
#3189 = VECTOR('',#3190,1.);
#3190 = DIRECTION('',(1.,-0.,-0.));
#3191 = ORIENTED_EDGE('',*,*,#3139,.F.);
#3192 = PLANE('',#3193);
#3193 = AXIS2_PLACEMENT_3D('',#3194,#3195,#3196);
#3194 = CARTESIAN_POINT('',(-5.35,-3.7,0.));
#3195 = DIRECTION('',(-0.,-1.,-0.));
#3196 = DIRECTION('',(0.,0.,-1.));
#3197 = ADVANCED_FACE('',(#3198),#3214,.T.);
#3198 = FACE_BOUND('',#3199,.F.);
#3199 = EDGE_LOOP('',(#3200,#3206,#3207,#3213));
#3200 = ORIENTED_EDGE('',*,*,#3201,.F.);
#3201 = EDGE_CURVE('',#3110,#3150,#3202,.T.);
#3202 = LINE('',#3203,#3204);
#3203 = CARTESIAN_POINT('',(-5.35,-3.9,0.));
#3204 = VECTOR('',#3205,1.);
#3205 = DIRECTION('',(1.,-0.,-0.));
#3206 = ORIENTED_EDGE('',*,*,#3117,.T.);
#3207 = ORIENTED_EDGE('',*,*,#3208,.T.);
#3208 = EDGE_CURVE('',#3118,#3158,#3209,.T.);
#3209 = LINE('',#3210,#3211);
#3210 = CARTESIAN_POINT('',(-5.35,-3.9,0.203));
#3211 = VECTOR('',#3212,1.);
#3212 = DIRECTION('',(1.,-0.,-0.));
#3213 = ORIENTED_EDGE('',*,*,#3157,.F.);
#3214 = PLANE('',#3215);
#3215 = AXIS2_PLACEMENT_3D('',#3216,#3217,#3218);
#3216 = CARTESIAN_POINT('',(-5.35,-3.9,0.));
#3217 = DIRECTION('',(-0.,-1.,-0.));
#3218 = DIRECTION('',(0.,0.,-1.));
#3219 = ADVANCED_FACE('',(#3220),#3226,.F.);
#3220 = FACE_BOUND('',#3221,.T.);
#3221 = EDGE_LOOP('',(#3222,#3223,#3224,#3225));
#3222 = ORIENTED_EDGE('',*,*,#3109,.F.);
#3223 = ORIENTED_EDGE('',*,*,#3179,.T.);
#3224 = ORIENTED_EDGE('',*,*,#3149,.T.);
#3225 = ORIENTED_EDGE('',*,*,#3201,.F.);
#3226 = PLANE('',#3227);
#3227 = AXIS2_PLACEMENT_3D('',#3228,#3229,#3230);
#3228 = CARTESIAN_POINT('',(-5.35,-3.7,0.));
#3229 = DIRECTION('',(-0.,-0.,1.));
#3230 = DIRECTION('',(-1.,0.,0.));
#3231 = ADVANCED_FACE('',(#3232),#3238,.T.);
#3232 = FACE_BOUND('',#3233,.F.);
#3233 = EDGE_LOOP('',(#3234,#3235,#3236,#3237));
#3234 = ORIENTED_EDGE('',*,*,#3125,.F.);
#3235 = ORIENTED_EDGE('',*,*,#3186,.T.);
#3236 = ORIENTED_EDGE('',*,*,#3165,.T.);
#3237 = ORIENTED_EDGE('',*,*,#3208,.F.);
#3238 = PLANE('',#3239);
#3239 = AXIS2_PLACEMENT_3D('',#3240,#3241,#3242);
#3240 = CARTESIAN_POINT('',(-5.35,-3.7,0.203));
#3241 = DIRECTION('',(-0.,-0.,1.));
#3242 = DIRECTION('',(-1.,0.,0.));
#3243 = MANIFOLD_SOLID_BREP('',#3244);
#3244 = CLOSED_SHELL('',(#3245,#3285,#3325,#3347,#3369,#3381));
#3245 = ADVANCED_FACE('',(#3246),#3280,.F.);
#3246 = FACE_BOUND('',#3247,.T.);
#3247 = EDGE_LOOP('',(#3248,#3258,#3266,#3274));
#3248 = ORIENTED_EDGE('',*,*,#3249,.F.);
#3249 = EDGE_CURVE('',#3250,#3252,#3254,.T.);
#3250 = VERTEX_POINT('',#3251);
#3251 = CARTESIAN_POINT('',(-3.9,-4.55,0.));
#3252 = VERTEX_POINT('',#3253);
#3253 = CARTESIAN_POINT('',(-3.9,-4.55,0.203));
#3254 = LINE('',#3255,#3256);
#3255 = CARTESIAN_POINT('',(-3.9,-4.55,0.));
#3256 = VECTOR('',#3257,1.);
#3257 = DIRECTION('',(-0.,-0.,1.));
#3258 = ORIENTED_EDGE('',*,*,#3259,.T.);
#3259 = EDGE_CURVE('',#3250,#3260,#3262,.T.);
#3260 = VERTEX_POINT('',#3261);
#3261 = CARTESIAN_POINT('',(-3.9,-5.35,0.));
#3262 = LINE('',#3263,#3264);
#3263 = CARTESIAN_POINT('',(-3.9,-4.55,0.));
#3264 = VECTOR('',#3265,1.);
#3265 = DIRECTION('',(-0.,-1.,-0.));
#3266 = ORIENTED_EDGE('',*,*,#3267,.T.);
#3267 = EDGE_CURVE('',#3260,#3268,#3270,.T.);
#3268 = VERTEX_POINT('',#3269);
#3269 = CARTESIAN_POINT('',(-3.9,-5.35,0.203));
#3270 = LINE('',#3271,#3272);
#3271 = CARTESIAN_POINT('',(-3.9,-5.35,0.));
#3272 = VECTOR('',#3273,1.);
#3273 = DIRECTION('',(-0.,-0.,1.));
#3274 = ORIENTED_EDGE('',*,*,#3275,.F.);
#3275 = EDGE_CURVE('',#3252,#3268,#3276,.T.);
#3276 = LINE('',#3277,#3278);
#3277 = CARTESIAN_POINT('',(-3.9,-4.55,0.203));
#3278 = VECTOR('',#3279,1.);
#3279 = DIRECTION('',(-0.,-1.,-0.));
#3280 = PLANE('',#3281);
#3281 = AXIS2_PLACEMENT_3D('',#3282,#3283,#3284);
#3282 = CARTESIAN_POINT('',(-3.9,-4.55,0.));
#3283 = DIRECTION('',(1.,-0.,-0.));
#3284 = DIRECTION('',(0.,0.,-1.));
#3285 = ADVANCED_FACE('',(#3286),#3320,.T.);
#3286 = FACE_BOUND('',#3287,.F.);
#3287 = EDGE_LOOP('',(#3288,#3298,#3306,#3314));
#3288 = ORIENTED_EDGE('',*,*,#3289,.F.);
#3289 = EDGE_CURVE('',#3290,#3292,#3294,.T.);
#3290 = VERTEX_POINT('',#3291);
#3291 = CARTESIAN_POINT('',(-3.7,-4.55,0.));
#3292 = VERTEX_POINT('',#3293);
#3293 = CARTESIAN_POINT('',(-3.7,-4.55,0.203));
#3294 = LINE('',#3295,#3296);
#3295 = CARTESIAN_POINT('',(-3.7,-4.55,0.));
#3296 = VECTOR('',#3297,1.);
#3297 = DIRECTION('',(-0.,-0.,1.));
#3298 = ORIENTED_EDGE('',*,*,#3299,.T.);
#3299 = EDGE_CURVE('',#3290,#3300,#3302,.T.);
#3300 = VERTEX_POINT('',#3301);
#3301 = CARTESIAN_POINT('',(-3.7,-5.35,0.));
#3302 = LINE('',#3303,#3304);
#3303 = CARTESIAN_POINT('',(-3.7,-4.55,0.));
#3304 = VECTOR('',#3305,1.);
#3305 = DIRECTION('',(-0.,-1.,-0.));
#3306 = ORIENTED_EDGE('',*,*,#3307,.T.);
#3307 = EDGE_CURVE('',#3300,#3308,#3310,.T.);
#3308 = VERTEX_POINT('',#3309);
#3309 = CARTESIAN_POINT('',(-3.7,-5.35,0.203));
#3310 = LINE('',#3311,#3312);
#3311 = CARTESIAN_POINT('',(-3.7,-5.35,0.));
#3312 = VECTOR('',#3313,1.);
#3313 = DIRECTION('',(-0.,-0.,1.));
#3314 = ORIENTED_EDGE('',*,*,#3315,.F.);
#3315 = EDGE_CURVE('',#3292,#3308,#3316,.T.);
#3316 = LINE('',#3317,#3318);
#3317 = CARTESIAN_POINT('',(-3.7,-4.55,0.203));
#3318 = VECTOR('',#3319,1.);
#3319 = DIRECTION('',(-0.,-1.,-0.));
#3320 = PLANE('',#3321);
#3321 = AXIS2_PLACEMENT_3D('',#3322,#3323,#3324);
#3322 = CARTESIAN_POINT('',(-3.7,-4.55,0.));
#3323 = DIRECTION('',(1.,-0.,-0.));
#3324 = DIRECTION('',(0.,0.,-1.));
#3325 = ADVANCED_FACE('',(#3326),#3342,.F.);
#3326 = FACE_BOUND('',#3327,.T.);
#3327 = EDGE_LOOP('',(#3328,#3334,#3335,#3341));
#3328 = ORIENTED_EDGE('',*,*,#3329,.F.);
#3329 = EDGE_CURVE('',#3250,#3290,#3330,.T.);
#3330 = LINE('',#3331,#3332);
#3331 = CARTESIAN_POINT('',(-3.9,-4.55,0.));
#3332 = VECTOR('',#3333,1.);
#3333 = DIRECTION('',(1.,-0.,-0.));
#3334 = ORIENTED_EDGE('',*,*,#3249,.T.);
#3335 = ORIENTED_EDGE('',*,*,#3336,.T.);
#3336 = EDGE_CURVE('',#3252,#3292,#3337,.T.);
#3337 = LINE('',#3338,#3339);
#3338 = CARTESIAN_POINT('',(-3.9,-4.55,0.203));
#3339 = VECTOR('',#3340,1.);
#3340 = DIRECTION('',(1.,-0.,-0.));
#3341 = ORIENTED_EDGE('',*,*,#3289,.F.);
#3342 = PLANE('',#3343);
#3343 = AXIS2_PLACEMENT_3D('',#3344,#3345,#3346);
#3344 = CARTESIAN_POINT('',(-3.9,-4.55,0.));
#3345 = DIRECTION('',(-0.,-1.,-0.));
#3346 = DIRECTION('',(0.,0.,-1.));
#3347 = ADVANCED_FACE('',(#3348),#3364,.T.);
#3348 = FACE_BOUND('',#3349,.F.);
#3349 = EDGE_LOOP('',(#3350,#3356,#3357,#3363));
#3350 = ORIENTED_EDGE('',*,*,#3351,.F.);
#3351 = EDGE_CURVE('',#3260,#3300,#3352,.T.);
#3352 = LINE('',#3353,#3354);
#3353 = CARTESIAN_POINT('',(-3.9,-5.35,0.));
#3354 = VECTOR('',#3355,1.);
#3355 = DIRECTION('',(1.,-0.,-0.));
#3356 = ORIENTED_EDGE('',*,*,#3267,.T.);
#3357 = ORIENTED_EDGE('',*,*,#3358,.T.);
#3358 = EDGE_CURVE('',#3268,#3308,#3359,.T.);
#3359 = LINE('',#3360,#3361);
#3360 = CARTESIAN_POINT('',(-3.9,-5.35,0.203));
#3361 = VECTOR('',#3362,1.);
#3362 = DIRECTION('',(1.,-0.,-0.));
#3363 = ORIENTED_EDGE('',*,*,#3307,.F.);
#3364 = PLANE('',#3365);
#3365 = AXIS2_PLACEMENT_3D('',#3366,#3367,#3368);
#3366 = CARTESIAN_POINT('',(-3.9,-5.35,0.));
#3367 = DIRECTION('',(-0.,-1.,-0.));
#3368 = DIRECTION('',(0.,0.,-1.));
#3369 = ADVANCED_FACE('',(#3370),#3376,.F.);
#3370 = FACE_BOUND('',#3371,.T.);
#3371 = EDGE_LOOP('',(#3372,#3373,#3374,#3375));
#3372 = ORIENTED_EDGE('',*,*,#3259,.F.);
#3373 = ORIENTED_EDGE('',*,*,#3329,.T.);
#3374 = ORIENTED_EDGE('',*,*,#3299,.T.);
#3375 = ORIENTED_EDGE('',*,*,#3351,.F.);
#3376 = PLANE('',#3377);
#3377 = AXIS2_PLACEMENT_3D('',#3378,#3379,#3380);
#3378 = CARTESIAN_POINT('',(-3.9,-4.55,0.));
#3379 = DIRECTION('',(-0.,-0.,1.));
#3380 = DIRECTION('',(-1.,0.,0.));
#3381 = ADVANCED_FACE('',(#3382),#3388,.T.);
#3382 = FACE_BOUND('',#3383,.F.);
#3383 = EDGE_LOOP('',(#3384,#3385,#3386,#3387));
#3384 = ORIENTED_EDGE('',*,*,#3275,.F.);
#3385 = ORIENTED_EDGE('',*,*,#3336,.T.);
#3386 = ORIENTED_EDGE('',*,*,#3315,.T.);
#3387 = ORIENTED_EDGE('',*,*,#3358,.F.);
#3388 = PLANE('',#3389);
#3389 = AXIS2_PLACEMENT_3D('',#3390,#3391,#3392);
#3390 = CARTESIAN_POINT('',(-3.9,-4.55,0.203));
#3391 = DIRECTION('',(-0.,-0.,1.));
#3392 = DIRECTION('',(-1.,0.,0.));
#3393 = MANIFOLD_SOLID_BREP('',#3394);
#3394 = CLOSED_SHELL('',(#3395,#3435,#3475,#3497,#3519,#3531));
#3395 = ADVANCED_FACE('',(#3396),#3430,.F.);
#3396 = FACE_BOUND('',#3397,.T.);
#3397 = EDGE_LOOP('',(#3398,#3408,#3416,#3424));
#3398 = ORIENTED_EDGE('',*,*,#3399,.F.);
#3399 = EDGE_CURVE('',#3400,#3402,#3404,.T.);
#3400 = VERTEX_POINT('',#3401);
#3401 = CARTESIAN_POINT('',(-3.5,-4.55,0.));
#3402 = VERTEX_POINT('',#3403);
#3403 = CARTESIAN_POINT('',(-3.5,-4.55,0.203));
#3404 = LINE('',#3405,#3406);
#3405 = CARTESIAN_POINT('',(-3.5,-4.55,0.));
#3406 = VECTOR('',#3407,1.);
#3407 = DIRECTION('',(-0.,-0.,1.));
#3408 = ORIENTED_EDGE('',*,*,#3409,.T.);
#3409 = EDGE_CURVE('',#3400,#3410,#3412,.T.);
#3410 = VERTEX_POINT('',#3411);
#3411 = CARTESIAN_POINT('',(-3.5,-5.35,0.));
#3412 = LINE('',#3413,#3414);
#3413 = CARTESIAN_POINT('',(-3.5,-4.55,0.));
#3414 = VECTOR('',#3415,1.);
#3415 = DIRECTION('',(-0.,-1.,-0.));
#3416 = ORIENTED_EDGE('',*,*,#3417,.T.);
#3417 = EDGE_CURVE('',#3410,#3418,#3420,.T.);
#3418 = VERTEX_POINT('',#3419);
#3419 = CARTESIAN_POINT('',(-3.5,-5.35,0.203));
#3420 = LINE('',#3421,#3422);
#3421 = CARTESIAN_POINT('',(-3.5,-5.35,0.));
#3422 = VECTOR('',#3423,1.);
#3423 = DIRECTION('',(-0.,-0.,1.));
#3424 = ORIENTED_EDGE('',*,*,#3425,.F.);
#3425 = EDGE_CURVE('',#3402,#3418,#3426,.T.);
#3426 = LINE('',#3427,#3428);
#3427 = CARTESIAN_POINT('',(-3.5,-4.55,0.203));
#3428 = VECTOR('',#3429,1.);
#3429 = DIRECTION('',(-0.,-1.,-0.));
#3430 = PLANE('',#3431);
#3431 = AXIS2_PLACEMENT_3D('',#3432,#3433,#3434);
#3432 = CARTESIAN_POINT('',(-3.5,-4.55,0.));
#3433 = DIRECTION('',(1.,-0.,-0.));
#3434 = DIRECTION('',(0.,0.,-1.));
#3435 = ADVANCED_FACE('',(#3436),#3470,.T.);
#3436 = FACE_BOUND('',#3437,.F.);
#3437 = EDGE_LOOP('',(#3438,#3448,#3456,#3464));
#3438 = ORIENTED_EDGE('',*,*,#3439,.F.);
#3439 = EDGE_CURVE('',#3440,#3442,#3444,.T.);
#3440 = VERTEX_POINT('',#3441);
#3441 = CARTESIAN_POINT('',(-3.3,-4.55,0.));
#3442 = VERTEX_POINT('',#3443);
#3443 = CARTESIAN_POINT('',(-3.3,-4.55,0.203));
#3444 = LINE('',#3445,#3446);
#3445 = CARTESIAN_POINT('',(-3.3,-4.55,0.));
#3446 = VECTOR('',#3447,1.);
#3447 = DIRECTION('',(-0.,-0.,1.));
#3448 = ORIENTED_EDGE('',*,*,#3449,.T.);
#3449 = EDGE_CURVE('',#3440,#3450,#3452,.T.);
#3450 = VERTEX_POINT('',#3451);
#3451 = CARTESIAN_POINT('',(-3.3,-5.35,0.));
#3452 = LINE('',#3453,#3454);
#3453 = CARTESIAN_POINT('',(-3.3,-4.55,0.));
#3454 = VECTOR('',#3455,1.);
#3455 = DIRECTION('',(-0.,-1.,-0.));
#3456 = ORIENTED_EDGE('',*,*,#3457,.T.);
#3457 = EDGE_CURVE('',#3450,#3458,#3460,.T.);
#3458 = VERTEX_POINT('',#3459);
#3459 = CARTESIAN_POINT('',(-3.3,-5.35,0.203));
#3460 = LINE('',#3461,#3462);
#3461 = CARTESIAN_POINT('',(-3.3,-5.35,0.));
#3462 = VECTOR('',#3463,1.);
#3463 = DIRECTION('',(-0.,-0.,1.));
#3464 = ORIENTED_EDGE('',*,*,#3465,.F.);
#3465 = EDGE_CURVE('',#3442,#3458,#3466,.T.);
#3466 = LINE('',#3467,#3468);
#3467 = CARTESIAN_POINT('',(-3.3,-4.55,0.203));
#3468 = VECTOR('',#3469,1.);
#3469 = DIRECTION('',(-0.,-1.,-0.));
#3470 = PLANE('',#3471);
#3471 = AXIS2_PLACEMENT_3D('',#3472,#3473,#3474);
#3472 = CARTESIAN_POINT('',(-3.3,-4.55,0.));
#3473 = DIRECTION('',(1.,-0.,-0.));
#3474 = DIRECTION('',(0.,0.,-1.));
#3475 = ADVANCED_FACE('',(#3476),#3492,.F.);
#3476 = FACE_BOUND('',#3477,.T.);
#3477 = EDGE_LOOP('',(#3478,#3484,#3485,#3491));
#3478 = ORIENTED_EDGE('',*,*,#3479,.F.);
#3479 = EDGE_CURVE('',#3400,#3440,#3480,.T.);
#3480 = LINE('',#3481,#3482);
#3481 = CARTESIAN_POINT('',(-3.5,-4.55,0.));
#3482 = VECTOR('',#3483,1.);
#3483 = DIRECTION('',(1.,-0.,-0.));
#3484 = ORIENTED_EDGE('',*,*,#3399,.T.);
#3485 = ORIENTED_EDGE('',*,*,#3486,.T.);
#3486 = EDGE_CURVE('',#3402,#3442,#3487,.T.);
#3487 = LINE('',#3488,#3489);
#3488 = CARTESIAN_POINT('',(-3.5,-4.55,0.203));
#3489 = VECTOR('',#3490,1.);
#3490 = DIRECTION('',(1.,-0.,-0.));
#3491 = ORIENTED_EDGE('',*,*,#3439,.F.);
#3492 = PLANE('',#3493);
#3493 = AXIS2_PLACEMENT_3D('',#3494,#3495,#3496);
#3494 = CARTESIAN_POINT('',(-3.5,-4.55,0.));
#3495 = DIRECTION('',(-0.,-1.,-0.));
#3496 = DIRECTION('',(0.,0.,-1.));
#3497 = ADVANCED_FACE('',(#3498),#3514,.T.);
#3498 = FACE_BOUND('',#3499,.F.);
#3499 = EDGE_LOOP('',(#3500,#3506,#3507,#3513));
#3500 = ORIENTED_EDGE('',*,*,#3501,.F.);
#3501 = EDGE_CURVE('',#3410,#3450,#3502,.T.);
#3502 = LINE('',#3503,#3504);
#3503 = CARTESIAN_POINT('',(-3.5,-5.35,0.));
#3504 = VECTOR('',#3505,1.);
#3505 = DIRECTION('',(1.,-0.,-0.));
#3506 = ORIENTED_EDGE('',*,*,#3417,.T.);
#3507 = ORIENTED_EDGE('',*,*,#3508,.T.);
#3508 = EDGE_CURVE('',#3418,#3458,#3509,.T.);
#3509 = LINE('',#3510,#3511);
#3510 = CARTESIAN_POINT('',(-3.5,-5.35,0.203));
#3511 = VECTOR('',#3512,1.);
#3512 = DIRECTION('',(1.,-0.,-0.));
#3513 = ORIENTED_EDGE('',*,*,#3457,.F.);
#3514 = PLANE('',#3515);
#3515 = AXIS2_PLACEMENT_3D('',#3516,#3517,#3518);
#3516 = CARTESIAN_POINT('',(-3.5,-5.35,0.));
#3517 = DIRECTION('',(-0.,-1.,-0.));
#3518 = DIRECTION('',(0.,0.,-1.));
#3519 = ADVANCED_FACE('',(#3520),#3526,.F.);
#3520 = FACE_BOUND('',#3521,.T.);
#3521 = EDGE_LOOP('',(#3522,#3523,#3524,#3525));
#3522 = ORIENTED_EDGE('',*,*,#3409,.F.);
#3523 = ORIENTED_EDGE('',*,*,#3479,.T.);
#3524 = ORIENTED_EDGE('',*,*,#3449,.T.);
#3525 = ORIENTED_EDGE('',*,*,#3501,.F.);
#3526 = PLANE('',#3527);
#3527 = AXIS2_PLACEMENT_3D('',#3528,#3529,#3530);
#3528 = CARTESIAN_POINT('',(-3.5,-4.55,0.));
#3529 = DIRECTION('',(-0.,-0.,1.));
#3530 = DIRECTION('',(-1.,0.,0.));
#3531 = ADVANCED_FACE('',(#3532),#3538,.T.);
#3532 = FACE_BOUND('',#3533,.F.);
#3533 = EDGE_LOOP('',(#3534,#3535,#3536,#3537));
#3534 = ORIENTED_EDGE('',*,*,#3425,.F.);
#3535 = ORIENTED_EDGE('',*,*,#3486,.T.);
#3536 = ORIENTED_EDGE('',*,*,#3465,.T.);
#3537 = ORIENTED_EDGE('',*,*,#3508,.F.);
#3538 = PLANE('',#3539);
#3539 = AXIS2_PLACEMENT_3D('',#3540,#3541,#3542);
#3540 = CARTESIAN_POINT('',(-3.5,-4.55,0.203));
#3541 = DIRECTION('',(-0.,-0.,1.));
#3542 = DIRECTION('',(-1.,0.,0.));
#3543 = MANIFOLD_SOLID_BREP('',#3544);
#3544 = CLOSED_SHELL('',(#3545,#3585,#3625,#3647,#3669,#3681));
#3545 = ADVANCED_FACE('',(#3546),#3580,.F.);
#3546 = FACE_BOUND('',#3547,.T.);
#3547 = EDGE_LOOP('',(#3548,#3558,#3566,#3574));
#3548 = ORIENTED_EDGE('',*,*,#3549,.F.);
#3549 = EDGE_CURVE('',#3550,#3552,#3554,.T.);
#3550 = VERTEX_POINT('',#3551);
#3551 = CARTESIAN_POINT('',(-3.1,-4.55,0.));
#3552 = VERTEX_POINT('',#3553);
#3553 = CARTESIAN_POINT('',(-3.1,-4.55,0.203));
#3554 = LINE('',#3555,#3556);
#3555 = CARTESIAN_POINT('',(-3.1,-4.55,0.));
#3556 = VECTOR('',#3557,1.);
#3557 = DIRECTION('',(-0.,-0.,1.));
#3558 = ORIENTED_EDGE('',*,*,#3559,.T.);
#3559 = EDGE_CURVE('',#3550,#3560,#3562,.T.);
#3560 = VERTEX_POINT('',#3561);
#3561 = CARTESIAN_POINT('',(-3.1,-5.35,0.));
#3562 = LINE('',#3563,#3564);
#3563 = CARTESIAN_POINT('',(-3.1,-4.55,0.));
#3564 = VECTOR('',#3565,1.);
#3565 = DIRECTION('',(-0.,-1.,-0.));
#3566 = ORIENTED_EDGE('',*,*,#3567,.T.);
#3567 = EDGE_CURVE('',#3560,#3568,#3570,.T.);
#3568 = VERTEX_POINT('',#3569);
#3569 = CARTESIAN_POINT('',(-3.1,-5.35,0.203));
#3570 = LINE('',#3571,#3572);
#3571 = CARTESIAN_POINT('',(-3.1,-5.35,0.));
#3572 = VECTOR('',#3573,1.);
#3573 = DIRECTION('',(-0.,-0.,1.));
#3574 = ORIENTED_EDGE('',*,*,#3575,.F.);
#3575 = EDGE_CURVE('',#3552,#3568,#3576,.T.);
#3576 = LINE('',#3577,#3578);
#3577 = CARTESIAN_POINT('',(-3.1,-4.55,0.203));
#3578 = VECTOR('',#3579,1.);
#3579 = DIRECTION('',(-0.,-1.,-0.));
#3580 = PLANE('',#3581);
#3581 = AXIS2_PLACEMENT_3D('',#3582,#3583,#3584);
#3582 = CARTESIAN_POINT('',(-3.1,-4.55,0.));
#3583 = DIRECTION('',(1.,-0.,-0.));
#3584 = DIRECTION('',(0.,0.,-1.));
#3585 = ADVANCED_FACE('',(#3586),#3620,.T.);
#3586 = FACE_BOUND('',#3587,.F.);
#3587 = EDGE_LOOP('',(#3588,#3598,#3606,#3614));
#3588 = ORIENTED_EDGE('',*,*,#3589,.F.);
#3589 = EDGE_CURVE('',#3590,#3592,#3594,.T.);
#3590 = VERTEX_POINT('',#3591);
#3591 = CARTESIAN_POINT('',(-2.9,-4.55,0.));
#3592 = VERTEX_POINT('',#3593);
#3593 = CARTESIAN_POINT('',(-2.9,-4.55,0.203));
#3594 = LINE('',#3595,#3596);
#3595 = CARTESIAN_POINT('',(-2.9,-4.55,0.));
#3596 = VECTOR('',#3597,1.);
#3597 = DIRECTION('',(-0.,-0.,1.));
#3598 = ORIENTED_EDGE('',*,*,#3599,.T.);
#3599 = EDGE_CURVE('',#3590,#3600,#3602,.T.);
#3600 = VERTEX_POINT('',#3601);
#3601 = CARTESIAN_POINT('',(-2.9,-5.35,0.));
#3602 = LINE('',#3603,#3604);
#3603 = CARTESIAN_POINT('',(-2.9,-4.55,0.));
#3604 = VECTOR('',#3605,1.);
#3605 = DIRECTION('',(-0.,-1.,-0.));
#3606 = ORIENTED_EDGE('',*,*,#3607,.T.);
#3607 = EDGE_CURVE('',#3600,#3608,#3610,.T.);
#3608 = VERTEX_POINT('',#3609);
#3609 = CARTESIAN_POINT('',(-2.9,-5.35,0.203));
#3610 = LINE('',#3611,#3612);
#3611 = CARTESIAN_POINT('',(-2.9,-5.35,0.));
#3612 = VECTOR('',#3613,1.);
#3613 = DIRECTION('',(-0.,-0.,1.));
#3614 = ORIENTED_EDGE('',*,*,#3615,.F.);
#3615 = EDGE_CURVE('',#3592,#3608,#3616,.T.);
#3616 = LINE('',#3617,#3618);
#3617 = CARTESIAN_POINT('',(-2.9,-4.55,0.203));
#3618 = VECTOR('',#3619,1.);
#3619 = DIRECTION('',(-0.,-1.,-0.));
#3620 = PLANE('',#3621);
#3621 = AXIS2_PLACEMENT_3D('',#3622,#3623,#3624);
#3622 = CARTESIAN_POINT('',(-2.9,-4.55,0.));
#3623 = DIRECTION('',(1.,-0.,-0.));
#3624 = DIRECTION('',(0.,0.,-1.));
#3625 = ADVANCED_FACE('',(#3626),#3642,.F.);
#3626 = FACE_BOUND('',#3627,.T.);
#3627 = EDGE_LOOP('',(#3628,#3634,#3635,#3641));
#3628 = ORIENTED_EDGE('',*,*,#3629,.F.);
#3629 = EDGE_CURVE('',#3550,#3590,#3630,.T.);
#3630 = LINE('',#3631,#3632);
#3631 = CARTESIAN_POINT('',(-3.1,-4.55,0.));
#3632 = VECTOR('',#3633,1.);
#3633 = DIRECTION('',(1.,-0.,-0.));
#3634 = ORIENTED_EDGE('',*,*,#3549,.T.);
#3635 = ORIENTED_EDGE('',*,*,#3636,.T.);
#3636 = EDGE_CURVE('',#3552,#3592,#3637,.T.);
#3637 = LINE('',#3638,#3639);
#3638 = CARTESIAN_POINT('',(-3.1,-4.55,0.203));
#3639 = VECTOR('',#3640,1.);
#3640 = DIRECTION('',(1.,-0.,-0.));
#3641 = ORIENTED_EDGE('',*,*,#3589,.F.);
#3642 = PLANE('',#3643);
#3643 = AXIS2_PLACEMENT_3D('',#3644,#3645,#3646);
#3644 = CARTESIAN_POINT('',(-3.1,-4.55,0.));
#3645 = DIRECTION('',(-0.,-1.,-0.));
#3646 = DIRECTION('',(0.,0.,-1.));
#3647 = ADVANCED_FACE('',(#3648),#3664,.T.);
#3648 = FACE_BOUND('',#3649,.F.);
#3649 = EDGE_LOOP('',(#3650,#3656,#3657,#3663));
#3650 = ORIENTED_EDGE('',*,*,#3651,.F.);
#3651 = EDGE_CURVE('',#3560,#3600,#3652,.T.);
#3652 = LINE('',#3653,#3654);
#3653 = CARTESIAN_POINT('',(-3.1,-5.35,0.));
#3654 = VECTOR('',#3655,1.);
#3655 = DIRECTION('',(1.,-0.,-0.));
#3656 = ORIENTED_EDGE('',*,*,#3567,.T.);
#3657 = ORIENTED_EDGE('',*,*,#3658,.T.);
#3658 = EDGE_CURVE('',#3568,#3608,#3659,.T.);
#3659 = LINE('',#3660,#3661);
#3660 = CARTESIAN_POINT('',(-3.1,-5.35,0.203));
#3661 = VECTOR('',#3662,1.);
#3662 = DIRECTION('',(1.,-0.,-0.));
#3663 = ORIENTED_EDGE('',*,*,#3607,.F.);
#3664 = PLANE('',#3665);
#3665 = AXIS2_PLACEMENT_3D('',#3666,#3667,#3668);
#3666 = CARTESIAN_POINT('',(-3.1,-5.35,0.));
#3667 = DIRECTION('',(-0.,-1.,-0.));
#3668 = DIRECTION('',(0.,0.,-1.));
#3669 = ADVANCED_FACE('',(#3670),#3676,.F.);
#3670 = FACE_BOUND('',#3671,.T.);
#3671 = EDGE_LOOP('',(#3672,#3673,#3674,#3675));
#3672 = ORIENTED_EDGE('',*,*,#3559,.F.);
#3673 = ORIENTED_EDGE('',*,*,#3629,.T.);
#3674 = ORIENTED_EDGE('',*,*,#3599,.T.);
#3675 = ORIENTED_EDGE('',*,*,#3651,.F.);
#3676 = PLANE('',#3677);
#3677 = AXIS2_PLACEMENT_3D('',#3678,#3679,#3680);
#3678 = CARTESIAN_POINT('',(-3.1,-4.55,0.));
#3679 = DIRECTION('',(-0.,-0.,1.));
#3680 = DIRECTION('',(-1.,0.,0.));
#3681 = ADVANCED_FACE('',(#3682),#3688,.T.);
#3682 = FACE_BOUND('',#3683,.F.);
#3683 = EDGE_LOOP('',(#3684,#3685,#3686,#3687));
#3684 = ORIENTED_EDGE('',*,*,#3575,.F.);
#3685 = ORIENTED_EDGE('',*,*,#3636,.T.);
#3686 = ORIENTED_EDGE('',*,*,#3615,.T.);
#3687 = ORIENTED_EDGE('',*,*,#3658,.F.);
#3688 = PLANE('',#3689);
#3689 = AXIS2_PLACEMENT_3D('',#3690,#3691,#3692);
#3690 = CARTESIAN_POINT('',(-3.1,-4.55,0.203));
#3691 = DIRECTION('',(-0.,-0.,1.));
#3692 = DIRECTION('',(-1.,0.,0.));
#3693 = MANIFOLD_SOLID_BREP('',#3694);
#3694 = CLOSED_SHELL('',(#3695,#3735,#3775,#3797,#3819,#3831));
#3695 = ADVANCED_FACE('',(#3696),#3730,.F.);
#3696 = FACE_BOUND('',#3697,.T.);
#3697 = EDGE_LOOP('',(#3698,#3708,#3716,#3724));
#3698 = ORIENTED_EDGE('',*,*,#3699,.F.);
#3699 = EDGE_CURVE('',#3700,#3702,#3704,.T.);
#3700 = VERTEX_POINT('',#3701);
#3701 = CARTESIAN_POINT('',(-2.7,-4.55,0.));
#3702 = VERTEX_POINT('',#3703);
#3703 = CARTESIAN_POINT('',(-2.7,-4.55,0.203));
#3704 = LINE('',#3705,#3706);
#3705 = CARTESIAN_POINT('',(-2.7,-4.55,0.));
#3706 = VECTOR('',#3707,1.);
#3707 = DIRECTION('',(-0.,-0.,1.));
#3708 = ORIENTED_EDGE('',*,*,#3709,.T.);
#3709 = EDGE_CURVE('',#3700,#3710,#3712,.T.);
#3710 = VERTEX_POINT('',#3711);
#3711 = CARTESIAN_POINT('',(-2.7,-5.35,0.));
#3712 = LINE('',#3713,#3714);
#3713 = CARTESIAN_POINT('',(-2.7,-4.55,0.));
#3714 = VECTOR('',#3715,1.);
#3715 = DIRECTION('',(-0.,-1.,-0.));
#3716 = ORIENTED_EDGE('',*,*,#3717,.T.);
#3717 = EDGE_CURVE('',#3710,#3718,#3720,.T.);
#3718 = VERTEX_POINT('',#3719);
#3719 = CARTESIAN_POINT('',(-2.7,-5.35,0.203));
#3720 = LINE('',#3721,#3722);
#3721 = CARTESIAN_POINT('',(-2.7,-5.35,0.));
#3722 = VECTOR('',#3723,1.);
#3723 = DIRECTION('',(-0.,-0.,1.));
#3724 = ORIENTED_EDGE('',*,*,#3725,.F.);
#3725 = EDGE_CURVE('',#3702,#3718,#3726,.T.);
#3726 = LINE('',#3727,#3728);
#3727 = CARTESIAN_POINT('',(-2.7,-4.55,0.203));
#3728 = VECTOR('',#3729,1.);
#3729 = DIRECTION('',(-0.,-1.,-0.));
#3730 = PLANE('',#3731);
#3731 = AXIS2_PLACEMENT_3D('',#3732,#3733,#3734);
#3732 = CARTESIAN_POINT('',(-2.7,-4.55,0.));
#3733 = DIRECTION('',(1.,-0.,-0.));
#3734 = DIRECTION('',(0.,0.,-1.));
#3735 = ADVANCED_FACE('',(#3736),#3770,.T.);
#3736 = FACE_BOUND('',#3737,.F.);
#3737 = EDGE_LOOP('',(#3738,#3748,#3756,#3764));
#3738 = ORIENTED_EDGE('',*,*,#3739,.F.);
#3739 = EDGE_CURVE('',#3740,#3742,#3744,.T.);
#3740 = VERTEX_POINT('',#3741);
#3741 = CARTESIAN_POINT('',(-2.5,-4.55,0.));
#3742 = VERTEX_POINT('',#3743);
#3743 = CARTESIAN_POINT('',(-2.5,-4.55,0.203));
#3744 = LINE('',#3745,#3746);
#3745 = CARTESIAN_POINT('',(-2.5,-4.55,0.));
#3746 = VECTOR('',#3747,1.);
#3747 = DIRECTION('',(-0.,-0.,1.));
#3748 = ORIENTED_EDGE('',*,*,#3749,.T.);
#3749 = EDGE_CURVE('',#3740,#3750,#3752,.T.);
#3750 = VERTEX_POINT('',#3751);
#3751 = CARTESIAN_POINT('',(-2.5,-5.35,0.));
#3752 = LINE('',#3753,#3754);
#3753 = CARTESIAN_POINT('',(-2.5,-4.55,0.));
#3754 = VECTOR('',#3755,1.);
#3755 = DIRECTION('',(-0.,-1.,-0.));
#3756 = ORIENTED_EDGE('',*,*,#3757,.T.);
#3757 = EDGE_CURVE('',#3750,#3758,#3760,.T.);
#3758 = VERTEX_POINT('',#3759);
#3759 = CARTESIAN_POINT('',(-2.5,-5.35,0.203));
#3760 = LINE('',#3761,#3762);
#3761 = CARTESIAN_POINT('',(-2.5,-5.35,0.));
#3762 = VECTOR('',#3763,1.);
#3763 = DIRECTION('',(-0.,-0.,1.));
#3764 = ORIENTED_EDGE('',*,*,#3765,.F.);
#3765 = EDGE_CURVE('',#3742,#3758,#3766,.T.);
#3766 = LINE('',#3767,#3768);
#3767 = CARTESIAN_POINT('',(-2.5,-4.55,0.203));
#3768 = VECTOR('',#3769,1.);
#3769 = DIRECTION('',(-0.,-1.,-0.));
#3770 = PLANE('',#3771);
#3771 = AXIS2_PLACEMENT_3D('',#3772,#3773,#3774);
#3772 = CARTESIAN_POINT('',(-2.5,-4.55,0.));
#3773 = DIRECTION('',(1.,-0.,-0.));
#3774 = DIRECTION('',(0.,0.,-1.));
#3775 = ADVANCED_FACE('',(#3776),#3792,.F.);
#3776 = FACE_BOUND('',#3777,.T.);
#3777 = EDGE_LOOP('',(#3778,#3784,#3785,#3791));
#3778 = ORIENTED_EDGE('',*,*,#3779,.F.);
#3779 = EDGE_CURVE('',#3700,#3740,#3780,.T.);
#3780 = LINE('',#3781,#3782);
#3781 = CARTESIAN_POINT('',(-2.7,-4.55,0.));
#3782 = VECTOR('',#3783,1.);
#3783 = DIRECTION('',(1.,-0.,-0.));
#3784 = ORIENTED_EDGE('',*,*,#3699,.T.);
#3785 = ORIENTED_EDGE('',*,*,#3786,.T.);
#3786 = EDGE_CURVE('',#3702,#3742,#3787,.T.);
#3787 = LINE('',#3788,#3789);
#3788 = CARTESIAN_POINT('',(-2.7,-4.55,0.203));
#3789 = VECTOR('',#3790,1.);
#3790 = DIRECTION('',(1.,-0.,-0.));
#3791 = ORIENTED_EDGE('',*,*,#3739,.F.);
#3792 = PLANE('',#3793);
#3793 = AXIS2_PLACEMENT_3D('',#3794,#3795,#3796);
#3794 = CARTESIAN_POINT('',(-2.7,-4.55,0.));
#3795 = DIRECTION('',(-0.,-1.,-0.));
#3796 = DIRECTION('',(0.,0.,-1.));
#3797 = ADVANCED_FACE('',(#3798),#3814,.T.);
#3798 = FACE_BOUND('',#3799,.F.);
#3799 = EDGE_LOOP('',(#3800,#3806,#3807,#3813));
#3800 = ORIENTED_EDGE('',*,*,#3801,.F.);
#3801 = EDGE_CURVE('',#3710,#3750,#3802,.T.);
#3802 = LINE('',#3803,#3804);
#3803 = CARTESIAN_POINT('',(-2.7,-5.35,0.));
#3804 = VECTOR('',#3805,1.);
#3805 = DIRECTION('',(1.,-0.,-0.));
#3806 = ORIENTED_EDGE('',*,*,#3717,.T.);
#3807 = ORIENTED_EDGE('',*,*,#3808,.T.);
#3808 = EDGE_CURVE('',#3718,#3758,#3809,.T.);
#3809 = LINE('',#3810,#3811);
#3810 = CARTESIAN_POINT('',(-2.7,-5.35,0.203));
#3811 = VECTOR('',#3812,1.);
#3812 = DIRECTION('',(1.,-0.,-0.));
#3813 = ORIENTED_EDGE('',*,*,#3757,.F.);
#3814 = PLANE('',#3815);
#3815 = AXIS2_PLACEMENT_3D('',#3816,#3817,#3818);
#3816 = CARTESIAN_POINT('',(-2.7,-5.35,0.));
#3817 = DIRECTION('',(-0.,-1.,-0.));
#3818 = DIRECTION('',(0.,0.,-1.));
#3819 = ADVANCED_FACE('',(#3820),#3826,.F.);
#3820 = FACE_BOUND('',#3821,.T.);
#3821 = EDGE_LOOP('',(#3822,#3823,#3824,#3825));
#3822 = ORIENTED_EDGE('',*,*,#3709,.F.);
#3823 = ORIENTED_EDGE('',*,*,#3779,.T.);
#3824 = ORIENTED_EDGE('',*,*,#3749,.T.);
#3825 = ORIENTED_EDGE('',*,*,#3801,.F.);
#3826 = PLANE('',#3827);
#3827 = AXIS2_PLACEMENT_3D('',#3828,#3829,#3830);
#3828 = CARTESIAN_POINT('',(-2.7,-4.55,0.));
#3829 = DIRECTION('',(-0.,-0.,1.));
#3830 = DIRECTION('',(-1.,0.,0.));
#3831 = ADVANCED_FACE('',(#3832),#3838,.T.);
#3832 = FACE_BOUND('',#3833,.F.);
#3833 = EDGE_LOOP('',(#3834,#3835,#3836,#3837));
#3834 = ORIENTED_EDGE('',*,*,#3725,.F.);
#3835 = ORIENTED_EDGE('',*,*,#3786,.T.);
#3836 = ORIENTED_EDGE('',*,*,#3765,.T.);
#3837 = ORIENTED_EDGE('',*,*,#3808,.F.);
#3838 = PLANE('',#3839);
#3839 = AXIS2_PLACEMENT_3D('',#3840,#3841,#3842);
#3840 = CARTESIAN_POINT('',(-2.7,-4.55,0.203));
#3841 = DIRECTION('',(-0.,-0.,1.));
#3842 = DIRECTION('',(-1.,0.,0.));
#3843 = MANIFOLD_SOLID_BREP('',#3844);
#3844 = CLOSED_SHELL('',(#3845,#3885,#3925,#3947,#3969,#3981));
#3845 = ADVANCED_FACE('',(#3846),#3880,.F.);
#3846 = FACE_BOUND('',#3847,.T.);
#3847 = EDGE_LOOP('',(#3848,#3858,#3866,#3874));
#3848 = ORIENTED_EDGE('',*,*,#3849,.F.);
#3849 = EDGE_CURVE('',#3850,#3852,#3854,.T.);
#3850 = VERTEX_POINT('',#3851);
#3851 = CARTESIAN_POINT('',(-2.3,-4.55,0.));
#3852 = VERTEX_POINT('',#3853);
#3853 = CARTESIAN_POINT('',(-2.3,-4.55,0.203));
#3854 = LINE('',#3855,#3856);
#3855 = CARTESIAN_POINT('',(-2.3,-4.55,0.));
#3856 = VECTOR('',#3857,1.);
#3857 = DIRECTION('',(-0.,-0.,1.));
#3858 = ORIENTED_EDGE('',*,*,#3859,.T.);
#3859 = EDGE_CURVE('',#3850,#3860,#3862,.T.);
#3860 = VERTEX_POINT('',#3861);
#3861 = CARTESIAN_POINT('',(-2.3,-5.35,0.));
#3862 = LINE('',#3863,#3864);
#3863 = CARTESIAN_POINT('',(-2.3,-4.55,0.));
#3864 = VECTOR('',#3865,1.);
#3865 = DIRECTION('',(-0.,-1.,-0.));
#3866 = ORIENTED_EDGE('',*,*,#3867,.T.);
#3867 = EDGE_CURVE('',#3860,#3868,#3870,.T.);
#3868 = VERTEX_POINT('',#3869);
#3869 = CARTESIAN_POINT('',(-2.3,-5.35,0.203));
#3870 = LINE('',#3871,#3872);
#3871 = CARTESIAN_POINT('',(-2.3,-5.35,0.));
#3872 = VECTOR('',#3873,1.);
#3873 = DIRECTION('',(-0.,-0.,1.));
#3874 = ORIENTED_EDGE('',*,*,#3875,.F.);
#3875 = EDGE_CURVE('',#3852,#3868,#3876,.T.);
#3876 = LINE('',#3877,#3878);
#3877 = CARTESIAN_POINT('',(-2.3,-4.55,0.203));
#3878 = VECTOR('',#3879,1.);
#3879 = DIRECTION('',(-0.,-1.,-0.));
#3880 = PLANE('',#3881);
#3881 = AXIS2_PLACEMENT_3D('',#3882,#3883,#3884);
#3882 = CARTESIAN_POINT('',(-2.3,-4.55,0.));
#3883 = DIRECTION('',(1.,-0.,-0.));
#3884 = DIRECTION('',(0.,0.,-1.));
#3885 = ADVANCED_FACE('',(#3886),#3920,.T.);
#3886 = FACE_BOUND('',#3887,.F.);
#3887 = EDGE_LOOP('',(#3888,#3898,#3906,#3914));
#3888 = ORIENTED_EDGE('',*,*,#3889,.F.);
#3889 = EDGE_CURVE('',#3890,#3892,#3894,.T.);
#3890 = VERTEX_POINT('',#3891);
#3891 = CARTESIAN_POINT('',(-2.1,-4.55,0.));
#3892 = VERTEX_POINT('',#3893);
#3893 = CARTESIAN_POINT('',(-2.1,-4.55,0.203));
#3894 = LINE('',#3895,#3896);
#3895 = CARTESIAN_POINT('',(-2.1,-4.55,0.));
#3896 = VECTOR('',#3897,1.);
#3897 = DIRECTION('',(-0.,-0.,1.));
#3898 = ORIENTED_EDGE('',*,*,#3899,.T.);
#3899 = EDGE_CURVE('',#3890,#3900,#3902,.T.);
#3900 = VERTEX_POINT('',#3901);
#3901 = CARTESIAN_POINT('',(-2.1,-5.35,0.));
#3902 = LINE('',#3903,#3904);
#3903 = CARTESIAN_POINT('',(-2.1,-4.55,0.));
#3904 = VECTOR('',#3905,1.);
#3905 = DIRECTION('',(-0.,-1.,-0.));
#3906 = ORIENTED_EDGE('',*,*,#3907,.T.);
#3907 = EDGE_CURVE('',#3900,#3908,#3910,.T.);
#3908 = VERTEX_POINT('',#3909);
#3909 = CARTESIAN_POINT('',(-2.1,-5.35,0.203));
#3910 = LINE('',#3911,#3912);
#3911 = CARTESIAN_POINT('',(-2.1,-5.35,0.));
#3912 = VECTOR('',#3913,1.);
#3913 = DIRECTION('',(-0.,-0.,1.));
#3914 = ORIENTED_EDGE('',*,*,#3915,.F.);
#3915 = EDGE_CURVE('',#3892,#3908,#3916,.T.);
#3916 = LINE('',#3917,#3918);
#3917 = CARTESIAN_POINT('',(-2.1,-4.55,0.203));
#3918 = VECTOR('',#3919,1.);
#3919 = DIRECTION('',(-0.,-1.,-0.));
#3920 = PLANE('',#3921);
#3921 = AXIS2_PLACEMENT_3D('',#3922,#3923,#3924);
#3922 = CARTESIAN_POINT('',(-2.1,-4.55,0.));
#3923 = DIRECTION('',(1.,-0.,-0.));
#3924 = DIRECTION('',(0.,0.,-1.));
#3925 = ADVANCED_FACE('',(#3926),#3942,.F.);
#3926 = FACE_BOUND('',#3927,.T.);
#3927 = EDGE_LOOP('',(#3928,#3934,#3935,#3941));
#3928 = ORIENTED_EDGE('',*,*,#3929,.F.);
#3929 = EDGE_CURVE('',#3850,#3890,#3930,.T.);
#3930 = LINE('',#3931,#3932);
#3931 = CARTESIAN_POINT('',(-2.3,-4.55,0.));
#3932 = VECTOR('',#3933,1.);
#3933 = DIRECTION('',(1.,-0.,-0.));
#3934 = ORIENTED_EDGE('',*,*,#3849,.T.);
#3935 = ORIENTED_EDGE('',*,*,#3936,.T.);
#3936 = EDGE_CURVE('',#3852,#3892,#3937,.T.);
#3937 = LINE('',#3938,#3939);
#3938 = CARTESIAN_POINT('',(-2.3,-4.55,0.203));
#3939 = VECTOR('',#3940,1.);
#3940 = DIRECTION('',(1.,-0.,-0.));
#3941 = ORIENTED_EDGE('',*,*,#3889,.F.);
#3942 = PLANE('',#3943);
#3943 = AXIS2_PLACEMENT_3D('',#3944,#3945,#3946);
#3944 = CARTESIAN_POINT('',(-2.3,-4.55,0.));
#3945 = DIRECTION('',(-0.,-1.,-0.));
#3946 = DIRECTION('',(0.,0.,-1.));
#3947 = ADVANCED_FACE('',(#3948),#3964,.T.);
#3948 = FACE_BOUND('',#3949,.F.);
#3949 = EDGE_LOOP('',(#3950,#3956,#3957,#3963));
#3950 = ORIENTED_EDGE('',*,*,#3951,.F.);
#3951 = EDGE_CURVE('',#3860,#3900,#3952,.T.);
#3952 = LINE('',#3953,#3954);
#3953 = CARTESIAN_POINT('',(-2.3,-5.35,0.));
#3954 = VECTOR('',#3955,1.);
#3955 = DIRECTION('',(1.,-0.,-0.));
#3956 = ORIENTED_EDGE('',*,*,#3867,.T.);
#3957 = ORIENTED_EDGE('',*,*,#3958,.T.);
#3958 = EDGE_CURVE('',#3868,#3908,#3959,.T.);
#3959 = LINE('',#3960,#3961);
#3960 = CARTESIAN_POINT('',(-2.3,-5.35,0.203));
#3961 = VECTOR('',#3962,1.);
#3962 = DIRECTION('',(1.,-0.,-0.));
#3963 = ORIENTED_EDGE('',*,*,#3907,.F.);
#3964 = PLANE('',#3965);
#3965 = AXIS2_PLACEMENT_3D('',#3966,#3967,#3968);
#3966 = CARTESIAN_POINT('',(-2.3,-5.35,0.));
#3967 = DIRECTION('',(-0.,-1.,-0.));
#3968 = DIRECTION('',(0.,0.,-1.));
#3969 = ADVANCED_FACE('',(#3970),#3976,.F.);
#3970 = FACE_BOUND('',#3971,.T.);
#3971 = EDGE_LOOP('',(#3972,#3973,#3974,#3975));
#3972 = ORIENTED_EDGE('',*,*,#3859,.F.);
#3973 = ORIENTED_EDGE('',*,*,#3929,.T.);
#3974 = ORIENTED_EDGE('',*,*,#3899,.T.);
#3975 = ORIENTED_EDGE('',*,*,#3951,.F.);
#3976 = PLANE('',#3977);
#3977 = AXIS2_PLACEMENT_3D('',#3978,#3979,#3980);
#3978 = CARTESIAN_POINT('',(-2.3,-4.55,0.));
#3979 = DIRECTION('',(-0.,-0.,1.));
#3980 = DIRECTION('',(-1.,0.,0.));
#3981 = ADVANCED_FACE('',(#3982),#3988,.T.);
#3982 = FACE_BOUND('',#3983,.F.);
#3983 = EDGE_LOOP('',(#3984,#3985,#3986,#3987));
#3984 = ORIENTED_EDGE('',*,*,#3875,.F.);
#3985 = ORIENTED_EDGE('',*,*,#3936,.T.);
#3986 = ORIENTED_EDGE('',*,*,#3915,.T.);
#3987 = ORIENTED_EDGE('',*,*,#3958,.F.);
#3988 = PLANE('',#3989);
#3989 = AXIS2_PLACEMENT_3D('',#3990,#3991,#3992);
#3990 = CARTESIAN_POINT('',(-2.3,-4.55,0.203));
#3991 = DIRECTION('',(-0.,-0.,1.));
#3992 = DIRECTION('',(-1.,0.,0.));
#3993 = MANIFOLD_SOLID_BREP('',#3994);
#3994 = CLOSED_SHELL('',(#3995,#4035,#4075,#4097,#4119,#4131));
#3995 = ADVANCED_FACE('',(#3996),#4030,.F.);
#3996 = FACE_BOUND('',#3997,.T.);
#3997 = EDGE_LOOP('',(#3998,#4008,#4016,#4024));
#3998 = ORIENTED_EDGE('',*,*,#3999,.F.);
#3999 = EDGE_CURVE('',#4000,#4002,#4004,.T.);
#4000 = VERTEX_POINT('',#4001);
#4001 = CARTESIAN_POINT('',(-1.9,-4.55,0.));
#4002 = VERTEX_POINT('',#4003);
#4003 = CARTESIAN_POINT('',(-1.9,-4.55,0.203));
#4004 = LINE('',#4005,#4006);
#4005 = CARTESIAN_POINT('',(-1.9,-4.55,0.));
#4006 = VECTOR('',#4007,1.);
#4007 = DIRECTION('',(-0.,-0.,1.));
#4008 = ORIENTED_EDGE('',*,*,#4009,.T.);
#4009 = EDGE_CURVE('',#4000,#4010,#4012,.T.);
#4010 = VERTEX_POINT('',#4011);
#4011 = CARTESIAN_POINT('',(-1.9,-5.35,0.));
#4012 = LINE('',#4013,#4014);
#4013 = CARTESIAN_POINT('',(-1.9,-4.55,0.));
#4014 = VECTOR('',#4015,1.);
#4015 = DIRECTION('',(-0.,-1.,-0.));
#4016 = ORIENTED_EDGE('',*,*,#4017,.T.);
#4017 = EDGE_CURVE('',#4010,#4018,#4020,.T.);
#4018 = VERTEX_POINT('',#4019);
#4019 = CARTESIAN_POINT('',(-1.9,-5.35,0.203));
#4020 = LINE('',#4021,#4022);
#4021 = CARTESIAN_POINT('',(-1.9,-5.35,0.));
#4022 = VECTOR('',#4023,1.);
#4023 = DIRECTION('',(-0.,-0.,1.));
#4024 = ORIENTED_EDGE('',*,*,#4025,.F.);
#4025 = EDGE_CURVE('',#4002,#4018,#4026,.T.);
#4026 = LINE('',#4027,#4028);
#4027 = CARTESIAN_POINT('',(-1.9,-4.55,0.203));
#4028 = VECTOR('',#4029,1.);
#4029 = DIRECTION('',(-0.,-1.,-0.));
#4030 = PLANE('',#4031);
#4031 = AXIS2_PLACEMENT_3D('',#4032,#4033,#4034);
#4032 = CARTESIAN_POINT('',(-1.9,-4.55,0.));
#4033 = DIRECTION('',(1.,-0.,-0.));
#4034 = DIRECTION('',(0.,0.,-1.));
#4035 = ADVANCED_FACE('',(#4036),#4070,.T.);
#4036 = FACE_BOUND('',#4037,.F.);
#4037 = EDGE_LOOP('',(#4038,#4048,#4056,#4064));
#4038 = ORIENTED_EDGE('',*,*,#4039,.F.);
#4039 = EDGE_CURVE('',#4040,#4042,#4044,.T.);
#4040 = VERTEX_POINT('',#4041);
#4041 = CARTESIAN_POINT('',(-1.7,-4.55,0.));
#4042 = VERTEX_POINT('',#4043);
#4043 = CARTESIAN_POINT('',(-1.7,-4.55,0.203));
#4044 = LINE('',#4045,#4046);
#4045 = CARTESIAN_POINT('',(-1.7,-4.55,0.));
#4046 = VECTOR('',#4047,1.);
#4047 = DIRECTION('',(-0.,-0.,1.));
#4048 = ORIENTED_EDGE('',*,*,#4049,.T.);
#4049 = EDGE_CURVE('',#4040,#4050,#4052,.T.);
#4050 = VERTEX_POINT('',#4051);
#4051 = CARTESIAN_POINT('',(-1.7,-5.35,0.));
#4052 = LINE('',#4053,#4054);
#4053 = CARTESIAN_POINT('',(-1.7,-4.55,0.));
#4054 = VECTOR('',#4055,1.);
#4055 = DIRECTION('',(-0.,-1.,-0.));
#4056 = ORIENTED_EDGE('',*,*,#4057,.T.);
#4057 = EDGE_CURVE('',#4050,#4058,#4060,.T.);
#4058 = VERTEX_POINT('',#4059);
#4059 = CARTESIAN_POINT('',(-1.7,-5.35,0.203));
#4060 = LINE('',#4061,#4062);
#4061 = CARTESIAN_POINT('',(-1.7,-5.35,0.));
#4062 = VECTOR('',#4063,1.);
#4063 = DIRECTION('',(-0.,-0.,1.));
#4064 = ORIENTED_EDGE('',*,*,#4065,.F.);
#4065 = EDGE_CURVE('',#4042,#4058,#4066,.T.);
#4066 = LINE('',#4067,#4068);
#4067 = CARTESIAN_POINT('',(-1.7,-4.55,0.203));
#4068 = VECTOR('',#4069,1.);
#4069 = DIRECTION('',(-0.,-1.,-0.));
#4070 = PLANE('',#4071);
#4071 = AXIS2_PLACEMENT_3D('',#4072,#4073,#4074);
#4072 = CARTESIAN_POINT('',(-1.7,-4.55,0.));
#4073 = DIRECTION('',(1.,-0.,-0.));
#4074 = DIRECTION('',(0.,0.,-1.));
#4075 = ADVANCED_FACE('',(#4076),#4092,.F.);
#4076 = FACE_BOUND('',#4077,.T.);
#4077 = EDGE_LOOP('',(#4078,#4084,#4085,#4091));
#4078 = ORIENTED_EDGE('',*,*,#4079,.F.);
#4079 = EDGE_CURVE('',#4000,#4040,#4080,.T.);
#4080 = LINE('',#4081,#4082);
#4081 = CARTESIAN_POINT('',(-1.9,-4.55,0.));
#4082 = VECTOR('',#4083,1.);
#4083 = DIRECTION('',(1.,-0.,-0.));
#4084 = ORIENTED_EDGE('',*,*,#3999,.T.);
#4085 = ORIENTED_EDGE('',*,*,#4086,.T.);
#4086 = EDGE_CURVE('',#4002,#4042,#4087,.T.);
#4087 = LINE('',#4088,#4089);
#4088 = CARTESIAN_POINT('',(-1.9,-4.55,0.203));
#4089 = VECTOR('',#4090,1.);
#4090 = DIRECTION('',(1.,-0.,-0.));
#4091 = ORIENTED_EDGE('',*,*,#4039,.F.);
#4092 = PLANE('',#4093);
#4093 = AXIS2_PLACEMENT_3D('',#4094,#4095,#4096);
#4094 = CARTESIAN_POINT('',(-1.9,-4.55,0.));
#4095 = DIRECTION('',(-0.,-1.,-0.));
#4096 = DIRECTION('',(0.,0.,-1.));
#4097 = ADVANCED_FACE('',(#4098),#4114,.T.);
#4098 = FACE_BOUND('',#4099,.F.);
#4099 = EDGE_LOOP('',(#4100,#4106,#4107,#4113));
#4100 = ORIENTED_EDGE('',*,*,#4101,.F.);
#4101 = EDGE_CURVE('',#4010,#4050,#4102,.T.);
#4102 = LINE('',#4103,#4104);
#4103 = CARTESIAN_POINT('',(-1.9,-5.35,0.));
#4104 = VECTOR('',#4105,1.);
#4105 = DIRECTION('',(1.,-0.,-0.));
#4106 = ORIENTED_EDGE('',*,*,#4017,.T.);
#4107 = ORIENTED_EDGE('',*,*,#4108,.T.);
#4108 = EDGE_CURVE('',#4018,#4058,#4109,.T.);
#4109 = LINE('',#4110,#4111);
#4110 = CARTESIAN_POINT('',(-1.9,-5.35,0.203));
#4111 = VECTOR('',#4112,1.);
#4112 = DIRECTION('',(1.,-0.,-0.));
#4113 = ORIENTED_EDGE('',*,*,#4057,.F.);
#4114 = PLANE('',#4115);
#4115 = AXIS2_PLACEMENT_3D('',#4116,#4117,#4118);
#4116 = CARTESIAN_POINT('',(-1.9,-5.35,0.));
#4117 = DIRECTION('',(-0.,-1.,-0.));
#4118 = DIRECTION('',(0.,0.,-1.));
#4119 = ADVANCED_FACE('',(#4120),#4126,.F.);
#4120 = FACE_BOUND('',#4121,.T.);
#4121 = EDGE_LOOP('',(#4122,#4123,#4124,#4125));
#4122 = ORIENTED_EDGE('',*,*,#4009,.F.);
#4123 = ORIENTED_EDGE('',*,*,#4079,.T.);
#4124 = ORIENTED_EDGE('',*,*,#4049,.T.);
#4125 = ORIENTED_EDGE('',*,*,#4101,.F.);
#4126 = PLANE('',#4127);
#4127 = AXIS2_PLACEMENT_3D('',#4128,#4129,#4130);
#4128 = CARTESIAN_POINT('',(-1.9,-4.55,0.));
#4129 = DIRECTION('',(-0.,-0.,1.));
#4130 = DIRECTION('',(-1.,0.,0.));
#4131 = ADVANCED_FACE('',(#4132),#4138,.T.);
#4132 = FACE_BOUND('',#4133,.F.);
#4133 = EDGE_LOOP('',(#4134,#4135,#4136,#4137));
#4134 = ORIENTED_EDGE('',*,*,#4025,.F.);
#4135 = ORIENTED_EDGE('',*,*,#4086,.T.);
#4136 = ORIENTED_EDGE('',*,*,#4065,.T.);
#4137 = ORIENTED_EDGE('',*,*,#4108,.F.);
#4138 = PLANE('',#4139);
#4139 = AXIS2_PLACEMENT_3D('',#4140,#4141,#4142);
#4140 = CARTESIAN_POINT('',(-1.9,-4.55,0.203));
#4141 = DIRECTION('',(-0.,-0.,1.));
#4142 = DIRECTION('',(-1.,0.,0.));
#4143 = MANIFOLD_SOLID_BREP('',#4144);
#4144 = CLOSED_SHELL('',(#4145,#4185,#4225,#4247,#4269,#4281));
#4145 = ADVANCED_FACE('',(#4146),#4180,.F.);
#4146 = FACE_BOUND('',#4147,.T.);
#4147 = EDGE_LOOP('',(#4148,#4158,#4166,#4174));
#4148 = ORIENTED_EDGE('',*,*,#4149,.F.);
#4149 = EDGE_CURVE('',#4150,#4152,#4154,.T.);
#4150 = VERTEX_POINT('',#4151);
#4151 = CARTESIAN_POINT('',(-1.5,-4.55,0.));
#4152 = VERTEX_POINT('',#4153);
#4153 = CARTESIAN_POINT('',(-1.5,-4.55,0.203));
#4154 = LINE('',#4155,#4156);
#4155 = CARTESIAN_POINT('',(-1.5,-4.55,0.));
#4156 = VECTOR('',#4157,1.);
#4157 = DIRECTION('',(-0.,-0.,1.));
#4158 = ORIENTED_EDGE('',*,*,#4159,.T.);
#4159 = EDGE_CURVE('',#4150,#4160,#4162,.T.);
#4160 = VERTEX_POINT('',#4161);
#4161 = CARTESIAN_POINT('',(-1.5,-5.35,0.));
#4162 = LINE('',#4163,#4164);
#4163 = CARTESIAN_POINT('',(-1.5,-4.55,0.));
#4164 = VECTOR('',#4165,1.);
#4165 = DIRECTION('',(-0.,-1.,-0.));
#4166 = ORIENTED_EDGE('',*,*,#4167,.T.);
#4167 = EDGE_CURVE('',#4160,#4168,#4170,.T.);
#4168 = VERTEX_POINT('',#4169);
#4169 = CARTESIAN_POINT('',(-1.5,-5.35,0.203));
#4170 = LINE('',#4171,#4172);
#4171 = CARTESIAN_POINT('',(-1.5,-5.35,0.));
#4172 = VECTOR('',#4173,1.);
#4173 = DIRECTION('',(-0.,-0.,1.));
#4174 = ORIENTED_EDGE('',*,*,#4175,.F.);
#4175 = EDGE_CURVE('',#4152,#4168,#4176,.T.);
#4176 = LINE('',#4177,#4178);
#4177 = CARTESIAN_POINT('',(-1.5,-4.55,0.203));
#4178 = VECTOR('',#4179,1.);
#4179 = DIRECTION('',(-0.,-1.,-0.));
#4180 = PLANE('',#4181);
#4181 = AXIS2_PLACEMENT_3D('',#4182,#4183,#4184);
#4182 = CARTESIAN_POINT('',(-1.5,-4.55,0.));
#4183 = DIRECTION('',(1.,-0.,-0.));
#4184 = DIRECTION('',(0.,0.,-1.));
#4185 = ADVANCED_FACE('',(#4186),#4220,.T.);
#4186 = FACE_BOUND('',#4187,.F.);
#4187 = EDGE_LOOP('',(#4188,#4198,#4206,#4214));
#4188 = ORIENTED_EDGE('',*,*,#4189,.F.);
#4189 = EDGE_CURVE('',#4190,#4192,#4194,.T.);
#4190 = VERTEX_POINT('',#4191);
#4191 = CARTESIAN_POINT('',(-1.3,-4.55,0.));
#4192 = VERTEX_POINT('',#4193);
#4193 = CARTESIAN_POINT('',(-1.3,-4.55,0.203));
#4194 = LINE('',#4195,#4196);
#4195 = CARTESIAN_POINT('',(-1.3,-4.55,0.));
#4196 = VECTOR('',#4197,1.);
#4197 = DIRECTION('',(-0.,-0.,1.));
#4198 = ORIENTED_EDGE('',*,*,#4199,.T.);
#4199 = EDGE_CURVE('',#4190,#4200,#4202,.T.);
#4200 = VERTEX_POINT('',#4201);
#4201 = CARTESIAN_POINT('',(-1.3,-5.35,0.));
#4202 = LINE('',#4203,#4204);
#4203 = CARTESIAN_POINT('',(-1.3,-4.55,0.));
#4204 = VECTOR('',#4205,1.);
#4205 = DIRECTION('',(-0.,-1.,-0.));
#4206 = ORIENTED_EDGE('',*,*,#4207,.T.);
#4207 = EDGE_CURVE('',#4200,#4208,#4210,.T.);
#4208 = VERTEX_POINT('',#4209);
#4209 = CARTESIAN_POINT('',(-1.3,-5.35,0.203));
#4210 = LINE('',#4211,#4212);
#4211 = CARTESIAN_POINT('',(-1.3,-5.35,0.));
#4212 = VECTOR('',#4213,1.);
#4213 = DIRECTION('',(-0.,-0.,1.));
#4214 = ORIENTED_EDGE('',*,*,#4215,.F.);
#4215 = EDGE_CURVE('',#4192,#4208,#4216,.T.);
#4216 = LINE('',#4217,#4218);
#4217 = CARTESIAN_POINT('',(-1.3,-4.55,0.203));
#4218 = VECTOR('',#4219,1.);
#4219 = DIRECTION('',(-0.,-1.,-0.));
#4220 = PLANE('',#4221);
#4221 = AXIS2_PLACEMENT_3D('',#4222,#4223,#4224);
#4222 = CARTESIAN_POINT('',(-1.3,-4.55,0.));
#4223 = DIRECTION('',(1.,-0.,-0.));
#4224 = DIRECTION('',(0.,0.,-1.));
#4225 = ADVANCED_FACE('',(#4226),#4242,.F.);
#4226 = FACE_BOUND('',#4227,.T.);
#4227 = EDGE_LOOP('',(#4228,#4234,#4235,#4241));
#4228 = ORIENTED_EDGE('',*,*,#4229,.F.);
#4229 = EDGE_CURVE('',#4150,#4190,#4230,.T.);
#4230 = LINE('',#4231,#4232);
#4231 = CARTESIAN_POINT('',(-1.5,-4.55,0.));
#4232 = VECTOR('',#4233,1.);
#4233 = DIRECTION('',(1.,-0.,-0.));
#4234 = ORIENTED_EDGE('',*,*,#4149,.T.);
#4235 = ORIENTED_EDGE('',*,*,#4236,.T.);
#4236 = EDGE_CURVE('',#4152,#4192,#4237,.T.);
#4237 = LINE('',#4238,#4239);
#4238 = CARTESIAN_POINT('',(-1.5,-4.55,0.203));
#4239 = VECTOR('',#4240,1.);
#4240 = DIRECTION('',(1.,-0.,-0.));
#4241 = ORIENTED_EDGE('',*,*,#4189,.F.);
#4242 = PLANE('',#4243);
#4243 = AXIS2_PLACEMENT_3D('',#4244,#4245,#4246);
#4244 = CARTESIAN_POINT('',(-1.5,-4.55,0.));
#4245 = DIRECTION('',(-0.,-1.,-0.));
#4246 = DIRECTION('',(0.,0.,-1.));
#4247 = ADVANCED_FACE('',(#4248),#4264,.T.);
#4248 = FACE_BOUND('',#4249,.F.);
#4249 = EDGE_LOOP('',(#4250,#4256,#4257,#4263));
#4250 = ORIENTED_EDGE('',*,*,#4251,.F.);
#4251 = EDGE_CURVE('',#4160,#4200,#4252,.T.);
#4252 = LINE('',#4253,#4254);
#4253 = CARTESIAN_POINT('',(-1.5,-5.35,0.));
#4254 = VECTOR('',#4255,1.);
#4255 = DIRECTION('',(1.,-0.,-0.));
#4256 = ORIENTED_EDGE('',*,*,#4167,.T.);
#4257 = ORIENTED_EDGE('',*,*,#4258,.T.);
#4258 = EDGE_CURVE('',#4168,#4208,#4259,.T.);
#4259 = LINE('',#4260,#4261);
#4260 = CARTESIAN_POINT('',(-1.5,-5.35,0.203));
#4261 = VECTOR('',#4262,1.);
#4262 = DIRECTION('',(1.,-0.,-0.));
#4263 = ORIENTED_EDGE('',*,*,#4207,.F.);
#4264 = PLANE('',#4265);
#4265 = AXIS2_PLACEMENT_3D('',#4266,#4267,#4268);
#4266 = CARTESIAN_POINT('',(-1.5,-5.35,0.));
#4267 = DIRECTION('',(-0.,-1.,-0.));
#4268 = DIRECTION('',(0.,0.,-1.));
#4269 = ADVANCED_FACE('',(#4270),#4276,.F.);
#4270 = FACE_BOUND('',#4271,.T.);
#4271 = EDGE_LOOP('',(#4272,#4273,#4274,#4275));
#4272 = ORIENTED_EDGE('',*,*,#4159,.F.);
#4273 = ORIENTED_EDGE('',*,*,#4229,.T.);
#4274 = ORIENTED_EDGE('',*,*,#4199,.T.);
#4275 = ORIENTED_EDGE('',*,*,#4251,.F.);
#4276 = PLANE('',#4277);
#4277 = AXIS2_PLACEMENT_3D('',#4278,#4279,#4280);
#4278 = CARTESIAN_POINT('',(-1.5,-4.55,0.));
#4279 = DIRECTION('',(-0.,-0.,1.));
#4280 = DIRECTION('',(-1.,0.,0.));
#4281 = ADVANCED_FACE('',(#4282),#4288,.T.);
#4282 = FACE_BOUND('',#4283,.F.);
#4283 = EDGE_LOOP('',(#4284,#4285,#4286,#4287));
#4284 = ORIENTED_EDGE('',*,*,#4175,.F.);
#4285 = ORIENTED_EDGE('',*,*,#4236,.T.);
#4286 = ORIENTED_EDGE('',*,*,#4215,.T.);
#4287 = ORIENTED_EDGE('',*,*,#4258,.F.);
#4288 = PLANE('',#4289);
#4289 = AXIS2_PLACEMENT_3D('',#4290,#4291,#4292);
#4290 = CARTESIAN_POINT('',(-1.5,-4.55,0.203));
#4291 = DIRECTION('',(-0.,-0.,1.));
#4292 = DIRECTION('',(-1.,0.,0.));
#4293 = MANIFOLD_SOLID_BREP('',#4294);
#4294 = CLOSED_SHELL('',(#4295,#4335,#4375,#4397,#4419,#4431));
#4295 = ADVANCED_FACE('',(#4296),#4330,.F.);
#4296 = FACE_BOUND('',#4297,.T.);
#4297 = EDGE_LOOP('',(#4298,#4308,#4316,#4324));
#4298 = ORIENTED_EDGE('',*,*,#4299,.F.);
#4299 = EDGE_CURVE('',#4300,#4302,#4304,.T.);
#4300 = VERTEX_POINT('',#4301);
#4301 = CARTESIAN_POINT('',(-1.1,-4.55,0.));
#4302 = VERTEX_POINT('',#4303);
#4303 = CARTESIAN_POINT('',(-1.1,-4.55,0.203));
#4304 = LINE('',#4305,#4306);
#4305 = CARTESIAN_POINT('',(-1.1,-4.55,0.));
#4306 = VECTOR('',#4307,1.);
#4307 = DIRECTION('',(-0.,-0.,1.));
#4308 = ORIENTED_EDGE('',*,*,#4309,.T.);
#4309 = EDGE_CURVE('',#4300,#4310,#4312,.T.);
#4310 = VERTEX_POINT('',#4311);
#4311 = CARTESIAN_POINT('',(-1.1,-5.35,0.));
#4312 = LINE('',#4313,#4314);
#4313 = CARTESIAN_POINT('',(-1.1,-4.55,0.));
#4314 = VECTOR('',#4315,1.);
#4315 = DIRECTION('',(-0.,-1.,-0.));
#4316 = ORIENTED_EDGE('',*,*,#4317,.T.);
#4317 = EDGE_CURVE('',#4310,#4318,#4320,.T.);
#4318 = VERTEX_POINT('',#4319);
#4319 = CARTESIAN_POINT('',(-1.1,-5.35,0.203));
#4320 = LINE('',#4321,#4322);
#4321 = CARTESIAN_POINT('',(-1.1,-5.35,0.));
#4322 = VECTOR('',#4323,1.);
#4323 = DIRECTION('',(-0.,-0.,1.));
#4324 = ORIENTED_EDGE('',*,*,#4325,.F.);
#4325 = EDGE_CURVE('',#4302,#4318,#4326,.T.);
#4326 = LINE('',#4327,#4328);
#4327 = CARTESIAN_POINT('',(-1.1,-4.55,0.203));
#4328 = VECTOR('',#4329,1.);
#4329 = DIRECTION('',(-0.,-1.,-0.));
#4330 = PLANE('',#4331);
#4331 = AXIS2_PLACEMENT_3D('',#4332,#4333,#4334);
#4332 = CARTESIAN_POINT('',(-1.1,-4.55,0.));
#4333 = DIRECTION('',(1.,-0.,-0.));
#4334 = DIRECTION('',(0.,0.,-1.));
#4335 = ADVANCED_FACE('',(#4336),#4370,.T.);
#4336 = FACE_BOUND('',#4337,.F.);
#4337 = EDGE_LOOP('',(#4338,#4348,#4356,#4364));
#4338 = ORIENTED_EDGE('',*,*,#4339,.F.);
#4339 = EDGE_CURVE('',#4340,#4342,#4344,.T.);
#4340 = VERTEX_POINT('',#4341);
#4341 = CARTESIAN_POINT('',(-0.9,-4.55,0.));
#4342 = VERTEX_POINT('',#4343);
#4343 = CARTESIAN_POINT('',(-0.9,-4.55,0.203));
#4344 = LINE('',#4345,#4346);
#4345 = CARTESIAN_POINT('',(-0.9,-4.55,0.));
#4346 = VECTOR('',#4347,1.);
#4347 = DIRECTION('',(-0.,-0.,1.));
#4348 = ORIENTED_EDGE('',*,*,#4349,.T.);
#4349 = EDGE_CURVE('',#4340,#4350,#4352,.T.);
#4350 = VERTEX_POINT('',#4351);
#4351 = CARTESIAN_POINT('',(-0.9,-5.35,0.));
#4352 = LINE('',#4353,#4354);
#4353 = CARTESIAN_POINT('',(-0.9,-4.55,0.));
#4354 = VECTOR('',#4355,1.);
#4355 = DIRECTION('',(-0.,-1.,-0.));
#4356 = ORIENTED_EDGE('',*,*,#4357,.T.);
#4357 = EDGE_CURVE('',#4350,#4358,#4360,.T.);
#4358 = VERTEX_POINT('',#4359);
#4359 = CARTESIAN_POINT('',(-0.9,-5.35,0.203));
#4360 = LINE('',#4361,#4362);
#4361 = CARTESIAN_POINT('',(-0.9,-5.35,0.));
#4362 = VECTOR('',#4363,1.);
#4363 = DIRECTION('',(-0.,-0.,1.));
#4364 = ORIENTED_EDGE('',*,*,#4365,.F.);
#4365 = EDGE_CURVE('',#4342,#4358,#4366,.T.);
#4366 = LINE('',#4367,#4368);
#4367 = CARTESIAN_POINT('',(-0.9,-4.55,0.203));
#4368 = VECTOR('',#4369,1.);
#4369 = DIRECTION('',(-0.,-1.,-0.));
#4370 = PLANE('',#4371);
#4371 = AXIS2_PLACEMENT_3D('',#4372,#4373,#4374);
#4372 = CARTESIAN_POINT('',(-0.9,-4.55,0.));
#4373 = DIRECTION('',(1.,-0.,-0.));
#4374 = DIRECTION('',(0.,0.,-1.));
#4375 = ADVANCED_FACE('',(#4376),#4392,.F.);
#4376 = FACE_BOUND('',#4377,.T.);
#4377 = EDGE_LOOP('',(#4378,#4384,#4385,#4391));
#4378 = ORIENTED_EDGE('',*,*,#4379,.F.);
#4379 = EDGE_CURVE('',#4300,#4340,#4380,.T.);
#4380 = LINE('',#4381,#4382);
#4381 = CARTESIAN_POINT('',(-1.1,-4.55,0.));
#4382 = VECTOR('',#4383,1.);
#4383 = DIRECTION('',(1.,-0.,-0.));
#4384 = ORIENTED_EDGE('',*,*,#4299,.T.);
#4385 = ORIENTED_EDGE('',*,*,#4386,.T.);
#4386 = EDGE_CURVE('',#4302,#4342,#4387,.T.);
#4387 = LINE('',#4388,#4389);
#4388 = CARTESIAN_POINT('',(-1.1,-4.55,0.203));
#4389 = VECTOR('',#4390,1.);
#4390 = DIRECTION('',(1.,-0.,-0.));
#4391 = ORIENTED_EDGE('',*,*,#4339,.F.);
#4392 = PLANE('',#4393);
#4393 = AXIS2_PLACEMENT_3D('',#4394,#4395,#4396);
#4394 = CARTESIAN_POINT('',(-1.1,-4.55,0.));
#4395 = DIRECTION('',(-0.,-1.,-0.));
#4396 = DIRECTION('',(0.,0.,-1.));
#4397 = ADVANCED_FACE('',(#4398),#4414,.T.);
#4398 = FACE_BOUND('',#4399,.F.);
#4399 = EDGE_LOOP('',(#4400,#4406,#4407,#4413));
#4400 = ORIENTED_EDGE('',*,*,#4401,.F.);
#4401 = EDGE_CURVE('',#4310,#4350,#4402,.T.);
#4402 = LINE('',#4403,#4404);
#4403 = CARTESIAN_POINT('',(-1.1,-5.35,0.));
#4404 = VECTOR('',#4405,1.);
#4405 = DIRECTION('',(1.,-0.,-0.));
#4406 = ORIENTED_EDGE('',*,*,#4317,.T.);
#4407 = ORIENTED_EDGE('',*,*,#4408,.T.);
#4408 = EDGE_CURVE('',#4318,#4358,#4409,.T.);
#4409 = LINE('',#4410,#4411);
#4410 = CARTESIAN_POINT('',(-1.1,-5.35,0.203));
#4411 = VECTOR('',#4412,1.);
#4412 = DIRECTION('',(1.,-0.,-0.));
#4413 = ORIENTED_EDGE('',*,*,#4357,.F.);
#4414 = PLANE('',#4415);
#4415 = AXIS2_PLACEMENT_3D('',#4416,#4417,#4418);
#4416 = CARTESIAN_POINT('',(-1.1,-5.35,0.));
#4417 = DIRECTION('',(-0.,-1.,-0.));
#4418 = DIRECTION('',(0.,0.,-1.));
#4419 = ADVANCED_FACE('',(#4420),#4426,.F.);
#4420 = FACE_BOUND('',#4421,.T.);
#4421 = EDGE_LOOP('',(#4422,#4423,#4424,#4425));
#4422 = ORIENTED_EDGE('',*,*,#4309,.F.);
#4423 = ORIENTED_EDGE('',*,*,#4379,.T.);
#4424 = ORIENTED_EDGE('',*,*,#4349,.T.);
#4425 = ORIENTED_EDGE('',*,*,#4401,.F.);
#4426 = PLANE('',#4427);
#4427 = AXIS2_PLACEMENT_3D('',#4428,#4429,#4430);
#4428 = CARTESIAN_POINT('',(-1.1,-4.55,0.));
#4429 = DIRECTION('',(-0.,-0.,1.));
#4430 = DIRECTION('',(-1.,0.,0.));
#4431 = ADVANCED_FACE('',(#4432),#4438,.T.);
#4432 = FACE_BOUND('',#4433,.F.);
#4433 = EDGE_LOOP('',(#4434,#4435,#4436,#4437));
#4434 = ORIENTED_EDGE('',*,*,#4325,.F.);
#4435 = ORIENTED_EDGE('',*,*,#4386,.T.);
#4436 = ORIENTED_EDGE('',*,*,#4365,.T.);
#4437 = ORIENTED_EDGE('',*,*,#4408,.F.);
#4438 = PLANE('',#4439);
#4439 = AXIS2_PLACEMENT_3D('',#4440,#4441,#4442);
#4440 = CARTESIAN_POINT('',(-1.1,-4.55,0.203));
#4441 = DIRECTION('',(-0.,-0.,1.));
#4442 = DIRECTION('',(-1.,0.,0.));
#4443 = MANIFOLD_SOLID_BREP('',#4444);
#4444 = CLOSED_SHELL('',(#4445,#4485,#4525,#4547,#4569,#4581));
#4445 = ADVANCED_FACE('',(#4446),#4480,.F.);
#4446 = FACE_BOUND('',#4447,.T.);
#4447 = EDGE_LOOP('',(#4448,#4458,#4466,#4474));
#4448 = ORIENTED_EDGE('',*,*,#4449,.F.);
#4449 = EDGE_CURVE('',#4450,#4452,#4454,.T.);
#4450 = VERTEX_POINT('',#4451);
#4451 = CARTESIAN_POINT('',(-0.7,-4.55,0.));
#4452 = VERTEX_POINT('',#4453);
#4453 = CARTESIAN_POINT('',(-0.7,-4.55,0.203));
#4454 = LINE('',#4455,#4456);
#4455 = CARTESIAN_POINT('',(-0.7,-4.55,0.));
#4456 = VECTOR('',#4457,1.);
#4457 = DIRECTION('',(-0.,-0.,1.));
#4458 = ORIENTED_EDGE('',*,*,#4459,.T.);
#4459 = EDGE_CURVE('',#4450,#4460,#4462,.T.);
#4460 = VERTEX_POINT('',#4461);
#4461 = CARTESIAN_POINT('',(-0.7,-5.35,0.));
#4462 = LINE('',#4463,#4464);
#4463 = CARTESIAN_POINT('',(-0.7,-4.55,0.));
#4464 = VECTOR('',#4465,1.);
#4465 = DIRECTION('',(-0.,-1.,-0.));
#4466 = ORIENTED_EDGE('',*,*,#4467,.T.);
#4467 = EDGE_CURVE('',#4460,#4468,#4470,.T.);
#4468 = VERTEX_POINT('',#4469);
#4469 = CARTESIAN_POINT('',(-0.7,-5.35,0.203));
#4470 = LINE('',#4471,#4472);
#4471 = CARTESIAN_POINT('',(-0.7,-5.35,0.));
#4472 = VECTOR('',#4473,1.);
#4473 = DIRECTION('',(-0.,-0.,1.));
#4474 = ORIENTED_EDGE('',*,*,#4475,.F.);
#4475 = EDGE_CURVE('',#4452,#4468,#4476,.T.);
#4476 = LINE('',#4477,#4478);
#4477 = CARTESIAN_POINT('',(-0.7,-4.55,0.203));
#4478 = VECTOR('',#4479,1.);
#4479 = DIRECTION('',(-0.,-1.,-0.));
#4480 = PLANE('',#4481);
#4481 = AXIS2_PLACEMENT_3D('',#4482,#4483,#4484);
#4482 = CARTESIAN_POINT('',(-0.7,-4.55,0.));
#4483 = DIRECTION('',(1.,-0.,-0.));
#4484 = DIRECTION('',(0.,0.,-1.));
#4485 = ADVANCED_FACE('',(#4486),#4520,.T.);
#4486 = FACE_BOUND('',#4487,.F.);
#4487 = EDGE_LOOP('',(#4488,#4498,#4506,#4514));
#4488 = ORIENTED_EDGE('',*,*,#4489,.F.);
#4489 = EDGE_CURVE('',#4490,#4492,#4494,.T.);
#4490 = VERTEX_POINT('',#4491);
#4491 = CARTESIAN_POINT('',(-0.5,-4.55,0.));
#4492 = VERTEX_POINT('',#4493);
#4493 = CARTESIAN_POINT('',(-0.5,-4.55,0.203));
#4494 = LINE('',#4495,#4496);
#4495 = CARTESIAN_POINT('',(-0.5,-4.55,0.));
#4496 = VECTOR('',#4497,1.);
#4497 = DIRECTION('',(-0.,-0.,1.));
#4498 = ORIENTED_EDGE('',*,*,#4499,.T.);
#4499 = EDGE_CURVE('',#4490,#4500,#4502,.T.);
#4500 = VERTEX_POINT('',#4501);
#4501 = CARTESIAN_POINT('',(-0.5,-5.35,0.));
#4502 = LINE('',#4503,#4504);
#4503 = CARTESIAN_POINT('',(-0.5,-4.55,0.));
#4504 = VECTOR('',#4505,1.);
#4505 = DIRECTION('',(-0.,-1.,-0.));
#4506 = ORIENTED_EDGE('',*,*,#4507,.T.);
#4507 = EDGE_CURVE('',#4500,#4508,#4510,.T.);
#4508 = VERTEX_POINT('',#4509);
#4509 = CARTESIAN_POINT('',(-0.5,-5.35,0.203));
#4510 = LINE('',#4511,#4512);
#4511 = CARTESIAN_POINT('',(-0.5,-5.35,0.));
#4512 = VECTOR('',#4513,1.);
#4513 = DIRECTION('',(-0.,-0.,1.));
#4514 = ORIENTED_EDGE('',*,*,#4515,.F.);
#4515 = EDGE_CURVE('',#4492,#4508,#4516,.T.);
#4516 = LINE('',#4517,#4518);
#4517 = CARTESIAN_POINT('',(-0.5,-4.55,0.203));
#4518 = VECTOR('',#4519,1.);
#4519 = DIRECTION('',(-0.,-1.,-0.));
#4520 = PLANE('',#4521);
#4521 = AXIS2_PLACEMENT_3D('',#4522,#4523,#4524);
#4522 = CARTESIAN_POINT('',(-0.5,-4.55,0.));
#4523 = DIRECTION('',(1.,-0.,-0.));
#4524 = DIRECTION('',(0.,0.,-1.));
#4525 = ADVANCED_FACE('',(#4526),#4542,.F.);
#4526 = FACE_BOUND('',#4527,.T.);
#4527 = EDGE_LOOP('',(#4528,#4534,#4535,#4541));
#4528 = ORIENTED_EDGE('',*,*,#4529,.F.);
#4529 = EDGE_CURVE('',#4450,#4490,#4530,.T.);
#4530 = LINE('',#4531,#4532);
#4531 = CARTESIAN_POINT('',(-0.7,-4.55,0.));
#4532 = VECTOR('',#4533,1.);
#4533 = DIRECTION('',(1.,-0.,-0.));
#4534 = ORIENTED_EDGE('',*,*,#4449,.T.);
#4535 = ORIENTED_EDGE('',*,*,#4536,.T.);
#4536 = EDGE_CURVE('',#4452,#4492,#4537,.T.);
#4537 = LINE('',#4538,#4539);
#4538 = CARTESIAN_POINT('',(-0.7,-4.55,0.203));
#4539 = VECTOR('',#4540,1.);
#4540 = DIRECTION('',(1.,-0.,-0.));
#4541 = ORIENTED_EDGE('',*,*,#4489,.F.);
#4542 = PLANE('',#4543);
#4543 = AXIS2_PLACEMENT_3D('',#4544,#4545,#4546);
#4544 = CARTESIAN_POINT('',(-0.7,-4.55,0.));
#4545 = DIRECTION('',(-0.,-1.,-0.));
#4546 = DIRECTION('',(0.,0.,-1.));
#4547 = ADVANCED_FACE('',(#4548),#4564,.T.);
#4548 = FACE_BOUND('',#4549,.F.);
#4549 = EDGE_LOOP('',(#4550,#4556,#4557,#4563));
#4550 = ORIENTED_EDGE('',*,*,#4551,.F.);
#4551 = EDGE_CURVE('',#4460,#4500,#4552,.T.);
#4552 = LINE('',#4553,#4554);
#4553 = CARTESIAN_POINT('',(-0.7,-5.35,0.));
#4554 = VECTOR('',#4555,1.);
#4555 = DIRECTION('',(1.,-0.,-0.));
#4556 = ORIENTED_EDGE('',*,*,#4467,.T.);
#4557 = ORIENTED_EDGE('',*,*,#4558,.T.);
#4558 = EDGE_CURVE('',#4468,#4508,#4559,.T.);
#4559 = LINE('',#4560,#4561);
#4560 = CARTESIAN_POINT('',(-0.7,-5.35,0.203));
#4561 = VECTOR('',#4562,1.);
#4562 = DIRECTION('',(1.,-0.,-0.));
#4563 = ORIENTED_EDGE('',*,*,#4507,.F.);
#4564 = PLANE('',#4565);
#4565 = AXIS2_PLACEMENT_3D('',#4566,#4567,#4568);
#4566 = CARTESIAN_POINT('',(-0.7,-5.35,0.));
#4567 = DIRECTION('',(-0.,-1.,-0.));
#4568 = DIRECTION('',(0.,0.,-1.));
#4569 = ADVANCED_FACE('',(#4570),#4576,.F.);
#4570 = FACE_BOUND('',#4571,.T.);
#4571 = EDGE_LOOP('',(#4572,#4573,#4574,#4575));
#4572 = ORIENTED_EDGE('',*,*,#4459,.F.);
#4573 = ORIENTED_EDGE('',*,*,#4529,.T.);
#4574 = ORIENTED_EDGE('',*,*,#4499,.T.);
#4575 = ORIENTED_EDGE('',*,*,#4551,.F.);
#4576 = PLANE('',#4577);
#4577 = AXIS2_PLACEMENT_3D('',#4578,#4579,#4580);
#4578 = CARTESIAN_POINT('',(-0.7,-4.55,0.));
#4579 = DIRECTION('',(-0.,-0.,1.));
#4580 = DIRECTION('',(-1.,0.,0.));
#4581 = ADVANCED_FACE('',(#4582),#4588,.T.);
#4582 = FACE_BOUND('',#4583,.F.);
#4583 = EDGE_LOOP('',(#4584,#4585,#4586,#4587));
#4584 = ORIENTED_EDGE('',*,*,#4475,.F.);
#4585 = ORIENTED_EDGE('',*,*,#4536,.T.);
#4586 = ORIENTED_EDGE('',*,*,#4515,.T.);
#4587 = ORIENTED_EDGE('',*,*,#4558,.F.);
#4588 = PLANE('',#4589);
#4589 = AXIS2_PLACEMENT_3D('',#4590,#4591,#4592);
#4590 = CARTESIAN_POINT('',(-0.7,-4.55,0.203));
#4591 = DIRECTION('',(-0.,-0.,1.));
#4592 = DIRECTION('',(-1.,0.,0.));
#4593 = MANIFOLD_SOLID_BREP('',#4594);
#4594 = CLOSED_SHELL('',(#4595,#4635,#4675,#4697,#4719,#4731));
#4595 = ADVANCED_FACE('',(#4596),#4630,.F.);
#4596 = FACE_BOUND('',#4597,.T.);
#4597 = EDGE_LOOP('',(#4598,#4608,#4616,#4624));
#4598 = ORIENTED_EDGE('',*,*,#4599,.F.);
#4599 = EDGE_CURVE('',#4600,#4602,#4604,.T.);
#4600 = VERTEX_POINT('',#4601);
#4601 = CARTESIAN_POINT('',(-0.3,-4.55,0.));
#4602 = VERTEX_POINT('',#4603);
#4603 = CARTESIAN_POINT('',(-0.3,-4.55,0.203));
#4604 = LINE('',#4605,#4606);
#4605 = CARTESIAN_POINT('',(-0.3,-4.55,0.));
#4606 = VECTOR('',#4607,1.);
#4607 = DIRECTION('',(-0.,-0.,1.));
#4608 = ORIENTED_EDGE('',*,*,#4609,.T.);
#4609 = EDGE_CURVE('',#4600,#4610,#4612,.T.);
#4610 = VERTEX_POINT('',#4611);
#4611 = CARTESIAN_POINT('',(-0.3,-5.35,0.));
#4612 = LINE('',#4613,#4614);
#4613 = CARTESIAN_POINT('',(-0.3,-4.55,0.));
#4614 = VECTOR('',#4615,1.);
#4615 = DIRECTION('',(-0.,-1.,-0.));
#4616 = ORIENTED_EDGE('',*,*,#4617,.T.);
#4617 = EDGE_CURVE('',#4610,#4618,#4620,.T.);
#4618 = VERTEX_POINT('',#4619);
#4619 = CARTESIAN_POINT('',(-0.3,-5.35,0.203));
#4620 = LINE('',#4621,#4622);
#4621 = CARTESIAN_POINT('',(-0.3,-5.35,0.));
#4622 = VECTOR('',#4623,1.);
#4623 = DIRECTION('',(-0.,-0.,1.));
#4624 = ORIENTED_EDGE('',*,*,#4625,.F.);
#4625 = EDGE_CURVE('',#4602,#4618,#4626,.T.);
#4626 = LINE('',#4627,#4628);
#4627 = CARTESIAN_POINT('',(-0.3,-4.55,0.203));
#4628 = VECTOR('',#4629,1.);
#4629 = DIRECTION('',(-0.,-1.,-0.));
#4630 = PLANE('',#4631);
#4631 = AXIS2_PLACEMENT_3D('',#4632,#4633,#4634);
#4632 = CARTESIAN_POINT('',(-0.3,-4.55,0.));
#4633 = DIRECTION('',(1.,-0.,-0.));
#4634 = DIRECTION('',(0.,0.,-1.));
#4635 = ADVANCED_FACE('',(#4636),#4670,.T.);
#4636 = FACE_BOUND('',#4637,.F.);
#4637 = EDGE_LOOP('',(#4638,#4648,#4656,#4664));
#4638 = ORIENTED_EDGE('',*,*,#4639,.F.);
#4639 = EDGE_CURVE('',#4640,#4642,#4644,.T.);
#4640 = VERTEX_POINT('',#4641);
#4641 = CARTESIAN_POINT('',(-0.1,-4.55,0.));
#4642 = VERTEX_POINT('',#4643);
#4643 = CARTESIAN_POINT('',(-0.1,-4.55,0.203));
#4644 = LINE('',#4645,#4646);
#4645 = CARTESIAN_POINT('',(-0.1,-4.55,0.));
#4646 = VECTOR('',#4647,1.);
#4647 = DIRECTION('',(-0.,-0.,1.));
#4648 = ORIENTED_EDGE('',*,*,#4649,.T.);
#4649 = EDGE_CURVE('',#4640,#4650,#4652,.T.);
#4650 = VERTEX_POINT('',#4651);
#4651 = CARTESIAN_POINT('',(-0.1,-5.35,0.));
#4652 = LINE('',#4653,#4654);
#4653 = CARTESIAN_POINT('',(-0.1,-4.55,0.));
#4654 = VECTOR('',#4655,1.);
#4655 = DIRECTION('',(-0.,-1.,-0.));
#4656 = ORIENTED_EDGE('',*,*,#4657,.T.);
#4657 = EDGE_CURVE('',#4650,#4658,#4660,.T.);
#4658 = VERTEX_POINT('',#4659);
#4659 = CARTESIAN_POINT('',(-0.1,-5.35,0.203));
#4660 = LINE('',#4661,#4662);
#4661 = CARTESIAN_POINT('',(-0.1,-5.35,0.));
#4662 = VECTOR('',#4663,1.);
#4663 = DIRECTION('',(-0.,-0.,1.));
#4664 = ORIENTED_EDGE('',*,*,#4665,.F.);
#4665 = EDGE_CURVE('',#4642,#4658,#4666,.T.);
#4666 = LINE('',#4667,#4668);
#4667 = CARTESIAN_POINT('',(-0.1,-4.55,0.203));
#4668 = VECTOR('',#4669,1.);
#4669 = DIRECTION('',(-0.,-1.,-0.));
#4670 = PLANE('',#4671);
#4671 = AXIS2_PLACEMENT_3D('',#4672,#4673,#4674);
#4672 = CARTESIAN_POINT('',(-0.1,-4.55,0.));
#4673 = DIRECTION('',(1.,-0.,-0.));
#4674 = DIRECTION('',(0.,0.,-1.));
#4675 = ADVANCED_FACE('',(#4676),#4692,.F.);
#4676 = FACE_BOUND('',#4677,.T.);
#4677 = EDGE_LOOP('',(#4678,#4684,#4685,#4691));
#4678 = ORIENTED_EDGE('',*,*,#4679,.F.);
#4679 = EDGE_CURVE('',#4600,#4640,#4680,.T.);
#4680 = LINE('',#4681,#4682);
#4681 = CARTESIAN_POINT('',(-0.3,-4.55,0.));
#4682 = VECTOR('',#4683,1.);
#4683 = DIRECTION('',(1.,-0.,-0.));
#4684 = ORIENTED_EDGE('',*,*,#4599,.T.);
#4685 = ORIENTED_EDGE('',*,*,#4686,.T.);
#4686 = EDGE_CURVE('',#4602,#4642,#4687,.T.);
#4687 = LINE('',#4688,#4689);
#4688 = CARTESIAN_POINT('',(-0.3,-4.55,0.203));
#4689 = VECTOR('',#4690,1.);
#4690 = DIRECTION('',(1.,-0.,-0.));
#4691 = ORIENTED_EDGE('',*,*,#4639,.F.);
#4692 = PLANE('',#4693);
#4693 = AXIS2_PLACEMENT_3D('',#4694,#4695,#4696);
#4694 = CARTESIAN_POINT('',(-0.3,-4.55,0.));
#4695 = DIRECTION('',(-0.,-1.,-0.));
#4696 = DIRECTION('',(0.,0.,-1.));
#4697 = ADVANCED_FACE('',(#4698),#4714,.T.);
#4698 = FACE_BOUND('',#4699,.F.);
#4699 = EDGE_LOOP('',(#4700,#4706,#4707,#4713));
#4700 = ORIENTED_EDGE('',*,*,#4701,.F.);
#4701 = EDGE_CURVE('',#4610,#4650,#4702,.T.);
#4702 = LINE('',#4703,#4704);
#4703 = CARTESIAN_POINT('',(-0.3,-5.35,0.));
#4704 = VECTOR('',#4705,1.);
#4705 = DIRECTION('',(1.,-0.,-0.));
#4706 = ORIENTED_EDGE('',*,*,#4617,.T.);
#4707 = ORIENTED_EDGE('',*,*,#4708,.T.);
#4708 = EDGE_CURVE('',#4618,#4658,#4709,.T.);
#4709 = LINE('',#4710,#4711);
#4710 = CARTESIAN_POINT('',(-0.3,-5.35,0.203));
#4711 = VECTOR('',#4712,1.);
#4712 = DIRECTION('',(1.,-0.,-0.));
#4713 = ORIENTED_EDGE('',*,*,#4657,.F.);
#4714 = PLANE('',#4715);
#4715 = AXIS2_PLACEMENT_3D('',#4716,#4717,#4718);
#4716 = CARTESIAN_POINT('',(-0.3,-5.35,0.));
#4717 = DIRECTION('',(-0.,-1.,-0.));
#4718 = DIRECTION('',(0.,0.,-1.));
#4719 = ADVANCED_FACE('',(#4720),#4726,.F.);
#4720 = FACE_BOUND('',#4721,.T.);
#4721 = EDGE_LOOP('',(#4722,#4723,#4724,#4725));
#4722 = ORIENTED_EDGE('',*,*,#4609,.F.);
#4723 = ORIENTED_EDGE('',*,*,#4679,.T.);
#4724 = ORIENTED_EDGE('',*,*,#4649,.T.);
#4725 = ORIENTED_EDGE('',*,*,#4701,.F.);
#4726 = PLANE('',#4727);
#4727 = AXIS2_PLACEMENT_3D('',#4728,#4729,#4730);
#4728 = CARTESIAN_POINT('',(-0.3,-4.55,0.));
#4729 = DIRECTION('',(-0.,-0.,1.));
#4730 = DIRECTION('',(-1.,0.,0.));
#4731 = ADVANCED_FACE('',(#4732),#4738,.T.);
#4732 = FACE_BOUND('',#4733,.F.);
#4733 = EDGE_LOOP('',(#4734,#4735,#4736,#4737));
#4734 = ORIENTED_EDGE('',*,*,#4625,.F.);
#4735 = ORIENTED_EDGE('',*,*,#4686,.T.);
#4736 = ORIENTED_EDGE('',*,*,#4665,.T.);
#4737 = ORIENTED_EDGE('',*,*,#4708,.F.);
#4738 = PLANE('',#4739);
#4739 = AXIS2_PLACEMENT_3D('',#4740,#4741,#4742);
#4740 = CARTESIAN_POINT('',(-0.3,-4.55,0.203));
#4741 = DIRECTION('',(-0.,-0.,1.));
#4742 = DIRECTION('',(-1.,0.,0.));
#4743 = MANIFOLD_SOLID_BREP('',#4744);
#4744 = CLOSED_SHELL('',(#4745,#4785,#4825,#4847,#4869,#4881));
#4745 = ADVANCED_FACE('',(#4746),#4780,.F.);
#4746 = FACE_BOUND('',#4747,.T.);
#4747 = EDGE_LOOP('',(#4748,#4758,#4766,#4774));
#4748 = ORIENTED_EDGE('',*,*,#4749,.F.);
#4749 = EDGE_CURVE('',#4750,#4752,#4754,.T.);
#4750 = VERTEX_POINT('',#4751);
#4751 = CARTESIAN_POINT('',(1.E-01,-4.55,0.));
#4752 = VERTEX_POINT('',#4753);
#4753 = CARTESIAN_POINT('',(1.E-01,-4.55,0.203));
#4754 = LINE('',#4755,#4756);
#4755 = CARTESIAN_POINT('',(1.E-01,-4.55,0.));
#4756 = VECTOR('',#4757,1.);
#4757 = DIRECTION('',(-0.,-0.,1.));
#4758 = ORIENTED_EDGE('',*,*,#4759,.T.);
#4759 = EDGE_CURVE('',#4750,#4760,#4762,.T.);
#4760 = VERTEX_POINT('',#4761);
#4761 = CARTESIAN_POINT('',(1.E-01,-5.35,0.));
#4762 = LINE('',#4763,#4764);
#4763 = CARTESIAN_POINT('',(1.E-01,-4.55,0.));
#4764 = VECTOR('',#4765,1.);
#4765 = DIRECTION('',(-0.,-1.,-0.));
#4766 = ORIENTED_EDGE('',*,*,#4767,.T.);
#4767 = EDGE_CURVE('',#4760,#4768,#4770,.T.);
#4768 = VERTEX_POINT('',#4769);
#4769 = CARTESIAN_POINT('',(1.E-01,-5.35,0.203));
#4770 = LINE('',#4771,#4772);
#4771 = CARTESIAN_POINT('',(1.E-01,-5.35,0.));
#4772 = VECTOR('',#4773,1.);
#4773 = DIRECTION('',(-0.,-0.,1.));
#4774 = ORIENTED_EDGE('',*,*,#4775,.F.);
#4775 = EDGE_CURVE('',#4752,#4768,#4776,.T.);
#4776 = LINE('',#4777,#4778);
#4777 = CARTESIAN_POINT('',(1.E-01,-4.55,0.203));
#4778 = VECTOR('',#4779,1.);
#4779 = DIRECTION('',(-0.,-1.,-0.));
#4780 = PLANE('',#4781);
#4781 = AXIS2_PLACEMENT_3D('',#4782,#4783,#4784);
#4782 = CARTESIAN_POINT('',(1.E-01,-4.55,0.));
#4783 = DIRECTION('',(1.,-0.,-0.));
#4784 = DIRECTION('',(0.,0.,-1.));
#4785 = ADVANCED_FACE('',(#4786),#4820,.T.);
#4786 = FACE_BOUND('',#4787,.F.);
#4787 = EDGE_LOOP('',(#4788,#4798,#4806,#4814));
#4788 = ORIENTED_EDGE('',*,*,#4789,.F.);
#4789 = EDGE_CURVE('',#4790,#4792,#4794,.T.);
#4790 = VERTEX_POINT('',#4791);
#4791 = CARTESIAN_POINT('',(0.3,-4.55,0.));
#4792 = VERTEX_POINT('',#4793);
#4793 = CARTESIAN_POINT('',(0.3,-4.55,0.203));
#4794 = LINE('',#4795,#4796);
#4795 = CARTESIAN_POINT('',(0.3,-4.55,0.));
#4796 = VECTOR('',#4797,1.);
#4797 = DIRECTION('',(-0.,-0.,1.));
#4798 = ORIENTED_EDGE('',*,*,#4799,.T.);
#4799 = EDGE_CURVE('',#4790,#4800,#4802,.T.);
#4800 = VERTEX_POINT('',#4801);
#4801 = CARTESIAN_POINT('',(0.3,-5.35,0.));
#4802 = LINE('',#4803,#4804);
#4803 = CARTESIAN_POINT('',(0.3,-4.55,0.));
#4804 = VECTOR('',#4805,1.);
#4805 = DIRECTION('',(-0.,-1.,-0.));
#4806 = ORIENTED_EDGE('',*,*,#4807,.T.);
#4807 = EDGE_CURVE('',#4800,#4808,#4810,.T.);
#4808 = VERTEX_POINT('',#4809);
#4809 = CARTESIAN_POINT('',(0.3,-5.35,0.203));
#4810 = LINE('',#4811,#4812);
#4811 = CARTESIAN_POINT('',(0.3,-5.35,0.));
#4812 = VECTOR('',#4813,1.);
#4813 = DIRECTION('',(-0.,-0.,1.));
#4814 = ORIENTED_EDGE('',*,*,#4815,.F.);
#4815 = EDGE_CURVE('',#4792,#4808,#4816,.T.);
#4816 = LINE('',#4817,#4818);
#4817 = CARTESIAN_POINT('',(0.3,-4.55,0.203));
#4818 = VECTOR('',#4819,1.);
#4819 = DIRECTION('',(-0.,-1.,-0.));
#4820 = PLANE('',#4821);
#4821 = AXIS2_PLACEMENT_3D('',#4822,#4823,#4824);
#4822 = CARTESIAN_POINT('',(0.3,-4.55,0.));
#4823 = DIRECTION('',(1.,-0.,-0.));
#4824 = DIRECTION('',(0.,0.,-1.));
#4825 = ADVANCED_FACE('',(#4826),#4842,.F.);
#4826 = FACE_BOUND('',#4827,.T.);
#4827 = EDGE_LOOP('',(#4828,#4834,#4835,#4841));
#4828 = ORIENTED_EDGE('',*,*,#4829,.F.);
#4829 = EDGE_CURVE('',#4750,#4790,#4830,.T.);
#4830 = LINE('',#4831,#4832);
#4831 = CARTESIAN_POINT('',(1.E-01,-4.55,0.));
#4832 = VECTOR('',#4833,1.);
#4833 = DIRECTION('',(1.,-0.,-0.));
#4834 = ORIENTED_EDGE('',*,*,#4749,.T.);
#4835 = ORIENTED_EDGE('',*,*,#4836,.T.);
#4836 = EDGE_CURVE('',#4752,#4792,#4837,.T.);
#4837 = LINE('',#4838,#4839);
#4838 = CARTESIAN_POINT('',(1.E-01,-4.55,0.203));
#4839 = VECTOR('',#4840,1.);
#4840 = DIRECTION('',(1.,-0.,-0.));
#4841 = ORIENTED_EDGE('',*,*,#4789,.F.);
#4842 = PLANE('',#4843);
#4843 = AXIS2_PLACEMENT_3D('',#4844,#4845,#4846);
#4844 = CARTESIAN_POINT('',(1.E-01,-4.55,0.));
#4845 = DIRECTION('',(-0.,-1.,-0.));
#4846 = DIRECTION('',(0.,0.,-1.));
#4847 = ADVANCED_FACE('',(#4848),#4864,.T.);
#4848 = FACE_BOUND('',#4849,.F.);
#4849 = EDGE_LOOP('',(#4850,#4856,#4857,#4863));
#4850 = ORIENTED_EDGE('',*,*,#4851,.F.);
#4851 = EDGE_CURVE('',#4760,#4800,#4852,.T.);
#4852 = LINE('',#4853,#4854);
#4853 = CARTESIAN_POINT('',(1.E-01,-5.35,0.));
#4854 = VECTOR('',#4855,1.);
#4855 = DIRECTION('',(1.,-0.,-0.));
#4856 = ORIENTED_EDGE('',*,*,#4767,.T.);
#4857 = ORIENTED_EDGE('',*,*,#4858,.T.);
#4858 = EDGE_CURVE('',#4768,#4808,#4859,.T.);
#4859 = LINE('',#4860,#4861);
#4860 = CARTESIAN_POINT('',(1.E-01,-5.35,0.203));
#4861 = VECTOR('',#4862,1.);
#4862 = DIRECTION('',(1.,-0.,-0.));
#4863 = ORIENTED_EDGE('',*,*,#4807,.F.);
#4864 = PLANE('',#4865);
#4865 = AXIS2_PLACEMENT_3D('',#4866,#4867,#4868);
#4866 = CARTESIAN_POINT('',(1.E-01,-5.35,0.));
#4867 = DIRECTION('',(-0.,-1.,-0.));
#4868 = DIRECTION('',(0.,0.,-1.));
#4869 = ADVANCED_FACE('',(#4870),#4876,.F.);
#4870 = FACE_BOUND('',#4871,.T.);
#4871 = EDGE_LOOP('',(#4872,#4873,#4874,#4875));
#4872 = ORIENTED_EDGE('',*,*,#4759,.F.);
#4873 = ORIENTED_EDGE('',*,*,#4829,.T.);
#4874 = ORIENTED_EDGE('',*,*,#4799,.T.);
#4875 = ORIENTED_EDGE('',*,*,#4851,.F.);
#4876 = PLANE('',#4877);
#4877 = AXIS2_PLACEMENT_3D('',#4878,#4879,#4880);
#4878 = CARTESIAN_POINT('',(1.E-01,-4.55,0.));
#4879 = DIRECTION('',(-0.,-0.,1.));
#4880 = DIRECTION('',(-1.,0.,0.));
#4881 = ADVANCED_FACE('',(#4882),#4888,.T.);
#4882 = FACE_BOUND('',#4883,.F.);
#4883 = EDGE_LOOP('',(#4884,#4885,#4886,#4887));
#4884 = ORIENTED_EDGE('',*,*,#4775,.F.);
#4885 = ORIENTED_EDGE('',*,*,#4836,.T.);
#4886 = ORIENTED_EDGE('',*,*,#4815,.T.);
#4887 = ORIENTED_EDGE('',*,*,#4858,.F.);
#4888 = PLANE('',#4889);
#4889 = AXIS2_PLACEMENT_3D('',#4890,#4891,#4892);
#4890 = CARTESIAN_POINT('',(1.E-01,-4.55,0.203));
#4891 = DIRECTION('',(-0.,-0.,1.));
#4892 = DIRECTION('',(-1.,0.,0.));
#4893 = MANIFOLD_SOLID_BREP('',#4894);
#4894 = CLOSED_SHELL('',(#4895,#4935,#4975,#4997,#5019,#5031));
#4895 = ADVANCED_FACE('',(#4896),#4930,.F.);
#4896 = FACE_BOUND('',#4897,.T.);
#4897 = EDGE_LOOP('',(#4898,#4908,#4916,#4924));
#4898 = ORIENTED_EDGE('',*,*,#4899,.F.);
#4899 = EDGE_CURVE('',#4900,#4902,#4904,.T.);
#4900 = VERTEX_POINT('',#4901);
#4901 = CARTESIAN_POINT('',(0.5,-4.55,0.));
#4902 = VERTEX_POINT('',#4903);
#4903 = CARTESIAN_POINT('',(0.5,-4.55,0.203));
#4904 = LINE('',#4905,#4906);
#4905 = CARTESIAN_POINT('',(0.5,-4.55,0.));
#4906 = VECTOR('',#4907,1.);
#4907 = DIRECTION('',(-0.,-0.,1.));
#4908 = ORIENTED_EDGE('',*,*,#4909,.T.);
#4909 = EDGE_CURVE('',#4900,#4910,#4912,.T.);
#4910 = VERTEX_POINT('',#4911);
#4911 = CARTESIAN_POINT('',(0.5,-5.35,0.));
#4912 = LINE('',#4913,#4914);
#4913 = CARTESIAN_POINT('',(0.5,-4.55,0.));
#4914 = VECTOR('',#4915,1.);
#4915 = DIRECTION('',(-0.,-1.,-0.));
#4916 = ORIENTED_EDGE('',*,*,#4917,.T.);
#4917 = EDGE_CURVE('',#4910,#4918,#4920,.T.);
#4918 = VERTEX_POINT('',#4919);
#4919 = CARTESIAN_POINT('',(0.5,-5.35,0.203));
#4920 = LINE('',#4921,#4922);
#4921 = CARTESIAN_POINT('',(0.5,-5.35,0.));
#4922 = VECTOR('',#4923,1.);
#4923 = DIRECTION('',(-0.,-0.,1.));
#4924 = ORIENTED_EDGE('',*,*,#4925,.F.);
#4925 = EDGE_CURVE('',#4902,#4918,#4926,.T.);
#4926 = LINE('',#4927,#4928);
#4927 = CARTESIAN_POINT('',(0.5,-4.55,0.203));
#4928 = VECTOR('',#4929,1.);
#4929 = DIRECTION('',(-0.,-1.,-0.));
#4930 = PLANE('',#4931);
#4931 = AXIS2_PLACEMENT_3D('',#4932,#4933,#4934);
#4932 = CARTESIAN_POINT('',(0.5,-4.55,0.));
#4933 = DIRECTION('',(1.,-0.,-0.));
#4934 = DIRECTION('',(0.,0.,-1.));
#4935 = ADVANCED_FACE('',(#4936),#4970,.T.);
#4936 = FACE_BOUND('',#4937,.F.);
#4937 = EDGE_LOOP('',(#4938,#4948,#4956,#4964));
#4938 = ORIENTED_EDGE('',*,*,#4939,.F.);
#4939 = EDGE_CURVE('',#4940,#4942,#4944,.T.);
#4940 = VERTEX_POINT('',#4941);
#4941 = CARTESIAN_POINT('',(0.7,-4.55,0.));
#4942 = VERTEX_POINT('',#4943);
#4943 = CARTESIAN_POINT('',(0.7,-4.55,0.203));
#4944 = LINE('',#4945,#4946);
#4945 = CARTESIAN_POINT('',(0.7,-4.55,0.));
#4946 = VECTOR('',#4947,1.);
#4947 = DIRECTION('',(-0.,-0.,1.));
#4948 = ORIENTED_EDGE('',*,*,#4949,.T.);
#4949 = EDGE_CURVE('',#4940,#4950,#4952,.T.);
#4950 = VERTEX_POINT('',#4951);
#4951 = CARTESIAN_POINT('',(0.7,-5.35,0.));
#4952 = LINE('',#4953,#4954);
#4953 = CARTESIAN_POINT('',(0.7,-4.55,0.));
#4954 = VECTOR('',#4955,1.);
#4955 = DIRECTION('',(-0.,-1.,-0.));
#4956 = ORIENTED_EDGE('',*,*,#4957,.T.);
#4957 = EDGE_CURVE('',#4950,#4958,#4960,.T.);
#4958 = VERTEX_POINT('',#4959);
#4959 = CARTESIAN_POINT('',(0.7,-5.35,0.203));
#4960 = LINE('',#4961,#4962);
#4961 = CARTESIAN_POINT('',(0.7,-5.35,0.));
#4962 = VECTOR('',#4963,1.);
#4963 = DIRECTION('',(-0.,-0.,1.));
#4964 = ORIENTED_EDGE('',*,*,#4965,.F.);
#4965 = EDGE_CURVE('',#4942,#4958,#4966,.T.);
#4966 = LINE('',#4967,#4968);
#4967 = CARTESIAN_POINT('',(0.7,-4.55,0.203));
#4968 = VECTOR('',#4969,1.);
#4969 = DIRECTION('',(-0.,-1.,-0.));
#4970 = PLANE('',#4971);
#4971 = AXIS2_PLACEMENT_3D('',#4972,#4973,#4974);
#4972 = CARTESIAN_POINT('',(0.7,-4.55,0.));
#4973 = DIRECTION('',(1.,-0.,-0.));
#4974 = DIRECTION('',(0.,0.,-1.));
#4975 = ADVANCED_FACE('',(#4976),#4992,.F.);
#4976 = FACE_BOUND('',#4977,.T.);
#4977 = EDGE_LOOP('',(#4978,#4984,#4985,#4991));
#4978 = ORIENTED_EDGE('',*,*,#4979,.F.);
#4979 = EDGE_CURVE('',#4900,#4940,#4980,.T.);
#4980 = LINE('',#4981,#4982);
#4981 = CARTESIAN_POINT('',(0.5,-4.55,0.));
#4982 = VECTOR('',#4983,1.);
#4983 = DIRECTION('',(1.,-0.,-0.));
#4984 = ORIENTED_EDGE('',*,*,#4899,.T.);
#4985 = ORIENTED_EDGE('',*,*,#4986,.T.);
#4986 = EDGE_CURVE('',#4902,#4942,#4987,.T.);
#4987 = LINE('',#4988,#4989);
#4988 = CARTESIAN_POINT('',(0.5,-4.55,0.203));
#4989 = VECTOR('',#4990,1.);
#4990 = DIRECTION('',(1.,-0.,-0.));
#4991 = ORIENTED_EDGE('',*,*,#4939,.F.);
#4992 = PLANE('',#4993);
#4993 = AXIS2_PLACEMENT_3D('',#4994,#4995,#4996);
#4994 = CARTESIAN_POINT('',(0.5,-4.55,0.));
#4995 = DIRECTION('',(-0.,-1.,-0.));
#4996 = DIRECTION('',(0.,0.,-1.));
#4997 = ADVANCED_FACE('',(#4998),#5014,.T.);
#4998 = FACE_BOUND('',#4999,.F.);
#4999 = EDGE_LOOP('',(#5000,#5006,#5007,#5013));
#5000 = ORIENTED_EDGE('',*,*,#5001,.F.);
#5001 = EDGE_CURVE('',#4910,#4950,#5002,.T.);
#5002 = LINE('',#5003,#5004);
#5003 = CARTESIAN_POINT('',(0.5,-5.35,0.));
#5004 = VECTOR('',#5005,1.);
#5005 = DIRECTION('',(1.,-0.,-0.));
#5006 = ORIENTED_EDGE('',*,*,#4917,.T.);
#5007 = ORIENTED_EDGE('',*,*,#5008,.T.);
#5008 = EDGE_CURVE('',#4918,#4958,#5009,.T.);
#5009 = LINE('',#5010,#5011);
#5010 = CARTESIAN_POINT('',(0.5,-5.35,0.203));
#5011 = VECTOR('',#5012,1.);
#5012 = DIRECTION('',(1.,-0.,-0.));
#5013 = ORIENTED_EDGE('',*,*,#4957,.F.);
#5014 = PLANE('',#5015);
#5015 = AXIS2_PLACEMENT_3D('',#5016,#5017,#5018);
#5016 = CARTESIAN_POINT('',(0.5,-5.35,0.));
#5017 = DIRECTION('',(-0.,-1.,-0.));
#5018 = DIRECTION('',(0.,0.,-1.));
#5019 = ADVANCED_FACE('',(#5020),#5026,.F.);
#5020 = FACE_BOUND('',#5021,.T.);
#5021 = EDGE_LOOP('',(#5022,#5023,#5024,#5025));
#5022 = ORIENTED_EDGE('',*,*,#4909,.F.);
#5023 = ORIENTED_EDGE('',*,*,#4979,.T.);
#5024 = ORIENTED_EDGE('',*,*,#4949,.T.);
#5025 = ORIENTED_EDGE('',*,*,#5001,.F.);
#5026 = PLANE('',#5027);
#5027 = AXIS2_PLACEMENT_3D('',#5028,#5029,#5030);
#5028 = CARTESIAN_POINT('',(0.5,-4.55,0.));
#5029 = DIRECTION('',(-0.,-0.,1.));
#5030 = DIRECTION('',(-1.,0.,0.));
#5031 = ADVANCED_FACE('',(#5032),#5038,.T.);
#5032 = FACE_BOUND('',#5033,.F.);
#5033 = EDGE_LOOP('',(#5034,#5035,#5036,#5037));
#5034 = ORIENTED_EDGE('',*,*,#4925,.F.);
#5035 = ORIENTED_EDGE('',*,*,#4986,.T.);
#5036 = ORIENTED_EDGE('',*,*,#4965,.T.);
#5037 = ORIENTED_EDGE('',*,*,#5008,.F.);
#5038 = PLANE('',#5039);
#5039 = AXIS2_PLACEMENT_3D('',#5040,#5041,#5042);
#5040 = CARTESIAN_POINT('',(0.5,-4.55,0.203));
#5041 = DIRECTION('',(-0.,-0.,1.));
#5042 = DIRECTION('',(-1.,0.,0.));
#5043 = MANIFOLD_SOLID_BREP('',#5044);
#5044 = CLOSED_SHELL('',(#5045,#5085,#5125,#5147,#5169,#5181));
#5045 = ADVANCED_FACE('',(#5046),#5080,.F.);
#5046 = FACE_BOUND('',#5047,.T.);
#5047 = EDGE_LOOP('',(#5048,#5058,#5066,#5074));
#5048 = ORIENTED_EDGE('',*,*,#5049,.F.);
#5049 = EDGE_CURVE('',#5050,#5052,#5054,.T.);
#5050 = VERTEX_POINT('',#5051);
#5051 = CARTESIAN_POINT('',(0.9,-4.55,0.));
#5052 = VERTEX_POINT('',#5053);
#5053 = CARTESIAN_POINT('',(0.9,-4.55,0.203));
#5054 = LINE('',#5055,#5056);
#5055 = CARTESIAN_POINT('',(0.9,-4.55,0.));
#5056 = VECTOR('',#5057,1.);
#5057 = DIRECTION('',(-0.,-0.,1.));
#5058 = ORIENTED_EDGE('',*,*,#5059,.T.);
#5059 = EDGE_CURVE('',#5050,#5060,#5062,.T.);
#5060 = VERTEX_POINT('',#5061);
#5061 = CARTESIAN_POINT('',(0.9,-5.35,0.));
#5062 = LINE('',#5063,#5064);
#5063 = CARTESIAN_POINT('',(0.9,-4.55,0.));
#5064 = VECTOR('',#5065,1.);
#5065 = DIRECTION('',(-0.,-1.,-0.));
#5066 = ORIENTED_EDGE('',*,*,#5067,.T.);
#5067 = EDGE_CURVE('',#5060,#5068,#5070,.T.);
#5068 = VERTEX_POINT('',#5069);
#5069 = CARTESIAN_POINT('',(0.9,-5.35,0.203));
#5070 = LINE('',#5071,#5072);
#5071 = CARTESIAN_POINT('',(0.9,-5.35,0.));
#5072 = VECTOR('',#5073,1.);
#5073 = DIRECTION('',(-0.,-0.,1.));
#5074 = ORIENTED_EDGE('',*,*,#5075,.F.);
#5075 = EDGE_CURVE('',#5052,#5068,#5076,.T.);
#5076 = LINE('',#5077,#5078);
#5077 = CARTESIAN_POINT('',(0.9,-4.55,0.203));
#5078 = VECTOR('',#5079,1.);
#5079 = DIRECTION('',(-0.,-1.,-0.));
#5080 = PLANE('',#5081);
#5081 = AXIS2_PLACEMENT_3D('',#5082,#5083,#5084);
#5082 = CARTESIAN_POINT('',(0.9,-4.55,0.));
#5083 = DIRECTION('',(1.,-0.,-0.));
#5084 = DIRECTION('',(0.,0.,-1.));
#5085 = ADVANCED_FACE('',(#5086),#5120,.T.);
#5086 = FACE_BOUND('',#5087,.F.);
#5087 = EDGE_LOOP('',(#5088,#5098,#5106,#5114));
#5088 = ORIENTED_EDGE('',*,*,#5089,.F.);
#5089 = EDGE_CURVE('',#5090,#5092,#5094,.T.);
#5090 = VERTEX_POINT('',#5091);
#5091 = CARTESIAN_POINT('',(1.1,-4.55,0.));
#5092 = VERTEX_POINT('',#5093);
#5093 = CARTESIAN_POINT('',(1.1,-4.55,0.203));
#5094 = LINE('',#5095,#5096);
#5095 = CARTESIAN_POINT('',(1.1,-4.55,0.));
#5096 = VECTOR('',#5097,1.);
#5097 = DIRECTION('',(-0.,-0.,1.));
#5098 = ORIENTED_EDGE('',*,*,#5099,.T.);
#5099 = EDGE_CURVE('',#5090,#5100,#5102,.T.);
#5100 = VERTEX_POINT('',#5101);
#5101 = CARTESIAN_POINT('',(1.1,-5.35,0.));
#5102 = LINE('',#5103,#5104);
#5103 = CARTESIAN_POINT('',(1.1,-4.55,0.));
#5104 = VECTOR('',#5105,1.);
#5105 = DIRECTION('',(-0.,-1.,-0.));
#5106 = ORIENTED_EDGE('',*,*,#5107,.T.);
#5107 = EDGE_CURVE('',#5100,#5108,#5110,.T.);
#5108 = VERTEX_POINT('',#5109);
#5109 = CARTESIAN_POINT('',(1.1,-5.35,0.203));
#5110 = LINE('',#5111,#5112);
#5111 = CARTESIAN_POINT('',(1.1,-5.35,0.));
#5112 = VECTOR('',#5113,1.);
#5113 = DIRECTION('',(-0.,-0.,1.));
#5114 = ORIENTED_EDGE('',*,*,#5115,.F.);
#5115 = EDGE_CURVE('',#5092,#5108,#5116,.T.);
#5116 = LINE('',#5117,#5118);
#5117 = CARTESIAN_POINT('',(1.1,-4.55,0.203));
#5118 = VECTOR('',#5119,1.);
#5119 = DIRECTION('',(-0.,-1.,-0.));
#5120 = PLANE('',#5121);
#5121 = AXIS2_PLACEMENT_3D('',#5122,#5123,#5124);
#5122 = CARTESIAN_POINT('',(1.1,-4.55,0.));
#5123 = DIRECTION('',(1.,-0.,-0.));
#5124 = DIRECTION('',(0.,0.,-1.));
#5125 = ADVANCED_FACE('',(#5126),#5142,.F.);
#5126 = FACE_BOUND('',#5127,.T.);
#5127 = EDGE_LOOP('',(#5128,#5134,#5135,#5141));
#5128 = ORIENTED_EDGE('',*,*,#5129,.F.);
#5129 = EDGE_CURVE('',#5050,#5090,#5130,.T.);
#5130 = LINE('',#5131,#5132);
#5131 = CARTESIAN_POINT('',(0.9,-4.55,0.));
#5132 = VECTOR('',#5133,1.);
#5133 = DIRECTION('',(1.,-0.,-0.));
#5134 = ORIENTED_EDGE('',*,*,#5049,.T.);
#5135 = ORIENTED_EDGE('',*,*,#5136,.T.);
#5136 = EDGE_CURVE('',#5052,#5092,#5137,.T.);
#5137 = LINE('',#5138,#5139);
#5138 = CARTESIAN_POINT('',(0.9,-4.55,0.203));
#5139 = VECTOR('',#5140,1.);
#5140 = DIRECTION('',(1.,-0.,-0.));
#5141 = ORIENTED_EDGE('',*,*,#5089,.F.);
#5142 = PLANE('',#5143);
#5143 = AXIS2_PLACEMENT_3D('',#5144,#5145,#5146);
#5144 = CARTESIAN_POINT('',(0.9,-4.55,0.));
#5145 = DIRECTION('',(-0.,-1.,-0.));
#5146 = DIRECTION('',(0.,0.,-1.));
#5147 = ADVANCED_FACE('',(#5148),#5164,.T.);
#5148 = FACE_BOUND('',#5149,.F.);
#5149 = EDGE_LOOP('',(#5150,#5156,#5157,#5163));
#5150 = ORIENTED_EDGE('',*,*,#5151,.F.);
#5151 = EDGE_CURVE('',#5060,#5100,#5152,.T.);
#5152 = LINE('',#5153,#5154);
#5153 = CARTESIAN_POINT('',(0.9,-5.35,0.));
#5154 = VECTOR('',#5155,1.);
#5155 = DIRECTION('',(1.,-0.,-0.));
#5156 = ORIENTED_EDGE('',*,*,#5067,.T.);
#5157 = ORIENTED_EDGE('',*,*,#5158,.T.);
#5158 = EDGE_CURVE('',#5068,#5108,#5159,.T.);
#5159 = LINE('',#5160,#5161);
#5160 = CARTESIAN_POINT('',(0.9,-5.35,0.203));
#5161 = VECTOR('',#5162,1.);
#5162 = DIRECTION('',(1.,-0.,-0.));
#5163 = ORIENTED_EDGE('',*,*,#5107,.F.);
#5164 = PLANE('',#5165);
#5165 = AXIS2_PLACEMENT_3D('',#5166,#5167,#5168);
#5166 = CARTESIAN_POINT('',(0.9,-5.35,0.));
#5167 = DIRECTION('',(-0.,-1.,-0.));
#5168 = DIRECTION('',(0.,0.,-1.));
#5169 = ADVANCED_FACE('',(#5170),#5176,.F.);
#5170 = FACE_BOUND('',#5171,.T.);
#5171 = EDGE_LOOP('',(#5172,#5173,#5174,#5175));
#5172 = ORIENTED_EDGE('',*,*,#5059,.F.);
#5173 = ORIENTED_EDGE('',*,*,#5129,.T.);
#5174 = ORIENTED_EDGE('',*,*,#5099,.T.);
#5175 = ORIENTED_EDGE('',*,*,#5151,.F.);
#5176 = PLANE('',#5177);
#5177 = AXIS2_PLACEMENT_3D('',#5178,#5179,#5180);
#5178 = CARTESIAN_POINT('',(0.9,-4.55,0.));
#5179 = DIRECTION('',(-0.,-0.,1.));
#5180 = DIRECTION('',(-1.,0.,0.));
#5181 = ADVANCED_FACE('',(#5182),#5188,.T.);
#5182 = FACE_BOUND('',#5183,.F.);
#5183 = EDGE_LOOP('',(#5184,#5185,#5186,#5187));
#5184 = ORIENTED_EDGE('',*,*,#5075,.F.);
#5185 = ORIENTED_EDGE('',*,*,#5136,.T.);
#5186 = ORIENTED_EDGE('',*,*,#5115,.T.);
#5187 = ORIENTED_EDGE('',*,*,#5158,.F.);
#5188 = PLANE('',#5189);
#5189 = AXIS2_PLACEMENT_3D('',#5190,#5191,#5192);
#5190 = CARTESIAN_POINT('',(0.9,-4.55,0.203));
#5191 = DIRECTION('',(-0.,-0.,1.));
#5192 = DIRECTION('',(-1.,0.,0.));
#5193 = MANIFOLD_SOLID_BREP('',#5194);
#5194 = CLOSED_SHELL('',(#5195,#5235,#5275,#5297,#5319,#5331));
#5195 = ADVANCED_FACE('',(#5196),#5230,.F.);
#5196 = FACE_BOUND('',#5197,.T.);
#5197 = EDGE_LOOP('',(#5198,#5208,#5216,#5224));
#5198 = ORIENTED_EDGE('',*,*,#5199,.F.);
#5199 = EDGE_CURVE('',#5200,#5202,#5204,.T.);
#5200 = VERTEX_POINT('',#5201);
#5201 = CARTESIAN_POINT('',(1.3,-4.55,0.));
#5202 = VERTEX_POINT('',#5203);
#5203 = CARTESIAN_POINT('',(1.3,-4.55,0.203));
#5204 = LINE('',#5205,#5206);
#5205 = CARTESIAN_POINT('',(1.3,-4.55,0.));
#5206 = VECTOR('',#5207,1.);
#5207 = DIRECTION('',(-0.,-0.,1.));
#5208 = ORIENTED_EDGE('',*,*,#5209,.T.);
#5209 = EDGE_CURVE('',#5200,#5210,#5212,.T.);
#5210 = VERTEX_POINT('',#5211);
#5211 = CARTESIAN_POINT('',(1.3,-5.35,0.));
#5212 = LINE('',#5213,#5214);
#5213 = CARTESIAN_POINT('',(1.3,-4.55,0.));
#5214 = VECTOR('',#5215,1.);
#5215 = DIRECTION('',(-0.,-1.,-0.));
#5216 = ORIENTED_EDGE('',*,*,#5217,.T.);
#5217 = EDGE_CURVE('',#5210,#5218,#5220,.T.);
#5218 = VERTEX_POINT('',#5219);
#5219 = CARTESIAN_POINT('',(1.3,-5.35,0.203));
#5220 = LINE('',#5221,#5222);
#5221 = CARTESIAN_POINT('',(1.3,-5.35,0.));
#5222 = VECTOR('',#5223,1.);
#5223 = DIRECTION('',(-0.,-0.,1.));
#5224 = ORIENTED_EDGE('',*,*,#5225,.F.);
#5225 = EDGE_CURVE('',#5202,#5218,#5226,.T.);
#5226 = LINE('',#5227,#5228);
#5227 = CARTESIAN_POINT('',(1.3,-4.55,0.203));
#5228 = VECTOR('',#5229,1.);
#5229 = DIRECTION('',(-0.,-1.,-0.));
#5230 = PLANE('',#5231);
#5231 = AXIS2_PLACEMENT_3D('',#5232,#5233,#5234);
#5232 = CARTESIAN_POINT('',(1.3,-4.55,0.));
#5233 = DIRECTION('',(1.,-0.,-0.));
#5234 = DIRECTION('',(0.,0.,-1.));
#5235 = ADVANCED_FACE('',(#5236),#5270,.T.);
#5236 = FACE_BOUND('',#5237,.F.);
#5237 = EDGE_LOOP('',(#5238,#5248,#5256,#5264));
#5238 = ORIENTED_EDGE('',*,*,#5239,.F.);
#5239 = EDGE_CURVE('',#5240,#5242,#5244,.T.);
#5240 = VERTEX_POINT('',#5241);
#5241 = CARTESIAN_POINT('',(1.5,-4.55,0.));
#5242 = VERTEX_POINT('',#5243);
#5243 = CARTESIAN_POINT('',(1.5,-4.55,0.203));
#5244 = LINE('',#5245,#5246);
#5245 = CARTESIAN_POINT('',(1.5,-4.55,0.));
#5246 = VECTOR('',#5247,1.);
#5247 = DIRECTION('',(-0.,-0.,1.));
#5248 = ORIENTED_EDGE('',*,*,#5249,.T.);
#5249 = EDGE_CURVE('',#5240,#5250,#5252,.T.);
#5250 = VERTEX_POINT('',#5251);
#5251 = CARTESIAN_POINT('',(1.5,-5.35,0.));
#5252 = LINE('',#5253,#5254);
#5253 = CARTESIAN_POINT('',(1.5,-4.55,0.));
#5254 = VECTOR('',#5255,1.);
#5255 = DIRECTION('',(-0.,-1.,-0.));
#5256 = ORIENTED_EDGE('',*,*,#5257,.T.);
#5257 = EDGE_CURVE('',#5250,#5258,#5260,.T.);
#5258 = VERTEX_POINT('',#5259);
#5259 = CARTESIAN_POINT('',(1.5,-5.35,0.203));
#5260 = LINE('',#5261,#5262);
#5261 = CARTESIAN_POINT('',(1.5,-5.35,0.));
#5262 = VECTOR('',#5263,1.);
#5263 = DIRECTION('',(-0.,-0.,1.));
#5264 = ORIENTED_EDGE('',*,*,#5265,.F.);
#5265 = EDGE_CURVE('',#5242,#5258,#5266,.T.);
#5266 = LINE('',#5267,#5268);
#5267 = CARTESIAN_POINT('',(1.5,-4.55,0.203));
#5268 = VECTOR('',#5269,1.);
#5269 = DIRECTION('',(-0.,-1.,-0.));
#5270 = PLANE('',#5271);
#5271 = AXIS2_PLACEMENT_3D('',#5272,#5273,#5274);
#5272 = CARTESIAN_POINT('',(1.5,-4.55,0.));
#5273 = DIRECTION('',(1.,-0.,-0.));
#5274 = DIRECTION('',(0.,0.,-1.));
#5275 = ADVANCED_FACE('',(#5276),#5292,.F.);
#5276 = FACE_BOUND('',#5277,.T.);
#5277 = EDGE_LOOP('',(#5278,#5284,#5285,#5291));
#5278 = ORIENTED_EDGE('',*,*,#5279,.F.);
#5279 = EDGE_CURVE('',#5200,#5240,#5280,.T.);
#5280 = LINE('',#5281,#5282);
#5281 = CARTESIAN_POINT('',(1.3,-4.55,0.));
#5282 = VECTOR('',#5283,1.);
#5283 = DIRECTION('',(1.,-0.,-0.));
#5284 = ORIENTED_EDGE('',*,*,#5199,.T.);
#5285 = ORIENTED_EDGE('',*,*,#5286,.T.);
#5286 = EDGE_CURVE('',#5202,#5242,#5287,.T.);
#5287 = LINE('',#5288,#5289);
#5288 = CARTESIAN_POINT('',(1.3,-4.55,0.203));
#5289 = VECTOR('',#5290,1.);
#5290 = DIRECTION('',(1.,-0.,-0.));
#5291 = ORIENTED_EDGE('',*,*,#5239,.F.);
#5292 = PLANE('',#5293);
#5293 = AXIS2_PLACEMENT_3D('',#5294,#5295,#5296);
#5294 = CARTESIAN_POINT('',(1.3,-4.55,0.));
#5295 = DIRECTION('',(-0.,-1.,-0.));
#5296 = DIRECTION('',(0.,0.,-1.));
#5297 = ADVANCED_FACE('',(#5298),#5314,.T.);
#5298 = FACE_BOUND('',#5299,.F.);
#5299 = EDGE_LOOP('',(#5300,#5306,#5307,#5313));
#5300 = ORIENTED_EDGE('',*,*,#5301,.F.);
#5301 = EDGE_CURVE('',#5210,#5250,#5302,.T.);
#5302 = LINE('',#5303,#5304);
#5303 = CARTESIAN_POINT('',(1.3,-5.35,0.));
#5304 = VECTOR('',#5305,1.);
#5305 = DIRECTION('',(1.,-0.,-0.));
#5306 = ORIENTED_EDGE('',*,*,#5217,.T.);
#5307 = ORIENTED_EDGE('',*,*,#5308,.T.);
#5308 = EDGE_CURVE('',#5218,#5258,#5309,.T.);
#5309 = LINE('',#5310,#5311);
#5310 = CARTESIAN_POINT('',(1.3,-5.35,0.203));
#5311 = VECTOR('',#5312,1.);
#5312 = DIRECTION('',(1.,-0.,-0.));
#5313 = ORIENTED_EDGE('',*,*,#5257,.F.);
#5314 = PLANE('',#5315);
#5315 = AXIS2_PLACEMENT_3D('',#5316,#5317,#5318);
#5316 = CARTESIAN_POINT('',(1.3,-5.35,0.));
#5317 = DIRECTION('',(-0.,-1.,-0.));
#5318 = DIRECTION('',(0.,0.,-1.));
#5319 = ADVANCED_FACE('',(#5320),#5326,.F.);
#5320 = FACE_BOUND('',#5321,.T.);
#5321 = EDGE_LOOP('',(#5322,#5323,#5324,#5325));
#5322 = ORIENTED_EDGE('',*,*,#5209,.F.);
#5323 = ORIENTED_EDGE('',*,*,#5279,.T.);
#5324 = ORIENTED_EDGE('',*,*,#5249,.T.);
#5325 = ORIENTED_EDGE('',*,*,#5301,.F.);
#5326 = PLANE('',#5327);
#5327 = AXIS2_PLACEMENT_3D('',#5328,#5329,#5330);
#5328 = CARTESIAN_POINT('',(1.3,-4.55,0.));
#5329 = DIRECTION('',(-0.,-0.,1.));
#5330 = DIRECTION('',(-1.,0.,0.));
#5331 = ADVANCED_FACE('',(#5332),#5338,.T.);
#5332 = FACE_BOUND('',#5333,.F.);
#5333 = EDGE_LOOP('',(#5334,#5335,#5336,#5337));
#5334 = ORIENTED_EDGE('',*,*,#5225,.F.);
#5335 = ORIENTED_EDGE('',*,*,#5286,.T.);
#5336 = ORIENTED_EDGE('',*,*,#5265,.T.);
#5337 = ORIENTED_EDGE('',*,*,#5308,.F.);
#5338 = PLANE('',#5339);
#5339 = AXIS2_PLACEMENT_3D('',#5340,#5341,#5342);
#5340 = CARTESIAN_POINT('',(1.3,-4.55,0.203));
#5341 = DIRECTION('',(-0.,-0.,1.));
#5342 = DIRECTION('',(-1.,0.,0.));
#5343 = MANIFOLD_SOLID_BREP('',#5344);
#5344 = CLOSED_SHELL('',(#5345,#5385,#5425,#5447,#5469,#5481));
#5345 = ADVANCED_FACE('',(#5346),#5380,.F.);
#5346 = FACE_BOUND('',#5347,.T.);
#5347 = EDGE_LOOP('',(#5348,#5358,#5366,#5374));
#5348 = ORIENTED_EDGE('',*,*,#5349,.F.);
#5349 = EDGE_CURVE('',#5350,#5352,#5354,.T.);
#5350 = VERTEX_POINT('',#5351);
#5351 = CARTESIAN_POINT('',(1.7,-4.55,0.));
#5352 = VERTEX_POINT('',#5353);
#5353 = CARTESIAN_POINT('',(1.7,-4.55,0.203));
#5354 = LINE('',#5355,#5356);
#5355 = CARTESIAN_POINT('',(1.7,-4.55,0.));
#5356 = VECTOR('',#5357,1.);
#5357 = DIRECTION('',(-0.,-0.,1.));
#5358 = ORIENTED_EDGE('',*,*,#5359,.T.);
#5359 = EDGE_CURVE('',#5350,#5360,#5362,.T.);
#5360 = VERTEX_POINT('',#5361);
#5361 = CARTESIAN_POINT('',(1.7,-5.35,0.));
#5362 = LINE('',#5363,#5364);
#5363 = CARTESIAN_POINT('',(1.7,-4.55,0.));
#5364 = VECTOR('',#5365,1.);
#5365 = DIRECTION('',(-0.,-1.,-0.));
#5366 = ORIENTED_EDGE('',*,*,#5367,.T.);
#5367 = EDGE_CURVE('',#5360,#5368,#5370,.T.);
#5368 = VERTEX_POINT('',#5369);
#5369 = CARTESIAN_POINT('',(1.7,-5.35,0.203));
#5370 = LINE('',#5371,#5372);
#5371 = CARTESIAN_POINT('',(1.7,-5.35,0.));
#5372 = VECTOR('',#5373,1.);
#5373 = DIRECTION('',(-0.,-0.,1.));
#5374 = ORIENTED_EDGE('',*,*,#5375,.F.);
#5375 = EDGE_CURVE('',#5352,#5368,#5376,.T.);
#5376 = LINE('',#5377,#5378);
#5377 = CARTESIAN_POINT('',(1.7,-4.55,0.203));
#5378 = VECTOR('',#5379,1.);
#5379 = DIRECTION('',(-0.,-1.,-0.));
#5380 = PLANE('',#5381);
#5381 = AXIS2_PLACEMENT_3D('',#5382,#5383,#5384);
#5382 = CARTESIAN_POINT('',(1.7,-4.55,0.));
#5383 = DIRECTION('',(1.,-0.,-0.));
#5384 = DIRECTION('',(0.,0.,-1.));
#5385 = ADVANCED_FACE('',(#5386),#5420,.T.);
#5386 = FACE_BOUND('',#5387,.F.);
#5387 = EDGE_LOOP('',(#5388,#5398,#5406,#5414));
#5388 = ORIENTED_EDGE('',*,*,#5389,.F.);
#5389 = EDGE_CURVE('',#5390,#5392,#5394,.T.);
#5390 = VERTEX_POINT('',#5391);
#5391 = CARTESIAN_POINT('',(1.9,-4.55,0.));
#5392 = VERTEX_POINT('',#5393);
#5393 = CARTESIAN_POINT('',(1.9,-4.55,0.203));
#5394 = LINE('',#5395,#5396);
#5395 = CARTESIAN_POINT('',(1.9,-4.55,0.));
#5396 = VECTOR('',#5397,1.);
#5397 = DIRECTION('',(-0.,-0.,1.));
#5398 = ORIENTED_EDGE('',*,*,#5399,.T.);
#5399 = EDGE_CURVE('',#5390,#5400,#5402,.T.);
#5400 = VERTEX_POINT('',#5401);
#5401 = CARTESIAN_POINT('',(1.9,-5.35,0.));
#5402 = LINE('',#5403,#5404);
#5403 = CARTESIAN_POINT('',(1.9,-4.55,0.));
#5404 = VECTOR('',#5405,1.);
#5405 = DIRECTION('',(-0.,-1.,-0.));
#5406 = ORIENTED_EDGE('',*,*,#5407,.T.);
#5407 = EDGE_CURVE('',#5400,#5408,#5410,.T.);
#5408 = VERTEX_POINT('',#5409);
#5409 = CARTESIAN_POINT('',(1.9,-5.35,0.203));
#5410 = LINE('',#5411,#5412);
#5411 = CARTESIAN_POINT('',(1.9,-5.35,0.));
#5412 = VECTOR('',#5413,1.);
#5413 = DIRECTION('',(-0.,-0.,1.));
#5414 = ORIENTED_EDGE('',*,*,#5415,.F.);
#5415 = EDGE_CURVE('',#5392,#5408,#5416,.T.);
#5416 = LINE('',#5417,#5418);
#5417 = CARTESIAN_POINT('',(1.9,-4.55,0.203));
#5418 = VECTOR('',#5419,1.);
#5419 = DIRECTION('',(-0.,-1.,-0.));
#5420 = PLANE('',#5421);
#5421 = AXIS2_PLACEMENT_3D('',#5422,#5423,#5424);
#5422 = CARTESIAN_POINT('',(1.9,-4.55,0.));
#5423 = DIRECTION('',(1.,-0.,-0.));
#5424 = DIRECTION('',(0.,0.,-1.));
#5425 = ADVANCED_FACE('',(#5426),#5442,.F.);
#5426 = FACE_BOUND('',#5427,.T.);
#5427 = EDGE_LOOP('',(#5428,#5434,#5435,#5441));
#5428 = ORIENTED_EDGE('',*,*,#5429,.F.);
#5429 = EDGE_CURVE('',#5350,#5390,#5430,.T.);
#5430 = LINE('',#5431,#5432);
#5431 = CARTESIAN_POINT('',(1.7,-4.55,0.));
#5432 = VECTOR('',#5433,1.);
#5433 = DIRECTION('',(1.,-0.,-0.));
#5434 = ORIENTED_EDGE('',*,*,#5349,.T.);
#5435 = ORIENTED_EDGE('',*,*,#5436,.T.);
#5436 = EDGE_CURVE('',#5352,#5392,#5437,.T.);
#5437 = LINE('',#5438,#5439);
#5438 = CARTESIAN_POINT('',(1.7,-4.55,0.203));
#5439 = VECTOR('',#5440,1.);
#5440 = DIRECTION('',(1.,-0.,-0.));
#5441 = ORIENTED_EDGE('',*,*,#5389,.F.);
#5442 = PLANE('',#5443);
#5443 = AXIS2_PLACEMENT_3D('',#5444,#5445,#5446);
#5444 = CARTESIAN_POINT('',(1.7,-4.55,0.));
#5445 = DIRECTION('',(-0.,-1.,-0.));
#5446 = DIRECTION('',(0.,0.,-1.));
#5447 = ADVANCED_FACE('',(#5448),#5464,.T.);
#5448 = FACE_BOUND('',#5449,.F.);
#5449 = EDGE_LOOP('',(#5450,#5456,#5457,#5463));
#5450 = ORIENTED_EDGE('',*,*,#5451,.F.);
#5451 = EDGE_CURVE('',#5360,#5400,#5452,.T.);
#5452 = LINE('',#5453,#5454);
#5453 = CARTESIAN_POINT('',(1.7,-5.35,0.));
#5454 = VECTOR('',#5455,1.);
#5455 = DIRECTION('',(1.,-0.,-0.));
#5456 = ORIENTED_EDGE('',*,*,#5367,.T.);
#5457 = ORIENTED_EDGE('',*,*,#5458,.T.);
#5458 = EDGE_CURVE('',#5368,#5408,#5459,.T.);
#5459 = LINE('',#5460,#5461);
#5460 = CARTESIAN_POINT('',(1.7,-5.35,0.203));
#5461 = VECTOR('',#5462,1.);
#5462 = DIRECTION('',(1.,-0.,-0.));
#5463 = ORIENTED_EDGE('',*,*,#5407,.F.);
#5464 = PLANE('',#5465);
#5465 = AXIS2_PLACEMENT_3D('',#5466,#5467,#5468);
#5466 = CARTESIAN_POINT('',(1.7,-5.35,0.));
#5467 = DIRECTION('',(-0.,-1.,-0.));
#5468 = DIRECTION('',(0.,0.,-1.));
#5469 = ADVANCED_FACE('',(#5470),#5476,.F.);
#5470 = FACE_BOUND('',#5471,.T.);
#5471 = EDGE_LOOP('',(#5472,#5473,#5474,#5475));
#5472 = ORIENTED_EDGE('',*,*,#5359,.F.);
#5473 = ORIENTED_EDGE('',*,*,#5429,.T.);
#5474 = ORIENTED_EDGE('',*,*,#5399,.T.);
#5475 = ORIENTED_EDGE('',*,*,#5451,.F.);
#5476 = PLANE('',#5477);
#5477 = AXIS2_PLACEMENT_3D('',#5478,#5479,#5480);
#5478 = CARTESIAN_POINT('',(1.7,-4.55,0.));
#5479 = DIRECTION('',(-0.,-0.,1.));
#5480 = DIRECTION('',(-1.,0.,0.));
#5481 = ADVANCED_FACE('',(#5482),#5488,.T.);
#5482 = FACE_BOUND('',#5483,.F.);
#5483 = EDGE_LOOP('',(#5484,#5485,#5486,#5487));
#5484 = ORIENTED_EDGE('',*,*,#5375,.F.);
#5485 = ORIENTED_EDGE('',*,*,#5436,.T.);
#5486 = ORIENTED_EDGE('',*,*,#5415,.T.);
#5487 = ORIENTED_EDGE('',*,*,#5458,.F.);
#5488 = PLANE('',#5489);
#5489 = AXIS2_PLACEMENT_3D('',#5490,#5491,#5492);
#5490 = CARTESIAN_POINT('',(1.7,-4.55,0.203));
#5491 = DIRECTION('',(-0.,-0.,1.));
#5492 = DIRECTION('',(-1.,0.,0.));
#5493 = MANIFOLD_SOLID_BREP('',#5494);
#5494 = CLOSED_SHELL('',(#5495,#5535,#5575,#5597,#5619,#5631));
#5495 = ADVANCED_FACE('',(#5496),#5530,.F.);
#5496 = FACE_BOUND('',#5497,.T.);
#5497 = EDGE_LOOP('',(#5498,#5508,#5516,#5524));
#5498 = ORIENTED_EDGE('',*,*,#5499,.F.);
#5499 = EDGE_CURVE('',#5500,#5502,#5504,.T.);
#5500 = VERTEX_POINT('',#5501);
#5501 = CARTESIAN_POINT('',(2.1,-4.55,0.));
#5502 = VERTEX_POINT('',#5503);
#5503 = CARTESIAN_POINT('',(2.1,-4.55,0.203));
#5504 = LINE('',#5505,#5506);
#5505 = CARTESIAN_POINT('',(2.1,-4.55,0.));
#5506 = VECTOR('',#5507,1.);
#5507 = DIRECTION('',(-0.,-0.,1.));
#5508 = ORIENTED_EDGE('',*,*,#5509,.T.);
#5509 = EDGE_CURVE('',#5500,#5510,#5512,.T.);
#5510 = VERTEX_POINT('',#5511);
#5511 = CARTESIAN_POINT('',(2.1,-5.35,0.));
#5512 = LINE('',#5513,#5514);
#5513 = CARTESIAN_POINT('',(2.1,-4.55,0.));
#5514 = VECTOR('',#5515,1.);
#5515 = DIRECTION('',(-0.,-1.,-0.));
#5516 = ORIENTED_EDGE('',*,*,#5517,.T.);
#5517 = EDGE_CURVE('',#5510,#5518,#5520,.T.);
#5518 = VERTEX_POINT('',#5519);
#5519 = CARTESIAN_POINT('',(2.1,-5.35,0.203));
#5520 = LINE('',#5521,#5522);
#5521 = CARTESIAN_POINT('',(2.1,-5.35,0.));
#5522 = VECTOR('',#5523,1.);
#5523 = DIRECTION('',(-0.,-0.,1.));
#5524 = ORIENTED_EDGE('',*,*,#5525,.F.);
#5525 = EDGE_CURVE('',#5502,#5518,#5526,.T.);
#5526 = LINE('',#5527,#5528);
#5527 = CARTESIAN_POINT('',(2.1,-4.55,0.203));
#5528 = VECTOR('',#5529,1.);
#5529 = DIRECTION('',(-0.,-1.,-0.));
#5530 = PLANE('',#5531);
#5531 = AXIS2_PLACEMENT_3D('',#5532,#5533,#5534);
#5532 = CARTESIAN_POINT('',(2.1,-4.55,0.));
#5533 = DIRECTION('',(1.,-0.,-0.));
#5534 = DIRECTION('',(0.,0.,-1.));
#5535 = ADVANCED_FACE('',(#5536),#5570,.T.);
#5536 = FACE_BOUND('',#5537,.F.);
#5537 = EDGE_LOOP('',(#5538,#5548,#5556,#5564));
#5538 = ORIENTED_EDGE('',*,*,#5539,.F.);
#5539 = EDGE_CURVE('',#5540,#5542,#5544,.T.);
#5540 = VERTEX_POINT('',#5541);
#5541 = CARTESIAN_POINT('',(2.3,-4.55,0.));
#5542 = VERTEX_POINT('',#5543);
#5543 = CARTESIAN_POINT('',(2.3,-4.55,0.203));
#5544 = LINE('',#5545,#5546);
#5545 = CARTESIAN_POINT('',(2.3,-4.55,0.));
#5546 = VECTOR('',#5547,1.);
#5547 = DIRECTION('',(-0.,-0.,1.));
#5548 = ORIENTED_EDGE('',*,*,#5549,.T.);
#5549 = EDGE_CURVE('',#5540,#5550,#5552,.T.);
#5550 = VERTEX_POINT('',#5551);
#5551 = CARTESIAN_POINT('',(2.3,-5.35,0.));
#5552 = LINE('',#5553,#5554);
#5553 = CARTESIAN_POINT('',(2.3,-4.55,0.));
#5554 = VECTOR('',#5555,1.);
#5555 = DIRECTION('',(-0.,-1.,-0.));
#5556 = ORIENTED_EDGE('',*,*,#5557,.T.);
#5557 = EDGE_CURVE('',#5550,#5558,#5560,.T.);
#5558 = VERTEX_POINT('',#5559);
#5559 = CARTESIAN_POINT('',(2.3,-5.35,0.203));
#5560 = LINE('',#5561,#5562);
#5561 = CARTESIAN_POINT('',(2.3,-5.35,0.));
#5562 = VECTOR('',#5563,1.);
#5563 = DIRECTION('',(-0.,-0.,1.));
#5564 = ORIENTED_EDGE('',*,*,#5565,.F.);
#5565 = EDGE_CURVE('',#5542,#5558,#5566,.T.);
#5566 = LINE('',#5567,#5568);
#5567 = CARTESIAN_POINT('',(2.3,-4.55,0.203));
#5568 = VECTOR('',#5569,1.);
#5569 = DIRECTION('',(-0.,-1.,-0.));
#5570 = PLANE('',#5571);
#5571 = AXIS2_PLACEMENT_3D('',#5572,#5573,#5574);
#5572 = CARTESIAN_POINT('',(2.3,-4.55,0.));
#5573 = DIRECTION('',(1.,-0.,-0.));
#5574 = DIRECTION('',(0.,0.,-1.));
#5575 = ADVANCED_FACE('',(#5576),#5592,.F.);
#5576 = FACE_BOUND('',#5577,.T.);
#5577 = EDGE_LOOP('',(#5578,#5584,#5585,#5591));
#5578 = ORIENTED_EDGE('',*,*,#5579,.F.);
#5579 = EDGE_CURVE('',#5500,#5540,#5580,.T.);
#5580 = LINE('',#5581,#5582);
#5581 = CARTESIAN_POINT('',(2.1,-4.55,0.));
#5582 = VECTOR('',#5583,1.);
#5583 = DIRECTION('',(1.,-0.,-0.));
#5584 = ORIENTED_EDGE('',*,*,#5499,.T.);
#5585 = ORIENTED_EDGE('',*,*,#5586,.T.);
#5586 = EDGE_CURVE('',#5502,#5542,#5587,.T.);
#5587 = LINE('',#5588,#5589);
#5588 = CARTESIAN_POINT('',(2.1,-4.55,0.203));
#5589 = VECTOR('',#5590,1.);
#5590 = DIRECTION('',(1.,-0.,-0.));
#5591 = ORIENTED_EDGE('',*,*,#5539,.F.);
#5592 = PLANE('',#5593);
#5593 = AXIS2_PLACEMENT_3D('',#5594,#5595,#5596);
#5594 = CARTESIAN_POINT('',(2.1,-4.55,0.));
#5595 = DIRECTION('',(-0.,-1.,-0.));
#5596 = DIRECTION('',(0.,0.,-1.));
#5597 = ADVANCED_FACE('',(#5598),#5614,.T.);
#5598 = FACE_BOUND('',#5599,.F.);
#5599 = EDGE_LOOP('',(#5600,#5606,#5607,#5613));
#5600 = ORIENTED_EDGE('',*,*,#5601,.F.);
#5601 = EDGE_CURVE('',#5510,#5550,#5602,.T.);
#5602 = LINE('',#5603,#5604);
#5603 = CARTESIAN_POINT('',(2.1,-5.35,0.));
#5604 = VECTOR('',#5605,1.);
#5605 = DIRECTION('',(1.,-0.,-0.));
#5606 = ORIENTED_EDGE('',*,*,#5517,.T.);
#5607 = ORIENTED_EDGE('',*,*,#5608,.T.);
#5608 = EDGE_CURVE('',#5518,#5558,#5609,.T.);
#5609 = LINE('',#5610,#5611);
#5610 = CARTESIAN_POINT('',(2.1,-5.35,0.203));
#5611 = VECTOR('',#5612,1.);
#5612 = DIRECTION('',(1.,-0.,-0.));
#5613 = ORIENTED_EDGE('',*,*,#5557,.F.);
#5614 = PLANE('',#5615);
#5615 = AXIS2_PLACEMENT_3D('',#5616,#5617,#5618);
#5616 = CARTESIAN_POINT('',(2.1,-5.35,0.));
#5617 = DIRECTION('',(-0.,-1.,-0.));
#5618 = DIRECTION('',(0.,0.,-1.));
#5619 = ADVANCED_FACE('',(#5620),#5626,.F.);
#5620 = FACE_BOUND('',#5621,.T.);
#5621 = EDGE_LOOP('',(#5622,#5623,#5624,#5625));
#5622 = ORIENTED_EDGE('',*,*,#5509,.F.);
#5623 = ORIENTED_EDGE('',*,*,#5579,.T.);
#5624 = ORIENTED_EDGE('',*,*,#5549,.T.);
#5625 = ORIENTED_EDGE('',*,*,#5601,.F.);
#5626 = PLANE('',#5627);
#5627 = AXIS2_PLACEMENT_3D('',#5628,#5629,#5630);
#5628 = CARTESIAN_POINT('',(2.1,-4.55,0.));
#5629 = DIRECTION('',(-0.,-0.,1.));
#5630 = DIRECTION('',(-1.,0.,0.));
#5631 = ADVANCED_FACE('',(#5632),#5638,.T.);
#5632 = FACE_BOUND('',#5633,.F.);
#5633 = EDGE_LOOP('',(#5634,#5635,#5636,#5637));
#5634 = ORIENTED_EDGE('',*,*,#5525,.F.);
#5635 = ORIENTED_EDGE('',*,*,#5586,.T.);
#5636 = ORIENTED_EDGE('',*,*,#5565,.T.);
#5637 = ORIENTED_EDGE('',*,*,#5608,.F.);
#5638 = PLANE('',#5639);
#5639 = AXIS2_PLACEMENT_3D('',#5640,#5641,#5642);
#5640 = CARTESIAN_POINT('',(2.1,-4.55,0.203));
#5641 = DIRECTION('',(-0.,-0.,1.));
#5642 = DIRECTION('',(-1.,0.,0.));
#5643 = MANIFOLD_SOLID_BREP('',#5644);
#5644 = CLOSED_SHELL('',(#5645,#5685,#5725,#5747,#5769,#5781));
#5645 = ADVANCED_FACE('',(#5646),#5680,.F.);
#5646 = FACE_BOUND('',#5647,.T.);
#5647 = EDGE_LOOP('',(#5648,#5658,#5666,#5674));
#5648 = ORIENTED_EDGE('',*,*,#5649,.F.);
#5649 = EDGE_CURVE('',#5650,#5652,#5654,.T.);
#5650 = VERTEX_POINT('',#5651);
#5651 = CARTESIAN_POINT('',(2.5,-4.55,0.));
#5652 = VERTEX_POINT('',#5653);
#5653 = CARTESIAN_POINT('',(2.5,-4.55,0.203));
#5654 = LINE('',#5655,#5656);
#5655 = CARTESIAN_POINT('',(2.5,-4.55,0.));
#5656 = VECTOR('',#5657,1.);
#5657 = DIRECTION('',(-0.,-0.,1.));
#5658 = ORIENTED_EDGE('',*,*,#5659,.T.);
#5659 = EDGE_CURVE('',#5650,#5660,#5662,.T.);
#5660 = VERTEX_POINT('',#5661);
#5661 = CARTESIAN_POINT('',(2.5,-5.35,0.));
#5662 = LINE('',#5663,#5664);
#5663 = CARTESIAN_POINT('',(2.5,-4.55,0.));
#5664 = VECTOR('',#5665,1.);
#5665 = DIRECTION('',(-0.,-1.,-0.));
#5666 = ORIENTED_EDGE('',*,*,#5667,.T.);
#5667 = EDGE_CURVE('',#5660,#5668,#5670,.T.);
#5668 = VERTEX_POINT('',#5669);
#5669 = CARTESIAN_POINT('',(2.5,-5.35,0.203));
#5670 = LINE('',#5671,#5672);
#5671 = CARTESIAN_POINT('',(2.5,-5.35,0.));
#5672 = VECTOR('',#5673,1.);
#5673 = DIRECTION('',(-0.,-0.,1.));
#5674 = ORIENTED_EDGE('',*,*,#5675,.F.);
#5675 = EDGE_CURVE('',#5652,#5668,#5676,.T.);
#5676 = LINE('',#5677,#5678);
#5677 = CARTESIAN_POINT('',(2.5,-4.55,0.203));
#5678 = VECTOR('',#5679,1.);
#5679 = DIRECTION('',(-0.,-1.,-0.));
#5680 = PLANE('',#5681);
#5681 = AXIS2_PLACEMENT_3D('',#5682,#5683,#5684);
#5682 = CARTESIAN_POINT('',(2.5,-4.55,0.));
#5683 = DIRECTION('',(1.,-0.,-0.));
#5684 = DIRECTION('',(0.,0.,-1.));
#5685 = ADVANCED_FACE('',(#5686),#5720,.T.);
#5686 = FACE_BOUND('',#5687,.F.);
#5687 = EDGE_LOOP('',(#5688,#5698,#5706,#5714));
#5688 = ORIENTED_EDGE('',*,*,#5689,.F.);
#5689 = EDGE_CURVE('',#5690,#5692,#5694,.T.);
#5690 = VERTEX_POINT('',#5691);
#5691 = CARTESIAN_POINT('',(2.7,-4.55,0.));
#5692 = VERTEX_POINT('',#5693);
#5693 = CARTESIAN_POINT('',(2.7,-4.55,0.203));
#5694 = LINE('',#5695,#5696);
#5695 = CARTESIAN_POINT('',(2.7,-4.55,0.));
#5696 = VECTOR('',#5697,1.);
#5697 = DIRECTION('',(-0.,-0.,1.));
#5698 = ORIENTED_EDGE('',*,*,#5699,.T.);
#5699 = EDGE_CURVE('',#5690,#5700,#5702,.T.);
#5700 = VERTEX_POINT('',#5701);
#5701 = CARTESIAN_POINT('',(2.7,-5.35,0.));
#5702 = LINE('',#5703,#5704);
#5703 = CARTESIAN_POINT('',(2.7,-4.55,0.));
#5704 = VECTOR('',#5705,1.);
#5705 = DIRECTION('',(-0.,-1.,-0.));
#5706 = ORIENTED_EDGE('',*,*,#5707,.T.);
#5707 = EDGE_CURVE('',#5700,#5708,#5710,.T.);
#5708 = VERTEX_POINT('',#5709);
#5709 = CARTESIAN_POINT('',(2.7,-5.35,0.203));
#5710 = LINE('',#5711,#5712);
#5711 = CARTESIAN_POINT('',(2.7,-5.35,0.));
#5712 = VECTOR('',#5713,1.);
#5713 = DIRECTION('',(-0.,-0.,1.));
#5714 = ORIENTED_EDGE('',*,*,#5715,.F.);
#5715 = EDGE_CURVE('',#5692,#5708,#5716,.T.);
#5716 = LINE('',#5717,#5718);
#5717 = CARTESIAN_POINT('',(2.7,-4.55,0.203));
#5718 = VECTOR('',#5719,1.);
#5719 = DIRECTION('',(-0.,-1.,-0.));
#5720 = PLANE('',#5721);
#5721 = AXIS2_PLACEMENT_3D('',#5722,#5723,#5724);
#5722 = CARTESIAN_POINT('',(2.7,-4.55,0.));
#5723 = DIRECTION('',(1.,-0.,-0.));
#5724 = DIRECTION('',(0.,0.,-1.));
#5725 = ADVANCED_FACE('',(#5726),#5742,.F.);
#5726 = FACE_BOUND('',#5727,.T.);
#5727 = EDGE_LOOP('',(#5728,#5734,#5735,#5741));
#5728 = ORIENTED_EDGE('',*,*,#5729,.F.);
#5729 = EDGE_CURVE('',#5650,#5690,#5730,.T.);
#5730 = LINE('',#5731,#5732);
#5731 = CARTESIAN_POINT('',(2.5,-4.55,0.));
#5732 = VECTOR('',#5733,1.);
#5733 = DIRECTION('',(1.,-0.,-0.));
#5734 = ORIENTED_EDGE('',*,*,#5649,.T.);
#5735 = ORIENTED_EDGE('',*,*,#5736,.T.);
#5736 = EDGE_CURVE('',#5652,#5692,#5737,.T.);
#5737 = LINE('',#5738,#5739);
#5738 = CARTESIAN_POINT('',(2.5,-4.55,0.203));
#5739 = VECTOR('',#5740,1.);
#5740 = DIRECTION('',(1.,-0.,-0.));
#5741 = ORIENTED_EDGE('',*,*,#5689,.F.);
#5742 = PLANE('',#5743);
#5743 = AXIS2_PLACEMENT_3D('',#5744,#5745,#5746);
#5744 = CARTESIAN_POINT('',(2.5,-4.55,0.));
#5745 = DIRECTION('',(-0.,-1.,-0.));
#5746 = DIRECTION('',(0.,0.,-1.));
#5747 = ADVANCED_FACE('',(#5748),#5764,.T.);
#5748 = FACE_BOUND('',#5749,.F.);
#5749 = EDGE_LOOP('',(#5750,#5756,#5757,#5763));
#5750 = ORIENTED_EDGE('',*,*,#5751,.F.);
#5751 = EDGE_CURVE('',#5660,#5700,#5752,.T.);
#5752 = LINE('',#5753,#5754);
#5753 = CARTESIAN_POINT('',(2.5,-5.35,0.));
#5754 = VECTOR('',#5755,1.);
#5755 = DIRECTION('',(1.,-0.,-0.));
#5756 = ORIENTED_EDGE('',*,*,#5667,.T.);
#5757 = ORIENTED_EDGE('',*,*,#5758,.T.);
#5758 = EDGE_CURVE('',#5668,#5708,#5759,.T.);
#5759 = LINE('',#5760,#5761);
#5760 = CARTESIAN_POINT('',(2.5,-5.35,0.203));
#5761 = VECTOR('',#5762,1.);
#5762 = DIRECTION('',(1.,-0.,-0.));
#5763 = ORIENTED_EDGE('',*,*,#5707,.F.);
#5764 = PLANE('',#5765);
#5765 = AXIS2_PLACEMENT_3D('',#5766,#5767,#5768);
#5766 = CARTESIAN_POINT('',(2.5,-5.35,0.));
#5767 = DIRECTION('',(-0.,-1.,-0.));
#5768 = DIRECTION('',(0.,0.,-1.));
#5769 = ADVANCED_FACE('',(#5770),#5776,.F.);
#5770 = FACE_BOUND('',#5771,.T.);
#5771 = EDGE_LOOP('',(#5772,#5773,#5774,#5775));
#5772 = ORIENTED_EDGE('',*,*,#5659,.F.);
#5773 = ORIENTED_EDGE('',*,*,#5729,.T.);
#5774 = ORIENTED_EDGE('',*,*,#5699,.T.);
#5775 = ORIENTED_EDGE('',*,*,#5751,.F.);
#5776 = PLANE('',#5777);
#5777 = AXIS2_PLACEMENT_3D('',#5778,#5779,#5780);
#5778 = CARTESIAN_POINT('',(2.5,-4.55,0.));
#5779 = DIRECTION('',(-0.,-0.,1.));
#5780 = DIRECTION('',(-1.,0.,0.));
#5781 = ADVANCED_FACE('',(#5782),#5788,.T.);
#5782 = FACE_BOUND('',#5783,.F.);
#5783 = EDGE_LOOP('',(#5784,#5785,#5786,#5787));
#5784 = ORIENTED_EDGE('',*,*,#5675,.F.);
#5785 = ORIENTED_EDGE('',*,*,#5736,.T.);
#5786 = ORIENTED_EDGE('',*,*,#5715,.T.);
#5787 = ORIENTED_EDGE('',*,*,#5758,.F.);
#5788 = PLANE('',#5789);
#5789 = AXIS2_PLACEMENT_3D('',#5790,#5791,#5792);
#5790 = CARTESIAN_POINT('',(2.5,-4.55,0.203));
#5791 = DIRECTION('',(-0.,-0.,1.));
#5792 = DIRECTION('',(-1.,0.,0.));
#5793 = MANIFOLD_SOLID_BREP('',#5794);
#5794 = CLOSED_SHELL('',(#5795,#5835,#5875,#5897,#5919,#5931));
#5795 = ADVANCED_FACE('',(#5796),#5830,.F.);
#5796 = FACE_BOUND('',#5797,.T.);
#5797 = EDGE_LOOP('',(#5798,#5808,#5816,#5824));
#5798 = ORIENTED_EDGE('',*,*,#5799,.F.);
#5799 = EDGE_CURVE('',#5800,#5802,#5804,.T.);
#5800 = VERTEX_POINT('',#5801);
#5801 = CARTESIAN_POINT('',(2.9,-4.55,0.));
#5802 = VERTEX_POINT('',#5803);
#5803 = CARTESIAN_POINT('',(2.9,-4.55,0.203));
#5804 = LINE('',#5805,#5806);
#5805 = CARTESIAN_POINT('',(2.9,-4.55,0.));
#5806 = VECTOR('',#5807,1.);
#5807 = DIRECTION('',(-0.,-0.,1.));
#5808 = ORIENTED_EDGE('',*,*,#5809,.T.);
#5809 = EDGE_CURVE('',#5800,#5810,#5812,.T.);
#5810 = VERTEX_POINT('',#5811);
#5811 = CARTESIAN_POINT('',(2.9,-5.35,0.));
#5812 = LINE('',#5813,#5814);
#5813 = CARTESIAN_POINT('',(2.9,-4.55,0.));
#5814 = VECTOR('',#5815,1.);
#5815 = DIRECTION('',(-0.,-1.,-0.));
#5816 = ORIENTED_EDGE('',*,*,#5817,.T.);
#5817 = EDGE_CURVE('',#5810,#5818,#5820,.T.);
#5818 = VERTEX_POINT('',#5819);
#5819 = CARTESIAN_POINT('',(2.9,-5.35,0.203));
#5820 = LINE('',#5821,#5822);
#5821 = CARTESIAN_POINT('',(2.9,-5.35,0.));
#5822 = VECTOR('',#5823,1.);
#5823 = DIRECTION('',(-0.,-0.,1.));
#5824 = ORIENTED_EDGE('',*,*,#5825,.F.);
#5825 = EDGE_CURVE('',#5802,#5818,#5826,.T.);
#5826 = LINE('',#5827,#5828);
#5827 = CARTESIAN_POINT('',(2.9,-4.55,0.203));
#5828 = VECTOR('',#5829,1.);
#5829 = DIRECTION('',(-0.,-1.,-0.));
#5830 = PLANE('',#5831);
#5831 = AXIS2_PLACEMENT_3D('',#5832,#5833,#5834);
#5832 = CARTESIAN_POINT('',(2.9,-4.55,0.));
#5833 = DIRECTION('',(1.,-0.,-0.));
#5834 = DIRECTION('',(0.,0.,-1.));
#5835 = ADVANCED_FACE('',(#5836),#5870,.T.);
#5836 = FACE_BOUND('',#5837,.F.);
#5837 = EDGE_LOOP('',(#5838,#5848,#5856,#5864));
#5838 = ORIENTED_EDGE('',*,*,#5839,.F.);
#5839 = EDGE_CURVE('',#5840,#5842,#5844,.T.);
#5840 = VERTEX_POINT('',#5841);
#5841 = CARTESIAN_POINT('',(3.1,-4.55,0.));
#5842 = VERTEX_POINT('',#5843);
#5843 = CARTESIAN_POINT('',(3.1,-4.55,0.203));
#5844 = LINE('',#5845,#5846);
#5845 = CARTESIAN_POINT('',(3.1,-4.55,0.));
#5846 = VECTOR('',#5847,1.);
#5847 = DIRECTION('',(-0.,-0.,1.));
#5848 = ORIENTED_EDGE('',*,*,#5849,.T.);
#5849 = EDGE_CURVE('',#5840,#5850,#5852,.T.);
#5850 = VERTEX_POINT('',#5851);
#5851 = CARTESIAN_POINT('',(3.1,-5.35,0.));
#5852 = LINE('',#5853,#5854);
#5853 = CARTESIAN_POINT('',(3.1,-4.55,0.));
#5854 = VECTOR('',#5855,1.);
#5855 = DIRECTION('',(-0.,-1.,-0.));
#5856 = ORIENTED_EDGE('',*,*,#5857,.T.);
#5857 = EDGE_CURVE('',#5850,#5858,#5860,.T.);
#5858 = VERTEX_POINT('',#5859);
#5859 = CARTESIAN_POINT('',(3.1,-5.35,0.203));
#5860 = LINE('',#5861,#5862);
#5861 = CARTESIAN_POINT('',(3.1,-5.35,0.));
#5862 = VECTOR('',#5863,1.);
#5863 = DIRECTION('',(-0.,-0.,1.));
#5864 = ORIENTED_EDGE('',*,*,#5865,.F.);
#5865 = EDGE_CURVE('',#5842,#5858,#5866,.T.);
#5866 = LINE('',#5867,#5868);
#5867 = CARTESIAN_POINT('',(3.1,-4.55,0.203));
#5868 = VECTOR('',#5869,1.);
#5869 = DIRECTION('',(-0.,-1.,-0.));
#5870 = PLANE('',#5871);
#5871 = AXIS2_PLACEMENT_3D('',#5872,#5873,#5874);
#5872 = CARTESIAN_POINT('',(3.1,-4.55,0.));
#5873 = DIRECTION('',(1.,-0.,-0.));
#5874 = DIRECTION('',(0.,0.,-1.));
#5875 = ADVANCED_FACE('',(#5876),#5892,.F.);
#5876 = FACE_BOUND('',#5877,.T.);
#5877 = EDGE_LOOP('',(#5878,#5884,#5885,#5891));
#5878 = ORIENTED_EDGE('',*,*,#5879,.F.);
#5879 = EDGE_CURVE('',#5800,#5840,#5880,.T.);
#5880 = LINE('',#5881,#5882);
#5881 = CARTESIAN_POINT('',(2.9,-4.55,0.));
#5882 = VECTOR('',#5883,1.);
#5883 = DIRECTION('',(1.,-0.,-0.));
#5884 = ORIENTED_EDGE('',*,*,#5799,.T.);
#5885 = ORIENTED_EDGE('',*,*,#5886,.T.);
#5886 = EDGE_CURVE('',#5802,#5842,#5887,.T.);
#5887 = LINE('',#5888,#5889);
#5888 = CARTESIAN_POINT('',(2.9,-4.55,0.203));
#5889 = VECTOR('',#5890,1.);
#5890 = DIRECTION('',(1.,-0.,-0.));
#5891 = ORIENTED_EDGE('',*,*,#5839,.F.);
#5892 = PLANE('',#5893);
#5893 = AXIS2_PLACEMENT_3D('',#5894,#5895,#5896);
#5894 = CARTESIAN_POINT('',(2.9,-4.55,0.));
#5895 = DIRECTION('',(-0.,-1.,-0.));
#5896 = DIRECTION('',(0.,0.,-1.));
#5897 = ADVANCED_FACE('',(#5898),#5914,.T.);
#5898 = FACE_BOUND('',#5899,.F.);
#5899 = EDGE_LOOP('',(#5900,#5906,#5907,#5913));
#5900 = ORIENTED_EDGE('',*,*,#5901,.F.);
#5901 = EDGE_CURVE('',#5810,#5850,#5902,.T.);
#5902 = LINE('',#5903,#5904);
#5903 = CARTESIAN_POINT('',(2.9,-5.35,0.));
#5904 = VECTOR('',#5905,1.);
#5905 = DIRECTION('',(1.,-0.,-0.));
#5906 = ORIENTED_EDGE('',*,*,#5817,.T.);
#5907 = ORIENTED_EDGE('',*,*,#5908,.T.);
#5908 = EDGE_CURVE('',#5818,#5858,#5909,.T.);
#5909 = LINE('',#5910,#5911);
#5910 = CARTESIAN_POINT('',(2.9,-5.35,0.203));
#5911 = VECTOR('',#5912,1.);
#5912 = DIRECTION('',(1.,-0.,-0.));
#5913 = ORIENTED_EDGE('',*,*,#5857,.F.);
#5914 = PLANE('',#5915);
#5915 = AXIS2_PLACEMENT_3D('',#5916,#5917,#5918);
#5916 = CARTESIAN_POINT('',(2.9,-5.35,0.));
#5917 = DIRECTION('',(-0.,-1.,-0.));
#5918 = DIRECTION('',(0.,0.,-1.));
#5919 = ADVANCED_FACE('',(#5920),#5926,.F.);
#5920 = FACE_BOUND('',#5921,.T.);
#5921 = EDGE_LOOP('',(#5922,#5923,#5924,#5925));
#5922 = ORIENTED_EDGE('',*,*,#5809,.F.);
#5923 = ORIENTED_EDGE('',*,*,#5879,.T.);
#5924 = ORIENTED_EDGE('',*,*,#5849,.T.);
#5925 = ORIENTED_EDGE('',*,*,#5901,.F.);
#5926 = PLANE('',#5927);
#5927 = AXIS2_PLACEMENT_3D('',#5928,#5929,#5930);
#5928 = CARTESIAN_POINT('',(2.9,-4.55,0.));
#5929 = DIRECTION('',(-0.,-0.,1.));
#5930 = DIRECTION('',(-1.,0.,0.));
#5931 = ADVANCED_FACE('',(#5932),#5938,.T.);
#5932 = FACE_BOUND('',#5933,.F.);
#5933 = EDGE_LOOP('',(#5934,#5935,#5936,#5937));
#5934 = ORIENTED_EDGE('',*,*,#5825,.F.);
#5935 = ORIENTED_EDGE('',*,*,#5886,.T.);
#5936 = ORIENTED_EDGE('',*,*,#5865,.T.);
#5937 = ORIENTED_EDGE('',*,*,#5908,.F.);
#5938 = PLANE('',#5939);
#5939 = AXIS2_PLACEMENT_3D('',#5940,#5941,#5942);
#5940 = CARTESIAN_POINT('',(2.9,-4.55,0.203));
#5941 = DIRECTION('',(-0.,-0.,1.));
#5942 = DIRECTION('',(-1.,0.,0.));
#5943 = MANIFOLD_SOLID_BREP('',#5944);
#5944 = CLOSED_SHELL('',(#5945,#5985,#6025,#6047,#6069,#6081));
#5945 = ADVANCED_FACE('',(#5946),#5980,.F.);
#5946 = FACE_BOUND('',#5947,.T.);
#5947 = EDGE_LOOP('',(#5948,#5958,#5966,#5974));
#5948 = ORIENTED_EDGE('',*,*,#5949,.F.);
#5949 = EDGE_CURVE('',#5950,#5952,#5954,.T.);
#5950 = VERTEX_POINT('',#5951);
#5951 = CARTESIAN_POINT('',(3.3,-4.55,0.));
#5952 = VERTEX_POINT('',#5953);
#5953 = CARTESIAN_POINT('',(3.3,-4.55,0.203));
#5954 = LINE('',#5955,#5956);
#5955 = CARTESIAN_POINT('',(3.3,-4.55,0.));
#5956 = VECTOR('',#5957,1.);
#5957 = DIRECTION('',(-0.,-0.,1.));
#5958 = ORIENTED_EDGE('',*,*,#5959,.T.);
#5959 = EDGE_CURVE('',#5950,#5960,#5962,.T.);
#5960 = VERTEX_POINT('',#5961);
#5961 = CARTESIAN_POINT('',(3.3,-5.35,0.));
#5962 = LINE('',#5963,#5964);
#5963 = CARTESIAN_POINT('',(3.3,-4.55,0.));
#5964 = VECTOR('',#5965,1.);
#5965 = DIRECTION('',(-0.,-1.,-0.));
#5966 = ORIENTED_EDGE('',*,*,#5967,.T.);
#5967 = EDGE_CURVE('',#5960,#5968,#5970,.T.);
#5968 = VERTEX_POINT('',#5969);
#5969 = CARTESIAN_POINT('',(3.3,-5.35,0.203));
#5970 = LINE('',#5971,#5972);
#5971 = CARTESIAN_POINT('',(3.3,-5.35,0.));
#5972 = VECTOR('',#5973,1.);
#5973 = DIRECTION('',(-0.,-0.,1.));
#5974 = ORIENTED_EDGE('',*,*,#5975,.F.);
#5975 = EDGE_CURVE('',#5952,#5968,#5976,.T.);
#5976 = LINE('',#5977,#5978);
#5977 = CARTESIAN_POINT('',(3.3,-4.55,0.203));
#5978 = VECTOR('',#5979,1.);
#5979 = DIRECTION('',(-0.,-1.,-0.));
#5980 = PLANE('',#5981);
#5981 = AXIS2_PLACEMENT_3D('',#5982,#5983,#5984);
#5982 = CARTESIAN_POINT('',(3.3,-4.55,0.));
#5983 = DIRECTION('',(1.,-0.,-0.));
#5984 = DIRECTION('',(0.,0.,-1.));
#5985 = ADVANCED_FACE('',(#5986),#6020,.T.);
#5986 = FACE_BOUND('',#5987,.F.);
#5987 = EDGE_LOOP('',(#5988,#5998,#6006,#6014));
#5988 = ORIENTED_EDGE('',*,*,#5989,.F.);
#5989 = EDGE_CURVE('',#5990,#5992,#5994,.T.);
#5990 = VERTEX_POINT('',#5991);
#5991 = CARTESIAN_POINT('',(3.5,-4.55,0.));
#5992 = VERTEX_POINT('',#5993);
#5993 = CARTESIAN_POINT('',(3.5,-4.55,0.203));
#5994 = LINE('',#5995,#5996);
#5995 = CARTESIAN_POINT('',(3.5,-4.55,0.));
#5996 = VECTOR('',#5997,1.);
#5997 = DIRECTION('',(-0.,-0.,1.));
#5998 = ORIENTED_EDGE('',*,*,#5999,.T.);
#5999 = EDGE_CURVE('',#5990,#6000,#6002,.T.);
#6000 = VERTEX_POINT('',#6001);
#6001 = CARTESIAN_POINT('',(3.5,-5.35,0.));
#6002 = LINE('',#6003,#6004);
#6003 = CARTESIAN_POINT('',(3.5,-4.55,0.));
#6004 = VECTOR('',#6005,1.);
#6005 = DIRECTION('',(-0.,-1.,-0.));
#6006 = ORIENTED_EDGE('',*,*,#6007,.T.);
#6007 = EDGE_CURVE('',#6000,#6008,#6010,.T.);
#6008 = VERTEX_POINT('',#6009);
#6009 = CARTESIAN_POINT('',(3.5,-5.35,0.203));
#6010 = LINE('',#6011,#6012);
#6011 = CARTESIAN_POINT('',(3.5,-5.35,0.));
#6012 = VECTOR('',#6013,1.);
#6013 = DIRECTION('',(-0.,-0.,1.));
#6014 = ORIENTED_EDGE('',*,*,#6015,.F.);
#6015 = EDGE_CURVE('',#5992,#6008,#6016,.T.);
#6016 = LINE('',#6017,#6018);
#6017 = CARTESIAN_POINT('',(3.5,-4.55,0.203));
#6018 = VECTOR('',#6019,1.);
#6019 = DIRECTION('',(-0.,-1.,-0.));
#6020 = PLANE('',#6021);
#6021 = AXIS2_PLACEMENT_3D('',#6022,#6023,#6024);
#6022 = CARTESIAN_POINT('',(3.5,-4.55,0.));
#6023 = DIRECTION('',(1.,-0.,-0.));
#6024 = DIRECTION('',(0.,0.,-1.));
#6025 = ADVANCED_FACE('',(#6026),#6042,.F.);
#6026 = FACE_BOUND('',#6027,.T.);
#6027 = EDGE_LOOP('',(#6028,#6034,#6035,#6041));
#6028 = ORIENTED_EDGE('',*,*,#6029,.F.);
#6029 = EDGE_CURVE('',#5950,#5990,#6030,.T.);
#6030 = LINE('',#6031,#6032);
#6031 = CARTESIAN_POINT('',(3.3,-4.55,0.));
#6032 = VECTOR('',#6033,1.);
#6033 = DIRECTION('',(1.,-0.,-0.));
#6034 = ORIENTED_EDGE('',*,*,#5949,.T.);
#6035 = ORIENTED_EDGE('',*,*,#6036,.T.);
#6036 = EDGE_CURVE('',#5952,#5992,#6037,.T.);
#6037 = LINE('',#6038,#6039);
#6038 = CARTESIAN_POINT('',(3.3,-4.55,0.203));
#6039 = VECTOR('',#6040,1.);
#6040 = DIRECTION('',(1.,-0.,-0.));
#6041 = ORIENTED_EDGE('',*,*,#5989,.F.);
#6042 = PLANE('',#6043);
#6043 = AXIS2_PLACEMENT_3D('',#6044,#6045,#6046);
#6044 = CARTESIAN_POINT('',(3.3,-4.55,0.));
#6045 = DIRECTION('',(-0.,-1.,-0.));
#6046 = DIRECTION('',(0.,0.,-1.));
#6047 = ADVANCED_FACE('',(#6048),#6064,.T.);
#6048 = FACE_BOUND('',#6049,.F.);
#6049 = EDGE_LOOP('',(#6050,#6056,#6057,#6063));
#6050 = ORIENTED_EDGE('',*,*,#6051,.F.);
#6051 = EDGE_CURVE('',#5960,#6000,#6052,.T.);
#6052 = LINE('',#6053,#6054);
#6053 = CARTESIAN_POINT('',(3.3,-5.35,0.));
#6054 = VECTOR('',#6055,1.);
#6055 = DIRECTION('',(1.,-0.,-0.));
#6056 = ORIENTED_EDGE('',*,*,#5967,.T.);
#6057 = ORIENTED_EDGE('',*,*,#6058,.T.);
#6058 = EDGE_CURVE('',#5968,#6008,#6059,.T.);
#6059 = LINE('',#6060,#6061);
#6060 = CARTESIAN_POINT('',(3.3,-5.35,0.203));
#6061 = VECTOR('',#6062,1.);
#6062 = DIRECTION('',(1.,-0.,-0.));
#6063 = ORIENTED_EDGE('',*,*,#6007,.F.);
#6064 = PLANE('',#6065);
#6065 = AXIS2_PLACEMENT_3D('',#6066,#6067,#6068);
#6066 = CARTESIAN_POINT('',(3.3,-5.35,0.));
#6067 = DIRECTION('',(-0.,-1.,-0.));
#6068 = DIRECTION('',(0.,0.,-1.));
#6069 = ADVANCED_FACE('',(#6070),#6076,.F.);
#6070 = FACE_BOUND('',#6071,.T.);
#6071 = EDGE_LOOP('',(#6072,#6073,#6074,#6075));
#6072 = ORIENTED_EDGE('',*,*,#5959,.F.);
#6073 = ORIENTED_EDGE('',*,*,#6029,.T.);
#6074 = ORIENTED_EDGE('',*,*,#5999,.T.);
#6075 = ORIENTED_EDGE('',*,*,#6051,.F.);
#6076 = PLANE('',#6077);
#6077 = AXIS2_PLACEMENT_3D('',#6078,#6079,#6080);
#6078 = CARTESIAN_POINT('',(3.3,-4.55,0.));
#6079 = DIRECTION('',(-0.,-0.,1.));
#6080 = DIRECTION('',(-1.,0.,0.));
#6081 = ADVANCED_FACE('',(#6082),#6088,.T.);
#6082 = FACE_BOUND('',#6083,.F.);
#6083 = EDGE_LOOP('',(#6084,#6085,#6086,#6087));
#6084 = ORIENTED_EDGE('',*,*,#5975,.F.);
#6085 = ORIENTED_EDGE('',*,*,#6036,.T.);
#6086 = ORIENTED_EDGE('',*,*,#6015,.T.);
#6087 = ORIENTED_EDGE('',*,*,#6058,.F.);
#6088 = PLANE('',#6089);
#6089 = AXIS2_PLACEMENT_3D('',#6090,#6091,#6092);
#6090 = CARTESIAN_POINT('',(3.3,-4.55,0.203));
#6091 = DIRECTION('',(-0.,-0.,1.));
#6092 = DIRECTION('',(-1.,0.,0.));
#6093 = MANIFOLD_SOLID_BREP('',#6094);
#6094 = CLOSED_SHELL('',(#6095,#6135,#6175,#6197,#6219,#6231));
#6095 = ADVANCED_FACE('',(#6096),#6130,.F.);
#6096 = FACE_BOUND('',#6097,.T.);
#6097 = EDGE_LOOP('',(#6098,#6108,#6116,#6124));
#6098 = ORIENTED_EDGE('',*,*,#6099,.F.);
#6099 = EDGE_CURVE('',#6100,#6102,#6104,.T.);
#6100 = VERTEX_POINT('',#6101);
#6101 = CARTESIAN_POINT('',(3.7,-4.55,0.));
#6102 = VERTEX_POINT('',#6103);
#6103 = CARTESIAN_POINT('',(3.7,-4.55,0.203));
#6104 = LINE('',#6105,#6106);
#6105 = CARTESIAN_POINT('',(3.7,-4.55,0.));
#6106 = VECTOR('',#6107,1.);
#6107 = DIRECTION('',(-0.,-0.,1.));
#6108 = ORIENTED_EDGE('',*,*,#6109,.T.);
#6109 = EDGE_CURVE('',#6100,#6110,#6112,.T.);
#6110 = VERTEX_POINT('',#6111);
#6111 = CARTESIAN_POINT('',(3.7,-5.35,0.));
#6112 = LINE('',#6113,#6114);
#6113 = CARTESIAN_POINT('',(3.7,-4.55,0.));
#6114 = VECTOR('',#6115,1.);
#6115 = DIRECTION('',(-0.,-1.,-0.));
#6116 = ORIENTED_EDGE('',*,*,#6117,.T.);
#6117 = EDGE_CURVE('',#6110,#6118,#6120,.T.);
#6118 = VERTEX_POINT('',#6119);
#6119 = CARTESIAN_POINT('',(3.7,-5.35,0.203));
#6120 = LINE('',#6121,#6122);
#6121 = CARTESIAN_POINT('',(3.7,-5.35,0.));
#6122 = VECTOR('',#6123,1.);
#6123 = DIRECTION('',(-0.,-0.,1.));
#6124 = ORIENTED_EDGE('',*,*,#6125,.F.);
#6125 = EDGE_CURVE('',#6102,#6118,#6126,.T.);
#6126 = LINE('',#6127,#6128);
#6127 = CARTESIAN_POINT('',(3.7,-4.55,0.203));
#6128 = VECTOR('',#6129,1.);
#6129 = DIRECTION('',(-0.,-1.,-0.));
#6130 = PLANE('',#6131);
#6131 = AXIS2_PLACEMENT_3D('',#6132,#6133,#6134);
#6132 = CARTESIAN_POINT('',(3.7,-4.55,0.));
#6133 = DIRECTION('',(1.,-0.,-0.));
#6134 = DIRECTION('',(0.,0.,-1.));
#6135 = ADVANCED_FACE('',(#6136),#6170,.T.);
#6136 = FACE_BOUND('',#6137,.F.);
#6137 = EDGE_LOOP('',(#6138,#6148,#6156,#6164));
#6138 = ORIENTED_EDGE('',*,*,#6139,.F.);
#6139 = EDGE_CURVE('',#6140,#6142,#6144,.T.);
#6140 = VERTEX_POINT('',#6141);
#6141 = CARTESIAN_POINT('',(3.9,-4.55,0.));
#6142 = VERTEX_POINT('',#6143);
#6143 = CARTESIAN_POINT('',(3.9,-4.55,0.203));
#6144 = LINE('',#6145,#6146);
#6145 = CARTESIAN_POINT('',(3.9,-4.55,0.));
#6146 = VECTOR('',#6147,1.);
#6147 = DIRECTION('',(-0.,-0.,1.));
#6148 = ORIENTED_EDGE('',*,*,#6149,.T.);
#6149 = EDGE_CURVE('',#6140,#6150,#6152,.T.);
#6150 = VERTEX_POINT('',#6151);
#6151 = CARTESIAN_POINT('',(3.9,-5.35,0.));
#6152 = LINE('',#6153,#6154);
#6153 = CARTESIAN_POINT('',(3.9,-4.55,0.));
#6154 = VECTOR('',#6155,1.);
#6155 = DIRECTION('',(-0.,-1.,-0.));
#6156 = ORIENTED_EDGE('',*,*,#6157,.T.);
#6157 = EDGE_CURVE('',#6150,#6158,#6160,.T.);
#6158 = VERTEX_POINT('',#6159);
#6159 = CARTESIAN_POINT('',(3.9,-5.35,0.203));
#6160 = LINE('',#6161,#6162);
#6161 = CARTESIAN_POINT('',(3.9,-5.35,0.));
#6162 = VECTOR('',#6163,1.);
#6163 = DIRECTION('',(-0.,-0.,1.));
#6164 = ORIENTED_EDGE('',*,*,#6165,.F.);
#6165 = EDGE_CURVE('',#6142,#6158,#6166,.T.);
#6166 = LINE('',#6167,#6168);
#6167 = CARTESIAN_POINT('',(3.9,-4.55,0.203));
#6168 = VECTOR('',#6169,1.);
#6169 = DIRECTION('',(-0.,-1.,-0.));
#6170 = PLANE('',#6171);
#6171 = AXIS2_PLACEMENT_3D('',#6172,#6173,#6174);
#6172 = CARTESIAN_POINT('',(3.9,-4.55,0.));
#6173 = DIRECTION('',(1.,-0.,-0.));
#6174 = DIRECTION('',(0.,0.,-1.));
#6175 = ADVANCED_FACE('',(#6176),#6192,.F.);
#6176 = FACE_BOUND('',#6177,.T.);
#6177 = EDGE_LOOP('',(#6178,#6184,#6185,#6191));
#6178 = ORIENTED_EDGE('',*,*,#6179,.F.);
#6179 = EDGE_CURVE('',#6100,#6140,#6180,.T.);
#6180 = LINE('',#6181,#6182);
#6181 = CARTESIAN_POINT('',(3.7,-4.55,0.));
#6182 = VECTOR('',#6183,1.);
#6183 = DIRECTION('',(1.,-0.,-0.));
#6184 = ORIENTED_EDGE('',*,*,#6099,.T.);
#6185 = ORIENTED_EDGE('',*,*,#6186,.T.);
#6186 = EDGE_CURVE('',#6102,#6142,#6187,.T.);
#6187 = LINE('',#6188,#6189);
#6188 = CARTESIAN_POINT('',(3.7,-4.55,0.203));
#6189 = VECTOR('',#6190,1.);
#6190 = DIRECTION('',(1.,-0.,-0.));
#6191 = ORIENTED_EDGE('',*,*,#6139,.F.);
#6192 = PLANE('',#6193);
#6193 = AXIS2_PLACEMENT_3D('',#6194,#6195,#6196);
#6194 = CARTESIAN_POINT('',(3.7,-4.55,0.));
#6195 = DIRECTION('',(-0.,-1.,-0.));
#6196 = DIRECTION('',(0.,0.,-1.));
#6197 = ADVANCED_FACE('',(#6198),#6214,.T.);
#6198 = FACE_BOUND('',#6199,.F.);
#6199 = EDGE_LOOP('',(#6200,#6206,#6207,#6213));
#6200 = ORIENTED_EDGE('',*,*,#6201,.F.);
#6201 = EDGE_CURVE('',#6110,#6150,#6202,.T.);
#6202 = LINE('',#6203,#6204);
#6203 = CARTESIAN_POINT('',(3.7,-5.35,0.));
#6204 = VECTOR('',#6205,1.);
#6205 = DIRECTION('',(1.,-0.,-0.));
#6206 = ORIENTED_EDGE('',*,*,#6117,.T.);
#6207 = ORIENTED_EDGE('',*,*,#6208,.T.);
#6208 = EDGE_CURVE('',#6118,#6158,#6209,.T.);
#6209 = LINE('',#6210,#6211);
#6210 = CARTESIAN_POINT('',(3.7,-5.35,0.203));
#6211 = VECTOR('',#6212,1.);
#6212 = DIRECTION('',(1.,-0.,-0.));
#6213 = ORIENTED_EDGE('',*,*,#6157,.F.);
#6214 = PLANE('',#6215);
#6215 = AXIS2_PLACEMENT_3D('',#6216,#6217,#6218);
#6216 = CARTESIAN_POINT('',(3.7,-5.35,0.));
#6217 = DIRECTION('',(-0.,-1.,-0.));
#6218 = DIRECTION('',(0.,0.,-1.));
#6219 = ADVANCED_FACE('',(#6220),#6226,.F.);
#6220 = FACE_BOUND('',#6221,.T.);
#6221 = EDGE_LOOP('',(#6222,#6223,#6224,#6225));
#6222 = ORIENTED_EDGE('',*,*,#6109,.F.);
#6223 = ORIENTED_EDGE('',*,*,#6179,.T.);
#6224 = ORIENTED_EDGE('',*,*,#6149,.T.);
#6225 = ORIENTED_EDGE('',*,*,#6201,.F.);
#6226 = PLANE('',#6227);
#6227 = AXIS2_PLACEMENT_3D('',#6228,#6229,#6230);
#6228 = CARTESIAN_POINT('',(3.7,-4.55,0.));
#6229 = DIRECTION('',(-0.,-0.,1.));
#6230 = DIRECTION('',(-1.,0.,0.));
#6231 = ADVANCED_FACE('',(#6232),#6238,.T.);
#6232 = FACE_BOUND('',#6233,.F.);
#6233 = EDGE_LOOP('',(#6234,#6235,#6236,#6237));
#6234 = ORIENTED_EDGE('',*,*,#6125,.F.);
#6235 = ORIENTED_EDGE('',*,*,#6186,.T.);
#6236 = ORIENTED_EDGE('',*,*,#6165,.T.);
#6237 = ORIENTED_EDGE('',*,*,#6208,.F.);
#6238 = PLANE('',#6239);
#6239 = AXIS2_PLACEMENT_3D('',#6240,#6241,#6242);
#6240 = CARTESIAN_POINT('',(3.7,-4.55,0.203));
#6241 = DIRECTION('',(-0.,-0.,1.));
#6242 = DIRECTION('',(-1.,0.,0.));
#6243 = MANIFOLD_SOLID_BREP('',#6244);
#6244 = CLOSED_SHELL('',(#6245,#6285,#6325,#6347,#6369,#6381));
#6245 = ADVANCED_FACE('',(#6246),#6280,.F.);
#6246 = FACE_BOUND('',#6247,.T.);
#6247 = EDGE_LOOP('',(#6248,#6258,#6266,#6274));
#6248 = ORIENTED_EDGE('',*,*,#6249,.F.);
#6249 = EDGE_CURVE('',#6250,#6252,#6254,.T.);
#6250 = VERTEX_POINT('',#6251);
#6251 = CARTESIAN_POINT('',(4.55,-3.7,0.));
#6252 = VERTEX_POINT('',#6253);
#6253 = CARTESIAN_POINT('',(4.55,-3.7,0.203));
#6254 = LINE('',#6255,#6256);
#6255 = CARTESIAN_POINT('',(4.55,-3.7,0.));
#6256 = VECTOR('',#6257,1.);
#6257 = DIRECTION('',(-0.,-0.,1.));
#6258 = ORIENTED_EDGE('',*,*,#6259,.T.);
#6259 = EDGE_CURVE('',#6250,#6260,#6262,.T.);
#6260 = VERTEX_POINT('',#6261);
#6261 = CARTESIAN_POINT('',(4.55,-3.9,0.));
#6262 = LINE('',#6263,#6264);
#6263 = CARTESIAN_POINT('',(4.55,-3.7,0.));
#6264 = VECTOR('',#6265,1.);
#6265 = DIRECTION('',(-0.,-1.,-0.));
#6266 = ORIENTED_EDGE('',*,*,#6267,.T.);
#6267 = EDGE_CURVE('',#6260,#6268,#6270,.T.);
#6268 = VERTEX_POINT('',#6269);
#6269 = CARTESIAN_POINT('',(4.55,-3.9,0.203));
#6270 = LINE('',#6271,#6272);
#6271 = CARTESIAN_POINT('',(4.55,-3.9,0.));
#6272 = VECTOR('',#6273,1.);
#6273 = DIRECTION('',(-0.,-0.,1.));
#6274 = ORIENTED_EDGE('',*,*,#6275,.F.);
#6275 = EDGE_CURVE('',#6252,#6268,#6276,.T.);
#6276 = LINE('',#6277,#6278);
#6277 = CARTESIAN_POINT('',(4.55,-3.7,0.203));
#6278 = VECTOR('',#6279,1.);
#6279 = DIRECTION('',(-0.,-1.,-0.));
#6280 = PLANE('',#6281);
#6281 = AXIS2_PLACEMENT_3D('',#6282,#6283,#6284);
#6282 = CARTESIAN_POINT('',(4.55,-3.7,0.));
#6283 = DIRECTION('',(1.,-0.,-0.));
#6284 = DIRECTION('',(0.,0.,-1.));
#6285 = ADVANCED_FACE('',(#6286),#6320,.T.);
#6286 = FACE_BOUND('',#6287,.F.);
#6287 = EDGE_LOOP('',(#6288,#6298,#6306,#6314));
#6288 = ORIENTED_EDGE('',*,*,#6289,.F.);
#6289 = EDGE_CURVE('',#6290,#6292,#6294,.T.);
#6290 = VERTEX_POINT('',#6291);
#6291 = CARTESIAN_POINT('',(5.35,-3.7,0.));
#6292 = VERTEX_POINT('',#6293);
#6293 = CARTESIAN_POINT('',(5.35,-3.7,0.203));
#6294 = LINE('',#6295,#6296);
#6295 = CARTESIAN_POINT('',(5.35,-3.7,0.));
#6296 = VECTOR('',#6297,1.);
#6297 = DIRECTION('',(-0.,-0.,1.));
#6298 = ORIENTED_EDGE('',*,*,#6299,.T.);
#6299 = EDGE_CURVE('',#6290,#6300,#6302,.T.);
#6300 = VERTEX_POINT('',#6301);
#6301 = CARTESIAN_POINT('',(5.35,-3.9,0.));
#6302 = LINE('',#6303,#6304);
#6303 = CARTESIAN_POINT('',(5.35,-3.7,0.));
#6304 = VECTOR('',#6305,1.);
#6305 = DIRECTION('',(-0.,-1.,-0.));
#6306 = ORIENTED_EDGE('',*,*,#6307,.T.);
#6307 = EDGE_CURVE('',#6300,#6308,#6310,.T.);
#6308 = VERTEX_POINT('',#6309);
#6309 = CARTESIAN_POINT('',(5.35,-3.9,0.203));
#6310 = LINE('',#6311,#6312);
#6311 = CARTESIAN_POINT('',(5.35,-3.9,0.));
#6312 = VECTOR('',#6313,1.);
#6313 = DIRECTION('',(-0.,-0.,1.));
#6314 = ORIENTED_EDGE('',*,*,#6315,.F.);
#6315 = EDGE_CURVE('',#6292,#6308,#6316,.T.);
#6316 = LINE('',#6317,#6318);
#6317 = CARTESIAN_POINT('',(5.35,-3.7,0.203));
#6318 = VECTOR('',#6319,1.);
#6319 = DIRECTION('',(-0.,-1.,-0.));
#6320 = PLANE('',#6321);
#6321 = AXIS2_PLACEMENT_3D('',#6322,#6323,#6324);
#6322 = CARTESIAN_POINT('',(5.35,-3.7,0.));
#6323 = DIRECTION('',(1.,-0.,-0.));
#6324 = DIRECTION('',(0.,0.,-1.));
#6325 = ADVANCED_FACE('',(#6326),#6342,.F.);
#6326 = FACE_BOUND('',#6327,.T.);
#6327 = EDGE_LOOP('',(#6328,#6334,#6335,#6341));
#6328 = ORIENTED_EDGE('',*,*,#6329,.F.);
#6329 = EDGE_CURVE('',#6250,#6290,#6330,.T.);
#6330 = LINE('',#6331,#6332);
#6331 = CARTESIAN_POINT('',(4.55,-3.7,0.));
#6332 = VECTOR('',#6333,1.);
#6333 = DIRECTION('',(1.,-0.,-0.));
#6334 = ORIENTED_EDGE('',*,*,#6249,.T.);
#6335 = ORIENTED_EDGE('',*,*,#6336,.T.);
#6336 = EDGE_CURVE('',#6252,#6292,#6337,.T.);
#6337 = LINE('',#6338,#6339);
#6338 = CARTESIAN_POINT('',(4.55,-3.7,0.203));
#6339 = VECTOR('',#6340,1.);
#6340 = DIRECTION('',(1.,-0.,-0.));
#6341 = ORIENTED_EDGE('',*,*,#6289,.F.);
#6342 = PLANE('',#6343);
#6343 = AXIS2_PLACEMENT_3D('',#6344,#6345,#6346);
#6344 = CARTESIAN_POINT('',(4.55,-3.7,0.));
#6345 = DIRECTION('',(-0.,-1.,-0.));
#6346 = DIRECTION('',(0.,0.,-1.));
#6347 = ADVANCED_FACE('',(#6348),#6364,.T.);
#6348 = FACE_BOUND('',#6349,.F.);
#6349 = EDGE_LOOP('',(#6350,#6356,#6357,#6363));
#6350 = ORIENTED_EDGE('',*,*,#6351,.F.);
#6351 = EDGE_CURVE('',#6260,#6300,#6352,.T.);
#6352 = LINE('',#6353,#6354);
#6353 = CARTESIAN_POINT('',(4.55,-3.9,0.));
#6354 = VECTOR('',#6355,1.);
#6355 = DIRECTION('',(1.,-0.,-0.));
#6356 = ORIENTED_EDGE('',*,*,#6267,.T.);
#6357 = ORIENTED_EDGE('',*,*,#6358,.T.);
#6358 = EDGE_CURVE('',#6268,#6308,#6359,.T.);
#6359 = LINE('',#6360,#6361);
#6360 = CARTESIAN_POINT('',(4.55,-3.9,0.203));
#6361 = VECTOR('',#6362,1.);
#6362 = DIRECTION('',(1.,-0.,-0.));
#6363 = ORIENTED_EDGE('',*,*,#6307,.F.);
#6364 = PLANE('',#6365);
#6365 = AXIS2_PLACEMENT_3D('',#6366,#6367,#6368);
#6366 = CARTESIAN_POINT('',(4.55,-3.9,0.));
#6367 = DIRECTION('',(-0.,-1.,-0.));
#6368 = DIRECTION('',(0.,0.,-1.));
#6369 = ADVANCED_FACE('',(#6370),#6376,.F.);
#6370 = FACE_BOUND('',#6371,.T.);
#6371 = EDGE_LOOP('',(#6372,#6373,#6374,#6375));
#6372 = ORIENTED_EDGE('',*,*,#6259,.F.);
#6373 = ORIENTED_EDGE('',*,*,#6329,.T.);
#6374 = ORIENTED_EDGE('',*,*,#6299,.T.);
#6375 = ORIENTED_EDGE('',*,*,#6351,.F.);
#6376 = PLANE('',#6377);
#6377 = AXIS2_PLACEMENT_3D('',#6378,#6379,#6380);
#6378 = CARTESIAN_POINT('',(4.55,-3.7,0.));
#6379 = DIRECTION('',(-0.,-0.,1.));
#6380 = DIRECTION('',(-1.,0.,0.));
#6381 = ADVANCED_FACE('',(#6382),#6388,.T.);
#6382 = FACE_BOUND('',#6383,.F.);
#6383 = EDGE_LOOP('',(#6384,#6385,#6386,#6387));
#6384 = ORIENTED_EDGE('',*,*,#6275,.F.);
#6385 = ORIENTED_EDGE('',*,*,#6336,.T.);
#6386 = ORIENTED_EDGE('',*,*,#6315,.T.);
#6387 = ORIENTED_EDGE('',*,*,#6358,.F.);
#6388 = PLANE('',#6389);
#6389 = AXIS2_PLACEMENT_3D('',#6390,#6391,#6392);
#6390 = CARTESIAN_POINT('',(4.55,-3.7,0.203));
#6391 = DIRECTION('',(-0.,-0.,1.));
#6392 = DIRECTION('',(-1.,0.,0.));
#6393 = MANIFOLD_SOLID_BREP('',#6394);
#6394 = CLOSED_SHELL('',(#6395,#6435,#6475,#6497,#6519,#6531));
#6395 = ADVANCED_FACE('',(#6396),#6430,.F.);
#6396 = FACE_BOUND('',#6397,.T.);
#6397 = EDGE_LOOP('',(#6398,#6408,#6416,#6424));
#6398 = ORIENTED_EDGE('',*,*,#6399,.F.);
#6399 = EDGE_CURVE('',#6400,#6402,#6404,.T.);
#6400 = VERTEX_POINT('',#6401);
#6401 = CARTESIAN_POINT('',(4.55,-3.3,0.));
#6402 = VERTEX_POINT('',#6403);
#6403 = CARTESIAN_POINT('',(4.55,-3.3,0.203));
#6404 = LINE('',#6405,#6406);
#6405 = CARTESIAN_POINT('',(4.55,-3.3,0.));
#6406 = VECTOR('',#6407,1.);
#6407 = DIRECTION('',(-0.,-0.,1.));
#6408 = ORIENTED_EDGE('',*,*,#6409,.T.);
#6409 = EDGE_CURVE('',#6400,#6410,#6412,.T.);
#6410 = VERTEX_POINT('',#6411);
#6411 = CARTESIAN_POINT('',(4.55,-3.5,0.));
#6412 = LINE('',#6413,#6414);
#6413 = CARTESIAN_POINT('',(4.55,-3.3,0.));
#6414 = VECTOR('',#6415,1.);
#6415 = DIRECTION('',(-0.,-1.,-0.));
#6416 = ORIENTED_EDGE('',*,*,#6417,.T.);
#6417 = EDGE_CURVE('',#6410,#6418,#6420,.T.);
#6418 = VERTEX_POINT('',#6419);
#6419 = CARTESIAN_POINT('',(4.55,-3.5,0.203));
#6420 = LINE('',#6421,#6422);
#6421 = CARTESIAN_POINT('',(4.55,-3.5,0.));
#6422 = VECTOR('',#6423,1.);
#6423 = DIRECTION('',(-0.,-0.,1.));
#6424 = ORIENTED_EDGE('',*,*,#6425,.F.);
#6425 = EDGE_CURVE('',#6402,#6418,#6426,.T.);
#6426 = LINE('',#6427,#6428);
#6427 = CARTESIAN_POINT('',(4.55,-3.3,0.203));
#6428 = VECTOR('',#6429,1.);
#6429 = DIRECTION('',(-0.,-1.,-0.));
#6430 = PLANE('',#6431);
#6431 = AXIS2_PLACEMENT_3D('',#6432,#6433,#6434);
#6432 = CARTESIAN_POINT('',(4.55,-3.3,0.));
#6433 = DIRECTION('',(1.,-0.,-0.));
#6434 = DIRECTION('',(0.,0.,-1.));
#6435 = ADVANCED_FACE('',(#6436),#6470,.T.);
#6436 = FACE_BOUND('',#6437,.F.);
#6437 = EDGE_LOOP('',(#6438,#6448,#6456,#6464));
#6438 = ORIENTED_EDGE('',*,*,#6439,.F.);
#6439 = EDGE_CURVE('',#6440,#6442,#6444,.T.);
#6440 = VERTEX_POINT('',#6441);
#6441 = CARTESIAN_POINT('',(5.35,-3.3,0.));
#6442 = VERTEX_POINT('',#6443);
#6443 = CARTESIAN_POINT('',(5.35,-3.3,0.203));
#6444 = LINE('',#6445,#6446);
#6445 = CARTESIAN_POINT('',(5.35,-3.3,0.));
#6446 = VECTOR('',#6447,1.);
#6447 = DIRECTION('',(-0.,-0.,1.));
#6448 = ORIENTED_EDGE('',*,*,#6449,.T.);
#6449 = EDGE_CURVE('',#6440,#6450,#6452,.T.);
#6450 = VERTEX_POINT('',#6451);
#6451 = CARTESIAN_POINT('',(5.35,-3.5,0.));
#6452 = LINE('',#6453,#6454);
#6453 = CARTESIAN_POINT('',(5.35,-3.3,0.));
#6454 = VECTOR('',#6455,1.);
#6455 = DIRECTION('',(-0.,-1.,-0.));
#6456 = ORIENTED_EDGE('',*,*,#6457,.T.);
#6457 = EDGE_CURVE('',#6450,#6458,#6460,.T.);
#6458 = VERTEX_POINT('',#6459);
#6459 = CARTESIAN_POINT('',(5.35,-3.5,0.203));
#6460 = LINE('',#6461,#6462);
#6461 = CARTESIAN_POINT('',(5.35,-3.5,0.));
#6462 = VECTOR('',#6463,1.);
#6463 = DIRECTION('',(-0.,-0.,1.));
#6464 = ORIENTED_EDGE('',*,*,#6465,.F.);
#6465 = EDGE_CURVE('',#6442,#6458,#6466,.T.);
#6466 = LINE('',#6467,#6468);
#6467 = CARTESIAN_POINT('',(5.35,-3.3,0.203));
#6468 = VECTOR('',#6469,1.);
#6469 = DIRECTION('',(-0.,-1.,-0.));
#6470 = PLANE('',#6471);
#6471 = AXIS2_PLACEMENT_3D('',#6472,#6473,#6474);
#6472 = CARTESIAN_POINT('',(5.35,-3.3,0.));
#6473 = DIRECTION('',(1.,-0.,-0.));
#6474 = DIRECTION('',(0.,0.,-1.));
#6475 = ADVANCED_FACE('',(#6476),#6492,.F.);
#6476 = FACE_BOUND('',#6477,.T.);
#6477 = EDGE_LOOP('',(#6478,#6484,#6485,#6491));
#6478 = ORIENTED_EDGE('',*,*,#6479,.F.);
#6479 = EDGE_CURVE('',#6400,#6440,#6480,.T.);
#6480 = LINE('',#6481,#6482);
#6481 = CARTESIAN_POINT('',(4.55,-3.3,0.));
#6482 = VECTOR('',#6483,1.);
#6483 = DIRECTION('',(1.,-0.,-0.));
#6484 = ORIENTED_EDGE('',*,*,#6399,.T.);
#6485 = ORIENTED_EDGE('',*,*,#6486,.T.);
#6486 = EDGE_CURVE('',#6402,#6442,#6487,.T.);
#6487 = LINE('',#6488,#6489);
#6488 = CARTESIAN_POINT('',(4.55,-3.3,0.203));
#6489 = VECTOR('',#6490,1.);
#6490 = DIRECTION('',(1.,-0.,-0.));
#6491 = ORIENTED_EDGE('',*,*,#6439,.F.);
#6492 = PLANE('',#6493);
#6493 = AXIS2_PLACEMENT_3D('',#6494,#6495,#6496);
#6494 = CARTESIAN_POINT('',(4.55,-3.3,0.));
#6495 = DIRECTION('',(-0.,-1.,-0.));
#6496 = DIRECTION('',(0.,0.,-1.));
#6497 = ADVANCED_FACE('',(#6498),#6514,.T.);
#6498 = FACE_BOUND('',#6499,.F.);
#6499 = EDGE_LOOP('',(#6500,#6506,#6507,#6513));
#6500 = ORIENTED_EDGE('',*,*,#6501,.F.);
#6501 = EDGE_CURVE('',#6410,#6450,#6502,.T.);
#6502 = LINE('',#6503,#6504);
#6503 = CARTESIAN_POINT('',(4.55,-3.5,0.));
#6504 = VECTOR('',#6505,1.);
#6505 = DIRECTION('',(1.,-0.,-0.));
#6506 = ORIENTED_EDGE('',*,*,#6417,.T.);
#6507 = ORIENTED_EDGE('',*,*,#6508,.T.);
#6508 = EDGE_CURVE('',#6418,#6458,#6509,.T.);
#6509 = LINE('',#6510,#6511);
#6510 = CARTESIAN_POINT('',(4.55,-3.5,0.203));
#6511 = VECTOR('',#6512,1.);
#6512 = DIRECTION('',(1.,-0.,-0.));
#6513 = ORIENTED_EDGE('',*,*,#6457,.F.);
#6514 = PLANE('',#6515);
#6515 = AXIS2_PLACEMENT_3D('',#6516,#6517,#6518);
#6516 = CARTESIAN_POINT('',(4.55,-3.5,0.));
#6517 = DIRECTION('',(-0.,-1.,-0.));
#6518 = DIRECTION('',(0.,0.,-1.));
#6519 = ADVANCED_FACE('',(#6520),#6526,.F.);
#6520 = FACE_BOUND('',#6521,.T.);
#6521 = EDGE_LOOP('',(#6522,#6523,#6524,#6525));
#6522 = ORIENTED_EDGE('',*,*,#6409,.F.);
#6523 = ORIENTED_EDGE('',*,*,#6479,.T.);
#6524 = ORIENTED_EDGE('',*,*,#6449,.T.);
#6525 = ORIENTED_EDGE('',*,*,#6501,.F.);
#6526 = PLANE('',#6527);
#6527 = AXIS2_PLACEMENT_3D('',#6528,#6529,#6530);
#6528 = CARTESIAN_POINT('',(4.55,-3.3,0.));
#6529 = DIRECTION('',(-0.,-0.,1.));
#6530 = DIRECTION('',(-1.,0.,0.));
#6531 = ADVANCED_FACE('',(#6532),#6538,.T.);
#6532 = FACE_BOUND('',#6533,.F.);
#6533 = EDGE_LOOP('',(#6534,#6535,#6536,#6537));
#6534 = ORIENTED_EDGE('',*,*,#6425,.F.);
#6535 = ORIENTED_EDGE('',*,*,#6486,.T.);
#6536 = ORIENTED_EDGE('',*,*,#6465,.T.);
#6537 = ORIENTED_EDGE('',*,*,#6508,.F.);
#6538 = PLANE('',#6539);
#6539 = AXIS2_PLACEMENT_3D('',#6540,#6541,#6542);
#6540 = CARTESIAN_POINT('',(4.55,-3.3,0.203));
#6541 = DIRECTION('',(-0.,-0.,1.));
#6542 = DIRECTION('',(-1.,0.,0.));
#6543 = MANIFOLD_SOLID_BREP('',#6544);
#6544 = CLOSED_SHELL('',(#6545,#6585,#6625,#6647,#6669,#6681));
#6545 = ADVANCED_FACE('',(#6546),#6580,.F.);
#6546 = FACE_BOUND('',#6547,.T.);
#6547 = EDGE_LOOP('',(#6548,#6558,#6566,#6574));
#6548 = ORIENTED_EDGE('',*,*,#6549,.F.);
#6549 = EDGE_CURVE('',#6550,#6552,#6554,.T.);
#6550 = VERTEX_POINT('',#6551);
#6551 = CARTESIAN_POINT('',(4.55,-2.9,0.));
#6552 = VERTEX_POINT('',#6553);
#6553 = CARTESIAN_POINT('',(4.55,-2.9,0.203));
#6554 = LINE('',#6555,#6556);
#6555 = CARTESIAN_POINT('',(4.55,-2.9,0.));
#6556 = VECTOR('',#6557,1.);
#6557 = DIRECTION('',(-0.,-0.,1.));
#6558 = ORIENTED_EDGE('',*,*,#6559,.T.);
#6559 = EDGE_CURVE('',#6550,#6560,#6562,.T.);
#6560 = VERTEX_POINT('',#6561);
#6561 = CARTESIAN_POINT('',(4.55,-3.1,0.));
#6562 = LINE('',#6563,#6564);
#6563 = CARTESIAN_POINT('',(4.55,-2.9,0.));
#6564 = VECTOR('',#6565,1.);
#6565 = DIRECTION('',(-0.,-1.,-0.));
#6566 = ORIENTED_EDGE('',*,*,#6567,.T.);
#6567 = EDGE_CURVE('',#6560,#6568,#6570,.T.);
#6568 = VERTEX_POINT('',#6569);
#6569 = CARTESIAN_POINT('',(4.55,-3.1,0.203));
#6570 = LINE('',#6571,#6572);
#6571 = CARTESIAN_POINT('',(4.55,-3.1,0.));
#6572 = VECTOR('',#6573,1.);
#6573 = DIRECTION('',(-0.,-0.,1.));
#6574 = ORIENTED_EDGE('',*,*,#6575,.F.);
#6575 = EDGE_CURVE('',#6552,#6568,#6576,.T.);
#6576 = LINE('',#6577,#6578);
#6577 = CARTESIAN_POINT('',(4.55,-2.9,0.203));
#6578 = VECTOR('',#6579,1.);
#6579 = DIRECTION('',(-0.,-1.,-0.));
#6580 = PLANE('',#6581);
#6581 = AXIS2_PLACEMENT_3D('',#6582,#6583,#6584);
#6582 = CARTESIAN_POINT('',(4.55,-2.9,0.));
#6583 = DIRECTION('',(1.,-0.,-0.));
#6584 = DIRECTION('',(0.,0.,-1.));
#6585 = ADVANCED_FACE('',(#6586),#6620,.T.);
#6586 = FACE_BOUND('',#6587,.F.);
#6587 = EDGE_LOOP('',(#6588,#6598,#6606,#6614));
#6588 = ORIENTED_EDGE('',*,*,#6589,.F.);
#6589 = EDGE_CURVE('',#6590,#6592,#6594,.T.);
#6590 = VERTEX_POINT('',#6591);
#6591 = CARTESIAN_POINT('',(5.35,-2.9,0.));
#6592 = VERTEX_POINT('',#6593);
#6593 = CARTESIAN_POINT('',(5.35,-2.9,0.203));
#6594 = LINE('',#6595,#6596);
#6595 = CARTESIAN_POINT('',(5.35,-2.9,0.));
#6596 = VECTOR('',#6597,1.);
#6597 = DIRECTION('',(-0.,-0.,1.));
#6598 = ORIENTED_EDGE('',*,*,#6599,.T.);
#6599 = EDGE_CURVE('',#6590,#6600,#6602,.T.);
#6600 = VERTEX_POINT('',#6601);
#6601 = CARTESIAN_POINT('',(5.35,-3.1,0.));
#6602 = LINE('',#6603,#6604);
#6603 = CARTESIAN_POINT('',(5.35,-2.9,0.));
#6604 = VECTOR('',#6605,1.);
#6605 = DIRECTION('',(-0.,-1.,-0.));
#6606 = ORIENTED_EDGE('',*,*,#6607,.T.);
#6607 = EDGE_CURVE('',#6600,#6608,#6610,.T.);
#6608 = VERTEX_POINT('',#6609);
#6609 = CARTESIAN_POINT('',(5.35,-3.1,0.203));
#6610 = LINE('',#6611,#6612);
#6611 = CARTESIAN_POINT('',(5.35,-3.1,0.));
#6612 = VECTOR('',#6613,1.);
#6613 = DIRECTION('',(-0.,-0.,1.));
#6614 = ORIENTED_EDGE('',*,*,#6615,.F.);
#6615 = EDGE_CURVE('',#6592,#6608,#6616,.T.);
#6616 = LINE('',#6617,#6618);
#6617 = CARTESIAN_POINT('',(5.35,-2.9,0.203));
#6618 = VECTOR('',#6619,1.);
#6619 = DIRECTION('',(-0.,-1.,-0.));
#6620 = PLANE('',#6621);
#6621 = AXIS2_PLACEMENT_3D('',#6622,#6623,#6624);
#6622 = CARTESIAN_POINT('',(5.35,-2.9,0.));
#6623 = DIRECTION('',(1.,-0.,-0.));
#6624 = DIRECTION('',(0.,0.,-1.));
#6625 = ADVANCED_FACE('',(#6626),#6642,.F.);
#6626 = FACE_BOUND('',#6627,.T.);
#6627 = EDGE_LOOP('',(#6628,#6634,#6635,#6641));
#6628 = ORIENTED_EDGE('',*,*,#6629,.F.);
#6629 = EDGE_CURVE('',#6550,#6590,#6630,.T.);
#6630 = LINE('',#6631,#6632);
#6631 = CARTESIAN_POINT('',(4.55,-2.9,0.));
#6632 = VECTOR('',#6633,1.);
#6633 = DIRECTION('',(1.,-0.,-0.));
#6634 = ORIENTED_EDGE('',*,*,#6549,.T.);
#6635 = ORIENTED_EDGE('',*,*,#6636,.T.);
#6636 = EDGE_CURVE('',#6552,#6592,#6637,.T.);
#6637 = LINE('',#6638,#6639);
#6638 = CARTESIAN_POINT('',(4.55,-2.9,0.203));
#6639 = VECTOR('',#6640,1.);
#6640 = DIRECTION('',(1.,-0.,-0.));
#6641 = ORIENTED_EDGE('',*,*,#6589,.F.);
#6642 = PLANE('',#6643);
#6643 = AXIS2_PLACEMENT_3D('',#6644,#6645,#6646);
#6644 = CARTESIAN_POINT('',(4.55,-2.9,0.));
#6645 = DIRECTION('',(-0.,-1.,-0.));
#6646 = DIRECTION('',(0.,0.,-1.));
#6647 = ADVANCED_FACE('',(#6648),#6664,.T.);
#6648 = FACE_BOUND('',#6649,.F.);
#6649 = EDGE_LOOP('',(#6650,#6656,#6657,#6663));
#6650 = ORIENTED_EDGE('',*,*,#6651,.F.);
#6651 = EDGE_CURVE('',#6560,#6600,#6652,.T.);
#6652 = LINE('',#6653,#6654);
#6653 = CARTESIAN_POINT('',(4.55,-3.1,0.));
#6654 = VECTOR('',#6655,1.);
#6655 = DIRECTION('',(1.,-0.,-0.));
#6656 = ORIENTED_EDGE('',*,*,#6567,.T.);
#6657 = ORIENTED_EDGE('',*,*,#6658,.T.);
#6658 = EDGE_CURVE('',#6568,#6608,#6659,.T.);
#6659 = LINE('',#6660,#6661);
#6660 = CARTESIAN_POINT('',(4.55,-3.1,0.203));
#6661 = VECTOR('',#6662,1.);
#6662 = DIRECTION('',(1.,-0.,-0.));
#6663 = ORIENTED_EDGE('',*,*,#6607,.F.);
#6664 = PLANE('',#6665);
#6665 = AXIS2_PLACEMENT_3D('',#6666,#6667,#6668);
#6666 = CARTESIAN_POINT('',(4.55,-3.1,0.));
#6667 = DIRECTION('',(-0.,-1.,-0.));
#6668 = DIRECTION('',(0.,0.,-1.));
#6669 = ADVANCED_FACE('',(#6670),#6676,.F.);
#6670 = FACE_BOUND('',#6671,.T.);
#6671 = EDGE_LOOP('',(#6672,#6673,#6674,#6675));
#6672 = ORIENTED_EDGE('',*,*,#6559,.F.);
#6673 = ORIENTED_EDGE('',*,*,#6629,.T.);
#6674 = ORIENTED_EDGE('',*,*,#6599,.T.);
#6675 = ORIENTED_EDGE('',*,*,#6651,.F.);
#6676 = PLANE('',#6677);
#6677 = AXIS2_PLACEMENT_3D('',#6678,#6679,#6680);
#6678 = CARTESIAN_POINT('',(4.55,-2.9,0.));
#6679 = DIRECTION('',(-0.,-0.,1.));
#6680 = DIRECTION('',(-1.,0.,0.));
#6681 = ADVANCED_FACE('',(#6682),#6688,.T.);
#6682 = FACE_BOUND('',#6683,.F.);
#6683 = EDGE_LOOP('',(#6684,#6685,#6686,#6687));
#6684 = ORIENTED_EDGE('',*,*,#6575,.F.);
#6685 = ORIENTED_EDGE('',*,*,#6636,.T.);
#6686 = ORIENTED_EDGE('',*,*,#6615,.T.);
#6687 = ORIENTED_EDGE('',*,*,#6658,.F.);
#6688 = PLANE('',#6689);
#6689 = AXIS2_PLACEMENT_3D('',#6690,#6691,#6692);
#6690 = CARTESIAN_POINT('',(4.55,-2.9,0.203));
#6691 = DIRECTION('',(-0.,-0.,1.));
#6692 = DIRECTION('',(-1.,0.,0.));
#6693 = MANIFOLD_SOLID_BREP('',#6694);
#6694 = CLOSED_SHELL('',(#6695,#6735,#6775,#6797,#6819,#6831));
#6695 = ADVANCED_FACE('',(#6696),#6730,.F.);
#6696 = FACE_BOUND('',#6697,.T.);
#6697 = EDGE_LOOP('',(#6698,#6708,#6716,#6724));
#6698 = ORIENTED_EDGE('',*,*,#6699,.F.);
#6699 = EDGE_CURVE('',#6700,#6702,#6704,.T.);
#6700 = VERTEX_POINT('',#6701);
#6701 = CARTESIAN_POINT('',(4.55,-2.5,0.));
#6702 = VERTEX_POINT('',#6703);
#6703 = CARTESIAN_POINT('',(4.55,-2.5,0.203));
#6704 = LINE('',#6705,#6706);
#6705 = CARTESIAN_POINT('',(4.55,-2.5,0.));
#6706 = VECTOR('',#6707,1.);
#6707 = DIRECTION('',(-0.,-0.,1.));
#6708 = ORIENTED_EDGE('',*,*,#6709,.T.);
#6709 = EDGE_CURVE('',#6700,#6710,#6712,.T.);
#6710 = VERTEX_POINT('',#6711);
#6711 = CARTESIAN_POINT('',(4.55,-2.7,0.));
#6712 = LINE('',#6713,#6714);
#6713 = CARTESIAN_POINT('',(4.55,-2.5,0.));
#6714 = VECTOR('',#6715,1.);
#6715 = DIRECTION('',(-0.,-1.,-0.));
#6716 = ORIENTED_EDGE('',*,*,#6717,.T.);
#6717 = EDGE_CURVE('',#6710,#6718,#6720,.T.);
#6718 = VERTEX_POINT('',#6719);
#6719 = CARTESIAN_POINT('',(4.55,-2.7,0.203));
#6720 = LINE('',#6721,#6722);
#6721 = CARTESIAN_POINT('',(4.55,-2.7,0.));
#6722 = VECTOR('',#6723,1.);
#6723 = DIRECTION('',(-0.,-0.,1.));
#6724 = ORIENTED_EDGE('',*,*,#6725,.F.);
#6725 = EDGE_CURVE('',#6702,#6718,#6726,.T.);
#6726 = LINE('',#6727,#6728);
#6727 = CARTESIAN_POINT('',(4.55,-2.5,0.203));
#6728 = VECTOR('',#6729,1.);
#6729 = DIRECTION('',(-0.,-1.,-0.));
#6730 = PLANE('',#6731);
#6731 = AXIS2_PLACEMENT_3D('',#6732,#6733,#6734);
#6732 = CARTESIAN_POINT('',(4.55,-2.5,0.));
#6733 = DIRECTION('',(1.,-0.,-0.));
#6734 = DIRECTION('',(0.,0.,-1.));
#6735 = ADVANCED_FACE('',(#6736),#6770,.T.);
#6736 = FACE_BOUND('',#6737,.F.);
#6737 = EDGE_LOOP('',(#6738,#6748,#6756,#6764));
#6738 = ORIENTED_EDGE('',*,*,#6739,.F.);
#6739 = EDGE_CURVE('',#6740,#6742,#6744,.T.);
#6740 = VERTEX_POINT('',#6741);
#6741 = CARTESIAN_POINT('',(5.35,-2.5,0.));
#6742 = VERTEX_POINT('',#6743);
#6743 = CARTESIAN_POINT('',(5.35,-2.5,0.203));
#6744 = LINE('',#6745,#6746);
#6745 = CARTESIAN_POINT('',(5.35,-2.5,0.));
#6746 = VECTOR('',#6747,1.);
#6747 = DIRECTION('',(-0.,-0.,1.));
#6748 = ORIENTED_EDGE('',*,*,#6749,.T.);
#6749 = EDGE_CURVE('',#6740,#6750,#6752,.T.);
#6750 = VERTEX_POINT('',#6751);
#6751 = CARTESIAN_POINT('',(5.35,-2.7,0.));
#6752 = LINE('',#6753,#6754);
#6753 = CARTESIAN_POINT('',(5.35,-2.5,0.));
#6754 = VECTOR('',#6755,1.);
#6755 = DIRECTION('',(-0.,-1.,-0.));
#6756 = ORIENTED_EDGE('',*,*,#6757,.T.);
#6757 = EDGE_CURVE('',#6750,#6758,#6760,.T.);
#6758 = VERTEX_POINT('',#6759);
#6759 = CARTESIAN_POINT('',(5.35,-2.7,0.203));
#6760 = LINE('',#6761,#6762);
#6761 = CARTESIAN_POINT('',(5.35,-2.7,0.));
#6762 = VECTOR('',#6763,1.);
#6763 = DIRECTION('',(-0.,-0.,1.));
#6764 = ORIENTED_EDGE('',*,*,#6765,.F.);
#6765 = EDGE_CURVE('',#6742,#6758,#6766,.T.);
#6766 = LINE('',#6767,#6768);
#6767 = CARTESIAN_POINT('',(5.35,-2.5,0.203));
#6768 = VECTOR('',#6769,1.);
#6769 = DIRECTION('',(-0.,-1.,-0.));
#6770 = PLANE('',#6771);
#6771 = AXIS2_PLACEMENT_3D('',#6772,#6773,#6774);
#6772 = CARTESIAN_POINT('',(5.35,-2.5,0.));
#6773 = DIRECTION('',(1.,-0.,-0.));
#6774 = DIRECTION('',(0.,0.,-1.));
#6775 = ADVANCED_FACE('',(#6776),#6792,.F.);
#6776 = FACE_BOUND('',#6777,.T.);
#6777 = EDGE_LOOP('',(#6778,#6784,#6785,#6791));
#6778 = ORIENTED_EDGE('',*,*,#6779,.F.);
#6779 = EDGE_CURVE('',#6700,#6740,#6780,.T.);
#6780 = LINE('',#6781,#6782);
#6781 = CARTESIAN_POINT('',(4.55,-2.5,0.));
#6782 = VECTOR('',#6783,1.);
#6783 = DIRECTION('',(1.,-0.,-0.));
#6784 = ORIENTED_EDGE('',*,*,#6699,.T.);
#6785 = ORIENTED_EDGE('',*,*,#6786,.T.);
#6786 = EDGE_CURVE('',#6702,#6742,#6787,.T.);
#6787 = LINE('',#6788,#6789);
#6788 = CARTESIAN_POINT('',(4.55,-2.5,0.203));
#6789 = VECTOR('',#6790,1.);
#6790 = DIRECTION('',(1.,-0.,-0.));
#6791 = ORIENTED_EDGE('',*,*,#6739,.F.);
#6792 = PLANE('',#6793);
#6793 = AXIS2_PLACEMENT_3D('',#6794,#6795,#6796);
#6794 = CARTESIAN_POINT('',(4.55,-2.5,0.));
#6795 = DIRECTION('',(-0.,-1.,-0.));
#6796 = DIRECTION('',(0.,0.,-1.));
#6797 = ADVANCED_FACE('',(#6798),#6814,.T.);
#6798 = FACE_BOUND('',#6799,.F.);
#6799 = EDGE_LOOP('',(#6800,#6806,#6807,#6813));
#6800 = ORIENTED_EDGE('',*,*,#6801,.F.);
#6801 = EDGE_CURVE('',#6710,#6750,#6802,.T.);
#6802 = LINE('',#6803,#6804);
#6803 = CARTESIAN_POINT('',(4.55,-2.7,0.));
#6804 = VECTOR('',#6805,1.);
#6805 = DIRECTION('',(1.,-0.,-0.));
#6806 = ORIENTED_EDGE('',*,*,#6717,.T.);
#6807 = ORIENTED_EDGE('',*,*,#6808,.T.);
#6808 = EDGE_CURVE('',#6718,#6758,#6809,.T.);
#6809 = LINE('',#6810,#6811);
#6810 = CARTESIAN_POINT('',(4.55,-2.7,0.203));
#6811 = VECTOR('',#6812,1.);
#6812 = DIRECTION('',(1.,-0.,-0.));
#6813 = ORIENTED_EDGE('',*,*,#6757,.F.);
#6814 = PLANE('',#6815);
#6815 = AXIS2_PLACEMENT_3D('',#6816,#6817,#6818);
#6816 = CARTESIAN_POINT('',(4.55,-2.7,0.));
#6817 = DIRECTION('',(-0.,-1.,-0.));
#6818 = DIRECTION('',(0.,0.,-1.));
#6819 = ADVANCED_FACE('',(#6820),#6826,.F.);
#6820 = FACE_BOUND('',#6821,.T.);
#6821 = EDGE_LOOP('',(#6822,#6823,#6824,#6825));
#6822 = ORIENTED_EDGE('',*,*,#6709,.F.);
#6823 = ORIENTED_EDGE('',*,*,#6779,.T.);
#6824 = ORIENTED_EDGE('',*,*,#6749,.T.);
#6825 = ORIENTED_EDGE('',*,*,#6801,.F.);
#6826 = PLANE('',#6827);
#6827 = AXIS2_PLACEMENT_3D('',#6828,#6829,#6830);
#6828 = CARTESIAN_POINT('',(4.55,-2.5,0.));
#6829 = DIRECTION('',(-0.,-0.,1.));
#6830 = DIRECTION('',(-1.,0.,0.));
#6831 = ADVANCED_FACE('',(#6832),#6838,.T.);
#6832 = FACE_BOUND('',#6833,.F.);
#6833 = EDGE_LOOP('',(#6834,#6835,#6836,#6837));
#6834 = ORIENTED_EDGE('',*,*,#6725,.F.);
#6835 = ORIENTED_EDGE('',*,*,#6786,.T.);
#6836 = ORIENTED_EDGE('',*,*,#6765,.T.);
#6837 = ORIENTED_EDGE('',*,*,#6808,.F.);
#6838 = PLANE('',#6839);
#6839 = AXIS2_PLACEMENT_3D('',#6840,#6841,#6842);
#6840 = CARTESIAN_POINT('',(4.55,-2.5,0.203));
#6841 = DIRECTION('',(-0.,-0.,1.));
#6842 = DIRECTION('',(-1.,0.,0.));
#6843 = MANIFOLD_SOLID_BREP('',#6844);
#6844 = CLOSED_SHELL('',(#6845,#6885,#6925,#6947,#6969,#6981));
#6845 = ADVANCED_FACE('',(#6846),#6880,.F.);
#6846 = FACE_BOUND('',#6847,.T.);
#6847 = EDGE_LOOP('',(#6848,#6858,#6866,#6874));
#6848 = ORIENTED_EDGE('',*,*,#6849,.F.);
#6849 = EDGE_CURVE('',#6850,#6852,#6854,.T.);
#6850 = VERTEX_POINT('',#6851);
#6851 = CARTESIAN_POINT('',(4.55,-2.1,0.));
#6852 = VERTEX_POINT('',#6853);
#6853 = CARTESIAN_POINT('',(4.55,-2.1,0.203));
#6854 = LINE('',#6855,#6856);
#6855 = CARTESIAN_POINT('',(4.55,-2.1,0.));
#6856 = VECTOR('',#6857,1.);
#6857 = DIRECTION('',(-0.,-0.,1.));
#6858 = ORIENTED_EDGE('',*,*,#6859,.T.);
#6859 = EDGE_CURVE('',#6850,#6860,#6862,.T.);
#6860 = VERTEX_POINT('',#6861);
#6861 = CARTESIAN_POINT('',(4.55,-2.3,0.));
#6862 = LINE('',#6863,#6864);
#6863 = CARTESIAN_POINT('',(4.55,-2.1,0.));
#6864 = VECTOR('',#6865,1.);
#6865 = DIRECTION('',(-0.,-1.,-0.));
#6866 = ORIENTED_EDGE('',*,*,#6867,.T.);
#6867 = EDGE_CURVE('',#6860,#6868,#6870,.T.);
#6868 = VERTEX_POINT('',#6869);
#6869 = CARTESIAN_POINT('',(4.55,-2.3,0.203));
#6870 = LINE('',#6871,#6872);
#6871 = CARTESIAN_POINT('',(4.55,-2.3,0.));
#6872 = VECTOR('',#6873,1.);
#6873 = DIRECTION('',(-0.,-0.,1.));
#6874 = ORIENTED_EDGE('',*,*,#6875,.F.);
#6875 = EDGE_CURVE('',#6852,#6868,#6876,.T.);
#6876 = LINE('',#6877,#6878);
#6877 = CARTESIAN_POINT('',(4.55,-2.1,0.203));
#6878 = VECTOR('',#6879,1.);
#6879 = DIRECTION('',(-0.,-1.,-0.));
#6880 = PLANE('',#6881);
#6881 = AXIS2_PLACEMENT_3D('',#6882,#6883,#6884);
#6882 = CARTESIAN_POINT('',(4.55,-2.1,0.));
#6883 = DIRECTION('',(1.,-0.,-0.));
#6884 = DIRECTION('',(0.,0.,-1.));
#6885 = ADVANCED_FACE('',(#6886),#6920,.T.);
#6886 = FACE_BOUND('',#6887,.F.);
#6887 = EDGE_LOOP('',(#6888,#6898,#6906,#6914));
#6888 = ORIENTED_EDGE('',*,*,#6889,.F.);
#6889 = EDGE_CURVE('',#6890,#6892,#6894,.T.);
#6890 = VERTEX_POINT('',#6891);
#6891 = CARTESIAN_POINT('',(5.35,-2.1,0.));
#6892 = VERTEX_POINT('',#6893);
#6893 = CARTESIAN_POINT('',(5.35,-2.1,0.203));
#6894 = LINE('',#6895,#6896);
#6895 = CARTESIAN_POINT('',(5.35,-2.1,0.));
#6896 = VECTOR('',#6897,1.);
#6897 = DIRECTION('',(-0.,-0.,1.));
#6898 = ORIENTED_EDGE('',*,*,#6899,.T.);
#6899 = EDGE_CURVE('',#6890,#6900,#6902,.T.);
#6900 = VERTEX_POINT('',#6901);
#6901 = CARTESIAN_POINT('',(5.35,-2.3,0.));
#6902 = LINE('',#6903,#6904);
#6903 = CARTESIAN_POINT('',(5.35,-2.1,0.));
#6904 = VECTOR('',#6905,1.);
#6905 = DIRECTION('',(-0.,-1.,-0.));
#6906 = ORIENTED_EDGE('',*,*,#6907,.T.);
#6907 = EDGE_CURVE('',#6900,#6908,#6910,.T.);
#6908 = VERTEX_POINT('',#6909);
#6909 = CARTESIAN_POINT('',(5.35,-2.3,0.203));
#6910 = LINE('',#6911,#6912);
#6911 = CARTESIAN_POINT('',(5.35,-2.3,0.));
#6912 = VECTOR('',#6913,1.);
#6913 = DIRECTION('',(-0.,-0.,1.));
#6914 = ORIENTED_EDGE('',*,*,#6915,.F.);
#6915 = EDGE_CURVE('',#6892,#6908,#6916,.T.);
#6916 = LINE('',#6917,#6918);
#6917 = CARTESIAN_POINT('',(5.35,-2.1,0.203));
#6918 = VECTOR('',#6919,1.);
#6919 = DIRECTION('',(-0.,-1.,-0.));
#6920 = PLANE('',#6921);
#6921 = AXIS2_PLACEMENT_3D('',#6922,#6923,#6924);
#6922 = CARTESIAN_POINT('',(5.35,-2.1,0.));
#6923 = DIRECTION('',(1.,-0.,-0.));
#6924 = DIRECTION('',(0.,0.,-1.));
#6925 = ADVANCED_FACE('',(#6926),#6942,.F.);
#6926 = FACE_BOUND('',#6927,.T.);
#6927 = EDGE_LOOP('',(#6928,#6934,#6935,#6941));
#6928 = ORIENTED_EDGE('',*,*,#6929,.F.);
#6929 = EDGE_CURVE('',#6850,#6890,#6930,.T.);
#6930 = LINE('',#6931,#6932);
#6931 = CARTESIAN_POINT('',(4.55,-2.1,0.));
#6932 = VECTOR('',#6933,1.);
#6933 = DIRECTION('',(1.,-0.,-0.));
#6934 = ORIENTED_EDGE('',*,*,#6849,.T.);
#6935 = ORIENTED_EDGE('',*,*,#6936,.T.);
#6936 = EDGE_CURVE('',#6852,#6892,#6937,.T.);
#6937 = LINE('',#6938,#6939);
#6938 = CARTESIAN_POINT('',(4.55,-2.1,0.203));
#6939 = VECTOR('',#6940,1.);
#6940 = DIRECTION('',(1.,-0.,-0.));
#6941 = ORIENTED_EDGE('',*,*,#6889,.F.);
#6942 = PLANE('',#6943);
#6943 = AXIS2_PLACEMENT_3D('',#6944,#6945,#6946);
#6944 = CARTESIAN_POINT('',(4.55,-2.1,0.));
#6945 = DIRECTION('',(-0.,-1.,-0.));
#6946 = DIRECTION('',(0.,0.,-1.));
#6947 = ADVANCED_FACE('',(#6948),#6964,.T.);
#6948 = FACE_BOUND('',#6949,.F.);
#6949 = EDGE_LOOP('',(#6950,#6956,#6957,#6963));
#6950 = ORIENTED_EDGE('',*,*,#6951,.F.);
#6951 = EDGE_CURVE('',#6860,#6900,#6952,.T.);
#6952 = LINE('',#6953,#6954);
#6953 = CARTESIAN_POINT('',(4.55,-2.3,0.));
#6954 = VECTOR('',#6955,1.);
#6955 = DIRECTION('',(1.,-0.,-0.));
#6956 = ORIENTED_EDGE('',*,*,#6867,.T.);
#6957 = ORIENTED_EDGE('',*,*,#6958,.T.);
#6958 = EDGE_CURVE('',#6868,#6908,#6959,.T.);
#6959 = LINE('',#6960,#6961);
#6960 = CARTESIAN_POINT('',(4.55,-2.3,0.203));
#6961 = VECTOR('',#6962,1.);
#6962 = DIRECTION('',(1.,-0.,-0.));
#6963 = ORIENTED_EDGE('',*,*,#6907,.F.);
#6964 = PLANE('',#6965);
#6965 = AXIS2_PLACEMENT_3D('',#6966,#6967,#6968);
#6966 = CARTESIAN_POINT('',(4.55,-2.3,0.));
#6967 = DIRECTION('',(-0.,-1.,-0.));
#6968 = DIRECTION('',(0.,0.,-1.));
#6969 = ADVANCED_FACE('',(#6970),#6976,.F.);
#6970 = FACE_BOUND('',#6971,.T.);
#6971 = EDGE_LOOP('',(#6972,#6973,#6974,#6975));
#6972 = ORIENTED_EDGE('',*,*,#6859,.F.);
#6973 = ORIENTED_EDGE('',*,*,#6929,.T.);
#6974 = ORIENTED_EDGE('',*,*,#6899,.T.);
#6975 = ORIENTED_EDGE('',*,*,#6951,.F.);
#6976 = PLANE('',#6977);
#6977 = AXIS2_PLACEMENT_3D('',#6978,#6979,#6980);
#6978 = CARTESIAN_POINT('',(4.55,-2.1,0.));
#6979 = DIRECTION('',(-0.,-0.,1.));
#6980 = DIRECTION('',(-1.,0.,0.));
#6981 = ADVANCED_FACE('',(#6982),#6988,.T.);
#6982 = FACE_BOUND('',#6983,.F.);
#6983 = EDGE_LOOP('',(#6984,#6985,#6986,#6987));
#6984 = ORIENTED_EDGE('',*,*,#6875,.F.);
#6985 = ORIENTED_EDGE('',*,*,#6936,.T.);
#6986 = ORIENTED_EDGE('',*,*,#6915,.T.);
#6987 = ORIENTED_EDGE('',*,*,#6958,.F.);
#6988 = PLANE('',#6989);
#6989 = AXIS2_PLACEMENT_3D('',#6990,#6991,#6992);
#6990 = CARTESIAN_POINT('',(4.55,-2.1,0.203));
#6991 = DIRECTION('',(-0.,-0.,1.));
#6992 = DIRECTION('',(-1.,0.,0.));
#6993 = MANIFOLD_SOLID_BREP('',#6994);
#6994 = CLOSED_SHELL('',(#6995,#7035,#7075,#7097,#7119,#7131));
#6995 = ADVANCED_FACE('',(#6996),#7030,.F.);
#6996 = FACE_BOUND('',#6997,.T.);
#6997 = EDGE_LOOP('',(#6998,#7008,#7016,#7024));
#6998 = ORIENTED_EDGE('',*,*,#6999,.F.);
#6999 = EDGE_CURVE('',#7000,#7002,#7004,.T.);
#7000 = VERTEX_POINT('',#7001);
#7001 = CARTESIAN_POINT('',(4.55,-1.7,0.));
#7002 = VERTEX_POINT('',#7003);
#7003 = CARTESIAN_POINT('',(4.55,-1.7,0.203));
#7004 = LINE('',#7005,#7006);
#7005 = CARTESIAN_POINT('',(4.55,-1.7,0.));
#7006 = VECTOR('',#7007,1.);
#7007 = DIRECTION('',(-0.,-0.,1.));
#7008 = ORIENTED_EDGE('',*,*,#7009,.T.);
#7009 = EDGE_CURVE('',#7000,#7010,#7012,.T.);
#7010 = VERTEX_POINT('',#7011);
#7011 = CARTESIAN_POINT('',(4.55,-1.9,0.));
#7012 = LINE('',#7013,#7014);
#7013 = CARTESIAN_POINT('',(4.55,-1.7,0.));
#7014 = VECTOR('',#7015,1.);
#7015 = DIRECTION('',(-0.,-1.,-0.));
#7016 = ORIENTED_EDGE('',*,*,#7017,.T.);
#7017 = EDGE_CURVE('',#7010,#7018,#7020,.T.);
#7018 = VERTEX_POINT('',#7019);
#7019 = CARTESIAN_POINT('',(4.55,-1.9,0.203));
#7020 = LINE('',#7021,#7022);
#7021 = CARTESIAN_POINT('',(4.55,-1.9,0.));
#7022 = VECTOR('',#7023,1.);
#7023 = DIRECTION('',(-0.,-0.,1.));
#7024 = ORIENTED_EDGE('',*,*,#7025,.F.);
#7025 = EDGE_CURVE('',#7002,#7018,#7026,.T.);
#7026 = LINE('',#7027,#7028);
#7027 = CARTESIAN_POINT('',(4.55,-1.7,0.203));
#7028 = VECTOR('',#7029,1.);
#7029 = DIRECTION('',(-0.,-1.,-0.));
#7030 = PLANE('',#7031);
#7031 = AXIS2_PLACEMENT_3D('',#7032,#7033,#7034);
#7032 = CARTESIAN_POINT('',(4.55,-1.7,0.));
#7033 = DIRECTION('',(1.,-0.,-0.));
#7034 = DIRECTION('',(0.,0.,-1.));
#7035 = ADVANCED_FACE('',(#7036),#7070,.T.);
#7036 = FACE_BOUND('',#7037,.F.);
#7037 = EDGE_LOOP('',(#7038,#7048,#7056,#7064));
#7038 = ORIENTED_EDGE('',*,*,#7039,.F.);
#7039 = EDGE_CURVE('',#7040,#7042,#7044,.T.);
#7040 = VERTEX_POINT('',#7041);
#7041 = CARTESIAN_POINT('',(5.35,-1.7,0.));
#7042 = VERTEX_POINT('',#7043);
#7043 = CARTESIAN_POINT('',(5.35,-1.7,0.203));
#7044 = LINE('',#7045,#7046);
#7045 = CARTESIAN_POINT('',(5.35,-1.7,0.));
#7046 = VECTOR('',#7047,1.);
#7047 = DIRECTION('',(-0.,-0.,1.));
#7048 = ORIENTED_EDGE('',*,*,#7049,.T.);
#7049 = EDGE_CURVE('',#7040,#7050,#7052,.T.);
#7050 = VERTEX_POINT('',#7051);
#7051 = CARTESIAN_POINT('',(5.35,-1.9,0.));
#7052 = LINE('',#7053,#7054);
#7053 = CARTESIAN_POINT('',(5.35,-1.7,0.));
#7054 = VECTOR('',#7055,1.);
#7055 = DIRECTION('',(-0.,-1.,-0.));
#7056 = ORIENTED_EDGE('',*,*,#7057,.T.);
#7057 = EDGE_CURVE('',#7050,#7058,#7060,.T.);
#7058 = VERTEX_POINT('',#7059);
#7059 = CARTESIAN_POINT('',(5.35,-1.9,0.203));
#7060 = LINE('',#7061,#7062);
#7061 = CARTESIAN_POINT('',(5.35,-1.9,0.));
#7062 = VECTOR('',#7063,1.);
#7063 = DIRECTION('',(-0.,-0.,1.));
#7064 = ORIENTED_EDGE('',*,*,#7065,.F.);
#7065 = EDGE_CURVE('',#7042,#7058,#7066,.T.);
#7066 = LINE('',#7067,#7068);
#7067 = CARTESIAN_POINT('',(5.35,-1.7,0.203));
#7068 = VECTOR('',#7069,1.);
#7069 = DIRECTION('',(-0.,-1.,-0.));
#7070 = PLANE('',#7071);
#7071 = AXIS2_PLACEMENT_3D('',#7072,#7073,#7074);
#7072 = CARTESIAN_POINT('',(5.35,-1.7,0.));
#7073 = DIRECTION('',(1.,-0.,-0.));
#7074 = DIRECTION('',(0.,0.,-1.));
#7075 = ADVANCED_FACE('',(#7076),#7092,.F.);
#7076 = FACE_BOUND('',#7077,.T.);
#7077 = EDGE_LOOP('',(#7078,#7084,#7085,#7091));
#7078 = ORIENTED_EDGE('',*,*,#7079,.F.);
#7079 = EDGE_CURVE('',#7000,#7040,#7080,.T.);
#7080 = LINE('',#7081,#7082);
#7081 = CARTESIAN_POINT('',(4.55,-1.7,0.));
#7082 = VECTOR('',#7083,1.);
#7083 = DIRECTION('',(1.,-0.,-0.));
#7084 = ORIENTED_EDGE('',*,*,#6999,.T.);
#7085 = ORIENTED_EDGE('',*,*,#7086,.T.);
#7086 = EDGE_CURVE('',#7002,#7042,#7087,.T.);
#7087 = LINE('',#7088,#7089);
#7088 = CARTESIAN_POINT('',(4.55,-1.7,0.203));
#7089 = VECTOR('',#7090,1.);
#7090 = DIRECTION('',(1.,-0.,-0.));
#7091 = ORIENTED_EDGE('',*,*,#7039,.F.);
#7092 = PLANE('',#7093);
#7093 = AXIS2_PLACEMENT_3D('',#7094,#7095,#7096);
#7094 = CARTESIAN_POINT('',(4.55,-1.7,0.));
#7095 = DIRECTION('',(-0.,-1.,-0.));
#7096 = DIRECTION('',(0.,0.,-1.));
#7097 = ADVANCED_FACE('',(#7098),#7114,.T.);
#7098 = FACE_BOUND('',#7099,.F.);
#7099 = EDGE_LOOP('',(#7100,#7106,#7107,#7113));
#7100 = ORIENTED_EDGE('',*,*,#7101,.F.);
#7101 = EDGE_CURVE('',#7010,#7050,#7102,.T.);
#7102 = LINE('',#7103,#7104);
#7103 = CARTESIAN_POINT('',(4.55,-1.9,0.));
#7104 = VECTOR('',#7105,1.);
#7105 = DIRECTION('',(1.,-0.,-0.));
#7106 = ORIENTED_EDGE('',*,*,#7017,.T.);
#7107 = ORIENTED_EDGE('',*,*,#7108,.T.);
#7108 = EDGE_CURVE('',#7018,#7058,#7109,.T.);
#7109 = LINE('',#7110,#7111);
#7110 = CARTESIAN_POINT('',(4.55,-1.9,0.203));
#7111 = VECTOR('',#7112,1.);
#7112 = DIRECTION('',(1.,-0.,-0.));
#7113 = ORIENTED_EDGE('',*,*,#7057,.F.);
#7114 = PLANE('',#7115);
#7115 = AXIS2_PLACEMENT_3D('',#7116,#7117,#7118);
#7116 = CARTESIAN_POINT('',(4.55,-1.9,0.));
#7117 = DIRECTION('',(-0.,-1.,-0.));
#7118 = DIRECTION('',(0.,0.,-1.));
#7119 = ADVANCED_FACE('',(#7120),#7126,.F.);
#7120 = FACE_BOUND('',#7121,.T.);
#7121 = EDGE_LOOP('',(#7122,#7123,#7124,#7125));
#7122 = ORIENTED_EDGE('',*,*,#7009,.F.);
#7123 = ORIENTED_EDGE('',*,*,#7079,.T.);
#7124 = ORIENTED_EDGE('',*,*,#7049,.T.);
#7125 = ORIENTED_EDGE('',*,*,#7101,.F.);
#7126 = PLANE('',#7127);
#7127 = AXIS2_PLACEMENT_3D('',#7128,#7129,#7130);
#7128 = CARTESIAN_POINT('',(4.55,-1.7,0.));
#7129 = DIRECTION('',(-0.,-0.,1.));
#7130 = DIRECTION('',(-1.,0.,0.));
#7131 = ADVANCED_FACE('',(#7132),#7138,.T.);
#7132 = FACE_BOUND('',#7133,.F.);
#7133 = EDGE_LOOP('',(#7134,#7135,#7136,#7137));
#7134 = ORIENTED_EDGE('',*,*,#7025,.F.);
#7135 = ORIENTED_EDGE('',*,*,#7086,.T.);
#7136 = ORIENTED_EDGE('',*,*,#7065,.T.);
#7137 = ORIENTED_EDGE('',*,*,#7108,.F.);
#7138 = PLANE('',#7139);
#7139 = AXIS2_PLACEMENT_3D('',#7140,#7141,#7142);
#7140 = CARTESIAN_POINT('',(4.55,-1.7,0.203));
#7141 = DIRECTION('',(-0.,-0.,1.));
#7142 = DIRECTION('',(-1.,0.,0.));
#7143 = MANIFOLD_SOLID_BREP('',#7144);
#7144 = CLOSED_SHELL('',(#7145,#7185,#7225,#7247,#7269,#7281));
#7145 = ADVANCED_FACE('',(#7146),#7180,.F.);
#7146 = FACE_BOUND('',#7147,.T.);
#7147 = EDGE_LOOP('',(#7148,#7158,#7166,#7174));
#7148 = ORIENTED_EDGE('',*,*,#7149,.F.);
#7149 = EDGE_CURVE('',#7150,#7152,#7154,.T.);
#7150 = VERTEX_POINT('',#7151);
#7151 = CARTESIAN_POINT('',(4.55,-1.3,0.));
#7152 = VERTEX_POINT('',#7153);
#7153 = CARTESIAN_POINT('',(4.55,-1.3,0.203));
#7154 = LINE('',#7155,#7156);
#7155 = CARTESIAN_POINT('',(4.55,-1.3,0.));
#7156 = VECTOR('',#7157,1.);
#7157 = DIRECTION('',(-0.,-0.,1.));
#7158 = ORIENTED_EDGE('',*,*,#7159,.T.);
#7159 = EDGE_CURVE('',#7150,#7160,#7162,.T.);
#7160 = VERTEX_POINT('',#7161);
#7161 = CARTESIAN_POINT('',(4.55,-1.5,0.));
#7162 = LINE('',#7163,#7164);
#7163 = CARTESIAN_POINT('',(4.55,-1.3,0.));
#7164 = VECTOR('',#7165,1.);
#7165 = DIRECTION('',(-0.,-1.,-0.));
#7166 = ORIENTED_EDGE('',*,*,#7167,.T.);
#7167 = EDGE_CURVE('',#7160,#7168,#7170,.T.);
#7168 = VERTEX_POINT('',#7169);
#7169 = CARTESIAN_POINT('',(4.55,-1.5,0.203));
#7170 = LINE('',#7171,#7172);
#7171 = CARTESIAN_POINT('',(4.55,-1.5,0.));
#7172 = VECTOR('',#7173,1.);
#7173 = DIRECTION('',(-0.,-0.,1.));
#7174 = ORIENTED_EDGE('',*,*,#7175,.F.);
#7175 = EDGE_CURVE('',#7152,#7168,#7176,.T.);
#7176 = LINE('',#7177,#7178);
#7177 = CARTESIAN_POINT('',(4.55,-1.3,0.203));
#7178 = VECTOR('',#7179,1.);
#7179 = DIRECTION('',(-0.,-1.,-0.));
#7180 = PLANE('',#7181);
#7181 = AXIS2_PLACEMENT_3D('',#7182,#7183,#7184);
#7182 = CARTESIAN_POINT('',(4.55,-1.3,0.));
#7183 = DIRECTION('',(1.,-0.,-0.));
#7184 = DIRECTION('',(0.,0.,-1.));
#7185 = ADVANCED_FACE('',(#7186),#7220,.T.);
#7186 = FACE_BOUND('',#7187,.F.);
#7187 = EDGE_LOOP('',(#7188,#7198,#7206,#7214));
#7188 = ORIENTED_EDGE('',*,*,#7189,.F.);
#7189 = EDGE_CURVE('',#7190,#7192,#7194,.T.);
#7190 = VERTEX_POINT('',#7191);
#7191 = CARTESIAN_POINT('',(5.35,-1.3,0.));
#7192 = VERTEX_POINT('',#7193);
#7193 = CARTESIAN_POINT('',(5.35,-1.3,0.203));
#7194 = LINE('',#7195,#7196);
#7195 = CARTESIAN_POINT('',(5.35,-1.3,0.));
#7196 = VECTOR('',#7197,1.);
#7197 = DIRECTION('',(-0.,-0.,1.));
#7198 = ORIENTED_EDGE('',*,*,#7199,.T.);
#7199 = EDGE_CURVE('',#7190,#7200,#7202,.T.);
#7200 = VERTEX_POINT('',#7201);
#7201 = CARTESIAN_POINT('',(5.35,-1.5,0.));
#7202 = LINE('',#7203,#7204);
#7203 = CARTESIAN_POINT('',(5.35,-1.3,0.));
#7204 = VECTOR('',#7205,1.);
#7205 = DIRECTION('',(-0.,-1.,-0.));
#7206 = ORIENTED_EDGE('',*,*,#7207,.T.);
#7207 = EDGE_CURVE('',#7200,#7208,#7210,.T.);
#7208 = VERTEX_POINT('',#7209);
#7209 = CARTESIAN_POINT('',(5.35,-1.5,0.203));
#7210 = LINE('',#7211,#7212);
#7211 = CARTESIAN_POINT('',(5.35,-1.5,0.));
#7212 = VECTOR('',#7213,1.);
#7213 = DIRECTION('',(-0.,-0.,1.));
#7214 = ORIENTED_EDGE('',*,*,#7215,.F.);
#7215 = EDGE_CURVE('',#7192,#7208,#7216,.T.);
#7216 = LINE('',#7217,#7218);
#7217 = CARTESIAN_POINT('',(5.35,-1.3,0.203));
#7218 = VECTOR('',#7219,1.);
#7219 = DIRECTION('',(-0.,-1.,-0.));
#7220 = PLANE('',#7221);
#7221 = AXIS2_PLACEMENT_3D('',#7222,#7223,#7224);
#7222 = CARTESIAN_POINT('',(5.35,-1.3,0.));
#7223 = DIRECTION('',(1.,-0.,-0.));
#7224 = DIRECTION('',(0.,0.,-1.));
#7225 = ADVANCED_FACE('',(#7226),#7242,.F.);
#7226 = FACE_BOUND('',#7227,.T.);
#7227 = EDGE_LOOP('',(#7228,#7234,#7235,#7241));
#7228 = ORIENTED_EDGE('',*,*,#7229,.F.);
#7229 = EDGE_CURVE('',#7150,#7190,#7230,.T.);
#7230 = LINE('',#7231,#7232);
#7231 = CARTESIAN_POINT('',(4.55,-1.3,0.));
#7232 = VECTOR('',#7233,1.);
#7233 = DIRECTION('',(1.,-0.,-0.));
#7234 = ORIENTED_EDGE('',*,*,#7149,.T.);
#7235 = ORIENTED_EDGE('',*,*,#7236,.T.);
#7236 = EDGE_CURVE('',#7152,#7192,#7237,.T.);
#7237 = LINE('',#7238,#7239);
#7238 = CARTESIAN_POINT('',(4.55,-1.3,0.203));
#7239 = VECTOR('',#7240,1.);
#7240 = DIRECTION('',(1.,-0.,-0.));
#7241 = ORIENTED_EDGE('',*,*,#7189,.F.);
#7242 = PLANE('',#7243);
#7243 = AXIS2_PLACEMENT_3D('',#7244,#7245,#7246);
#7244 = CARTESIAN_POINT('',(4.55,-1.3,0.));
#7245 = DIRECTION('',(-0.,-1.,-0.));
#7246 = DIRECTION('',(0.,0.,-1.));
#7247 = ADVANCED_FACE('',(#7248),#7264,.T.);
#7248 = FACE_BOUND('',#7249,.F.);
#7249 = EDGE_LOOP('',(#7250,#7256,#7257,#7263));
#7250 = ORIENTED_EDGE('',*,*,#7251,.F.);
#7251 = EDGE_CURVE('',#7160,#7200,#7252,.T.);
#7252 = LINE('',#7253,#7254);
#7253 = CARTESIAN_POINT('',(4.55,-1.5,0.));
#7254 = VECTOR('',#7255,1.);
#7255 = DIRECTION('',(1.,-0.,-0.));
#7256 = ORIENTED_EDGE('',*,*,#7167,.T.);
#7257 = ORIENTED_EDGE('',*,*,#7258,.T.);
#7258 = EDGE_CURVE('',#7168,#7208,#7259,.T.);
#7259 = LINE('',#7260,#7261);
#7260 = CARTESIAN_POINT('',(4.55,-1.5,0.203));
#7261 = VECTOR('',#7262,1.);
#7262 = DIRECTION('',(1.,-0.,-0.));
#7263 = ORIENTED_EDGE('',*,*,#7207,.F.);
#7264 = PLANE('',#7265);
#7265 = AXIS2_PLACEMENT_3D('',#7266,#7267,#7268);
#7266 = CARTESIAN_POINT('',(4.55,-1.5,0.));
#7267 = DIRECTION('',(-0.,-1.,-0.));
#7268 = DIRECTION('',(0.,0.,-1.));
#7269 = ADVANCED_FACE('',(#7270),#7276,.F.);
#7270 = FACE_BOUND('',#7271,.T.);
#7271 = EDGE_LOOP('',(#7272,#7273,#7274,#7275));
#7272 = ORIENTED_EDGE('',*,*,#7159,.F.);
#7273 = ORIENTED_EDGE('',*,*,#7229,.T.);
#7274 = ORIENTED_EDGE('',*,*,#7199,.T.);
#7275 = ORIENTED_EDGE('',*,*,#7251,.F.);
#7276 = PLANE('',#7277);
#7277 = AXIS2_PLACEMENT_3D('',#7278,#7279,#7280);
#7278 = CARTESIAN_POINT('',(4.55,-1.3,0.));
#7279 = DIRECTION('',(-0.,-0.,1.));
#7280 = DIRECTION('',(-1.,0.,0.));
#7281 = ADVANCED_FACE('',(#7282),#7288,.T.);
#7282 = FACE_BOUND('',#7283,.F.);
#7283 = EDGE_LOOP('',(#7284,#7285,#7286,#7287));
#7284 = ORIENTED_EDGE('',*,*,#7175,.F.);
#7285 = ORIENTED_EDGE('',*,*,#7236,.T.);
#7286 = ORIENTED_EDGE('',*,*,#7215,.T.);
#7287 = ORIENTED_EDGE('',*,*,#7258,.F.);
#7288 = PLANE('',#7289);
#7289 = AXIS2_PLACEMENT_3D('',#7290,#7291,#7292);
#7290 = CARTESIAN_POINT('',(4.55,-1.3,0.203));
#7291 = DIRECTION('',(-0.,-0.,1.));
#7292 = DIRECTION('',(-1.,0.,0.));
#7293 = MANIFOLD_SOLID_BREP('',#7294);
#7294 = CLOSED_SHELL('',(#7295,#7335,#7375,#7397,#7419,#7431));
#7295 = ADVANCED_FACE('',(#7296),#7330,.F.);
#7296 = FACE_BOUND('',#7297,.T.);
#7297 = EDGE_LOOP('',(#7298,#7308,#7316,#7324));
#7298 = ORIENTED_EDGE('',*,*,#7299,.F.);
#7299 = EDGE_CURVE('',#7300,#7302,#7304,.T.);
#7300 = VERTEX_POINT('',#7301);
#7301 = CARTESIAN_POINT('',(4.55,-0.9,0.));
#7302 = VERTEX_POINT('',#7303);
#7303 = CARTESIAN_POINT('',(4.55,-0.9,0.203));
#7304 = LINE('',#7305,#7306);
#7305 = CARTESIAN_POINT('',(4.55,-0.9,0.));
#7306 = VECTOR('',#7307,1.);
#7307 = DIRECTION('',(-0.,-0.,1.));
#7308 = ORIENTED_EDGE('',*,*,#7309,.T.);
#7309 = EDGE_CURVE('',#7300,#7310,#7312,.T.);
#7310 = VERTEX_POINT('',#7311);
#7311 = CARTESIAN_POINT('',(4.55,-1.1,0.));
#7312 = LINE('',#7313,#7314);
#7313 = CARTESIAN_POINT('',(4.55,-0.9,0.));
#7314 = VECTOR('',#7315,1.);
#7315 = DIRECTION('',(-0.,-1.,-0.));
#7316 = ORIENTED_EDGE('',*,*,#7317,.T.);
#7317 = EDGE_CURVE('',#7310,#7318,#7320,.T.);
#7318 = VERTEX_POINT('',#7319);
#7319 = CARTESIAN_POINT('',(4.55,-1.1,0.203));
#7320 = LINE('',#7321,#7322);
#7321 = CARTESIAN_POINT('',(4.55,-1.1,0.));
#7322 = VECTOR('',#7323,1.);
#7323 = DIRECTION('',(-0.,-0.,1.));
#7324 = ORIENTED_EDGE('',*,*,#7325,.F.);
#7325 = EDGE_CURVE('',#7302,#7318,#7326,.T.);
#7326 = LINE('',#7327,#7328);
#7327 = CARTESIAN_POINT('',(4.55,-0.9,0.203));
#7328 = VECTOR('',#7329,1.);
#7329 = DIRECTION('',(-0.,-1.,-0.));
#7330 = PLANE('',#7331);
#7331 = AXIS2_PLACEMENT_3D('',#7332,#7333,#7334);
#7332 = CARTESIAN_POINT('',(4.55,-0.9,0.));
#7333 = DIRECTION('',(1.,-0.,-0.));
#7334 = DIRECTION('',(0.,0.,-1.));
#7335 = ADVANCED_FACE('',(#7336),#7370,.T.);
#7336 = FACE_BOUND('',#7337,.F.);
#7337 = EDGE_LOOP('',(#7338,#7348,#7356,#7364));
#7338 = ORIENTED_EDGE('',*,*,#7339,.F.);
#7339 = EDGE_CURVE('',#7340,#7342,#7344,.T.);
#7340 = VERTEX_POINT('',#7341);
#7341 = CARTESIAN_POINT('',(5.35,-0.9,0.));
#7342 = VERTEX_POINT('',#7343);
#7343 = CARTESIAN_POINT('',(5.35,-0.9,0.203));
#7344 = LINE('',#7345,#7346);
#7345 = CARTESIAN_POINT('',(5.35,-0.9,0.));
#7346 = VECTOR('',#7347,1.);
#7347 = DIRECTION('',(-0.,-0.,1.));
#7348 = ORIENTED_EDGE('',*,*,#7349,.T.);
#7349 = EDGE_CURVE('',#7340,#7350,#7352,.T.);
#7350 = VERTEX_POINT('',#7351);
#7351 = CARTESIAN_POINT('',(5.35,-1.1,0.));
#7352 = LINE('',#7353,#7354);
#7353 = CARTESIAN_POINT('',(5.35,-0.9,0.));
#7354 = VECTOR('',#7355,1.);
#7355 = DIRECTION('',(-0.,-1.,-0.));
#7356 = ORIENTED_EDGE('',*,*,#7357,.T.);
#7357 = EDGE_CURVE('',#7350,#7358,#7360,.T.);
#7358 = VERTEX_POINT('',#7359);
#7359 = CARTESIAN_POINT('',(5.35,-1.1,0.203));
#7360 = LINE('',#7361,#7362);
#7361 = CARTESIAN_POINT('',(5.35,-1.1,0.));
#7362 = VECTOR('',#7363,1.);
#7363 = DIRECTION('',(-0.,-0.,1.));
#7364 = ORIENTED_EDGE('',*,*,#7365,.F.);
#7365 = EDGE_CURVE('',#7342,#7358,#7366,.T.);
#7366 = LINE('',#7367,#7368);
#7367 = CARTESIAN_POINT('',(5.35,-0.9,0.203));
#7368 = VECTOR('',#7369,1.);
#7369 = DIRECTION('',(-0.,-1.,-0.));
#7370 = PLANE('',#7371);
#7371 = AXIS2_PLACEMENT_3D('',#7372,#7373,#7374);
#7372 = CARTESIAN_POINT('',(5.35,-0.9,0.));
#7373 = DIRECTION('',(1.,-0.,-0.));
#7374 = DIRECTION('',(0.,0.,-1.));
#7375 = ADVANCED_FACE('',(#7376),#7392,.F.);
#7376 = FACE_BOUND('',#7377,.T.);
#7377 = EDGE_LOOP('',(#7378,#7384,#7385,#7391));
#7378 = ORIENTED_EDGE('',*,*,#7379,.F.);
#7379 = EDGE_CURVE('',#7300,#7340,#7380,.T.);
#7380 = LINE('',#7381,#7382);
#7381 = CARTESIAN_POINT('',(4.55,-0.9,0.));
#7382 = VECTOR('',#7383,1.);
#7383 = DIRECTION('',(1.,-0.,-0.));
#7384 = ORIENTED_EDGE('',*,*,#7299,.T.);
#7385 = ORIENTED_EDGE('',*,*,#7386,.T.);
#7386 = EDGE_CURVE('',#7302,#7342,#7387,.T.);
#7387 = LINE('',#7388,#7389);
#7388 = CARTESIAN_POINT('',(4.55,-0.9,0.203));
#7389 = VECTOR('',#7390,1.);
#7390 = DIRECTION('',(1.,-0.,-0.));
#7391 = ORIENTED_EDGE('',*,*,#7339,.F.);
#7392 = PLANE('',#7393);
#7393 = AXIS2_PLACEMENT_3D('',#7394,#7395,#7396);
#7394 = CARTESIAN_POINT('',(4.55,-0.9,0.));
#7395 = DIRECTION('',(-0.,-1.,-0.));
#7396 = DIRECTION('',(0.,0.,-1.));
#7397 = ADVANCED_FACE('',(#7398),#7414,.T.);
#7398 = FACE_BOUND('',#7399,.F.);
#7399 = EDGE_LOOP('',(#7400,#7406,#7407,#7413));
#7400 = ORIENTED_EDGE('',*,*,#7401,.F.);
#7401 = EDGE_CURVE('',#7310,#7350,#7402,.T.);
#7402 = LINE('',#7403,#7404);
#7403 = CARTESIAN_POINT('',(4.55,-1.1,0.));
#7404 = VECTOR('',#7405,1.);
#7405 = DIRECTION('',(1.,-0.,-0.));
#7406 = ORIENTED_EDGE('',*,*,#7317,.T.);
#7407 = ORIENTED_EDGE('',*,*,#7408,.T.);
#7408 = EDGE_CURVE('',#7318,#7358,#7409,.T.);
#7409 = LINE('',#7410,#7411);
#7410 = CARTESIAN_POINT('',(4.55,-1.1,0.203));
#7411 = VECTOR('',#7412,1.);
#7412 = DIRECTION('',(1.,-0.,-0.));
#7413 = ORIENTED_EDGE('',*,*,#7357,.F.);
#7414 = PLANE('',#7415);
#7415 = AXIS2_PLACEMENT_3D('',#7416,#7417,#7418);
#7416 = CARTESIAN_POINT('',(4.55,-1.1,0.));
#7417 = DIRECTION('',(-0.,-1.,-0.));
#7418 = DIRECTION('',(0.,0.,-1.));
#7419 = ADVANCED_FACE('',(#7420),#7426,.F.);
#7420 = FACE_BOUND('',#7421,.T.);
#7421 = EDGE_LOOP('',(#7422,#7423,#7424,#7425));
#7422 = ORIENTED_EDGE('',*,*,#7309,.F.);
#7423 = ORIENTED_EDGE('',*,*,#7379,.T.);
#7424 = ORIENTED_EDGE('',*,*,#7349,.T.);
#7425 = ORIENTED_EDGE('',*,*,#7401,.F.);
#7426 = PLANE('',#7427);
#7427 = AXIS2_PLACEMENT_3D('',#7428,#7429,#7430);
#7428 = CARTESIAN_POINT('',(4.55,-0.9,0.));
#7429 = DIRECTION('',(-0.,-0.,1.));
#7430 = DIRECTION('',(-1.,0.,0.));
#7431 = ADVANCED_FACE('',(#7432),#7438,.T.);
#7432 = FACE_BOUND('',#7433,.F.);
#7433 = EDGE_LOOP('',(#7434,#7435,#7436,#7437));
#7434 = ORIENTED_EDGE('',*,*,#7325,.F.);
#7435 = ORIENTED_EDGE('',*,*,#7386,.T.);
#7436 = ORIENTED_EDGE('',*,*,#7365,.T.);
#7437 = ORIENTED_EDGE('',*,*,#7408,.F.);
#7438 = PLANE('',#7439);
#7439 = AXIS2_PLACEMENT_3D('',#7440,#7441,#7442);
#7440 = CARTESIAN_POINT('',(4.55,-0.9,0.203));
#7441 = DIRECTION('',(-0.,-0.,1.));
#7442 = DIRECTION('',(-1.,0.,0.));
#7443 = MANIFOLD_SOLID_BREP('',#7444);
#7444 = CLOSED_SHELL('',(#7445,#7485,#7525,#7547,#7569,#7581));
#7445 = ADVANCED_FACE('',(#7446),#7480,.F.);
#7446 = FACE_BOUND('',#7447,.T.);
#7447 = EDGE_LOOP('',(#7448,#7458,#7466,#7474));
#7448 = ORIENTED_EDGE('',*,*,#7449,.F.);
#7449 = EDGE_CURVE('',#7450,#7452,#7454,.T.);
#7450 = VERTEX_POINT('',#7451);
#7451 = CARTESIAN_POINT('',(4.55,-0.5,0.));
#7452 = VERTEX_POINT('',#7453);
#7453 = CARTESIAN_POINT('',(4.55,-0.5,0.203));
#7454 = LINE('',#7455,#7456);
#7455 = CARTESIAN_POINT('',(4.55,-0.5,0.));
#7456 = VECTOR('',#7457,1.);
#7457 = DIRECTION('',(-0.,-0.,1.));
#7458 = ORIENTED_EDGE('',*,*,#7459,.T.);
#7459 = EDGE_CURVE('',#7450,#7460,#7462,.T.);
#7460 = VERTEX_POINT('',#7461);
#7461 = CARTESIAN_POINT('',(4.55,-0.7,0.));
#7462 = LINE('',#7463,#7464);
#7463 = CARTESIAN_POINT('',(4.55,-0.5,0.));
#7464 = VECTOR('',#7465,1.);
#7465 = DIRECTION('',(-0.,-1.,-0.));
#7466 = ORIENTED_EDGE('',*,*,#7467,.T.);
#7467 = EDGE_CURVE('',#7460,#7468,#7470,.T.);
#7468 = VERTEX_POINT('',#7469);
#7469 = CARTESIAN_POINT('',(4.55,-0.7,0.203));
#7470 = LINE('',#7471,#7472);
#7471 = CARTESIAN_POINT('',(4.55,-0.7,0.));
#7472 = VECTOR('',#7473,1.);
#7473 = DIRECTION('',(-0.,-0.,1.));
#7474 = ORIENTED_EDGE('',*,*,#7475,.F.);
#7475 = EDGE_CURVE('',#7452,#7468,#7476,.T.);
#7476 = LINE('',#7477,#7478);
#7477 = CARTESIAN_POINT('',(4.55,-0.5,0.203));
#7478 = VECTOR('',#7479,1.);
#7479 = DIRECTION('',(-0.,-1.,-0.));
#7480 = PLANE('',#7481);
#7481 = AXIS2_PLACEMENT_3D('',#7482,#7483,#7484);
#7482 = CARTESIAN_POINT('',(4.55,-0.5,0.));
#7483 = DIRECTION('',(1.,-0.,-0.));
#7484 = DIRECTION('',(0.,0.,-1.));
#7485 = ADVANCED_FACE('',(#7486),#7520,.T.);
#7486 = FACE_BOUND('',#7487,.F.);
#7487 = EDGE_LOOP('',(#7488,#7498,#7506,#7514));
#7488 = ORIENTED_EDGE('',*,*,#7489,.F.);
#7489 = EDGE_CURVE('',#7490,#7492,#7494,.T.);
#7490 = VERTEX_POINT('',#7491);
#7491 = CARTESIAN_POINT('',(5.35,-0.5,0.));
#7492 = VERTEX_POINT('',#7493);
#7493 = CARTESIAN_POINT('',(5.35,-0.5,0.203));
#7494 = LINE('',#7495,#7496);
#7495 = CARTESIAN_POINT('',(5.35,-0.5,0.));
#7496 = VECTOR('',#7497,1.);
#7497 = DIRECTION('',(-0.,-0.,1.));
#7498 = ORIENTED_EDGE('',*,*,#7499,.T.);
#7499 = EDGE_CURVE('',#7490,#7500,#7502,.T.);
#7500 = VERTEX_POINT('',#7501);
#7501 = CARTESIAN_POINT('',(5.35,-0.7,0.));
#7502 = LINE('',#7503,#7504);
#7503 = CARTESIAN_POINT('',(5.35,-0.5,0.));
#7504 = VECTOR('',#7505,1.);
#7505 = DIRECTION('',(-0.,-1.,-0.));
#7506 = ORIENTED_EDGE('',*,*,#7507,.T.);
#7507 = EDGE_CURVE('',#7500,#7508,#7510,.T.);
#7508 = VERTEX_POINT('',#7509);
#7509 = CARTESIAN_POINT('',(5.35,-0.7,0.203));
#7510 = LINE('',#7511,#7512);
#7511 = CARTESIAN_POINT('',(5.35,-0.7,0.));
#7512 = VECTOR('',#7513,1.);
#7513 = DIRECTION('',(-0.,-0.,1.));
#7514 = ORIENTED_EDGE('',*,*,#7515,.F.);
#7515 = EDGE_CURVE('',#7492,#7508,#7516,.T.);
#7516 = LINE('',#7517,#7518);
#7517 = CARTESIAN_POINT('',(5.35,-0.5,0.203));
#7518 = VECTOR('',#7519,1.);
#7519 = DIRECTION('',(-0.,-1.,-0.));
#7520 = PLANE('',#7521);
#7521 = AXIS2_PLACEMENT_3D('',#7522,#7523,#7524);
#7522 = CARTESIAN_POINT('',(5.35,-0.5,0.));
#7523 = DIRECTION('',(1.,-0.,-0.));
#7524 = DIRECTION('',(0.,0.,-1.));
#7525 = ADVANCED_FACE('',(#7526),#7542,.F.);
#7526 = FACE_BOUND('',#7527,.T.);
#7527 = EDGE_LOOP('',(#7528,#7534,#7535,#7541));
#7528 = ORIENTED_EDGE('',*,*,#7529,.F.);
#7529 = EDGE_CURVE('',#7450,#7490,#7530,.T.);
#7530 = LINE('',#7531,#7532);
#7531 = CARTESIAN_POINT('',(4.55,-0.5,0.));
#7532 = VECTOR('',#7533,1.);
#7533 = DIRECTION('',(1.,-0.,-0.));
#7534 = ORIENTED_EDGE('',*,*,#7449,.T.);
#7535 = ORIENTED_EDGE('',*,*,#7536,.T.);
#7536 = EDGE_CURVE('',#7452,#7492,#7537,.T.);
#7537 = LINE('',#7538,#7539);
#7538 = CARTESIAN_POINT('',(4.55,-0.5,0.203));
#7539 = VECTOR('',#7540,1.);
#7540 = DIRECTION('',(1.,-0.,-0.));
#7541 = ORIENTED_EDGE('',*,*,#7489,.F.);
#7542 = PLANE('',#7543);
#7543 = AXIS2_PLACEMENT_3D('',#7544,#7545,#7546);
#7544 = CARTESIAN_POINT('',(4.55,-0.5,0.));
#7545 = DIRECTION('',(-0.,-1.,-0.));
#7546 = DIRECTION('',(0.,0.,-1.));
#7547 = ADVANCED_FACE('',(#7548),#7564,.T.);
#7548 = FACE_BOUND('',#7549,.F.);
#7549 = EDGE_LOOP('',(#7550,#7556,#7557,#7563));
#7550 = ORIENTED_EDGE('',*,*,#7551,.F.);
#7551 = EDGE_CURVE('',#7460,#7500,#7552,.T.);
#7552 = LINE('',#7553,#7554);
#7553 = CARTESIAN_POINT('',(4.55,-0.7,0.));
#7554 = VECTOR('',#7555,1.);
#7555 = DIRECTION('',(1.,-0.,-0.));
#7556 = ORIENTED_EDGE('',*,*,#7467,.T.);
#7557 = ORIENTED_EDGE('',*,*,#7558,.T.);
#7558 = EDGE_CURVE('',#7468,#7508,#7559,.T.);
#7559 = LINE('',#7560,#7561);
#7560 = CARTESIAN_POINT('',(4.55,-0.7,0.203));
#7561 = VECTOR('',#7562,1.);
#7562 = DIRECTION('',(1.,-0.,-0.));
#7563 = ORIENTED_EDGE('',*,*,#7507,.F.);
#7564 = PLANE('',#7565);
#7565 = AXIS2_PLACEMENT_3D('',#7566,#7567,#7568);
#7566 = CARTESIAN_POINT('',(4.55,-0.7,0.));
#7567 = DIRECTION('',(-0.,-1.,-0.));
#7568 = DIRECTION('',(0.,0.,-1.));
#7569 = ADVANCED_FACE('',(#7570),#7576,.F.);
#7570 = FACE_BOUND('',#7571,.T.);
#7571 = EDGE_LOOP('',(#7572,#7573,#7574,#7575));
#7572 = ORIENTED_EDGE('',*,*,#7459,.F.);
#7573 = ORIENTED_EDGE('',*,*,#7529,.T.);
#7574 = ORIENTED_EDGE('',*,*,#7499,.T.);
#7575 = ORIENTED_EDGE('',*,*,#7551,.F.);
#7576 = PLANE('',#7577);
#7577 = AXIS2_PLACEMENT_3D('',#7578,#7579,#7580);
#7578 = CARTESIAN_POINT('',(4.55,-0.5,0.));
#7579 = DIRECTION('',(-0.,-0.,1.));
#7580 = DIRECTION('',(-1.,0.,0.));
#7581 = ADVANCED_FACE('',(#7582),#7588,.T.);
#7582 = FACE_BOUND('',#7583,.F.);
#7583 = EDGE_LOOP('',(#7584,#7585,#7586,#7587));
#7584 = ORIENTED_EDGE('',*,*,#7475,.F.);
#7585 = ORIENTED_EDGE('',*,*,#7536,.T.);
#7586 = ORIENTED_EDGE('',*,*,#7515,.T.);
#7587 = ORIENTED_EDGE('',*,*,#7558,.F.);
#7588 = PLANE('',#7589);
#7589 = AXIS2_PLACEMENT_3D('',#7590,#7591,#7592);
#7590 = CARTESIAN_POINT('',(4.55,-0.5,0.203));
#7591 = DIRECTION('',(-0.,-0.,1.));
#7592 = DIRECTION('',(-1.,0.,0.));
#7593 = MANIFOLD_SOLID_BREP('',#7594);
#7594 = CLOSED_SHELL('',(#7595,#7635,#7675,#7697,#7719,#7731));
#7595 = ADVANCED_FACE('',(#7596),#7630,.F.);
#7596 = FACE_BOUND('',#7597,.T.);
#7597 = EDGE_LOOP('',(#7598,#7608,#7616,#7624));
#7598 = ORIENTED_EDGE('',*,*,#7599,.F.);
#7599 = EDGE_CURVE('',#7600,#7602,#7604,.T.);
#7600 = VERTEX_POINT('',#7601);
#7601 = CARTESIAN_POINT('',(4.55,-0.1,0.));
#7602 = VERTEX_POINT('',#7603);
#7603 = CARTESIAN_POINT('',(4.55,-0.1,0.203));
#7604 = LINE('',#7605,#7606);
#7605 = CARTESIAN_POINT('',(4.55,-0.1,0.));
#7606 = VECTOR('',#7607,1.);
#7607 = DIRECTION('',(-0.,-0.,1.));
#7608 = ORIENTED_EDGE('',*,*,#7609,.T.);
#7609 = EDGE_CURVE('',#7600,#7610,#7612,.T.);
#7610 = VERTEX_POINT('',#7611);
#7611 = CARTESIAN_POINT('',(4.55,-0.3,0.));
#7612 = LINE('',#7613,#7614);
#7613 = CARTESIAN_POINT('',(4.55,-0.1,0.));
#7614 = VECTOR('',#7615,1.);
#7615 = DIRECTION('',(-0.,-1.,-0.));
#7616 = ORIENTED_EDGE('',*,*,#7617,.T.);
#7617 = EDGE_CURVE('',#7610,#7618,#7620,.T.);
#7618 = VERTEX_POINT('',#7619);
#7619 = CARTESIAN_POINT('',(4.55,-0.3,0.203));
#7620 = LINE('',#7621,#7622);
#7621 = CARTESIAN_POINT('',(4.55,-0.3,0.));
#7622 = VECTOR('',#7623,1.);
#7623 = DIRECTION('',(-0.,-0.,1.));
#7624 = ORIENTED_EDGE('',*,*,#7625,.F.);
#7625 = EDGE_CURVE('',#7602,#7618,#7626,.T.);
#7626 = LINE('',#7627,#7628);
#7627 = CARTESIAN_POINT('',(4.55,-0.1,0.203));
#7628 = VECTOR('',#7629,1.);
#7629 = DIRECTION('',(-0.,-1.,-0.));
#7630 = PLANE('',#7631);
#7631 = AXIS2_PLACEMENT_3D('',#7632,#7633,#7634);
#7632 = CARTESIAN_POINT('',(4.55,-0.1,0.));
#7633 = DIRECTION('',(1.,-0.,-0.));
#7634 = DIRECTION('',(0.,0.,-1.));
#7635 = ADVANCED_FACE('',(#7636),#7670,.T.);
#7636 = FACE_BOUND('',#7637,.F.);
#7637 = EDGE_LOOP('',(#7638,#7648,#7656,#7664));
#7638 = ORIENTED_EDGE('',*,*,#7639,.F.);
#7639 = EDGE_CURVE('',#7640,#7642,#7644,.T.);
#7640 = VERTEX_POINT('',#7641);
#7641 = CARTESIAN_POINT('',(5.35,-0.1,0.));
#7642 = VERTEX_POINT('',#7643);
#7643 = CARTESIAN_POINT('',(5.35,-0.1,0.203));
#7644 = LINE('',#7645,#7646);
#7645 = CARTESIAN_POINT('',(5.35,-0.1,0.));
#7646 = VECTOR('',#7647,1.);
#7647 = DIRECTION('',(-0.,-0.,1.));
#7648 = ORIENTED_EDGE('',*,*,#7649,.T.);
#7649 = EDGE_CURVE('',#7640,#7650,#7652,.T.);
#7650 = VERTEX_POINT('',#7651);
#7651 = CARTESIAN_POINT('',(5.35,-0.3,0.));
#7652 = LINE('',#7653,#7654);
#7653 = CARTESIAN_POINT('',(5.35,-0.1,0.));
#7654 = VECTOR('',#7655,1.);
#7655 = DIRECTION('',(-0.,-1.,-0.));
#7656 = ORIENTED_EDGE('',*,*,#7657,.T.);
#7657 = EDGE_CURVE('',#7650,#7658,#7660,.T.);
#7658 = VERTEX_POINT('',#7659);
#7659 = CARTESIAN_POINT('',(5.35,-0.3,0.203));
#7660 = LINE('',#7661,#7662);
#7661 = CARTESIAN_POINT('',(5.35,-0.3,0.));
#7662 = VECTOR('',#7663,1.);
#7663 = DIRECTION('',(-0.,-0.,1.));
#7664 = ORIENTED_EDGE('',*,*,#7665,.F.);
#7665 = EDGE_CURVE('',#7642,#7658,#7666,.T.);
#7666 = LINE('',#7667,#7668);
#7667 = CARTESIAN_POINT('',(5.35,-0.1,0.203));
#7668 = VECTOR('',#7669,1.);
#7669 = DIRECTION('',(-0.,-1.,-0.));
#7670 = PLANE('',#7671);
#7671 = AXIS2_PLACEMENT_3D('',#7672,#7673,#7674);
#7672 = CARTESIAN_POINT('',(5.35,-0.1,0.));
#7673 = DIRECTION('',(1.,-0.,-0.));
#7674 = DIRECTION('',(0.,0.,-1.));
#7675 = ADVANCED_FACE('',(#7676),#7692,.F.);
#7676 = FACE_BOUND('',#7677,.T.);
#7677 = EDGE_LOOP('',(#7678,#7684,#7685,#7691));
#7678 = ORIENTED_EDGE('',*,*,#7679,.F.);
#7679 = EDGE_CURVE('',#7600,#7640,#7680,.T.);
#7680 = LINE('',#7681,#7682);
#7681 = CARTESIAN_POINT('',(4.55,-0.1,0.));
#7682 = VECTOR('',#7683,1.);
#7683 = DIRECTION('',(1.,-0.,-0.));
#7684 = ORIENTED_EDGE('',*,*,#7599,.T.);
#7685 = ORIENTED_EDGE('',*,*,#7686,.T.);
#7686 = EDGE_CURVE('',#7602,#7642,#7687,.T.);
#7687 = LINE('',#7688,#7689);
#7688 = CARTESIAN_POINT('',(4.55,-0.1,0.203));
#7689 = VECTOR('',#7690,1.);
#7690 = DIRECTION('',(1.,-0.,-0.));
#7691 = ORIENTED_EDGE('',*,*,#7639,.F.);
#7692 = PLANE('',#7693);
#7693 = AXIS2_PLACEMENT_3D('',#7694,#7695,#7696);
#7694 = CARTESIAN_POINT('',(4.55,-0.1,0.));
#7695 = DIRECTION('',(-0.,-1.,-0.));
#7696 = DIRECTION('',(0.,0.,-1.));
#7697 = ADVANCED_FACE('',(#7698),#7714,.T.);
#7698 = FACE_BOUND('',#7699,.F.);
#7699 = EDGE_LOOP('',(#7700,#7706,#7707,#7713));
#7700 = ORIENTED_EDGE('',*,*,#7701,.F.);
#7701 = EDGE_CURVE('',#7610,#7650,#7702,.T.);
#7702 = LINE('',#7703,#7704);
#7703 = CARTESIAN_POINT('',(4.55,-0.3,0.));
#7704 = VECTOR('',#7705,1.);
#7705 = DIRECTION('',(1.,-0.,-0.));
#7706 = ORIENTED_EDGE('',*,*,#7617,.T.);
#7707 = ORIENTED_EDGE('',*,*,#7708,.T.);
#7708 = EDGE_CURVE('',#7618,#7658,#7709,.T.);
#7709 = LINE('',#7710,#7711);
#7710 = CARTESIAN_POINT('',(4.55,-0.3,0.203));
#7711 = VECTOR('',#7712,1.);
#7712 = DIRECTION('',(1.,-0.,-0.));
#7713 = ORIENTED_EDGE('',*,*,#7657,.F.);
#7714 = PLANE('',#7715);
#7715 = AXIS2_PLACEMENT_3D('',#7716,#7717,#7718);
#7716 = CARTESIAN_POINT('',(4.55,-0.3,0.));
#7717 = DIRECTION('',(-0.,-1.,-0.));
#7718 = DIRECTION('',(0.,0.,-1.));
#7719 = ADVANCED_FACE('',(#7720),#7726,.F.);
#7720 = FACE_BOUND('',#7721,.T.);
#7721 = EDGE_LOOP('',(#7722,#7723,#7724,#7725));
#7722 = ORIENTED_EDGE('',*,*,#7609,.F.);
#7723 = ORIENTED_EDGE('',*,*,#7679,.T.);
#7724 = ORIENTED_EDGE('',*,*,#7649,.T.);
#7725 = ORIENTED_EDGE('',*,*,#7701,.F.);
#7726 = PLANE('',#7727);
#7727 = AXIS2_PLACEMENT_3D('',#7728,#7729,#7730);
#7728 = CARTESIAN_POINT('',(4.55,-0.1,0.));
#7729 = DIRECTION('',(-0.,-0.,1.));
#7730 = DIRECTION('',(-1.,0.,0.));
#7731 = ADVANCED_FACE('',(#7732),#7738,.T.);
#7732 = FACE_BOUND('',#7733,.F.);
#7733 = EDGE_LOOP('',(#7734,#7735,#7736,#7737));
#7734 = ORIENTED_EDGE('',*,*,#7625,.F.);
#7735 = ORIENTED_EDGE('',*,*,#7686,.T.);
#7736 = ORIENTED_EDGE('',*,*,#7665,.T.);
#7737 = ORIENTED_EDGE('',*,*,#7708,.F.);
#7738 = PLANE('',#7739);
#7739 = AXIS2_PLACEMENT_3D('',#7740,#7741,#7742);
#7740 = CARTESIAN_POINT('',(4.55,-0.1,0.203));
#7741 = DIRECTION('',(-0.,-0.,1.));
#7742 = DIRECTION('',(-1.,0.,0.));
#7743 = MANIFOLD_SOLID_BREP('',#7744);
#7744 = CLOSED_SHELL('',(#7745,#7785,#7825,#7847,#7869,#7881));
#7745 = ADVANCED_FACE('',(#7746),#7780,.F.);
#7746 = FACE_BOUND('',#7747,.T.);
#7747 = EDGE_LOOP('',(#7748,#7758,#7766,#7774));
#7748 = ORIENTED_EDGE('',*,*,#7749,.F.);
#7749 = EDGE_CURVE('',#7750,#7752,#7754,.T.);
#7750 = VERTEX_POINT('',#7751);
#7751 = CARTESIAN_POINT('',(4.55,0.3,0.));
#7752 = VERTEX_POINT('',#7753);
#7753 = CARTESIAN_POINT('',(4.55,0.3,0.203));
#7754 = LINE('',#7755,#7756);
#7755 = CARTESIAN_POINT('',(4.55,0.3,0.));
#7756 = VECTOR('',#7757,1.);
#7757 = DIRECTION('',(-0.,-0.,1.));
#7758 = ORIENTED_EDGE('',*,*,#7759,.T.);
#7759 = EDGE_CURVE('',#7750,#7760,#7762,.T.);
#7760 = VERTEX_POINT('',#7761);
#7761 = CARTESIAN_POINT('',(4.55,1.E-01,0.));
#7762 = LINE('',#7763,#7764);
#7763 = CARTESIAN_POINT('',(4.55,0.3,0.));
#7764 = VECTOR('',#7765,1.);
#7765 = DIRECTION('',(-0.,-1.,-0.));
#7766 = ORIENTED_EDGE('',*,*,#7767,.T.);
#7767 = EDGE_CURVE('',#7760,#7768,#7770,.T.);
#7768 = VERTEX_POINT('',#7769);
#7769 = CARTESIAN_POINT('',(4.55,1.E-01,0.203));
#7770 = LINE('',#7771,#7772);
#7771 = CARTESIAN_POINT('',(4.55,1.E-01,0.));
#7772 = VECTOR('',#7773,1.);
#7773 = DIRECTION('',(-0.,-0.,1.));
#7774 = ORIENTED_EDGE('',*,*,#7775,.F.);
#7775 = EDGE_CURVE('',#7752,#7768,#7776,.T.);
#7776 = LINE('',#7777,#7778);
#7777 = CARTESIAN_POINT('',(4.55,0.3,0.203));
#7778 = VECTOR('',#7779,1.);
#7779 = DIRECTION('',(-0.,-1.,-0.));
#7780 = PLANE('',#7781);
#7781 = AXIS2_PLACEMENT_3D('',#7782,#7783,#7784);
#7782 = CARTESIAN_POINT('',(4.55,0.3,0.));
#7783 = DIRECTION('',(1.,-0.,-0.));
#7784 = DIRECTION('',(0.,0.,-1.));
#7785 = ADVANCED_FACE('',(#7786),#7820,.T.);
#7786 = FACE_BOUND('',#7787,.F.);
#7787 = EDGE_LOOP('',(#7788,#7798,#7806,#7814));
#7788 = ORIENTED_EDGE('',*,*,#7789,.F.);
#7789 = EDGE_CURVE('',#7790,#7792,#7794,.T.);
#7790 = VERTEX_POINT('',#7791);
#7791 = CARTESIAN_POINT('',(5.35,0.3,0.));
#7792 = VERTEX_POINT('',#7793);
#7793 = CARTESIAN_POINT('',(5.35,0.3,0.203));
#7794 = LINE('',#7795,#7796);
#7795 = CARTESIAN_POINT('',(5.35,0.3,0.));
#7796 = VECTOR('',#7797,1.);
#7797 = DIRECTION('',(-0.,-0.,1.));
#7798 = ORIENTED_EDGE('',*,*,#7799,.T.);
#7799 = EDGE_CURVE('',#7790,#7800,#7802,.T.);
#7800 = VERTEX_POINT('',#7801);
#7801 = CARTESIAN_POINT('',(5.35,1.E-01,0.));
#7802 = LINE('',#7803,#7804);
#7803 = CARTESIAN_POINT('',(5.35,0.3,0.));
#7804 = VECTOR('',#7805,1.);
#7805 = DIRECTION('',(-0.,-1.,-0.));
#7806 = ORIENTED_EDGE('',*,*,#7807,.T.);
#7807 = EDGE_CURVE('',#7800,#7808,#7810,.T.);
#7808 = VERTEX_POINT('',#7809);
#7809 = CARTESIAN_POINT('',(5.35,1.E-01,0.203));
#7810 = LINE('',#7811,#7812);
#7811 = CARTESIAN_POINT('',(5.35,1.E-01,0.));
#7812 = VECTOR('',#7813,1.);
#7813 = DIRECTION('',(-0.,-0.,1.));
#7814 = ORIENTED_EDGE('',*,*,#7815,.F.);
#7815 = EDGE_CURVE('',#7792,#7808,#7816,.T.);
#7816 = LINE('',#7817,#7818);
#7817 = CARTESIAN_POINT('',(5.35,0.3,0.203));
#7818 = VECTOR('',#7819,1.);
#7819 = DIRECTION('',(-0.,-1.,-0.));
#7820 = PLANE('',#7821);
#7821 = AXIS2_PLACEMENT_3D('',#7822,#7823,#7824);
#7822 = CARTESIAN_POINT('',(5.35,0.3,0.));
#7823 = DIRECTION('',(1.,-0.,-0.));
#7824 = DIRECTION('',(0.,0.,-1.));
#7825 = ADVANCED_FACE('',(#7826),#7842,.F.);
#7826 = FACE_BOUND('',#7827,.T.);
#7827 = EDGE_LOOP('',(#7828,#7834,#7835,#7841));
#7828 = ORIENTED_EDGE('',*,*,#7829,.F.);
#7829 = EDGE_CURVE('',#7750,#7790,#7830,.T.);
#7830 = LINE('',#7831,#7832);
#7831 = CARTESIAN_POINT('',(4.55,0.3,0.));
#7832 = VECTOR('',#7833,1.);
#7833 = DIRECTION('',(1.,-0.,-0.));
#7834 = ORIENTED_EDGE('',*,*,#7749,.T.);
#7835 = ORIENTED_EDGE('',*,*,#7836,.T.);
#7836 = EDGE_CURVE('',#7752,#7792,#7837,.T.);
#7837 = LINE('',#7838,#7839);
#7838 = CARTESIAN_POINT('',(4.55,0.3,0.203));
#7839 = VECTOR('',#7840,1.);
#7840 = DIRECTION('',(1.,-0.,-0.));
#7841 = ORIENTED_EDGE('',*,*,#7789,.F.);
#7842 = PLANE('',#7843);
#7843 = AXIS2_PLACEMENT_3D('',#7844,#7845,#7846);
#7844 = CARTESIAN_POINT('',(4.55,0.3,0.));
#7845 = DIRECTION('',(-0.,-1.,-0.));
#7846 = DIRECTION('',(0.,0.,-1.));
#7847 = ADVANCED_FACE('',(#7848),#7864,.T.);
#7848 = FACE_BOUND('',#7849,.F.);
#7849 = EDGE_LOOP('',(#7850,#7856,#7857,#7863));
#7850 = ORIENTED_EDGE('',*,*,#7851,.F.);
#7851 = EDGE_CURVE('',#7760,#7800,#7852,.T.);
#7852 = LINE('',#7853,#7854);
#7853 = CARTESIAN_POINT('',(4.55,1.E-01,0.));
#7854 = VECTOR('',#7855,1.);
#7855 = DIRECTION('',(1.,-0.,-0.));
#7856 = ORIENTED_EDGE('',*,*,#7767,.T.);
#7857 = ORIENTED_EDGE('',*,*,#7858,.T.);
#7858 = EDGE_CURVE('',#7768,#7808,#7859,.T.);
#7859 = LINE('',#7860,#7861);
#7860 = CARTESIAN_POINT('',(4.55,1.E-01,0.203));
#7861 = VECTOR('',#7862,1.);
#7862 = DIRECTION('',(1.,-0.,-0.));
#7863 = ORIENTED_EDGE('',*,*,#7807,.F.);
#7864 = PLANE('',#7865);
#7865 = AXIS2_PLACEMENT_3D('',#7866,#7867,#7868);
#7866 = CARTESIAN_POINT('',(4.55,1.E-01,0.));
#7867 = DIRECTION('',(-0.,-1.,-0.));
#7868 = DIRECTION('',(0.,0.,-1.));
#7869 = ADVANCED_FACE('',(#7870),#7876,.F.);
#7870 = FACE_BOUND('',#7871,.T.);
#7871 = EDGE_LOOP('',(#7872,#7873,#7874,#7875));
#7872 = ORIENTED_EDGE('',*,*,#7759,.F.);
#7873 = ORIENTED_EDGE('',*,*,#7829,.T.);
#7874 = ORIENTED_EDGE('',*,*,#7799,.T.);
#7875 = ORIENTED_EDGE('',*,*,#7851,.F.);
#7876 = PLANE('',#7877);
#7877 = AXIS2_PLACEMENT_3D('',#7878,#7879,#7880);
#7878 = CARTESIAN_POINT('',(4.55,0.3,0.));
#7879 = DIRECTION('',(-0.,-0.,1.));
#7880 = DIRECTION('',(-1.,0.,0.));
#7881 = ADVANCED_FACE('',(#7882),#7888,.T.);
#7882 = FACE_BOUND('',#7883,.F.);
#7883 = EDGE_LOOP('',(#7884,#7885,#7886,#7887));
#7884 = ORIENTED_EDGE('',*,*,#7775,.F.);
#7885 = ORIENTED_EDGE('',*,*,#7836,.T.);
#7886 = ORIENTED_EDGE('',*,*,#7815,.T.);
#7887 = ORIENTED_EDGE('',*,*,#7858,.F.);
#7888 = PLANE('',#7889);
#7889 = AXIS2_PLACEMENT_3D('',#7890,#7891,#7892);
#7890 = CARTESIAN_POINT('',(4.55,0.3,0.203));
#7891 = DIRECTION('',(-0.,-0.,1.));
#7892 = DIRECTION('',(-1.,0.,0.));
#7893 = MANIFOLD_SOLID_BREP('',#7894);
#7894 = CLOSED_SHELL('',(#7895,#7935,#7975,#7997,#8019,#8031));
#7895 = ADVANCED_FACE('',(#7896),#7930,.F.);
#7896 = FACE_BOUND('',#7897,.T.);
#7897 = EDGE_LOOP('',(#7898,#7908,#7916,#7924));
#7898 = ORIENTED_EDGE('',*,*,#7899,.F.);
#7899 = EDGE_CURVE('',#7900,#7902,#7904,.T.);
#7900 = VERTEX_POINT('',#7901);
#7901 = CARTESIAN_POINT('',(4.55,0.7,0.));
#7902 = VERTEX_POINT('',#7903);
#7903 = CARTESIAN_POINT('',(4.55,0.7,0.203));
#7904 = LINE('',#7905,#7906);
#7905 = CARTESIAN_POINT('',(4.55,0.7,0.));
#7906 = VECTOR('',#7907,1.);
#7907 = DIRECTION('',(-0.,-0.,1.));
#7908 = ORIENTED_EDGE('',*,*,#7909,.T.);
#7909 = EDGE_CURVE('',#7900,#7910,#7912,.T.);
#7910 = VERTEX_POINT('',#7911);
#7911 = CARTESIAN_POINT('',(4.55,0.5,0.));
#7912 = LINE('',#7913,#7914);
#7913 = CARTESIAN_POINT('',(4.55,0.7,0.));
#7914 = VECTOR('',#7915,1.);
#7915 = DIRECTION('',(-0.,-1.,-0.));
#7916 = ORIENTED_EDGE('',*,*,#7917,.T.);
#7917 = EDGE_CURVE('',#7910,#7918,#7920,.T.);
#7918 = VERTEX_POINT('',#7919);
#7919 = CARTESIAN_POINT('',(4.55,0.5,0.203));
#7920 = LINE('',#7921,#7922);
#7921 = CARTESIAN_POINT('',(4.55,0.5,0.));
#7922 = VECTOR('',#7923,1.);
#7923 = DIRECTION('',(-0.,-0.,1.));
#7924 = ORIENTED_EDGE('',*,*,#7925,.F.);
#7925 = EDGE_CURVE('',#7902,#7918,#7926,.T.);
#7926 = LINE('',#7927,#7928);
#7927 = CARTESIAN_POINT('',(4.55,0.7,0.203));
#7928 = VECTOR('',#7929,1.);
#7929 = DIRECTION('',(-0.,-1.,-0.));
#7930 = PLANE('',#7931);
#7931 = AXIS2_PLACEMENT_3D('',#7932,#7933,#7934);
#7932 = CARTESIAN_POINT('',(4.55,0.7,0.));
#7933 = DIRECTION('',(1.,-0.,-0.));
#7934 = DIRECTION('',(0.,0.,-1.));
#7935 = ADVANCED_FACE('',(#7936),#7970,.T.);
#7936 = FACE_BOUND('',#7937,.F.);
#7937 = EDGE_LOOP('',(#7938,#7948,#7956,#7964));
#7938 = ORIENTED_EDGE('',*,*,#7939,.F.);
#7939 = EDGE_CURVE('',#7940,#7942,#7944,.T.);
#7940 = VERTEX_POINT('',#7941);
#7941 = CARTESIAN_POINT('',(5.35,0.7,0.));
#7942 = VERTEX_POINT('',#7943);
#7943 = CARTESIAN_POINT('',(5.35,0.7,0.203));
#7944 = LINE('',#7945,#7946);
#7945 = CARTESIAN_POINT('',(5.35,0.7,0.));
#7946 = VECTOR('',#7947,1.);
#7947 = DIRECTION('',(-0.,-0.,1.));
#7948 = ORIENTED_EDGE('',*,*,#7949,.T.);
#7949 = EDGE_CURVE('',#7940,#7950,#7952,.T.);
#7950 = VERTEX_POINT('',#7951);
#7951 = CARTESIAN_POINT('',(5.35,0.5,0.));
#7952 = LINE('',#7953,#7954);
#7953 = CARTESIAN_POINT('',(5.35,0.7,0.));
#7954 = VECTOR('',#7955,1.);
#7955 = DIRECTION('',(-0.,-1.,-0.));
#7956 = ORIENTED_EDGE('',*,*,#7957,.T.);
#7957 = EDGE_CURVE('',#7950,#7958,#7960,.T.);
#7958 = VERTEX_POINT('',#7959);
#7959 = CARTESIAN_POINT('',(5.35,0.5,0.203));
#7960 = LINE('',#7961,#7962);
#7961 = CARTESIAN_POINT('',(5.35,0.5,0.));
#7962 = VECTOR('',#7963,1.);
#7963 = DIRECTION('',(-0.,-0.,1.));
#7964 = ORIENTED_EDGE('',*,*,#7965,.F.);
#7965 = EDGE_CURVE('',#7942,#7958,#7966,.T.);
#7966 = LINE('',#7967,#7968);
#7967 = CARTESIAN_POINT('',(5.35,0.7,0.203));
#7968 = VECTOR('',#7969,1.);
#7969 = DIRECTION('',(-0.,-1.,-0.));
#7970 = PLANE('',#7971);
#7971 = AXIS2_PLACEMENT_3D('',#7972,#7973,#7974);
#7972 = CARTESIAN_POINT('',(5.35,0.7,0.));
#7973 = DIRECTION('',(1.,-0.,-0.));
#7974 = DIRECTION('',(0.,0.,-1.));
#7975 = ADVANCED_FACE('',(#7976),#7992,.F.);
#7976 = FACE_BOUND('',#7977,.T.);
#7977 = EDGE_LOOP('',(#7978,#7984,#7985,#7991));
#7978 = ORIENTED_EDGE('',*,*,#7979,.F.);
#7979 = EDGE_CURVE('',#7900,#7940,#7980,.T.);
#7980 = LINE('',#7981,#7982);
#7981 = CARTESIAN_POINT('',(4.55,0.7,0.));
#7982 = VECTOR('',#7983,1.);
#7983 = DIRECTION('',(1.,-0.,-0.));
#7984 = ORIENTED_EDGE('',*,*,#7899,.T.);
#7985 = ORIENTED_EDGE('',*,*,#7986,.T.);
#7986 = EDGE_CURVE('',#7902,#7942,#7987,.T.);
#7987 = LINE('',#7988,#7989);
#7988 = CARTESIAN_POINT('',(4.55,0.7,0.203));
#7989 = VECTOR('',#7990,1.);
#7990 = DIRECTION('',(1.,-0.,-0.));
#7991 = ORIENTED_EDGE('',*,*,#7939,.F.);
#7992 = PLANE('',#7993);
#7993 = AXIS2_PLACEMENT_3D('',#7994,#7995,#7996);
#7994 = CARTESIAN_POINT('',(4.55,0.7,0.));
#7995 = DIRECTION('',(-0.,-1.,-0.));
#7996 = DIRECTION('',(0.,0.,-1.));
#7997 = ADVANCED_FACE('',(#7998),#8014,.T.);
#7998 = FACE_BOUND('',#7999,.F.);
#7999 = EDGE_LOOP('',(#8000,#8006,#8007,#8013));
#8000 = ORIENTED_EDGE('',*,*,#8001,.F.);
#8001 = EDGE_CURVE('',#7910,#7950,#8002,.T.);
#8002 = LINE('',#8003,#8004);
#8003 = CARTESIAN_POINT('',(4.55,0.5,0.));
#8004 = VECTOR('',#8005,1.);
#8005 = DIRECTION('',(1.,-0.,-0.));
#8006 = ORIENTED_EDGE('',*,*,#7917,.T.);
#8007 = ORIENTED_EDGE('',*,*,#8008,.T.);
#8008 = EDGE_CURVE('',#7918,#7958,#8009,.T.);
#8009 = LINE('',#8010,#8011);
#8010 = CARTESIAN_POINT('',(4.55,0.5,0.203));
#8011 = VECTOR('',#8012,1.);
#8012 = DIRECTION('',(1.,-0.,-0.));
#8013 = ORIENTED_EDGE('',*,*,#7957,.F.);
#8014 = PLANE('',#8015);
#8015 = AXIS2_PLACEMENT_3D('',#8016,#8017,#8018);
#8016 = CARTESIAN_POINT('',(4.55,0.5,0.));
#8017 = DIRECTION('',(-0.,-1.,-0.));
#8018 = DIRECTION('',(0.,0.,-1.));
#8019 = ADVANCED_FACE('',(#8020),#8026,.F.);
#8020 = FACE_BOUND('',#8021,.T.);
#8021 = EDGE_LOOP('',(#8022,#8023,#8024,#8025));
#8022 = ORIENTED_EDGE('',*,*,#7909,.F.);
#8023 = ORIENTED_EDGE('',*,*,#7979,.T.);
#8024 = ORIENTED_EDGE('',*,*,#7949,.T.);
#8025 = ORIENTED_EDGE('',*,*,#8001,.F.);
#8026 = PLANE('',#8027);
#8027 = AXIS2_PLACEMENT_3D('',#8028,#8029,#8030);
#8028 = CARTESIAN_POINT('',(4.55,0.7,0.));
#8029 = DIRECTION('',(-0.,-0.,1.));
#8030 = DIRECTION('',(-1.,0.,0.));
#8031 = ADVANCED_FACE('',(#8032),#8038,.T.);
#8032 = FACE_BOUND('',#8033,.F.);
#8033 = EDGE_LOOP('',(#8034,#8035,#8036,#8037));
#8034 = ORIENTED_EDGE('',*,*,#7925,.F.);
#8035 = ORIENTED_EDGE('',*,*,#7986,.T.);
#8036 = ORIENTED_EDGE('',*,*,#7965,.T.);
#8037 = ORIENTED_EDGE('',*,*,#8008,.F.);
#8038 = PLANE('',#8039);
#8039 = AXIS2_PLACEMENT_3D('',#8040,#8041,#8042);
#8040 = CARTESIAN_POINT('',(4.55,0.7,0.203));
#8041 = DIRECTION('',(-0.,-0.,1.));
#8042 = DIRECTION('',(-1.,0.,0.));
#8043 = MANIFOLD_SOLID_BREP('',#8044);
#8044 = CLOSED_SHELL('',(#8045,#8085,#8125,#8147,#8169,#8181));
#8045 = ADVANCED_FACE('',(#8046),#8080,.F.);
#8046 = FACE_BOUND('',#8047,.T.);
#8047 = EDGE_LOOP('',(#8048,#8058,#8066,#8074));
#8048 = ORIENTED_EDGE('',*,*,#8049,.F.);
#8049 = EDGE_CURVE('',#8050,#8052,#8054,.T.);
#8050 = VERTEX_POINT('',#8051);
#8051 = CARTESIAN_POINT('',(4.55,1.1,0.));
#8052 = VERTEX_POINT('',#8053);
#8053 = CARTESIAN_POINT('',(4.55,1.1,0.203));
#8054 = LINE('',#8055,#8056);
#8055 = CARTESIAN_POINT('',(4.55,1.1,0.));
#8056 = VECTOR('',#8057,1.);
#8057 = DIRECTION('',(-0.,-0.,1.));
#8058 = ORIENTED_EDGE('',*,*,#8059,.T.);
#8059 = EDGE_CURVE('',#8050,#8060,#8062,.T.);
#8060 = VERTEX_POINT('',#8061);
#8061 = CARTESIAN_POINT('',(4.55,0.9,0.));
#8062 = LINE('',#8063,#8064);
#8063 = CARTESIAN_POINT('',(4.55,1.1,0.));
#8064 = VECTOR('',#8065,1.);
#8065 = DIRECTION('',(-0.,-1.,-0.));
#8066 = ORIENTED_EDGE('',*,*,#8067,.T.);
#8067 = EDGE_CURVE('',#8060,#8068,#8070,.T.);
#8068 = VERTEX_POINT('',#8069);
#8069 = CARTESIAN_POINT('',(4.55,0.9,0.203));
#8070 = LINE('',#8071,#8072);
#8071 = CARTESIAN_POINT('',(4.55,0.9,0.));
#8072 = VECTOR('',#8073,1.);
#8073 = DIRECTION('',(-0.,-0.,1.));
#8074 = ORIENTED_EDGE('',*,*,#8075,.F.);
#8075 = EDGE_CURVE('',#8052,#8068,#8076,.T.);
#8076 = LINE('',#8077,#8078);
#8077 = CARTESIAN_POINT('',(4.55,1.1,0.203));
#8078 = VECTOR('',#8079,1.);
#8079 = DIRECTION('',(-0.,-1.,-0.));
#8080 = PLANE('',#8081);
#8081 = AXIS2_PLACEMENT_3D('',#8082,#8083,#8084);
#8082 = CARTESIAN_POINT('',(4.55,1.1,0.));
#8083 = DIRECTION('',(1.,-0.,-0.));
#8084 = DIRECTION('',(0.,0.,-1.));
#8085 = ADVANCED_FACE('',(#8086),#8120,.T.);
#8086 = FACE_BOUND('',#8087,.F.);
#8087 = EDGE_LOOP('',(#8088,#8098,#8106,#8114));
#8088 = ORIENTED_EDGE('',*,*,#8089,.F.);
#8089 = EDGE_CURVE('',#8090,#8092,#8094,.T.);
#8090 = VERTEX_POINT('',#8091);
#8091 = CARTESIAN_POINT('',(5.35,1.1,0.));
#8092 = VERTEX_POINT('',#8093);
#8093 = CARTESIAN_POINT('',(5.35,1.1,0.203));
#8094 = LINE('',#8095,#8096);
#8095 = CARTESIAN_POINT('',(5.35,1.1,0.));
#8096 = VECTOR('',#8097,1.);
#8097 = DIRECTION('',(-0.,-0.,1.));
#8098 = ORIENTED_EDGE('',*,*,#8099,.T.);
#8099 = EDGE_CURVE('',#8090,#8100,#8102,.T.);
#8100 = VERTEX_POINT('',#8101);
#8101 = CARTESIAN_POINT('',(5.35,0.9,0.));
#8102 = LINE('',#8103,#8104);
#8103 = CARTESIAN_POINT('',(5.35,1.1,0.));
#8104 = VECTOR('',#8105,1.);
#8105 = DIRECTION('',(-0.,-1.,-0.));
#8106 = ORIENTED_EDGE('',*,*,#8107,.T.);
#8107 = EDGE_CURVE('',#8100,#8108,#8110,.T.);
#8108 = VERTEX_POINT('',#8109);
#8109 = CARTESIAN_POINT('',(5.35,0.9,0.203));
#8110 = LINE('',#8111,#8112);
#8111 = CARTESIAN_POINT('',(5.35,0.9,0.));
#8112 = VECTOR('',#8113,1.);
#8113 = DIRECTION('',(-0.,-0.,1.));
#8114 = ORIENTED_EDGE('',*,*,#8115,.F.);
#8115 = EDGE_CURVE('',#8092,#8108,#8116,.T.);
#8116 = LINE('',#8117,#8118);
#8117 = CARTESIAN_POINT('',(5.35,1.1,0.203));
#8118 = VECTOR('',#8119,1.);
#8119 = DIRECTION('',(-0.,-1.,-0.));
#8120 = PLANE('',#8121);
#8121 = AXIS2_PLACEMENT_3D('',#8122,#8123,#8124);
#8122 = CARTESIAN_POINT('',(5.35,1.1,0.));
#8123 = DIRECTION('',(1.,-0.,-0.));
#8124 = DIRECTION('',(0.,0.,-1.));
#8125 = ADVANCED_FACE('',(#8126),#8142,.F.);
#8126 = FACE_BOUND('',#8127,.T.);
#8127 = EDGE_LOOP('',(#8128,#8134,#8135,#8141));
#8128 = ORIENTED_EDGE('',*,*,#8129,.F.);
#8129 = EDGE_CURVE('',#8050,#8090,#8130,.T.);
#8130 = LINE('',#8131,#8132);
#8131 = CARTESIAN_POINT('',(4.55,1.1,0.));
#8132 = VECTOR('',#8133,1.);
#8133 = DIRECTION('',(1.,-0.,-0.));
#8134 = ORIENTED_EDGE('',*,*,#8049,.T.);
#8135 = ORIENTED_EDGE('',*,*,#8136,.T.);
#8136 = EDGE_CURVE('',#8052,#8092,#8137,.T.);
#8137 = LINE('',#8138,#8139);
#8138 = CARTESIAN_POINT('',(4.55,1.1,0.203));
#8139 = VECTOR('',#8140,1.);
#8140 = DIRECTION('',(1.,-0.,-0.));
#8141 = ORIENTED_EDGE('',*,*,#8089,.F.);
#8142 = PLANE('',#8143);
#8143 = AXIS2_PLACEMENT_3D('',#8144,#8145,#8146);
#8144 = CARTESIAN_POINT('',(4.55,1.1,0.));
#8145 = DIRECTION('',(-0.,-1.,-0.));
#8146 = DIRECTION('',(0.,0.,-1.));
#8147 = ADVANCED_FACE('',(#8148),#8164,.T.);
#8148 = FACE_BOUND('',#8149,.F.);
#8149 = EDGE_LOOP('',(#8150,#8156,#8157,#8163));
#8150 = ORIENTED_EDGE('',*,*,#8151,.F.);
#8151 = EDGE_CURVE('',#8060,#8100,#8152,.T.);
#8152 = LINE('',#8153,#8154);
#8153 = CARTESIAN_POINT('',(4.55,0.9,0.));
#8154 = VECTOR('',#8155,1.);
#8155 = DIRECTION('',(1.,-0.,-0.));
#8156 = ORIENTED_EDGE('',*,*,#8067,.T.);
#8157 = ORIENTED_EDGE('',*,*,#8158,.T.);
#8158 = EDGE_CURVE('',#8068,#8108,#8159,.T.);
#8159 = LINE('',#8160,#8161);
#8160 = CARTESIAN_POINT('',(4.55,0.9,0.203));
#8161 = VECTOR('',#8162,1.);
#8162 = DIRECTION('',(1.,-0.,-0.));
#8163 = ORIENTED_EDGE('',*,*,#8107,.F.);
#8164 = PLANE('',#8165);
#8165 = AXIS2_PLACEMENT_3D('',#8166,#8167,#8168);
#8166 = CARTESIAN_POINT('',(4.55,0.9,0.));
#8167 = DIRECTION('',(-0.,-1.,-0.));
#8168 = DIRECTION('',(0.,0.,-1.));
#8169 = ADVANCED_FACE('',(#8170),#8176,.F.);
#8170 = FACE_BOUND('',#8171,.T.);
#8171 = EDGE_LOOP('',(#8172,#8173,#8174,#8175));
#8172 = ORIENTED_EDGE('',*,*,#8059,.F.);
#8173 = ORIENTED_EDGE('',*,*,#8129,.T.);
#8174 = ORIENTED_EDGE('',*,*,#8099,.T.);
#8175 = ORIENTED_EDGE('',*,*,#8151,.F.);
#8176 = PLANE('',#8177);
#8177 = AXIS2_PLACEMENT_3D('',#8178,#8179,#8180);
#8178 = CARTESIAN_POINT('',(4.55,1.1,0.));
#8179 = DIRECTION('',(-0.,-0.,1.));
#8180 = DIRECTION('',(-1.,0.,0.));
#8181 = ADVANCED_FACE('',(#8182),#8188,.T.);
#8182 = FACE_BOUND('',#8183,.F.);
#8183 = EDGE_LOOP('',(#8184,#8185,#8186,#8187));
#8184 = ORIENTED_EDGE('',*,*,#8075,.F.);
#8185 = ORIENTED_EDGE('',*,*,#8136,.T.);
#8186 = ORIENTED_EDGE('',*,*,#8115,.T.);
#8187 = ORIENTED_EDGE('',*,*,#8158,.F.);
#8188 = PLANE('',#8189);
#8189 = AXIS2_PLACEMENT_3D('',#8190,#8191,#8192);
#8190 = CARTESIAN_POINT('',(4.55,1.1,0.203));
#8191 = DIRECTION('',(-0.,-0.,1.));
#8192 = DIRECTION('',(-1.,0.,0.));
#8193 = MANIFOLD_SOLID_BREP('',#8194);
#8194 = CLOSED_SHELL('',(#8195,#8235,#8275,#8297,#8319,#8331));
#8195 = ADVANCED_FACE('',(#8196),#8230,.F.);
#8196 = FACE_BOUND('',#8197,.T.);
#8197 = EDGE_LOOP('',(#8198,#8208,#8216,#8224));
#8198 = ORIENTED_EDGE('',*,*,#8199,.F.);
#8199 = EDGE_CURVE('',#8200,#8202,#8204,.T.);
#8200 = VERTEX_POINT('',#8201);
#8201 = CARTESIAN_POINT('',(4.55,1.5,0.));
#8202 = VERTEX_POINT('',#8203);
#8203 = CARTESIAN_POINT('',(4.55,1.5,0.203));
#8204 = LINE('',#8205,#8206);
#8205 = CARTESIAN_POINT('',(4.55,1.5,0.));
#8206 = VECTOR('',#8207,1.);
#8207 = DIRECTION('',(-0.,-0.,1.));
#8208 = ORIENTED_EDGE('',*,*,#8209,.T.);
#8209 = EDGE_CURVE('',#8200,#8210,#8212,.T.);
#8210 = VERTEX_POINT('',#8211);
#8211 = CARTESIAN_POINT('',(4.55,1.3,0.));
#8212 = LINE('',#8213,#8214);
#8213 = CARTESIAN_POINT('',(4.55,1.5,0.));
#8214 = VECTOR('',#8215,1.);
#8215 = DIRECTION('',(-0.,-1.,-0.));
#8216 = ORIENTED_EDGE('',*,*,#8217,.T.);
#8217 = EDGE_CURVE('',#8210,#8218,#8220,.T.);
#8218 = VERTEX_POINT('',#8219);
#8219 = CARTESIAN_POINT('',(4.55,1.3,0.203));
#8220 = LINE('',#8221,#8222);
#8221 = CARTESIAN_POINT('',(4.55,1.3,0.));
#8222 = VECTOR('',#8223,1.);
#8223 = DIRECTION('',(-0.,-0.,1.));
#8224 = ORIENTED_EDGE('',*,*,#8225,.F.);
#8225 = EDGE_CURVE('',#8202,#8218,#8226,.T.);
#8226 = LINE('',#8227,#8228);
#8227 = CARTESIAN_POINT('',(4.55,1.5,0.203));
#8228 = VECTOR('',#8229,1.);
#8229 = DIRECTION('',(-0.,-1.,-0.));
#8230 = PLANE('',#8231);
#8231 = AXIS2_PLACEMENT_3D('',#8232,#8233,#8234);
#8232 = CARTESIAN_POINT('',(4.55,1.5,0.));
#8233 = DIRECTION('',(1.,-0.,-0.));
#8234 = DIRECTION('',(0.,0.,-1.));
#8235 = ADVANCED_FACE('',(#8236),#8270,.T.);
#8236 = FACE_BOUND('',#8237,.F.);
#8237 = EDGE_LOOP('',(#8238,#8248,#8256,#8264));
#8238 = ORIENTED_EDGE('',*,*,#8239,.F.);
#8239 = EDGE_CURVE('',#8240,#8242,#8244,.T.);
#8240 = VERTEX_POINT('',#8241);
#8241 = CARTESIAN_POINT('',(5.35,1.5,0.));
#8242 = VERTEX_POINT('',#8243);
#8243 = CARTESIAN_POINT('',(5.35,1.5,0.203));
#8244 = LINE('',#8245,#8246);
#8245 = CARTESIAN_POINT('',(5.35,1.5,0.));
#8246 = VECTOR('',#8247,1.);
#8247 = DIRECTION('',(-0.,-0.,1.));
#8248 = ORIENTED_EDGE('',*,*,#8249,.T.);
#8249 = EDGE_CURVE('',#8240,#8250,#8252,.T.);
#8250 = VERTEX_POINT('',#8251);
#8251 = CARTESIAN_POINT('',(5.35,1.3,0.));
#8252 = LINE('',#8253,#8254);
#8253 = CARTESIAN_POINT('',(5.35,1.5,0.));
#8254 = VECTOR('',#8255,1.);
#8255 = DIRECTION('',(-0.,-1.,-0.));
#8256 = ORIENTED_EDGE('',*,*,#8257,.T.);
#8257 = EDGE_CURVE('',#8250,#8258,#8260,.T.);
#8258 = VERTEX_POINT('',#8259);
#8259 = CARTESIAN_POINT('',(5.35,1.3,0.203));
#8260 = LINE('',#8261,#8262);
#8261 = CARTESIAN_POINT('',(5.35,1.3,0.));
#8262 = VECTOR('',#8263,1.);
#8263 = DIRECTION('',(-0.,-0.,1.));
#8264 = ORIENTED_EDGE('',*,*,#8265,.F.);
#8265 = EDGE_CURVE('',#8242,#8258,#8266,.T.);
#8266 = LINE('',#8267,#8268);
#8267 = CARTESIAN_POINT('',(5.35,1.5,0.203));
#8268 = VECTOR('',#8269,1.);
#8269 = DIRECTION('',(-0.,-1.,-0.));
#8270 = PLANE('',#8271);
#8271 = AXIS2_PLACEMENT_3D('',#8272,#8273,#8274);
#8272 = CARTESIAN_POINT('',(5.35,1.5,0.));
#8273 = DIRECTION('',(1.,-0.,-0.));
#8274 = DIRECTION('',(0.,0.,-1.));
#8275 = ADVANCED_FACE('',(#8276),#8292,.F.);
#8276 = FACE_BOUND('',#8277,.T.);
#8277 = EDGE_LOOP('',(#8278,#8284,#8285,#8291));
#8278 = ORIENTED_EDGE('',*,*,#8279,.F.);
#8279 = EDGE_CURVE('',#8200,#8240,#8280,.T.);
#8280 = LINE('',#8281,#8282);
#8281 = CARTESIAN_POINT('',(4.55,1.5,0.));
#8282 = VECTOR('',#8283,1.);
#8283 = DIRECTION('',(1.,-0.,-0.));
#8284 = ORIENTED_EDGE('',*,*,#8199,.T.);
#8285 = ORIENTED_EDGE('',*,*,#8286,.T.);
#8286 = EDGE_CURVE('',#8202,#8242,#8287,.T.);
#8287 = LINE('',#8288,#8289);
#8288 = CARTESIAN_POINT('',(4.55,1.5,0.203));
#8289 = VECTOR('',#8290,1.);
#8290 = DIRECTION('',(1.,-0.,-0.));
#8291 = ORIENTED_EDGE('',*,*,#8239,.F.);
#8292 = PLANE('',#8293);
#8293 = AXIS2_PLACEMENT_3D('',#8294,#8295,#8296);
#8294 = CARTESIAN_POINT('',(4.55,1.5,0.));
#8295 = DIRECTION('',(-0.,-1.,-0.));
#8296 = DIRECTION('',(0.,0.,-1.));
#8297 = ADVANCED_FACE('',(#8298),#8314,.T.);
#8298 = FACE_BOUND('',#8299,.F.);
#8299 = EDGE_LOOP('',(#8300,#8306,#8307,#8313));
#8300 = ORIENTED_EDGE('',*,*,#8301,.F.);
#8301 = EDGE_CURVE('',#8210,#8250,#8302,.T.);
#8302 = LINE('',#8303,#8304);
#8303 = CARTESIAN_POINT('',(4.55,1.3,0.));
#8304 = VECTOR('',#8305,1.);
#8305 = DIRECTION('',(1.,-0.,-0.));
#8306 = ORIENTED_EDGE('',*,*,#8217,.T.);
#8307 = ORIENTED_EDGE('',*,*,#8308,.T.);
#8308 = EDGE_CURVE('',#8218,#8258,#8309,.T.);
#8309 = LINE('',#8310,#8311);
#8310 = CARTESIAN_POINT('',(4.55,1.3,0.203));
#8311 = VECTOR('',#8312,1.);
#8312 = DIRECTION('',(1.,-0.,-0.));
#8313 = ORIENTED_EDGE('',*,*,#8257,.F.);
#8314 = PLANE('',#8315);
#8315 = AXIS2_PLACEMENT_3D('',#8316,#8317,#8318);
#8316 = CARTESIAN_POINT('',(4.55,1.3,0.));
#8317 = DIRECTION('',(-0.,-1.,-0.));
#8318 = DIRECTION('',(0.,0.,-1.));
#8319 = ADVANCED_FACE('',(#8320),#8326,.F.);
#8320 = FACE_BOUND('',#8321,.T.);
#8321 = EDGE_LOOP('',(#8322,#8323,#8324,#8325));
#8322 = ORIENTED_EDGE('',*,*,#8209,.F.);
#8323 = ORIENTED_EDGE('',*,*,#8279,.T.);
#8324 = ORIENTED_EDGE('',*,*,#8249,.T.);
#8325 = ORIENTED_EDGE('',*,*,#8301,.F.);
#8326 = PLANE('',#8327);
#8327 = AXIS2_PLACEMENT_3D('',#8328,#8329,#8330);
#8328 = CARTESIAN_POINT('',(4.55,1.5,0.));
#8329 = DIRECTION('',(-0.,-0.,1.));
#8330 = DIRECTION('',(-1.,0.,0.));
#8331 = ADVANCED_FACE('',(#8332),#8338,.T.);
#8332 = FACE_BOUND('',#8333,.F.);
#8333 = EDGE_LOOP('',(#8334,#8335,#8336,#8337));
#8334 = ORIENTED_EDGE('',*,*,#8225,.F.);
#8335 = ORIENTED_EDGE('',*,*,#8286,.T.);
#8336 = ORIENTED_EDGE('',*,*,#8265,.T.);
#8337 = ORIENTED_EDGE('',*,*,#8308,.F.);
#8338 = PLANE('',#8339);
#8339 = AXIS2_PLACEMENT_3D('',#8340,#8341,#8342);
#8340 = CARTESIAN_POINT('',(4.55,1.5,0.203));
#8341 = DIRECTION('',(-0.,-0.,1.));
#8342 = DIRECTION('',(-1.,0.,0.));
#8343 = MANIFOLD_SOLID_BREP('',#8344);
#8344 = CLOSED_SHELL('',(#8345,#8385,#8425,#8447,#8469,#8481));
#8345 = ADVANCED_FACE('',(#8346),#8380,.F.);
#8346 = FACE_BOUND('',#8347,.T.);
#8347 = EDGE_LOOP('',(#8348,#8358,#8366,#8374));
#8348 = ORIENTED_EDGE('',*,*,#8349,.F.);
#8349 = EDGE_CURVE('',#8350,#8352,#8354,.T.);
#8350 = VERTEX_POINT('',#8351);
#8351 = CARTESIAN_POINT('',(4.55,1.9,0.));
#8352 = VERTEX_POINT('',#8353);
#8353 = CARTESIAN_POINT('',(4.55,1.9,0.203));
#8354 = LINE('',#8355,#8356);
#8355 = CARTESIAN_POINT('',(4.55,1.9,0.));
#8356 = VECTOR('',#8357,1.);
#8357 = DIRECTION('',(-0.,-0.,1.));
#8358 = ORIENTED_EDGE('',*,*,#8359,.T.);
#8359 = EDGE_CURVE('',#8350,#8360,#8362,.T.);
#8360 = VERTEX_POINT('',#8361);
#8361 = CARTESIAN_POINT('',(4.55,1.7,0.));
#8362 = LINE('',#8363,#8364);
#8363 = CARTESIAN_POINT('',(4.55,1.9,0.));
#8364 = VECTOR('',#8365,1.);
#8365 = DIRECTION('',(-0.,-1.,-0.));
#8366 = ORIENTED_EDGE('',*,*,#8367,.T.);
#8367 = EDGE_CURVE('',#8360,#8368,#8370,.T.);
#8368 = VERTEX_POINT('',#8369);
#8369 = CARTESIAN_POINT('',(4.55,1.7,0.203));
#8370 = LINE('',#8371,#8372);
#8371 = CARTESIAN_POINT('',(4.55,1.7,0.));
#8372 = VECTOR('',#8373,1.);
#8373 = DIRECTION('',(-0.,-0.,1.));
#8374 = ORIENTED_EDGE('',*,*,#8375,.F.);
#8375 = EDGE_CURVE('',#8352,#8368,#8376,.T.);
#8376 = LINE('',#8377,#8378);
#8377 = CARTESIAN_POINT('',(4.55,1.9,0.203));
#8378 = VECTOR('',#8379,1.);
#8379 = DIRECTION('',(-0.,-1.,-0.));
#8380 = PLANE('',#8381);
#8381 = AXIS2_PLACEMENT_3D('',#8382,#8383,#8384);
#8382 = CARTESIAN_POINT('',(4.55,1.9,0.));
#8383 = DIRECTION('',(1.,-0.,-0.));
#8384 = DIRECTION('',(0.,0.,-1.));
#8385 = ADVANCED_FACE('',(#8386),#8420,.T.);
#8386 = FACE_BOUND('',#8387,.F.);
#8387 = EDGE_LOOP('',(#8388,#8398,#8406,#8414));
#8388 = ORIENTED_EDGE('',*,*,#8389,.F.);
#8389 = EDGE_CURVE('',#8390,#8392,#8394,.T.);
#8390 = VERTEX_POINT('',#8391);
#8391 = CARTESIAN_POINT('',(5.35,1.9,0.));
#8392 = VERTEX_POINT('',#8393);
#8393 = CARTESIAN_POINT('',(5.35,1.9,0.203));
#8394 = LINE('',#8395,#8396);
#8395 = CARTESIAN_POINT('',(5.35,1.9,0.));
#8396 = VECTOR('',#8397,1.);
#8397 = DIRECTION('',(-0.,-0.,1.));
#8398 = ORIENTED_EDGE('',*,*,#8399,.T.);
#8399 = EDGE_CURVE('',#8390,#8400,#8402,.T.);
#8400 = VERTEX_POINT('',#8401);
#8401 = CARTESIAN_POINT('',(5.35,1.7,0.));
#8402 = LINE('',#8403,#8404);
#8403 = CARTESIAN_POINT('',(5.35,1.9,0.));
#8404 = VECTOR('',#8405,1.);
#8405 = DIRECTION('',(-0.,-1.,-0.));
#8406 = ORIENTED_EDGE('',*,*,#8407,.T.);
#8407 = EDGE_CURVE('',#8400,#8408,#8410,.T.);
#8408 = VERTEX_POINT('',#8409);
#8409 = CARTESIAN_POINT('',(5.35,1.7,0.203));
#8410 = LINE('',#8411,#8412);
#8411 = CARTESIAN_POINT('',(5.35,1.7,0.));
#8412 = VECTOR('',#8413,1.);
#8413 = DIRECTION('',(-0.,-0.,1.));
#8414 = ORIENTED_EDGE('',*,*,#8415,.F.);
#8415 = EDGE_CURVE('',#8392,#8408,#8416,.T.);
#8416 = LINE('',#8417,#8418);
#8417 = CARTESIAN_POINT('',(5.35,1.9,0.203));
#8418 = VECTOR('',#8419,1.);
#8419 = DIRECTION('',(-0.,-1.,-0.));
#8420 = PLANE('',#8421);
#8421 = AXIS2_PLACEMENT_3D('',#8422,#8423,#8424);
#8422 = CARTESIAN_POINT('',(5.35,1.9,0.));
#8423 = DIRECTION('',(1.,-0.,-0.));
#8424 = DIRECTION('',(0.,0.,-1.));
#8425 = ADVANCED_FACE('',(#8426),#8442,.F.);
#8426 = FACE_BOUND('',#8427,.T.);
#8427 = EDGE_LOOP('',(#8428,#8434,#8435,#8441));
#8428 = ORIENTED_EDGE('',*,*,#8429,.F.);
#8429 = EDGE_CURVE('',#8350,#8390,#8430,.T.);
#8430 = LINE('',#8431,#8432);
#8431 = CARTESIAN_POINT('',(4.55,1.9,0.));
#8432 = VECTOR('',#8433,1.);
#8433 = DIRECTION('',(1.,-0.,-0.));
#8434 = ORIENTED_EDGE('',*,*,#8349,.T.);
#8435 = ORIENTED_EDGE('',*,*,#8436,.T.);
#8436 = EDGE_CURVE('',#8352,#8392,#8437,.T.);
#8437 = LINE('',#8438,#8439);
#8438 = CARTESIAN_POINT('',(4.55,1.9,0.203));
#8439 = VECTOR('',#8440,1.);
#8440 = DIRECTION('',(1.,-0.,-0.));
#8441 = ORIENTED_EDGE('',*,*,#8389,.F.);
#8442 = PLANE('',#8443);
#8443 = AXIS2_PLACEMENT_3D('',#8444,#8445,#8446);
#8444 = CARTESIAN_POINT('',(4.55,1.9,0.));
#8445 = DIRECTION('',(-0.,-1.,-0.));
#8446 = DIRECTION('',(0.,0.,-1.));
#8447 = ADVANCED_FACE('',(#8448),#8464,.T.);
#8448 = FACE_BOUND('',#8449,.F.);
#8449 = EDGE_LOOP('',(#8450,#8456,#8457,#8463));
#8450 = ORIENTED_EDGE('',*,*,#8451,.F.);
#8451 = EDGE_CURVE('',#8360,#8400,#8452,.T.);
#8452 = LINE('',#8453,#8454);
#8453 = CARTESIAN_POINT('',(4.55,1.7,0.));
#8454 = VECTOR('',#8455,1.);
#8455 = DIRECTION('',(1.,-0.,-0.));
#8456 = ORIENTED_EDGE('',*,*,#8367,.T.);
#8457 = ORIENTED_EDGE('',*,*,#8458,.T.);
#8458 = EDGE_CURVE('',#8368,#8408,#8459,.T.);
#8459 = LINE('',#8460,#8461);
#8460 = CARTESIAN_POINT('',(4.55,1.7,0.203));
#8461 = VECTOR('',#8462,1.);
#8462 = DIRECTION('',(1.,-0.,-0.));
#8463 = ORIENTED_EDGE('',*,*,#8407,.F.);
#8464 = PLANE('',#8465);
#8465 = AXIS2_PLACEMENT_3D('',#8466,#8467,#8468);
#8466 = CARTESIAN_POINT('',(4.55,1.7,0.));
#8467 = DIRECTION('',(-0.,-1.,-0.));
#8468 = DIRECTION('',(0.,0.,-1.));
#8469 = ADVANCED_FACE('',(#8470),#8476,.F.);
#8470 = FACE_BOUND('',#8471,.T.);
#8471 = EDGE_LOOP('',(#8472,#8473,#8474,#8475));
#8472 = ORIENTED_EDGE('',*,*,#8359,.F.);
#8473 = ORIENTED_EDGE('',*,*,#8429,.T.);
#8474 = ORIENTED_EDGE('',*,*,#8399,.T.);
#8475 = ORIENTED_EDGE('',*,*,#8451,.F.);
#8476 = PLANE('',#8477);
#8477 = AXIS2_PLACEMENT_3D('',#8478,#8479,#8480);
#8478 = CARTESIAN_POINT('',(4.55,1.9,0.));
#8479 = DIRECTION('',(-0.,-0.,1.));
#8480 = DIRECTION('',(-1.,0.,0.));
#8481 = ADVANCED_FACE('',(#8482),#8488,.T.);
#8482 = FACE_BOUND('',#8483,.F.);
#8483 = EDGE_LOOP('',(#8484,#8485,#8486,#8487));
#8484 = ORIENTED_EDGE('',*,*,#8375,.F.);
#8485 = ORIENTED_EDGE('',*,*,#8436,.T.);
#8486 = ORIENTED_EDGE('',*,*,#8415,.T.);
#8487 = ORIENTED_EDGE('',*,*,#8458,.F.);
#8488 = PLANE('',#8489);
#8489 = AXIS2_PLACEMENT_3D('',#8490,#8491,#8492);
#8490 = CARTESIAN_POINT('',(4.55,1.9,0.203));
#8491 = DIRECTION('',(-0.,-0.,1.));
#8492 = DIRECTION('',(-1.,0.,0.));
#8493 = MANIFOLD_SOLID_BREP('',#8494);
#8494 = CLOSED_SHELL('',(#8495,#8535,#8575,#8597,#8619,#8631));
#8495 = ADVANCED_FACE('',(#8496),#8530,.F.);
#8496 = FACE_BOUND('',#8497,.T.);
#8497 = EDGE_LOOP('',(#8498,#8508,#8516,#8524));
#8498 = ORIENTED_EDGE('',*,*,#8499,.F.);
#8499 = EDGE_CURVE('',#8500,#8502,#8504,.T.);
#8500 = VERTEX_POINT('',#8501);
#8501 = CARTESIAN_POINT('',(4.55,2.3,0.));
#8502 = VERTEX_POINT('',#8503);
#8503 = CARTESIAN_POINT('',(4.55,2.3,0.203));
#8504 = LINE('',#8505,#8506);
#8505 = CARTESIAN_POINT('',(4.55,2.3,0.));
#8506 = VECTOR('',#8507,1.);
#8507 = DIRECTION('',(-0.,-0.,1.));
#8508 = ORIENTED_EDGE('',*,*,#8509,.T.);
#8509 = EDGE_CURVE('',#8500,#8510,#8512,.T.);
#8510 = VERTEX_POINT('',#8511);
#8511 = CARTESIAN_POINT('',(4.55,2.1,0.));
#8512 = LINE('',#8513,#8514);
#8513 = CARTESIAN_POINT('',(4.55,2.3,0.));
#8514 = VECTOR('',#8515,1.);
#8515 = DIRECTION('',(-0.,-1.,-0.));
#8516 = ORIENTED_EDGE('',*,*,#8517,.T.);
#8517 = EDGE_CURVE('',#8510,#8518,#8520,.T.);
#8518 = VERTEX_POINT('',#8519);
#8519 = CARTESIAN_POINT('',(4.55,2.1,0.203));
#8520 = LINE('',#8521,#8522);
#8521 = CARTESIAN_POINT('',(4.55,2.1,0.));
#8522 = VECTOR('',#8523,1.);
#8523 = DIRECTION('',(-0.,-0.,1.));
#8524 = ORIENTED_EDGE('',*,*,#8525,.F.);
#8525 = EDGE_CURVE('',#8502,#8518,#8526,.T.);
#8526 = LINE('',#8527,#8528);
#8527 = CARTESIAN_POINT('',(4.55,2.3,0.203));
#8528 = VECTOR('',#8529,1.);
#8529 = DIRECTION('',(-0.,-1.,-0.));
#8530 = PLANE('',#8531);
#8531 = AXIS2_PLACEMENT_3D('',#8532,#8533,#8534);
#8532 = CARTESIAN_POINT('',(4.55,2.3,0.));
#8533 = DIRECTION('',(1.,-0.,-0.));
#8534 = DIRECTION('',(0.,0.,-1.));
#8535 = ADVANCED_FACE('',(#8536),#8570,.T.);
#8536 = FACE_BOUND('',#8537,.F.);
#8537 = EDGE_LOOP('',(#8538,#8548,#8556,#8564));
#8538 = ORIENTED_EDGE('',*,*,#8539,.F.);
#8539 = EDGE_CURVE('',#8540,#8542,#8544,.T.);
#8540 = VERTEX_POINT('',#8541);
#8541 = CARTESIAN_POINT('',(5.35,2.3,0.));
#8542 = VERTEX_POINT('',#8543);
#8543 = CARTESIAN_POINT('',(5.35,2.3,0.203));
#8544 = LINE('',#8545,#8546);
#8545 = CARTESIAN_POINT('',(5.35,2.3,0.));
#8546 = VECTOR('',#8547,1.);
#8547 = DIRECTION('',(-0.,-0.,1.));
#8548 = ORIENTED_EDGE('',*,*,#8549,.T.);
#8549 = EDGE_CURVE('',#8540,#8550,#8552,.T.);
#8550 = VERTEX_POINT('',#8551);
#8551 = CARTESIAN_POINT('',(5.35,2.1,0.));
#8552 = LINE('',#8553,#8554);
#8553 = CARTESIAN_POINT('',(5.35,2.3,0.));
#8554 = VECTOR('',#8555,1.);
#8555 = DIRECTION('',(-0.,-1.,-0.));
#8556 = ORIENTED_EDGE('',*,*,#8557,.T.);
#8557 = EDGE_CURVE('',#8550,#8558,#8560,.T.);
#8558 = VERTEX_POINT('',#8559);
#8559 = CARTESIAN_POINT('',(5.35,2.1,0.203));
#8560 = LINE('',#8561,#8562);
#8561 = CARTESIAN_POINT('',(5.35,2.1,0.));
#8562 = VECTOR('',#8563,1.);
#8563 = DIRECTION('',(-0.,-0.,1.));
#8564 = ORIENTED_EDGE('',*,*,#8565,.F.);
#8565 = EDGE_CURVE('',#8542,#8558,#8566,.T.);
#8566 = LINE('',#8567,#8568);
#8567 = CARTESIAN_POINT('',(5.35,2.3,0.203));
#8568 = VECTOR('',#8569,1.);
#8569 = DIRECTION('',(-0.,-1.,-0.));
#8570 = PLANE('',#8571);
#8571 = AXIS2_PLACEMENT_3D('',#8572,#8573,#8574);
#8572 = CARTESIAN_POINT('',(5.35,2.3,0.));
#8573 = DIRECTION('',(1.,-0.,-0.));
#8574 = DIRECTION('',(0.,0.,-1.));
#8575 = ADVANCED_FACE('',(#8576),#8592,.F.);
#8576 = FACE_BOUND('',#8577,.T.);
#8577 = EDGE_LOOP('',(#8578,#8584,#8585,#8591));
#8578 = ORIENTED_EDGE('',*,*,#8579,.F.);
#8579 = EDGE_CURVE('',#8500,#8540,#8580,.T.);
#8580 = LINE('',#8581,#8582);
#8581 = CARTESIAN_POINT('',(4.55,2.3,0.));
#8582 = VECTOR('',#8583,1.);
#8583 = DIRECTION('',(1.,-0.,-0.));
#8584 = ORIENTED_EDGE('',*,*,#8499,.T.);
#8585 = ORIENTED_EDGE('',*,*,#8586,.T.);
#8586 = EDGE_CURVE('',#8502,#8542,#8587,.T.);
#8587 = LINE('',#8588,#8589);
#8588 = CARTESIAN_POINT('',(4.55,2.3,0.203));
#8589 = VECTOR('',#8590,1.);
#8590 = DIRECTION('',(1.,-0.,-0.));
#8591 = ORIENTED_EDGE('',*,*,#8539,.F.);
#8592 = PLANE('',#8593);
#8593 = AXIS2_PLACEMENT_3D('',#8594,#8595,#8596);
#8594 = CARTESIAN_POINT('',(4.55,2.3,0.));
#8595 = DIRECTION('',(-0.,-1.,-0.));
#8596 = DIRECTION('',(0.,0.,-1.));
#8597 = ADVANCED_FACE('',(#8598),#8614,.T.);
#8598 = FACE_BOUND('',#8599,.F.);
#8599 = EDGE_LOOP('',(#8600,#8606,#8607,#8613));
#8600 = ORIENTED_EDGE('',*,*,#8601,.F.);
#8601 = EDGE_CURVE('',#8510,#8550,#8602,.T.);
#8602 = LINE('',#8603,#8604);
#8603 = CARTESIAN_POINT('',(4.55,2.1,0.));
#8604 = VECTOR('',#8605,1.);
#8605 = DIRECTION('',(1.,-0.,-0.));
#8606 = ORIENTED_EDGE('',*,*,#8517,.T.);
#8607 = ORIENTED_EDGE('',*,*,#8608,.T.);
#8608 = EDGE_CURVE('',#8518,#8558,#8609,.T.);
#8609 = LINE('',#8610,#8611);
#8610 = CARTESIAN_POINT('',(4.55,2.1,0.203));
#8611 = VECTOR('',#8612,1.);
#8612 = DIRECTION('',(1.,-0.,-0.));
#8613 = ORIENTED_EDGE('',*,*,#8557,.F.);
#8614 = PLANE('',#8615);
#8615 = AXIS2_PLACEMENT_3D('',#8616,#8617,#8618);
#8616 = CARTESIAN_POINT('',(4.55,2.1,0.));
#8617 = DIRECTION('',(-0.,-1.,-0.));
#8618 = DIRECTION('',(0.,0.,-1.));
#8619 = ADVANCED_FACE('',(#8620),#8626,.F.);
#8620 = FACE_BOUND('',#8621,.T.);
#8621 = EDGE_LOOP('',(#8622,#8623,#8624,#8625));
#8622 = ORIENTED_EDGE('',*,*,#8509,.F.);
#8623 = ORIENTED_EDGE('',*,*,#8579,.T.);
#8624 = ORIENTED_EDGE('',*,*,#8549,.T.);
#8625 = ORIENTED_EDGE('',*,*,#8601,.F.);
#8626 = PLANE('',#8627);
#8627 = AXIS2_PLACEMENT_3D('',#8628,#8629,#8630);
#8628 = CARTESIAN_POINT('',(4.55,2.3,0.));
#8629 = DIRECTION('',(-0.,-0.,1.));
#8630 = DIRECTION('',(-1.,0.,0.));
#8631 = ADVANCED_FACE('',(#8632),#8638,.T.);
#8632 = FACE_BOUND('',#8633,.F.);
#8633 = EDGE_LOOP('',(#8634,#8635,#8636,#8637));
#8634 = ORIENTED_EDGE('',*,*,#8525,.F.);
#8635 = ORIENTED_EDGE('',*,*,#8586,.T.);
#8636 = ORIENTED_EDGE('',*,*,#8565,.T.);
#8637 = ORIENTED_EDGE('',*,*,#8608,.F.);
#8638 = PLANE('',#8639);
#8639 = AXIS2_PLACEMENT_3D('',#8640,#8641,#8642);
#8640 = CARTESIAN_POINT('',(4.55,2.3,0.203));
#8641 = DIRECTION('',(-0.,-0.,1.));
#8642 = DIRECTION('',(-1.,0.,0.));
#8643 = MANIFOLD_SOLID_BREP('',#8644);
#8644 = CLOSED_SHELL('',(#8645,#8685,#8725,#8747,#8769,#8781));
#8645 = ADVANCED_FACE('',(#8646),#8680,.F.);
#8646 = FACE_BOUND('',#8647,.T.);
#8647 = EDGE_LOOP('',(#8648,#8658,#8666,#8674));
#8648 = ORIENTED_EDGE('',*,*,#8649,.F.);
#8649 = EDGE_CURVE('',#8650,#8652,#8654,.T.);
#8650 = VERTEX_POINT('',#8651);
#8651 = CARTESIAN_POINT('',(4.55,2.7,0.));
#8652 = VERTEX_POINT('',#8653);
#8653 = CARTESIAN_POINT('',(4.55,2.7,0.203));
#8654 = LINE('',#8655,#8656);
#8655 = CARTESIAN_POINT('',(4.55,2.7,0.));
#8656 = VECTOR('',#8657,1.);
#8657 = DIRECTION('',(-0.,-0.,1.));
#8658 = ORIENTED_EDGE('',*,*,#8659,.T.);
#8659 = EDGE_CURVE('',#8650,#8660,#8662,.T.);
#8660 = VERTEX_POINT('',#8661);
#8661 = CARTESIAN_POINT('',(4.55,2.5,0.));
#8662 = LINE('',#8663,#8664);
#8663 = CARTESIAN_POINT('',(4.55,2.7,0.));
#8664 = VECTOR('',#8665,1.);
#8665 = DIRECTION('',(-0.,-1.,-0.));
#8666 = ORIENTED_EDGE('',*,*,#8667,.T.);
#8667 = EDGE_CURVE('',#8660,#8668,#8670,.T.);
#8668 = VERTEX_POINT('',#8669);
#8669 = CARTESIAN_POINT('',(4.55,2.5,0.203));
#8670 = LINE('',#8671,#8672);
#8671 = CARTESIAN_POINT('',(4.55,2.5,0.));
#8672 = VECTOR('',#8673,1.);
#8673 = DIRECTION('',(-0.,-0.,1.));
#8674 = ORIENTED_EDGE('',*,*,#8675,.F.);
#8675 = EDGE_CURVE('',#8652,#8668,#8676,.T.);
#8676 = LINE('',#8677,#8678);
#8677 = CARTESIAN_POINT('',(4.55,2.7,0.203));
#8678 = VECTOR('',#8679,1.);
#8679 = DIRECTION('',(-0.,-1.,-0.));
#8680 = PLANE('',#8681);
#8681 = AXIS2_PLACEMENT_3D('',#8682,#8683,#8684);
#8682 = CARTESIAN_POINT('',(4.55,2.7,0.));
#8683 = DIRECTION('',(1.,-0.,-0.));
#8684 = DIRECTION('',(0.,0.,-1.));
#8685 = ADVANCED_FACE('',(#8686),#8720,.T.);
#8686 = FACE_BOUND('',#8687,.F.);
#8687 = EDGE_LOOP('',(#8688,#8698,#8706,#8714));
#8688 = ORIENTED_EDGE('',*,*,#8689,.F.);
#8689 = EDGE_CURVE('',#8690,#8692,#8694,.T.);
#8690 = VERTEX_POINT('',#8691);
#8691 = CARTESIAN_POINT('',(5.35,2.7,0.));
#8692 = VERTEX_POINT('',#8693);
#8693 = CARTESIAN_POINT('',(5.35,2.7,0.203));
#8694 = LINE('',#8695,#8696);
#8695 = CARTESIAN_POINT('',(5.35,2.7,0.));
#8696 = VECTOR('',#8697,1.);
#8697 = DIRECTION('',(-0.,-0.,1.));
#8698 = ORIENTED_EDGE('',*,*,#8699,.T.);
#8699 = EDGE_CURVE('',#8690,#8700,#8702,.T.);
#8700 = VERTEX_POINT('',#8701);
#8701 = CARTESIAN_POINT('',(5.35,2.5,0.));
#8702 = LINE('',#8703,#8704);
#8703 = CARTESIAN_POINT('',(5.35,2.7,0.));
#8704 = VECTOR('',#8705,1.);
#8705 = DIRECTION('',(-0.,-1.,-0.));
#8706 = ORIENTED_EDGE('',*,*,#8707,.T.);
#8707 = EDGE_CURVE('',#8700,#8708,#8710,.T.);
#8708 = VERTEX_POINT('',#8709);
#8709 = CARTESIAN_POINT('',(5.35,2.5,0.203));
#8710 = LINE('',#8711,#8712);
#8711 = CARTESIAN_POINT('',(5.35,2.5,0.));
#8712 = VECTOR('',#8713,1.);
#8713 = DIRECTION('',(-0.,-0.,1.));
#8714 = ORIENTED_EDGE('',*,*,#8715,.F.);
#8715 = EDGE_CURVE('',#8692,#8708,#8716,.T.);
#8716 = LINE('',#8717,#8718);
#8717 = CARTESIAN_POINT('',(5.35,2.7,0.203));
#8718 = VECTOR('',#8719,1.);
#8719 = DIRECTION('',(-0.,-1.,-0.));
#8720 = PLANE('',#8721);
#8721 = AXIS2_PLACEMENT_3D('',#8722,#8723,#8724);
#8722 = CARTESIAN_POINT('',(5.35,2.7,0.));
#8723 = DIRECTION('',(1.,-0.,-0.));
#8724 = DIRECTION('',(0.,0.,-1.));
#8725 = ADVANCED_FACE('',(#8726),#8742,.F.);
#8726 = FACE_BOUND('',#8727,.T.);
#8727 = EDGE_LOOP('',(#8728,#8734,#8735,#8741));
#8728 = ORIENTED_EDGE('',*,*,#8729,.F.);
#8729 = EDGE_CURVE('',#8650,#8690,#8730,.T.);
#8730 = LINE('',#8731,#8732);
#8731 = CARTESIAN_POINT('',(4.55,2.7,0.));
#8732 = VECTOR('',#8733,1.);
#8733 = DIRECTION('',(1.,-0.,-0.));
#8734 = ORIENTED_EDGE('',*,*,#8649,.T.);
#8735 = ORIENTED_EDGE('',*,*,#8736,.T.);
#8736 = EDGE_CURVE('',#8652,#8692,#8737,.T.);
#8737 = LINE('',#8738,#8739);
#8738 = CARTESIAN_POINT('',(4.55,2.7,0.203));
#8739 = VECTOR('',#8740,1.);
#8740 = DIRECTION('',(1.,-0.,-0.));
#8741 = ORIENTED_EDGE('',*,*,#8689,.F.);
#8742 = PLANE('',#8743);
#8743 = AXIS2_PLACEMENT_3D('',#8744,#8745,#8746);
#8744 = CARTESIAN_POINT('',(4.55,2.7,0.));
#8745 = DIRECTION('',(-0.,-1.,-0.));
#8746 = DIRECTION('',(0.,0.,-1.));
#8747 = ADVANCED_FACE('',(#8748),#8764,.T.);
#8748 = FACE_BOUND('',#8749,.F.);
#8749 = EDGE_LOOP('',(#8750,#8756,#8757,#8763));
#8750 = ORIENTED_EDGE('',*,*,#8751,.F.);
#8751 = EDGE_CURVE('',#8660,#8700,#8752,.T.);
#8752 = LINE('',#8753,#8754);
#8753 = CARTESIAN_POINT('',(4.55,2.5,0.));
#8754 = VECTOR('',#8755,1.);
#8755 = DIRECTION('',(1.,-0.,-0.));
#8756 = ORIENTED_EDGE('',*,*,#8667,.T.);
#8757 = ORIENTED_EDGE('',*,*,#8758,.T.);
#8758 = EDGE_CURVE('',#8668,#8708,#8759,.T.);
#8759 = LINE('',#8760,#8761);
#8760 = CARTESIAN_POINT('',(4.55,2.5,0.203));
#8761 = VECTOR('',#8762,1.);
#8762 = DIRECTION('',(1.,-0.,-0.));
#8763 = ORIENTED_EDGE('',*,*,#8707,.F.);
#8764 = PLANE('',#8765);
#8765 = AXIS2_PLACEMENT_3D('',#8766,#8767,#8768);
#8766 = CARTESIAN_POINT('',(4.55,2.5,0.));
#8767 = DIRECTION('',(-0.,-1.,-0.));
#8768 = DIRECTION('',(0.,0.,-1.));
#8769 = ADVANCED_FACE('',(#8770),#8776,.F.);
#8770 = FACE_BOUND('',#8771,.T.);
#8771 = EDGE_LOOP('',(#8772,#8773,#8774,#8775));
#8772 = ORIENTED_EDGE('',*,*,#8659,.F.);
#8773 = ORIENTED_EDGE('',*,*,#8729,.T.);
#8774 = ORIENTED_EDGE('',*,*,#8699,.T.);
#8775 = ORIENTED_EDGE('',*,*,#8751,.F.);
#8776 = PLANE('',#8777);
#8777 = AXIS2_PLACEMENT_3D('',#8778,#8779,#8780);
#8778 = CARTESIAN_POINT('',(4.55,2.7,0.));
#8779 = DIRECTION('',(-0.,-0.,1.));
#8780 = DIRECTION('',(-1.,0.,0.));
#8781 = ADVANCED_FACE('',(#8782),#8788,.T.);
#8782 = FACE_BOUND('',#8783,.F.);
#8783 = EDGE_LOOP('',(#8784,#8785,#8786,#8787));
#8784 = ORIENTED_EDGE('',*,*,#8675,.F.);
#8785 = ORIENTED_EDGE('',*,*,#8736,.T.);
#8786 = ORIENTED_EDGE('',*,*,#8715,.T.);
#8787 = ORIENTED_EDGE('',*,*,#8758,.F.);
#8788 = PLANE('',#8789);
#8789 = AXIS2_PLACEMENT_3D('',#8790,#8791,#8792);
#8790 = CARTESIAN_POINT('',(4.55,2.7,0.203));
#8791 = DIRECTION('',(-0.,-0.,1.));
#8792 = DIRECTION('',(-1.,0.,0.));
#8793 = MANIFOLD_SOLID_BREP('',#8794);
#8794 = CLOSED_SHELL('',(#8795,#8835,#8875,#8897,#8919,#8931));
#8795 = ADVANCED_FACE('',(#8796),#8830,.F.);
#8796 = FACE_BOUND('',#8797,.T.);
#8797 = EDGE_LOOP('',(#8798,#8808,#8816,#8824));
#8798 = ORIENTED_EDGE('',*,*,#8799,.F.);
#8799 = EDGE_CURVE('',#8800,#8802,#8804,.T.);
#8800 = VERTEX_POINT('',#8801);
#8801 = CARTESIAN_POINT('',(4.55,3.1,0.));
#8802 = VERTEX_POINT('',#8803);
#8803 = CARTESIAN_POINT('',(4.55,3.1,0.203));
#8804 = LINE('',#8805,#8806);
#8805 = CARTESIAN_POINT('',(4.55,3.1,0.));
#8806 = VECTOR('',#8807,1.);
#8807 = DIRECTION('',(-0.,-0.,1.));
#8808 = ORIENTED_EDGE('',*,*,#8809,.T.);
#8809 = EDGE_CURVE('',#8800,#8810,#8812,.T.);
#8810 = VERTEX_POINT('',#8811);
#8811 = CARTESIAN_POINT('',(4.55,2.9,0.));
#8812 = LINE('',#8813,#8814);
#8813 = CARTESIAN_POINT('',(4.55,3.1,0.));
#8814 = VECTOR('',#8815,1.);
#8815 = DIRECTION('',(-0.,-1.,-0.));
#8816 = ORIENTED_EDGE('',*,*,#8817,.T.);
#8817 = EDGE_CURVE('',#8810,#8818,#8820,.T.);
#8818 = VERTEX_POINT('',#8819);
#8819 = CARTESIAN_POINT('',(4.55,2.9,0.203));
#8820 = LINE('',#8821,#8822);
#8821 = CARTESIAN_POINT('',(4.55,2.9,0.));
#8822 = VECTOR('',#8823,1.);
#8823 = DIRECTION('',(-0.,-0.,1.));
#8824 = ORIENTED_EDGE('',*,*,#8825,.F.);
#8825 = EDGE_CURVE('',#8802,#8818,#8826,.T.);
#8826 = LINE('',#8827,#8828);
#8827 = CARTESIAN_POINT('',(4.55,3.1,0.203));
#8828 = VECTOR('',#8829,1.);
#8829 = DIRECTION('',(-0.,-1.,-0.));
#8830 = PLANE('',#8831);
#8831 = AXIS2_PLACEMENT_3D('',#8832,#8833,#8834);
#8832 = CARTESIAN_POINT('',(4.55,3.1,0.));
#8833 = DIRECTION('',(1.,-0.,-0.));
#8834 = DIRECTION('',(0.,0.,-1.));
#8835 = ADVANCED_FACE('',(#8836),#8870,.T.);
#8836 = FACE_BOUND('',#8837,.F.);
#8837 = EDGE_LOOP('',(#8838,#8848,#8856,#8864));
#8838 = ORIENTED_EDGE('',*,*,#8839,.F.);
#8839 = EDGE_CURVE('',#8840,#8842,#8844,.T.);
#8840 = VERTEX_POINT('',#8841);
#8841 = CARTESIAN_POINT('',(5.35,3.1,0.));
#8842 = VERTEX_POINT('',#8843);
#8843 = CARTESIAN_POINT('',(5.35,3.1,0.203));
#8844 = LINE('',#8845,#8846);
#8845 = CARTESIAN_POINT('',(5.35,3.1,0.));
#8846 = VECTOR('',#8847,1.);
#8847 = DIRECTION('',(-0.,-0.,1.));
#8848 = ORIENTED_EDGE('',*,*,#8849,.T.);
#8849 = EDGE_CURVE('',#8840,#8850,#8852,.T.);
#8850 = VERTEX_POINT('',#8851);
#8851 = CARTESIAN_POINT('',(5.35,2.9,0.));
#8852 = LINE('',#8853,#8854);
#8853 = CARTESIAN_POINT('',(5.35,3.1,0.));
#8854 = VECTOR('',#8855,1.);
#8855 = DIRECTION('',(-0.,-1.,-0.));
#8856 = ORIENTED_EDGE('',*,*,#8857,.T.);
#8857 = EDGE_CURVE('',#8850,#8858,#8860,.T.);
#8858 = VERTEX_POINT('',#8859);
#8859 = CARTESIAN_POINT('',(5.35,2.9,0.203));
#8860 = LINE('',#8861,#8862);
#8861 = CARTESIAN_POINT('',(5.35,2.9,0.));
#8862 = VECTOR('',#8863,1.);
#8863 = DIRECTION('',(-0.,-0.,1.));
#8864 = ORIENTED_EDGE('',*,*,#8865,.F.);
#8865 = EDGE_CURVE('',#8842,#8858,#8866,.T.);
#8866 = LINE('',#8867,#8868);
#8867 = CARTESIAN_POINT('',(5.35,3.1,0.203));
#8868 = VECTOR('',#8869,1.);
#8869 = DIRECTION('',(-0.,-1.,-0.));
#8870 = PLANE('',#8871);
#8871 = AXIS2_PLACEMENT_3D('',#8872,#8873,#8874);
#8872 = CARTESIAN_POINT('',(5.35,3.1,0.));
#8873 = DIRECTION('',(1.,-0.,-0.));
#8874 = DIRECTION('',(0.,0.,-1.));
#8875 = ADVANCED_FACE('',(#8876),#8892,.F.);
#8876 = FACE_BOUND('',#8877,.T.);
#8877 = EDGE_LOOP('',(#8878,#8884,#8885,#8891));
#8878 = ORIENTED_EDGE('',*,*,#8879,.F.);
#8879 = EDGE_CURVE('',#8800,#8840,#8880,.T.);
#8880 = LINE('',#8881,#8882);
#8881 = CARTESIAN_POINT('',(4.55,3.1,0.));
#8882 = VECTOR('',#8883,1.);
#8883 = DIRECTION('',(1.,-0.,-0.));
#8884 = ORIENTED_EDGE('',*,*,#8799,.T.);
#8885 = ORIENTED_EDGE('',*,*,#8886,.T.);
#8886 = EDGE_CURVE('',#8802,#8842,#8887,.T.);
#8887 = LINE('',#8888,#8889);
#8888 = CARTESIAN_POINT('',(4.55,3.1,0.203));
#8889 = VECTOR('',#8890,1.);
#8890 = DIRECTION('',(1.,-0.,-0.));
#8891 = ORIENTED_EDGE('',*,*,#8839,.F.);
#8892 = PLANE('',#8893);
#8893 = AXIS2_PLACEMENT_3D('',#8894,#8895,#8896);
#8894 = CARTESIAN_POINT('',(4.55,3.1,0.));
#8895 = DIRECTION('',(-0.,-1.,-0.));
#8896 = DIRECTION('',(0.,0.,-1.));
#8897 = ADVANCED_FACE('',(#8898),#8914,.T.);
#8898 = FACE_BOUND('',#8899,.F.);
#8899 = EDGE_LOOP('',(#8900,#8906,#8907,#8913));
#8900 = ORIENTED_EDGE('',*,*,#8901,.F.);
#8901 = EDGE_CURVE('',#8810,#8850,#8902,.T.);
#8902 = LINE('',#8903,#8904);
#8903 = CARTESIAN_POINT('',(4.55,2.9,0.));
#8904 = VECTOR('',#8905,1.);
#8905 = DIRECTION('',(1.,-0.,-0.));
#8906 = ORIENTED_EDGE('',*,*,#8817,.T.);
#8907 = ORIENTED_EDGE('',*,*,#8908,.T.);
#8908 = EDGE_CURVE('',#8818,#8858,#8909,.T.);
#8909 = LINE('',#8910,#8911);
#8910 = CARTESIAN_POINT('',(4.55,2.9,0.203));
#8911 = VECTOR('',#8912,1.);
#8912 = DIRECTION('',(1.,-0.,-0.));
#8913 = ORIENTED_EDGE('',*,*,#8857,.F.);
#8914 = PLANE('',#8915);
#8915 = AXIS2_PLACEMENT_3D('',#8916,#8917,#8918);
#8916 = CARTESIAN_POINT('',(4.55,2.9,0.));
#8917 = DIRECTION('',(-0.,-1.,-0.));
#8918 = DIRECTION('',(0.,0.,-1.));
#8919 = ADVANCED_FACE('',(#8920),#8926,.F.);
#8920 = FACE_BOUND('',#8921,.T.);
#8921 = EDGE_LOOP('',(#8922,#8923,#8924,#8925));
#8922 = ORIENTED_EDGE('',*,*,#8809,.F.);
#8923 = ORIENTED_EDGE('',*,*,#8879,.T.);
#8924 = ORIENTED_EDGE('',*,*,#8849,.T.);
#8925 = ORIENTED_EDGE('',*,*,#8901,.F.);
#8926 = PLANE('',#8927);
#8927 = AXIS2_PLACEMENT_3D('',#8928,#8929,#8930);
#8928 = CARTESIAN_POINT('',(4.55,3.1,0.));
#8929 = DIRECTION('',(-0.,-0.,1.));
#8930 = DIRECTION('',(-1.,0.,0.));
#8931 = ADVANCED_FACE('',(#8932),#8938,.T.);
#8932 = FACE_BOUND('',#8933,.F.);
#8933 = EDGE_LOOP('',(#8934,#8935,#8936,#8937));
#8934 = ORIENTED_EDGE('',*,*,#8825,.F.);
#8935 = ORIENTED_EDGE('',*,*,#8886,.T.);
#8936 = ORIENTED_EDGE('',*,*,#8865,.T.);
#8937 = ORIENTED_EDGE('',*,*,#8908,.F.);
#8938 = PLANE('',#8939);
#8939 = AXIS2_PLACEMENT_3D('',#8940,#8941,#8942);
#8940 = CARTESIAN_POINT('',(4.55,3.1,0.203));
#8941 = DIRECTION('',(-0.,-0.,1.));
#8942 = DIRECTION('',(-1.,0.,0.));
#8943 = MANIFOLD_SOLID_BREP('',#8944);
#8944 = CLOSED_SHELL('',(#8945,#8985,#9025,#9047,#9069,#9081));
#8945 = ADVANCED_FACE('',(#8946),#8980,.F.);
#8946 = FACE_BOUND('',#8947,.T.);
#8947 = EDGE_LOOP('',(#8948,#8958,#8966,#8974));
#8948 = ORIENTED_EDGE('',*,*,#8949,.F.);
#8949 = EDGE_CURVE('',#8950,#8952,#8954,.T.);
#8950 = VERTEX_POINT('',#8951);
#8951 = CARTESIAN_POINT('',(4.55,3.5,0.));
#8952 = VERTEX_POINT('',#8953);
#8953 = CARTESIAN_POINT('',(4.55,3.5,0.203));
#8954 = LINE('',#8955,#8956);
#8955 = CARTESIAN_POINT('',(4.55,3.5,0.));
#8956 = VECTOR('',#8957,1.);
#8957 = DIRECTION('',(-0.,-0.,1.));
#8958 = ORIENTED_EDGE('',*,*,#8959,.T.);
#8959 = EDGE_CURVE('',#8950,#8960,#8962,.T.);
#8960 = VERTEX_POINT('',#8961);
#8961 = CARTESIAN_POINT('',(4.55,3.3,0.));
#8962 = LINE('',#8963,#8964);
#8963 = CARTESIAN_POINT('',(4.55,3.5,0.));
#8964 = VECTOR('',#8965,1.);
#8965 = DIRECTION('',(-0.,-1.,-0.));
#8966 = ORIENTED_EDGE('',*,*,#8967,.T.);
#8967 = EDGE_CURVE('',#8960,#8968,#8970,.T.);
#8968 = VERTEX_POINT('',#8969);
#8969 = CARTESIAN_POINT('',(4.55,3.3,0.203));
#8970 = LINE('',#8971,#8972);
#8971 = CARTESIAN_POINT('',(4.55,3.3,0.));
#8972 = VECTOR('',#8973,1.);
#8973 = DIRECTION('',(-0.,-0.,1.));
#8974 = ORIENTED_EDGE('',*,*,#8975,.F.);
#8975 = EDGE_CURVE('',#8952,#8968,#8976,.T.);
#8976 = LINE('',#8977,#8978);
#8977 = CARTESIAN_POINT('',(4.55,3.5,0.203));
#8978 = VECTOR('',#8979,1.);
#8979 = DIRECTION('',(-0.,-1.,-0.));
#8980 = PLANE('',#8981);
#8981 = AXIS2_PLACEMENT_3D('',#8982,#8983,#8984);
#8982 = CARTESIAN_POINT('',(4.55,3.5,0.));
#8983 = DIRECTION('',(1.,-0.,-0.));
#8984 = DIRECTION('',(0.,0.,-1.));
#8985 = ADVANCED_FACE('',(#8986),#9020,.T.);
#8986 = FACE_BOUND('',#8987,.F.);
#8987 = EDGE_LOOP('',(#8988,#8998,#9006,#9014));
#8988 = ORIENTED_EDGE('',*,*,#8989,.F.);
#8989 = EDGE_CURVE('',#8990,#8992,#8994,.T.);
#8990 = VERTEX_POINT('',#8991);
#8991 = CARTESIAN_POINT('',(5.35,3.5,0.));
#8992 = VERTEX_POINT('',#8993);
#8993 = CARTESIAN_POINT('',(5.35,3.5,0.203));
#8994 = LINE('',#8995,#8996);
#8995 = CARTESIAN_POINT('',(5.35,3.5,0.));
#8996 = VECTOR('',#8997,1.);
#8997 = DIRECTION('',(-0.,-0.,1.));
#8998 = ORIENTED_EDGE('',*,*,#8999,.T.);
#8999 = EDGE_CURVE('',#8990,#9000,#9002,.T.);
#9000 = VERTEX_POINT('',#9001);
#9001 = CARTESIAN_POINT('',(5.35,3.3,0.));
#9002 = LINE('',#9003,#9004);
#9003 = CARTESIAN_POINT('',(5.35,3.5,0.));
#9004 = VECTOR('',#9005,1.);
#9005 = DIRECTION('',(-0.,-1.,-0.));
#9006 = ORIENTED_EDGE('',*,*,#9007,.T.);
#9007 = EDGE_CURVE('',#9000,#9008,#9010,.T.);
#9008 = VERTEX_POINT('',#9009);
#9009 = CARTESIAN_POINT('',(5.35,3.3,0.203));
#9010 = LINE('',#9011,#9012);
#9011 = CARTESIAN_POINT('',(5.35,3.3,0.));
#9012 = VECTOR('',#9013,1.);
#9013 = DIRECTION('',(-0.,-0.,1.));
#9014 = ORIENTED_EDGE('',*,*,#9015,.F.);
#9015 = EDGE_CURVE('',#8992,#9008,#9016,.T.);
#9016 = LINE('',#9017,#9018);
#9017 = CARTESIAN_POINT('',(5.35,3.5,0.203));
#9018 = VECTOR('',#9019,1.);
#9019 = DIRECTION('',(-0.,-1.,-0.));
#9020 = PLANE('',#9021);
#9021 = AXIS2_PLACEMENT_3D('',#9022,#9023,#9024);
#9022 = CARTESIAN_POINT('',(5.35,3.5,0.));
#9023 = DIRECTION('',(1.,-0.,-0.));
#9024 = DIRECTION('',(0.,0.,-1.));
#9025 = ADVANCED_FACE('',(#9026),#9042,.F.);
#9026 = FACE_BOUND('',#9027,.T.);
#9027 = EDGE_LOOP('',(#9028,#9034,#9035,#9041));
#9028 = ORIENTED_EDGE('',*,*,#9029,.F.);
#9029 = EDGE_CURVE('',#8950,#8990,#9030,.T.);
#9030 = LINE('',#9031,#9032);
#9031 = CARTESIAN_POINT('',(4.55,3.5,0.));
#9032 = VECTOR('',#9033,1.);
#9033 = DIRECTION('',(1.,-0.,-0.));
#9034 = ORIENTED_EDGE('',*,*,#8949,.T.);
#9035 = ORIENTED_EDGE('',*,*,#9036,.T.);
#9036 = EDGE_CURVE('',#8952,#8992,#9037,.T.);
#9037 = LINE('',#9038,#9039);
#9038 = CARTESIAN_POINT('',(4.55,3.5,0.203));
#9039 = VECTOR('',#9040,1.);
#9040 = DIRECTION('',(1.,-0.,-0.));
#9041 = ORIENTED_EDGE('',*,*,#8989,.F.);
#9042 = PLANE('',#9043);
#9043 = AXIS2_PLACEMENT_3D('',#9044,#9045,#9046);
#9044 = CARTESIAN_POINT('',(4.55,3.5,0.));
#9045 = DIRECTION('',(-0.,-1.,-0.));
#9046 = DIRECTION('',(0.,0.,-1.));
#9047 = ADVANCED_FACE('',(#9048),#9064,.T.);
#9048 = FACE_BOUND('',#9049,.F.);
#9049 = EDGE_LOOP('',(#9050,#9056,#9057,#9063));
#9050 = ORIENTED_EDGE('',*,*,#9051,.F.);
#9051 = EDGE_CURVE('',#8960,#9000,#9052,.T.);
#9052 = LINE('',#9053,#9054);
#9053 = CARTESIAN_POINT('',(4.55,3.3,0.));
#9054 = VECTOR('',#9055,1.);
#9055 = DIRECTION('',(1.,-0.,-0.));
#9056 = ORIENTED_EDGE('',*,*,#8967,.T.);
#9057 = ORIENTED_EDGE('',*,*,#9058,.T.);
#9058 = EDGE_CURVE('',#8968,#9008,#9059,.T.);
#9059 = LINE('',#9060,#9061);
#9060 = CARTESIAN_POINT('',(4.55,3.3,0.203));
#9061 = VECTOR('',#9062,1.);
#9062 = DIRECTION('',(1.,-0.,-0.));
#9063 = ORIENTED_EDGE('',*,*,#9007,.F.);
#9064 = PLANE('',#9065);
#9065 = AXIS2_PLACEMENT_3D('',#9066,#9067,#9068);
#9066 = CARTESIAN_POINT('',(4.55,3.3,0.));
#9067 = DIRECTION('',(-0.,-1.,-0.));
#9068 = DIRECTION('',(0.,0.,-1.));
#9069 = ADVANCED_FACE('',(#9070),#9076,.F.);
#9070 = FACE_BOUND('',#9071,.T.);
#9071 = EDGE_LOOP('',(#9072,#9073,#9074,#9075));
#9072 = ORIENTED_EDGE('',*,*,#8959,.F.);
#9073 = ORIENTED_EDGE('',*,*,#9029,.T.);
#9074 = ORIENTED_EDGE('',*,*,#8999,.T.);
#9075 = ORIENTED_EDGE('',*,*,#9051,.F.);
#9076 = PLANE('',#9077);
#9077 = AXIS2_PLACEMENT_3D('',#9078,#9079,#9080);
#9078 = CARTESIAN_POINT('',(4.55,3.5,0.));
#9079 = DIRECTION('',(-0.,-0.,1.));
#9080 = DIRECTION('',(-1.,0.,0.));
#9081 = ADVANCED_FACE('',(#9082),#9088,.T.);
#9082 = FACE_BOUND('',#9083,.F.);
#9083 = EDGE_LOOP('',(#9084,#9085,#9086,#9087));
#9084 = ORIENTED_EDGE('',*,*,#8975,.F.);
#9085 = ORIENTED_EDGE('',*,*,#9036,.T.);
#9086 = ORIENTED_EDGE('',*,*,#9015,.T.);
#9087 = ORIENTED_EDGE('',*,*,#9058,.F.);
#9088 = PLANE('',#9089);
#9089 = AXIS2_PLACEMENT_3D('',#9090,#9091,#9092);
#9090 = CARTESIAN_POINT('',(4.55,3.5,0.203));
#9091 = DIRECTION('',(-0.,-0.,1.));
#9092 = DIRECTION('',(-1.,0.,0.));
#9093 = MANIFOLD_SOLID_BREP('',#9094);
#9094 = CLOSED_SHELL('',(#9095,#9135,#9175,#9197,#9219,#9231));
#9095 = ADVANCED_FACE('',(#9096),#9130,.F.);
#9096 = FACE_BOUND('',#9097,.T.);
#9097 = EDGE_LOOP('',(#9098,#9108,#9116,#9124));
#9098 = ORIENTED_EDGE('',*,*,#9099,.F.);
#9099 = EDGE_CURVE('',#9100,#9102,#9104,.T.);
#9100 = VERTEX_POINT('',#9101);
#9101 = CARTESIAN_POINT('',(4.55,3.9,0.));
#9102 = VERTEX_POINT('',#9103);
#9103 = CARTESIAN_POINT('',(4.55,3.9,0.203));
#9104 = LINE('',#9105,#9106);
#9105 = CARTESIAN_POINT('',(4.55,3.9,0.));
#9106 = VECTOR('',#9107,1.);
#9107 = DIRECTION('',(-0.,-0.,1.));
#9108 = ORIENTED_EDGE('',*,*,#9109,.T.);
#9109 = EDGE_CURVE('',#9100,#9110,#9112,.T.);
#9110 = VERTEX_POINT('',#9111);
#9111 = CARTESIAN_POINT('',(4.55,3.7,0.));
#9112 = LINE('',#9113,#9114);
#9113 = CARTESIAN_POINT('',(4.55,3.9,0.));
#9114 = VECTOR('',#9115,1.);
#9115 = DIRECTION('',(-0.,-1.,-0.));
#9116 = ORIENTED_EDGE('',*,*,#9117,.T.);
#9117 = EDGE_CURVE('',#9110,#9118,#9120,.T.);
#9118 = VERTEX_POINT('',#9119);
#9119 = CARTESIAN_POINT('',(4.55,3.7,0.203));
#9120 = LINE('',#9121,#9122);
#9121 = CARTESIAN_POINT('',(4.55,3.7,0.));
#9122 = VECTOR('',#9123,1.);
#9123 = DIRECTION('',(-0.,-0.,1.));
#9124 = ORIENTED_EDGE('',*,*,#9125,.F.);
#9125 = EDGE_CURVE('',#9102,#9118,#9126,.T.);
#9126 = LINE('',#9127,#9128);
#9127 = CARTESIAN_POINT('',(4.55,3.9,0.203));
#9128 = VECTOR('',#9129,1.);
#9129 = DIRECTION('',(-0.,-1.,-0.));
#9130 = PLANE('',#9131);
#9131 = AXIS2_PLACEMENT_3D('',#9132,#9133,#9134);
#9132 = CARTESIAN_POINT('',(4.55,3.9,0.));
#9133 = DIRECTION('',(1.,-0.,-0.));
#9134 = DIRECTION('',(0.,0.,-1.));
#9135 = ADVANCED_FACE('',(#9136),#9170,.T.);
#9136 = FACE_BOUND('',#9137,.F.);
#9137 = EDGE_LOOP('',(#9138,#9148,#9156,#9164));
#9138 = ORIENTED_EDGE('',*,*,#9139,.F.);
#9139 = EDGE_CURVE('',#9140,#9142,#9144,.T.);
#9140 = VERTEX_POINT('',#9141);
#9141 = CARTESIAN_POINT('',(5.35,3.9,0.));
#9142 = VERTEX_POINT('',#9143);
#9143 = CARTESIAN_POINT('',(5.35,3.9,0.203));
#9144 = LINE('',#9145,#9146);
#9145 = CARTESIAN_POINT('',(5.35,3.9,0.));
#9146 = VECTOR('',#9147,1.);
#9147 = DIRECTION('',(-0.,-0.,1.));
#9148 = ORIENTED_EDGE('',*,*,#9149,.T.);
#9149 = EDGE_CURVE('',#9140,#9150,#9152,.T.);
#9150 = VERTEX_POINT('',#9151);
#9151 = CARTESIAN_POINT('',(5.35,3.7,0.));
#9152 = LINE('',#9153,#9154);
#9153 = CARTESIAN_POINT('',(5.35,3.9,0.));
#9154 = VECTOR('',#9155,1.);
#9155 = DIRECTION('',(-0.,-1.,-0.));
#9156 = ORIENTED_EDGE('',*,*,#9157,.T.);
#9157 = EDGE_CURVE('',#9150,#9158,#9160,.T.);
#9158 = VERTEX_POINT('',#9159);
#9159 = CARTESIAN_POINT('',(5.35,3.7,0.203));
#9160 = LINE('',#9161,#9162);
#9161 = CARTESIAN_POINT('',(5.35,3.7,0.));
#9162 = VECTOR('',#9163,1.);
#9163 = DIRECTION('',(-0.,-0.,1.));
#9164 = ORIENTED_EDGE('',*,*,#9165,.F.);
#9165 = EDGE_CURVE('',#9142,#9158,#9166,.T.);
#9166 = LINE('',#9167,#9168);
#9167 = CARTESIAN_POINT('',(5.35,3.9,0.203));
#9168 = VECTOR('',#9169,1.);
#9169 = DIRECTION('',(-0.,-1.,-0.));
#9170 = PLANE('',#9171);
#9171 = AXIS2_PLACEMENT_3D('',#9172,#9173,#9174);
#9172 = CARTESIAN_POINT('',(5.35,3.9,0.));
#9173 = DIRECTION('',(1.,-0.,-0.));
#9174 = DIRECTION('',(0.,0.,-1.));
#9175 = ADVANCED_FACE('',(#9176),#9192,.F.);
#9176 = FACE_BOUND('',#9177,.T.);
#9177 = EDGE_LOOP('',(#9178,#9184,#9185,#9191));
#9178 = ORIENTED_EDGE('',*,*,#9179,.F.);
#9179 = EDGE_CURVE('',#9100,#9140,#9180,.T.);
#9180 = LINE('',#9181,#9182);
#9181 = CARTESIAN_POINT('',(4.55,3.9,0.));
#9182 = VECTOR('',#9183,1.);
#9183 = DIRECTION('',(1.,-0.,-0.));
#9184 = ORIENTED_EDGE('',*,*,#9099,.T.);
#9185 = ORIENTED_EDGE('',*,*,#9186,.T.);
#9186 = EDGE_CURVE('',#9102,#9142,#9187,.T.);
#9187 = LINE('',#9188,#9189);
#9188 = CARTESIAN_POINT('',(4.55,3.9,0.203));
#9189 = VECTOR('',#9190,1.);
#9190 = DIRECTION('',(1.,-0.,-0.));
#9191 = ORIENTED_EDGE('',*,*,#9139,.F.);
#9192 = PLANE('',#9193);
#9193 = AXIS2_PLACEMENT_3D('',#9194,#9195,#9196);
#9194 = CARTESIAN_POINT('',(4.55,3.9,0.));
#9195 = DIRECTION('',(-0.,-1.,-0.));
#9196 = DIRECTION('',(0.,0.,-1.));
#9197 = ADVANCED_FACE('',(#9198),#9214,.T.);
#9198 = FACE_BOUND('',#9199,.F.);
#9199 = EDGE_LOOP('',(#9200,#9206,#9207,#9213));
#9200 = ORIENTED_EDGE('',*,*,#9201,.F.);
#9201 = EDGE_CURVE('',#9110,#9150,#9202,.T.);
#9202 = LINE('',#9203,#9204);
#9203 = CARTESIAN_POINT('',(4.55,3.7,0.));
#9204 = VECTOR('',#9205,1.);
#9205 = DIRECTION('',(1.,-0.,-0.));
#9206 = ORIENTED_EDGE('',*,*,#9117,.T.);
#9207 = ORIENTED_EDGE('',*,*,#9208,.T.);
#9208 = EDGE_CURVE('',#9118,#9158,#9209,.T.);
#9209 = LINE('',#9210,#9211);
#9210 = CARTESIAN_POINT('',(4.55,3.7,0.203));
#9211 = VECTOR('',#9212,1.);
#9212 = DIRECTION('',(1.,-0.,-0.));
#9213 = ORIENTED_EDGE('',*,*,#9157,.F.);
#9214 = PLANE('',#9215);
#9215 = AXIS2_PLACEMENT_3D('',#9216,#9217,#9218);
#9216 = CARTESIAN_POINT('',(4.55,3.7,0.));
#9217 = DIRECTION('',(-0.,-1.,-0.));
#9218 = DIRECTION('',(0.,0.,-1.));
#9219 = ADVANCED_FACE('',(#9220),#9226,.F.);
#9220 = FACE_BOUND('',#9221,.T.);
#9221 = EDGE_LOOP('',(#9222,#9223,#9224,#9225));
#9222 = ORIENTED_EDGE('',*,*,#9109,.F.);
#9223 = ORIENTED_EDGE('',*,*,#9179,.T.);
#9224 = ORIENTED_EDGE('',*,*,#9149,.T.);
#9225 = ORIENTED_EDGE('',*,*,#9201,.F.);
#9226 = PLANE('',#9227);
#9227 = AXIS2_PLACEMENT_3D('',#9228,#9229,#9230);
#9228 = CARTESIAN_POINT('',(4.55,3.9,0.));
#9229 = DIRECTION('',(-0.,-0.,1.));
#9230 = DIRECTION('',(-1.,0.,0.));
#9231 = ADVANCED_FACE('',(#9232),#9238,.T.);
#9232 = FACE_BOUND('',#9233,.F.);
#9233 = EDGE_LOOP('',(#9234,#9235,#9236,#9237));
#9234 = ORIENTED_EDGE('',*,*,#9125,.F.);
#9235 = ORIENTED_EDGE('',*,*,#9186,.T.);
#9236 = ORIENTED_EDGE('',*,*,#9165,.T.);
#9237 = ORIENTED_EDGE('',*,*,#9208,.F.);
#9238 = PLANE('',#9239);
#9239 = AXIS2_PLACEMENT_3D('',#9240,#9241,#9242);
#9240 = CARTESIAN_POINT('',(4.55,3.9,0.203));
#9241 = DIRECTION('',(-0.,-0.,1.));
#9242 = DIRECTION('',(-1.,0.,0.));
#9243 = MANIFOLD_SOLID_BREP('',#9244);
#9244 = CLOSED_SHELL('',(#9245,#9285,#9325,#9347,#9369,#9381));
#9245 = ADVANCED_FACE('',(#9246),#9280,.F.);
#9246 = FACE_BOUND('',#9247,.T.);
#9247 = EDGE_LOOP('',(#9248,#9258,#9266,#9274));
#9248 = ORIENTED_EDGE('',*,*,#9249,.F.);
#9249 = EDGE_CURVE('',#9250,#9252,#9254,.T.);
#9250 = VERTEX_POINT('',#9251);
#9251 = CARTESIAN_POINT('',(3.7,5.35,0.));
#9252 = VERTEX_POINT('',#9253);
#9253 = CARTESIAN_POINT('',(3.7,5.35,0.203));
#9254 = LINE('',#9255,#9256);
#9255 = CARTESIAN_POINT('',(3.7,5.35,0.));
#9256 = VECTOR('',#9257,1.);
#9257 = DIRECTION('',(-0.,-0.,1.));
#9258 = ORIENTED_EDGE('',*,*,#9259,.T.);
#9259 = EDGE_CURVE('',#9250,#9260,#9262,.T.);
#9260 = VERTEX_POINT('',#9261);
#9261 = CARTESIAN_POINT('',(3.7,4.55,0.));
#9262 = LINE('',#9263,#9264);
#9263 = CARTESIAN_POINT('',(3.7,5.35,0.));
#9264 = VECTOR('',#9265,1.);
#9265 = DIRECTION('',(-0.,-1.,-0.));
#9266 = ORIENTED_EDGE('',*,*,#9267,.T.);
#9267 = EDGE_CURVE('',#9260,#9268,#9270,.T.);
#9268 = VERTEX_POINT('',#9269);
#9269 = CARTESIAN_POINT('',(3.7,4.55,0.203));
#9270 = LINE('',#9271,#9272);
#9271 = CARTESIAN_POINT('',(3.7,4.55,0.));
#9272 = VECTOR('',#9273,1.);
#9273 = DIRECTION('',(-0.,-0.,1.));
#9274 = ORIENTED_EDGE('',*,*,#9275,.F.);
#9275 = EDGE_CURVE('',#9252,#9268,#9276,.T.);
#9276 = LINE('',#9277,#9278);
#9277 = CARTESIAN_POINT('',(3.7,5.35,0.203));
#9278 = VECTOR('',#9279,1.);
#9279 = DIRECTION('',(-0.,-1.,-0.));
#9280 = PLANE('',#9281);
#9281 = AXIS2_PLACEMENT_3D('',#9282,#9283,#9284);
#9282 = CARTESIAN_POINT('',(3.7,5.35,0.));
#9283 = DIRECTION('',(1.,-0.,-0.));
#9284 = DIRECTION('',(0.,0.,-1.));
#9285 = ADVANCED_FACE('',(#9286),#9320,.T.);
#9286 = FACE_BOUND('',#9287,.F.);
#9287 = EDGE_LOOP('',(#9288,#9298,#9306,#9314));
#9288 = ORIENTED_EDGE('',*,*,#9289,.F.);
#9289 = EDGE_CURVE('',#9290,#9292,#9294,.T.);
#9290 = VERTEX_POINT('',#9291);
#9291 = CARTESIAN_POINT('',(3.9,5.35,0.));
#9292 = VERTEX_POINT('',#9293);
#9293 = CARTESIAN_POINT('',(3.9,5.35,0.203));
#9294 = LINE('',#9295,#9296);
#9295 = CARTESIAN_POINT('',(3.9,5.35,0.));
#9296 = VECTOR('',#9297,1.);
#9297 = DIRECTION('',(-0.,-0.,1.));
#9298 = ORIENTED_EDGE('',*,*,#9299,.T.);
#9299 = EDGE_CURVE('',#9290,#9300,#9302,.T.);
#9300 = VERTEX_POINT('',#9301);
#9301 = CARTESIAN_POINT('',(3.9,4.55,0.));
#9302 = LINE('',#9303,#9304);
#9303 = CARTESIAN_POINT('',(3.9,5.35,0.));
#9304 = VECTOR('',#9305,1.);
#9305 = DIRECTION('',(-0.,-1.,-0.));
#9306 = ORIENTED_EDGE('',*,*,#9307,.T.);
#9307 = EDGE_CURVE('',#9300,#9308,#9310,.T.);
#9308 = VERTEX_POINT('',#9309);
#9309 = CARTESIAN_POINT('',(3.9,4.55,0.203));
#9310 = LINE('',#9311,#9312);
#9311 = CARTESIAN_POINT('',(3.9,4.55,0.));
#9312 = VECTOR('',#9313,1.);
#9313 = DIRECTION('',(-0.,-0.,1.));
#9314 = ORIENTED_EDGE('',*,*,#9315,.F.);
#9315 = EDGE_CURVE('',#9292,#9308,#9316,.T.);
#9316 = LINE('',#9317,#9318);
#9317 = CARTESIAN_POINT('',(3.9,5.35,0.203));
#9318 = VECTOR('',#9319,1.);
#9319 = DIRECTION('',(-0.,-1.,-0.));
#9320 = PLANE('',#9321);
#9321 = AXIS2_PLACEMENT_3D('',#9322,#9323,#9324);
#9322 = CARTESIAN_POINT('',(3.9,5.35,0.));
#9323 = DIRECTION('',(1.,-0.,-0.));
#9324 = DIRECTION('',(0.,0.,-1.));
#9325 = ADVANCED_FACE('',(#9326),#9342,.F.);
#9326 = FACE_BOUND('',#9327,.T.);
#9327 = EDGE_LOOP('',(#9328,#9334,#9335,#9341));
#9328 = ORIENTED_EDGE('',*,*,#9329,.F.);
#9329 = EDGE_CURVE('',#9250,#9290,#9330,.T.);
#9330 = LINE('',#9331,#9332);
#9331 = CARTESIAN_POINT('',(3.7,5.35,0.));
#9332 = VECTOR('',#9333,1.);
#9333 = DIRECTION('',(1.,-0.,-0.));
#9334 = ORIENTED_EDGE('',*,*,#9249,.T.);
#9335 = ORIENTED_EDGE('',*,*,#9336,.T.);
#9336 = EDGE_CURVE('',#9252,#9292,#9337,.T.);
#9337 = LINE('',#9338,#9339);
#9338 = CARTESIAN_POINT('',(3.7,5.35,0.203));
#9339 = VECTOR('',#9340,1.);
#9340 = DIRECTION('',(1.,-0.,-0.));
#9341 = ORIENTED_EDGE('',*,*,#9289,.F.);
#9342 = PLANE('',#9343);
#9343 = AXIS2_PLACEMENT_3D('',#9344,#9345,#9346);
#9344 = CARTESIAN_POINT('',(3.7,5.35,0.));
#9345 = DIRECTION('',(-0.,-1.,-0.));
#9346 = DIRECTION('',(0.,0.,-1.));
#9347 = ADVANCED_FACE('',(#9348),#9364,.T.);
#9348 = FACE_BOUND('',#9349,.F.);
#9349 = EDGE_LOOP('',(#9350,#9356,#9357,#9363));
#9350 = ORIENTED_EDGE('',*,*,#9351,.F.);
#9351 = EDGE_CURVE('',#9260,#9300,#9352,.T.);
#9352 = LINE('',#9353,#9354);
#9353 = CARTESIAN_POINT('',(3.7,4.55,0.));
#9354 = VECTOR('',#9355,1.);
#9355 = DIRECTION('',(1.,-0.,-0.));
#9356 = ORIENTED_EDGE('',*,*,#9267,.T.);
#9357 = ORIENTED_EDGE('',*,*,#9358,.T.);
#9358 = EDGE_CURVE('',#9268,#9308,#9359,.T.);
#9359 = LINE('',#9360,#9361);
#9360 = CARTESIAN_POINT('',(3.7,4.55,0.203));
#9361 = VECTOR('',#9362,1.);
#9362 = DIRECTION('',(1.,-0.,-0.));
#9363 = ORIENTED_EDGE('',*,*,#9307,.F.);
#9364 = PLANE('',#9365);
#9365 = AXIS2_PLACEMENT_3D('',#9366,#9367,#9368);
#9366 = CARTESIAN_POINT('',(3.7,4.55,0.));
#9367 = DIRECTION('',(-0.,-1.,-0.));
#9368 = DIRECTION('',(0.,0.,-1.));
#9369 = ADVANCED_FACE('',(#9370),#9376,.F.);
#9370 = FACE_BOUND('',#9371,.T.);
#9371 = EDGE_LOOP('',(#9372,#9373,#9374,#9375));
#9372 = ORIENTED_EDGE('',*,*,#9259,.F.);
#9373 = ORIENTED_EDGE('',*,*,#9329,.T.);
#9374 = ORIENTED_EDGE('',*,*,#9299,.T.);
#9375 = ORIENTED_EDGE('',*,*,#9351,.F.);
#9376 = PLANE('',#9377);
#9377 = AXIS2_PLACEMENT_3D('',#9378,#9379,#9380);
#9378 = CARTESIAN_POINT('',(3.7,5.35,0.));
#9379 = DIRECTION('',(-0.,-0.,1.));
#9380 = DIRECTION('',(-1.,0.,0.));
#9381 = ADVANCED_FACE('',(#9382),#9388,.T.);
#9382 = FACE_BOUND('',#9383,.F.);
#9383 = EDGE_LOOP('',(#9384,#9385,#9386,#9387));
#9384 = ORIENTED_EDGE('',*,*,#9275,.F.);
#9385 = ORIENTED_EDGE('',*,*,#9336,.T.);
#9386 = ORIENTED_EDGE('',*,*,#9315,.T.);
#9387 = ORIENTED_EDGE('',*,*,#9358,.F.);
#9388 = PLANE('',#9389);
#9389 = AXIS2_PLACEMENT_3D('',#9390,#9391,#9392);
#9390 = CARTESIAN_POINT('',(3.7,5.35,0.203));
#9391 = DIRECTION('',(-0.,-0.,1.));
#9392 = DIRECTION('',(-1.,0.,0.));
#9393 = MANIFOLD_SOLID_BREP('',#9394);
#9394 = CLOSED_SHELL('',(#9395,#9435,#9475,#9497,#9519,#9531));
#9395 = ADVANCED_FACE('',(#9396),#9430,.F.);
#9396 = FACE_BOUND('',#9397,.T.);
#9397 = EDGE_LOOP('',(#9398,#9408,#9416,#9424));
#9398 = ORIENTED_EDGE('',*,*,#9399,.F.);
#9399 = EDGE_CURVE('',#9400,#9402,#9404,.T.);
#9400 = VERTEX_POINT('',#9401);
#9401 = CARTESIAN_POINT('',(3.3,5.35,0.));
#9402 = VERTEX_POINT('',#9403);
#9403 = CARTESIAN_POINT('',(3.3,5.35,0.203));
#9404 = LINE('',#9405,#9406);
#9405 = CARTESIAN_POINT('',(3.3,5.35,0.));
#9406 = VECTOR('',#9407,1.);
#9407 = DIRECTION('',(-0.,-0.,1.));
#9408 = ORIENTED_EDGE('',*,*,#9409,.T.);
#9409 = EDGE_CURVE('',#9400,#9410,#9412,.T.);
#9410 = VERTEX_POINT('',#9411);
#9411 = CARTESIAN_POINT('',(3.3,4.55,0.));
#9412 = LINE('',#9413,#9414);
#9413 = CARTESIAN_POINT('',(3.3,5.35,0.));
#9414 = VECTOR('',#9415,1.);
#9415 = DIRECTION('',(-0.,-1.,-0.));
#9416 = ORIENTED_EDGE('',*,*,#9417,.T.);
#9417 = EDGE_CURVE('',#9410,#9418,#9420,.T.);
#9418 = VERTEX_POINT('',#9419);
#9419 = CARTESIAN_POINT('',(3.3,4.55,0.203));
#9420 = LINE('',#9421,#9422);
#9421 = CARTESIAN_POINT('',(3.3,4.55,0.));
#9422 = VECTOR('',#9423,1.);
#9423 = DIRECTION('',(-0.,-0.,1.));
#9424 = ORIENTED_EDGE('',*,*,#9425,.F.);
#9425 = EDGE_CURVE('',#9402,#9418,#9426,.T.);
#9426 = LINE('',#9427,#9428);
#9427 = CARTESIAN_POINT('',(3.3,5.35,0.203));
#9428 = VECTOR('',#9429,1.);
#9429 = DIRECTION('',(-0.,-1.,-0.));
#9430 = PLANE('',#9431);
#9431 = AXIS2_PLACEMENT_3D('',#9432,#9433,#9434);
#9432 = CARTESIAN_POINT('',(3.3,5.35,0.));
#9433 = DIRECTION('',(1.,-0.,-0.));
#9434 = DIRECTION('',(0.,0.,-1.));
#9435 = ADVANCED_FACE('',(#9436),#9470,.T.);
#9436 = FACE_BOUND('',#9437,.F.);
#9437 = EDGE_LOOP('',(#9438,#9448,#9456,#9464));
#9438 = ORIENTED_EDGE('',*,*,#9439,.F.);
#9439 = EDGE_CURVE('',#9440,#9442,#9444,.T.);
#9440 = VERTEX_POINT('',#9441);
#9441 = CARTESIAN_POINT('',(3.5,5.35,0.));
#9442 = VERTEX_POINT('',#9443);
#9443 = CARTESIAN_POINT('',(3.5,5.35,0.203));
#9444 = LINE('',#9445,#9446);
#9445 = CARTESIAN_POINT('',(3.5,5.35,0.));
#9446 = VECTOR('',#9447,1.);
#9447 = DIRECTION('',(-0.,-0.,1.));
#9448 = ORIENTED_EDGE('',*,*,#9449,.T.);
#9449 = EDGE_CURVE('',#9440,#9450,#9452,.T.);
#9450 = VERTEX_POINT('',#9451);
#9451 = CARTESIAN_POINT('',(3.5,4.55,0.));
#9452 = LINE('',#9453,#9454);
#9453 = CARTESIAN_POINT('',(3.5,5.35,0.));
#9454 = VECTOR('',#9455,1.);
#9455 = DIRECTION('',(-0.,-1.,-0.));
#9456 = ORIENTED_EDGE('',*,*,#9457,.T.);
#9457 = EDGE_CURVE('',#9450,#9458,#9460,.T.);
#9458 = VERTEX_POINT('',#9459);
#9459 = CARTESIAN_POINT('',(3.5,4.55,0.203));
#9460 = LINE('',#9461,#9462);
#9461 = CARTESIAN_POINT('',(3.5,4.55,0.));
#9462 = VECTOR('',#9463,1.);
#9463 = DIRECTION('',(-0.,-0.,1.));
#9464 = ORIENTED_EDGE('',*,*,#9465,.F.);
#9465 = EDGE_CURVE('',#9442,#9458,#9466,.T.);
#9466 = LINE('',#9467,#9468);
#9467 = CARTESIAN_POINT('',(3.5,5.35,0.203));
#9468 = VECTOR('',#9469,1.);
#9469 = DIRECTION('',(-0.,-1.,-0.));
#9470 = PLANE('',#9471);
#9471 = AXIS2_PLACEMENT_3D('',#9472,#9473,#9474);
#9472 = CARTESIAN_POINT('',(3.5,5.35,0.));
#9473 = DIRECTION('',(1.,-0.,-0.));
#9474 = DIRECTION('',(0.,0.,-1.));
#9475 = ADVANCED_FACE('',(#9476),#9492,.F.);
#9476 = FACE_BOUND('',#9477,.T.);
#9477 = EDGE_LOOP('',(#9478,#9484,#9485,#9491));
#9478 = ORIENTED_EDGE('',*,*,#9479,.F.);
#9479 = EDGE_CURVE('',#9400,#9440,#9480,.T.);
#9480 = LINE('',#9481,#9482);
#9481 = CARTESIAN_POINT('',(3.3,5.35,0.));
#9482 = VECTOR('',#9483,1.);
#9483 = DIRECTION('',(1.,-0.,-0.));
#9484 = ORIENTED_EDGE('',*,*,#9399,.T.);
#9485 = ORIENTED_EDGE('',*,*,#9486,.T.);
#9486 = EDGE_CURVE('',#9402,#9442,#9487,.T.);
#9487 = LINE('',#9488,#9489);
#9488 = CARTESIAN_POINT('',(3.3,5.35,0.203));
#9489 = VECTOR('',#9490,1.);
#9490 = DIRECTION('',(1.,-0.,-0.));
#9491 = ORIENTED_EDGE('',*,*,#9439,.F.);
#9492 = PLANE('',#9493);
#9493 = AXIS2_PLACEMENT_3D('',#9494,#9495,#9496);
#9494 = CARTESIAN_POINT('',(3.3,5.35,0.));
#9495 = DIRECTION('',(-0.,-1.,-0.));
#9496 = DIRECTION('',(0.,0.,-1.));
#9497 = ADVANCED_FACE('',(#9498),#9514,.T.);
#9498 = FACE_BOUND('',#9499,.F.);
#9499 = EDGE_LOOP('',(#9500,#9506,#9507,#9513));
#9500 = ORIENTED_EDGE('',*,*,#9501,.F.);
#9501 = EDGE_CURVE('',#9410,#9450,#9502,.T.);
#9502 = LINE('',#9503,#9504);
#9503 = CARTESIAN_POINT('',(3.3,4.55,0.));
#9504 = VECTOR('',#9505,1.);
#9505 = DIRECTION('',(1.,-0.,-0.));
#9506 = ORIENTED_EDGE('',*,*,#9417,.T.);
#9507 = ORIENTED_EDGE('',*,*,#9508,.T.);
#9508 = EDGE_CURVE('',#9418,#9458,#9509,.T.);
#9509 = LINE('',#9510,#9511);
#9510 = CARTESIAN_POINT('',(3.3,4.55,0.203));
#9511 = VECTOR('',#9512,1.);
#9512 = DIRECTION('',(1.,-0.,-0.));
#9513 = ORIENTED_EDGE('',*,*,#9457,.F.);
#9514 = PLANE('',#9515);
#9515 = AXIS2_PLACEMENT_3D('',#9516,#9517,#9518);
#9516 = CARTESIAN_POINT('',(3.3,4.55,0.));
#9517 = DIRECTION('',(-0.,-1.,-0.));
#9518 = DIRECTION('',(0.,0.,-1.));
#9519 = ADVANCED_FACE('',(#9520),#9526,.F.);
#9520 = FACE_BOUND('',#9521,.T.);
#9521 = EDGE_LOOP('',(#9522,#9523,#9524,#9525));
#9522 = ORIENTED_EDGE('',*,*,#9409,.F.);
#9523 = ORIENTED_EDGE('',*,*,#9479,.T.);
#9524 = ORIENTED_EDGE('',*,*,#9449,.T.);
#9525 = ORIENTED_EDGE('',*,*,#9501,.F.);
#9526 = PLANE('',#9527);
#9527 = AXIS2_PLACEMENT_3D('',#9528,#9529,#9530);
#9528 = CARTESIAN_POINT('',(3.3,5.35,0.));
#9529 = DIRECTION('',(-0.,-0.,1.));
#9530 = DIRECTION('',(-1.,0.,0.));
#9531 = ADVANCED_FACE('',(#9532),#9538,.T.);
#9532 = FACE_BOUND('',#9533,.F.);
#9533 = EDGE_LOOP('',(#9534,#9535,#9536,#9537));
#9534 = ORIENTED_EDGE('',*,*,#9425,.F.);
#9535 = ORIENTED_EDGE('',*,*,#9486,.T.);
#9536 = ORIENTED_EDGE('',*,*,#9465,.T.);
#9537 = ORIENTED_EDGE('',*,*,#9508,.F.);
#9538 = PLANE('',#9539);
#9539 = AXIS2_PLACEMENT_3D('',#9540,#9541,#9542);
#9540 = CARTESIAN_POINT('',(3.3,5.35,0.203));
#9541 = DIRECTION('',(-0.,-0.,1.));
#9542 = DIRECTION('',(-1.,0.,0.));
#9543 = MANIFOLD_SOLID_BREP('',#9544);
#9544 = CLOSED_SHELL('',(#9545,#9585,#9625,#9647,#9669,#9681));
#9545 = ADVANCED_FACE('',(#9546),#9580,.F.);
#9546 = FACE_BOUND('',#9547,.T.);
#9547 = EDGE_LOOP('',(#9548,#9558,#9566,#9574));
#9548 = ORIENTED_EDGE('',*,*,#9549,.F.);
#9549 = EDGE_CURVE('',#9550,#9552,#9554,.T.);
#9550 = VERTEX_POINT('',#9551);
#9551 = CARTESIAN_POINT('',(2.9,5.35,0.));
#9552 = VERTEX_POINT('',#9553);
#9553 = CARTESIAN_POINT('',(2.9,5.35,0.203));
#9554 = LINE('',#9555,#9556);
#9555 = CARTESIAN_POINT('',(2.9,5.35,0.));
#9556 = VECTOR('',#9557,1.);
#9557 = DIRECTION('',(-0.,-0.,1.));
#9558 = ORIENTED_EDGE('',*,*,#9559,.T.);
#9559 = EDGE_CURVE('',#9550,#9560,#9562,.T.);
#9560 = VERTEX_POINT('',#9561);
#9561 = CARTESIAN_POINT('',(2.9,4.55,0.));
#9562 = LINE('',#9563,#9564);
#9563 = CARTESIAN_POINT('',(2.9,5.35,0.));
#9564 = VECTOR('',#9565,1.);
#9565 = DIRECTION('',(-0.,-1.,-0.));
#9566 = ORIENTED_EDGE('',*,*,#9567,.T.);
#9567 = EDGE_CURVE('',#9560,#9568,#9570,.T.);
#9568 = VERTEX_POINT('',#9569);
#9569 = CARTESIAN_POINT('',(2.9,4.55,0.203));
#9570 = LINE('',#9571,#9572);
#9571 = CARTESIAN_POINT('',(2.9,4.55,0.));
#9572 = VECTOR('',#9573,1.);
#9573 = DIRECTION('',(-0.,-0.,1.));
#9574 = ORIENTED_EDGE('',*,*,#9575,.F.);
#9575 = EDGE_CURVE('',#9552,#9568,#9576,.T.);
#9576 = LINE('',#9577,#9578);
#9577 = CARTESIAN_POINT('',(2.9,5.35,0.203));
#9578 = VECTOR('',#9579,1.);
#9579 = DIRECTION('',(-0.,-1.,-0.));
#9580 = PLANE('',#9581);
#9581 = AXIS2_PLACEMENT_3D('',#9582,#9583,#9584);
#9582 = CARTESIAN_POINT('',(2.9,5.35,0.));
#9583 = DIRECTION('',(1.,-0.,-0.));
#9584 = DIRECTION('',(0.,0.,-1.));
#9585 = ADVANCED_FACE('',(#9586),#9620,.T.);
#9586 = FACE_BOUND('',#9587,.F.);
#9587 = EDGE_LOOP('',(#9588,#9598,#9606,#9614));
#9588 = ORIENTED_EDGE('',*,*,#9589,.F.);
#9589 = EDGE_CURVE('',#9590,#9592,#9594,.T.);
#9590 = VERTEX_POINT('',#9591);
#9591 = CARTESIAN_POINT('',(3.1,5.35,0.));
#9592 = VERTEX_POINT('',#9593);
#9593 = CARTESIAN_POINT('',(3.1,5.35,0.203));
#9594 = LINE('',#9595,#9596);
#9595 = CARTESIAN_POINT('',(3.1,5.35,0.));
#9596 = VECTOR('',#9597,1.);
#9597 = DIRECTION('',(-0.,-0.,1.));
#9598 = ORIENTED_EDGE('',*,*,#9599,.T.);
#9599 = EDGE_CURVE('',#9590,#9600,#9602,.T.);
#9600 = VERTEX_POINT('',#9601);
#9601 = CARTESIAN_POINT('',(3.1,4.55,0.));
#9602 = LINE('',#9603,#9604);
#9603 = CARTESIAN_POINT('',(3.1,5.35,0.));
#9604 = VECTOR('',#9605,1.);
#9605 = DIRECTION('',(-0.,-1.,-0.));
#9606 = ORIENTED_EDGE('',*,*,#9607,.T.);
#9607 = EDGE_CURVE('',#9600,#9608,#9610,.T.);
#9608 = VERTEX_POINT('',#9609);
#9609 = CARTESIAN_POINT('',(3.1,4.55,0.203));
#9610 = LINE('',#9611,#9612);
#9611 = CARTESIAN_POINT('',(3.1,4.55,0.));
#9612 = VECTOR('',#9613,1.);
#9613 = DIRECTION('',(-0.,-0.,1.));
#9614 = ORIENTED_EDGE('',*,*,#9615,.F.);
#9615 = EDGE_CURVE('',#9592,#9608,#9616,.T.);
#9616 = LINE('',#9617,#9618);
#9617 = CARTESIAN_POINT('',(3.1,5.35,0.203));
#9618 = VECTOR('',#9619,1.);
#9619 = DIRECTION('',(-0.,-1.,-0.));
#9620 = PLANE('',#9621);
#9621 = AXIS2_PLACEMENT_3D('',#9622,#9623,#9624);
#9622 = CARTESIAN_POINT('',(3.1,5.35,0.));
#9623 = DIRECTION('',(1.,-0.,-0.));
#9624 = DIRECTION('',(0.,0.,-1.));
#9625 = ADVANCED_FACE('',(#9626),#9642,.F.);
#9626 = FACE_BOUND('',#9627,.T.);
#9627 = EDGE_LOOP('',(#9628,#9634,#9635,#9641));
#9628 = ORIENTED_EDGE('',*,*,#9629,.F.);
#9629 = EDGE_CURVE('',#9550,#9590,#9630,.T.);
#9630 = LINE('',#9631,#9632);
#9631 = CARTESIAN_POINT('',(2.9,5.35,0.));
#9632 = VECTOR('',#9633,1.);
#9633 = DIRECTION('',(1.,-0.,-0.));
#9634 = ORIENTED_EDGE('',*,*,#9549,.T.);
#9635 = ORIENTED_EDGE('',*,*,#9636,.T.);
#9636 = EDGE_CURVE('',#9552,#9592,#9637,.T.);
#9637 = LINE('',#9638,#9639);
#9638 = CARTESIAN_POINT('',(2.9,5.35,0.203));
#9639 = VECTOR('',#9640,1.);
#9640 = DIRECTION('',(1.,-0.,-0.));
#9641 = ORIENTED_EDGE('',*,*,#9589,.F.);
#9642 = PLANE('',#9643);
#9643 = AXIS2_PLACEMENT_3D('',#9644,#9645,#9646);
#9644 = CARTESIAN_POINT('',(2.9,5.35,0.));
#9645 = DIRECTION('',(-0.,-1.,-0.));
#9646 = DIRECTION('',(0.,0.,-1.));
#9647 = ADVANCED_FACE('',(#9648),#9664,.T.);
#9648 = FACE_BOUND('',#9649,.F.);
#9649 = EDGE_LOOP('',(#9650,#9656,#9657,#9663));
#9650 = ORIENTED_EDGE('',*,*,#9651,.F.);
#9651 = EDGE_CURVE('',#9560,#9600,#9652,.T.);
#9652 = LINE('',#9653,#9654);
#9653 = CARTESIAN_POINT('',(2.9,4.55,0.));
#9654 = VECTOR('',#9655,1.);
#9655 = DIRECTION('',(1.,-0.,-0.));
#9656 = ORIENTED_EDGE('',*,*,#9567,.T.);
#9657 = ORIENTED_EDGE('',*,*,#9658,.T.);
#9658 = EDGE_CURVE('',#9568,#9608,#9659,.T.);
#9659 = LINE('',#9660,#9661);
#9660 = CARTESIAN_POINT('',(2.9,4.55,0.203));
#9661 = VECTOR('',#9662,1.);
#9662 = DIRECTION('',(1.,-0.,-0.));
#9663 = ORIENTED_EDGE('',*,*,#9607,.F.);
#9664 = PLANE('',#9665);
#9665 = AXIS2_PLACEMENT_3D('',#9666,#9667,#9668);
#9666 = CARTESIAN_POINT('',(2.9,4.55,0.));
#9667 = DIRECTION('',(-0.,-1.,-0.));
#9668 = DIRECTION('',(0.,0.,-1.));
#9669 = ADVANCED_FACE('',(#9670),#9676,.F.);
#9670 = FACE_BOUND('',#9671,.T.);
#9671 = EDGE_LOOP('',(#9672,#9673,#9674,#9675));
#9672 = ORIENTED_EDGE('',*,*,#9559,.F.);
#9673 = ORIENTED_EDGE('',*,*,#9629,.T.);
#9674 = ORIENTED_EDGE('',*,*,#9599,.T.);
#9675 = ORIENTED_EDGE('',*,*,#9651,.F.);
#9676 = PLANE('',#9677);
#9677 = AXIS2_PLACEMENT_3D('',#9678,#9679,#9680);
#9678 = CARTESIAN_POINT('',(2.9,5.35,0.));
#9679 = DIRECTION('',(-0.,-0.,1.));
#9680 = DIRECTION('',(-1.,0.,0.));
#9681 = ADVANCED_FACE('',(#9682),#9688,.T.);
#9682 = FACE_BOUND('',#9683,.F.);
#9683 = EDGE_LOOP('',(#9684,#9685,#9686,#9687));
#9684 = ORIENTED_EDGE('',*,*,#9575,.F.);
#9685 = ORIENTED_EDGE('',*,*,#9636,.T.);
#9686 = ORIENTED_EDGE('',*,*,#9615,.T.);
#9687 = ORIENTED_EDGE('',*,*,#9658,.F.);
#9688 = PLANE('',#9689);
#9689 = AXIS2_PLACEMENT_3D('',#9690,#9691,#9692);
#9690 = CARTESIAN_POINT('',(2.9,5.35,0.203));
#9691 = DIRECTION('',(-0.,-0.,1.));
#9692 = DIRECTION('',(-1.,0.,0.));
#9693 = MANIFOLD_SOLID_BREP('',#9694);
#9694 = CLOSED_SHELL('',(#9695,#9735,#9775,#9797,#9819,#9831));
#9695 = ADVANCED_FACE('',(#9696),#9730,.F.);
#9696 = FACE_BOUND('',#9697,.T.);
#9697 = EDGE_LOOP('',(#9698,#9708,#9716,#9724));
#9698 = ORIENTED_EDGE('',*,*,#9699,.F.);
#9699 = EDGE_CURVE('',#9700,#9702,#9704,.T.);
#9700 = VERTEX_POINT('',#9701);
#9701 = CARTESIAN_POINT('',(2.5,5.35,0.));
#9702 = VERTEX_POINT('',#9703);
#9703 = CARTESIAN_POINT('',(2.5,5.35,0.203));
#9704 = LINE('',#9705,#9706);
#9705 = CARTESIAN_POINT('',(2.5,5.35,0.));
#9706 = VECTOR('',#9707,1.);
#9707 = DIRECTION('',(-0.,-0.,1.));
#9708 = ORIENTED_EDGE('',*,*,#9709,.T.);
#9709 = EDGE_CURVE('',#9700,#9710,#9712,.T.);
#9710 = VERTEX_POINT('',#9711);
#9711 = CARTESIAN_POINT('',(2.5,4.55,0.));
#9712 = LINE('',#9713,#9714);
#9713 = CARTESIAN_POINT('',(2.5,5.35,0.));
#9714 = VECTOR('',#9715,1.);
#9715 = DIRECTION('',(-0.,-1.,-0.));
#9716 = ORIENTED_EDGE('',*,*,#9717,.T.);
#9717 = EDGE_CURVE('',#9710,#9718,#9720,.T.);
#9718 = VERTEX_POINT('',#9719);
#9719 = CARTESIAN_POINT('',(2.5,4.55,0.203));
#9720 = LINE('',#9721,#9722);
#9721 = CARTESIAN_POINT('',(2.5,4.55,0.));
#9722 = VECTOR('',#9723,1.);
#9723 = DIRECTION('',(-0.,-0.,1.));
#9724 = ORIENTED_EDGE('',*,*,#9725,.F.);
#9725 = EDGE_CURVE('',#9702,#9718,#9726,.T.);
#9726 = LINE('',#9727,#9728);
#9727 = CARTESIAN_POINT('',(2.5,5.35,0.203));
#9728 = VECTOR('',#9729,1.);
#9729 = DIRECTION('',(-0.,-1.,-0.));
#9730 = PLANE('',#9731);
#9731 = AXIS2_PLACEMENT_3D('',#9732,#9733,#9734);
#9732 = CARTESIAN_POINT('',(2.5,5.35,0.));
#9733 = DIRECTION('',(1.,-0.,-0.));
#9734 = DIRECTION('',(0.,0.,-1.));
#9735 = ADVANCED_FACE('',(#9736),#9770,.T.);
#9736 = FACE_BOUND('',#9737,.F.);
#9737 = EDGE_LOOP('',(#9738,#9748,#9756,#9764));
#9738 = ORIENTED_EDGE('',*,*,#9739,.F.);
#9739 = EDGE_CURVE('',#9740,#9742,#9744,.T.);
#9740 = VERTEX_POINT('',#9741);
#9741 = CARTESIAN_POINT('',(2.7,5.35,0.));
#9742 = VERTEX_POINT('',#9743);
#9743 = CARTESIAN_POINT('',(2.7,5.35,0.203));
#9744 = LINE('',#9745,#9746);
#9745 = CARTESIAN_POINT('',(2.7,5.35,0.));
#9746 = VECTOR('',#9747,1.);
#9747 = DIRECTION('',(-0.,-0.,1.));
#9748 = ORIENTED_EDGE('',*,*,#9749,.T.);
#9749 = EDGE_CURVE('',#9740,#9750,#9752,.T.);
#9750 = VERTEX_POINT('',#9751);
#9751 = CARTESIAN_POINT('',(2.7,4.55,0.));
#9752 = LINE('',#9753,#9754);
#9753 = CARTESIAN_POINT('',(2.7,5.35,0.));
#9754 = VECTOR('',#9755,1.);
#9755 = DIRECTION('',(-0.,-1.,-0.));
#9756 = ORIENTED_EDGE('',*,*,#9757,.T.);
#9757 = EDGE_CURVE('',#9750,#9758,#9760,.T.);
#9758 = VERTEX_POINT('',#9759);
#9759 = CARTESIAN_POINT('',(2.7,4.55,0.203));
#9760 = LINE('',#9761,#9762);
#9761 = CARTESIAN_POINT('',(2.7,4.55,0.));
#9762 = VECTOR('',#9763,1.);
#9763 = DIRECTION('',(-0.,-0.,1.));
#9764 = ORIENTED_EDGE('',*,*,#9765,.F.);
#9765 = EDGE_CURVE('',#9742,#9758,#9766,.T.);
#9766 = LINE('',#9767,#9768);
#9767 = CARTESIAN_POINT('',(2.7,5.35,0.203));
#9768 = VECTOR('',#9769,1.);
#9769 = DIRECTION('',(-0.,-1.,-0.));
#9770 = PLANE('',#9771);
#9771 = AXIS2_PLACEMENT_3D('',#9772,#9773,#9774);
#9772 = CARTESIAN_POINT('',(2.7,5.35,0.));
#9773 = DIRECTION('',(1.,-0.,-0.));
#9774 = DIRECTION('',(0.,0.,-1.));
#9775 = ADVANCED_FACE('',(#9776),#9792,.F.);
#9776 = FACE_BOUND('',#9777,.T.);
#9777 = EDGE_LOOP('',(#9778,#9784,#9785,#9791));
#9778 = ORIENTED_EDGE('',*,*,#9779,.F.);
#9779 = EDGE_CURVE('',#9700,#9740,#9780,.T.);
#9780 = LINE('',#9781,#9782);
#9781 = CARTESIAN_POINT('',(2.5,5.35,0.));
#9782 = VECTOR('',#9783,1.);
#9783 = DIRECTION('',(1.,-0.,-0.));
#9784 = ORIENTED_EDGE('',*,*,#9699,.T.);
#9785 = ORIENTED_EDGE('',*,*,#9786,.T.);
#9786 = EDGE_CURVE('',#9702,#9742,#9787,.T.);
#9787 = LINE('',#9788,#9789);
#9788 = CARTESIAN_POINT('',(2.5,5.35,0.203));
#9789 = VECTOR('',#9790,1.);
#9790 = DIRECTION('',(1.,-0.,-0.));
#9791 = ORIENTED_EDGE('',*,*,#9739,.F.);
#9792 = PLANE('',#9793);
#9793 = AXIS2_PLACEMENT_3D('',#9794,#9795,#9796);
#9794 = CARTESIAN_POINT('',(2.5,5.35,0.));
#9795 = DIRECTION('',(-0.,-1.,-0.));
#9796 = DIRECTION('',(0.,0.,-1.));
#9797 = ADVANCED_FACE('',(#9798),#9814,.T.);
#9798 = FACE_BOUND('',#9799,.F.);
#9799 = EDGE_LOOP('',(#9800,#9806,#9807,#9813));
#9800 = ORIENTED_EDGE('',*,*,#9801,.F.);
#9801 = EDGE_CURVE('',#9710,#9750,#9802,.T.);
#9802 = LINE('',#9803,#9804);
#9803 = CARTESIAN_POINT('',(2.5,4.55,0.));
#9804 = VECTOR('',#9805,1.);
#9805 = DIRECTION('',(1.,-0.,-0.));
#9806 = ORIENTED_EDGE('',*,*,#9717,.T.);
#9807 = ORIENTED_EDGE('',*,*,#9808,.T.);
#9808 = EDGE_CURVE('',#9718,#9758,#9809,.T.);
#9809 = LINE('',#9810,#9811);
#9810 = CARTESIAN_POINT('',(2.5,4.55,0.203));
#9811 = VECTOR('',#9812,1.);
#9812 = DIRECTION('',(1.,-0.,-0.));
#9813 = ORIENTED_EDGE('',*,*,#9757,.F.);
#9814 = PLANE('',#9815);
#9815 = AXIS2_PLACEMENT_3D('',#9816,#9817,#9818);
#9816 = CARTESIAN_POINT('',(2.5,4.55,0.));
#9817 = DIRECTION('',(-0.,-1.,-0.));
#9818 = DIRECTION('',(0.,0.,-1.));
#9819 = ADVANCED_FACE('',(#9820),#9826,.F.);
#9820 = FACE_BOUND('',#9821,.T.);
#9821 = EDGE_LOOP('',(#9822,#9823,#9824,#9825));
#9822 = ORIENTED_EDGE('',*,*,#9709,.F.);
#9823 = ORIENTED_EDGE('',*,*,#9779,.T.);
#9824 = ORIENTED_EDGE('',*,*,#9749,.T.);
#9825 = ORIENTED_EDGE('',*,*,#9801,.F.);
#9826 = PLANE('',#9827);
#9827 = AXIS2_PLACEMENT_3D('',#9828,#9829,#9830);
#9828 = CARTESIAN_POINT('',(2.5,5.35,0.));
#9829 = DIRECTION('',(-0.,-0.,1.));
#9830 = DIRECTION('',(-1.,0.,0.));
#9831 = ADVANCED_FACE('',(#9832),#9838,.T.);
#9832 = FACE_BOUND('',#9833,.F.);
#9833 = EDGE_LOOP('',(#9834,#9835,#9836,#9837));
#9834 = ORIENTED_EDGE('',*,*,#9725,.F.);
#9835 = ORIENTED_EDGE('',*,*,#9786,.T.);
#9836 = ORIENTED_EDGE('',*,*,#9765,.T.);
#9837 = ORIENTED_EDGE('',*,*,#9808,.F.);
#9838 = PLANE('',#9839);
#9839 = AXIS2_PLACEMENT_3D('',#9840,#9841,#9842);
#9840 = CARTESIAN_POINT('',(2.5,5.35,0.203));
#9841 = DIRECTION('',(-0.,-0.,1.));
#9842 = DIRECTION('',(-1.,0.,0.));
#9843 = MANIFOLD_SOLID_BREP('',#9844);
#9844 = CLOSED_SHELL('',(#9845,#9885,#9925,#9947,#9969,#9981));
#9845 = ADVANCED_FACE('',(#9846),#9880,.F.);
#9846 = FACE_BOUND('',#9847,.T.);
#9847 = EDGE_LOOP('',(#9848,#9858,#9866,#9874));
#9848 = ORIENTED_EDGE('',*,*,#9849,.F.);
#9849 = EDGE_CURVE('',#9850,#9852,#9854,.T.);
#9850 = VERTEX_POINT('',#9851);
#9851 = CARTESIAN_POINT('',(2.1,5.35,0.));
#9852 = VERTEX_POINT('',#9853);
#9853 = CARTESIAN_POINT('',(2.1,5.35,0.203));
#9854 = LINE('',#9855,#9856);
#9855 = CARTESIAN_POINT('',(2.1,5.35,0.));
#9856 = VECTOR('',#9857,1.);
#9857 = DIRECTION('',(-0.,-0.,1.));
#9858 = ORIENTED_EDGE('',*,*,#9859,.T.);
#9859 = EDGE_CURVE('',#9850,#9860,#9862,.T.);
#9860 = VERTEX_POINT('',#9861);
#9861 = CARTESIAN_POINT('',(2.1,4.55,0.));
#9862 = LINE('',#9863,#9864);
#9863 = CARTESIAN_POINT('',(2.1,5.35,0.));
#9864 = VECTOR('',#9865,1.);
#9865 = DIRECTION('',(-0.,-1.,-0.));
#9866 = ORIENTED_EDGE('',*,*,#9867,.T.);
#9867 = EDGE_CURVE('',#9860,#9868,#9870,.T.);
#9868 = VERTEX_POINT('',#9869);
#9869 = CARTESIAN_POINT('',(2.1,4.55,0.203));
#9870 = LINE('',#9871,#9872);
#9871 = CARTESIAN_POINT('',(2.1,4.55,0.));
#9872 = VECTOR('',#9873,1.);
#9873 = DIRECTION('',(-0.,-0.,1.));
#9874 = ORIENTED_EDGE('',*,*,#9875,.F.);
#9875 = EDGE_CURVE('',#9852,#9868,#9876,.T.);
#9876 = LINE('',#9877,#9878);
#9877 = CARTESIAN_POINT('',(2.1,5.35,0.203));
#9878 = VECTOR('',#9879,1.);
#9879 = DIRECTION('',(-0.,-1.,-0.));
#9880 = PLANE('',#9881);
#9881 = AXIS2_PLACEMENT_3D('',#9882,#9883,#9884);
#9882 = CARTESIAN_POINT('',(2.1,5.35,0.));
#9883 = DIRECTION('',(1.,-0.,-0.));
#9884 = DIRECTION('',(0.,0.,-1.));
#9885 = ADVANCED_FACE('',(#9886),#9920,.T.);
#9886 = FACE_BOUND('',#9887,.F.);
#9887 = EDGE_LOOP('',(#9888,#9898,#9906,#9914));
#9888 = ORIENTED_EDGE('',*,*,#9889,.F.);
#9889 = EDGE_CURVE('',#9890,#9892,#9894,.T.);
#9890 = VERTEX_POINT('',#9891);
#9891 = CARTESIAN_POINT('',(2.3,5.35,0.));
#9892 = VERTEX_POINT('',#9893);
#9893 = CARTESIAN_POINT('',(2.3,5.35,0.203));
#9894 = LINE('',#9895,#9896);
#9895 = CARTESIAN_POINT('',(2.3,5.35,0.));
#9896 = VECTOR('',#9897,1.);
#9897 = DIRECTION('',(-0.,-0.,1.));
#9898 = ORIENTED_EDGE('',*,*,#9899,.T.);
#9899 = EDGE_CURVE('',#9890,#9900,#9902,.T.);
#9900 = VERTEX_POINT('',#9901);
#9901 = CARTESIAN_POINT('',(2.3,4.55,0.));
#9902 = LINE('',#9903,#9904);
#9903 = CARTESIAN_POINT('',(2.3,5.35,0.));
#9904 = VECTOR('',#9905,1.);
#9905 = DIRECTION('',(-0.,-1.,-0.));
#9906 = ORIENTED_EDGE('',*,*,#9907,.T.);
#9907 = EDGE_CURVE('',#9900,#9908,#9910,.T.);
#9908 = VERTEX_POINT('',#9909);
#9909 = CARTESIAN_POINT('',(2.3,4.55,0.203));
#9910 = LINE('',#9911,#9912);
#9911 = CARTESIAN_POINT('',(2.3,4.55,0.));
#9912 = VECTOR('',#9913,1.);
#9913 = DIRECTION('',(-0.,-0.,1.));
#9914 = ORIENTED_EDGE('',*,*,#9915,.F.);
#9915 = EDGE_CURVE('',#9892,#9908,#9916,.T.);
#9916 = LINE('',#9917,#9918);
#9917 = CARTESIAN_POINT('',(2.3,5.35,0.203));
#9918 = VECTOR('',#9919,1.);
#9919 = DIRECTION('',(-0.,-1.,-0.));
#9920 = PLANE('',#9921);
#9921 = AXIS2_PLACEMENT_3D('',#9922,#9923,#9924);
#9922 = CARTESIAN_POINT('',(2.3,5.35,0.));
#9923 = DIRECTION('',(1.,-0.,-0.));
#9924 = DIRECTION('',(0.,0.,-1.));
#9925 = ADVANCED_FACE('',(#9926),#9942,.F.);
#9926 = FACE_BOUND('',#9927,.T.);
#9927 = EDGE_LOOP('',(#9928,#9934,#9935,#9941));
#9928 = ORIENTED_EDGE('',*,*,#9929,.F.);
#9929 = EDGE_CURVE('',#9850,#9890,#9930,.T.);
#9930 = LINE('',#9931,#9932);
#9931 = CARTESIAN_POINT('',(2.1,5.35,0.));
#9932 = VECTOR('',#9933,1.);
#9933 = DIRECTION('',(1.,-0.,-0.));
#9934 = ORIENTED_EDGE('',*,*,#9849,.T.);
#9935 = ORIENTED_EDGE('',*,*,#9936,.T.);
#9936 = EDGE_CURVE('',#9852,#9892,#9937,.T.);
#9937 = LINE('',#9938,#9939);
#9938 = CARTESIAN_POINT('',(2.1,5.35,0.203));
#9939 = VECTOR('',#9940,1.);
#9940 = DIRECTION('',(1.,-0.,-0.));
#9941 = ORIENTED_EDGE('',*,*,#9889,.F.);
#9942 = PLANE('',#9943);
#9943 = AXIS2_PLACEMENT_3D('',#9944,#9945,#9946);
#9944 = CARTESIAN_POINT('',(2.1,5.35,0.));
#9945 = DIRECTION('',(-0.,-1.,-0.));
#9946 = DIRECTION('',(0.,0.,-1.));
#9947 = ADVANCED_FACE('',(#9948),#9964,.T.);
#9948 = FACE_BOUND('',#9949,.F.);
#9949 = EDGE_LOOP('',(#9950,#9956,#9957,#9963));
#9950 = ORIENTED_EDGE('',*,*,#9951,.F.);
#9951 = EDGE_CURVE('',#9860,#9900,#9952,.T.);
#9952 = LINE('',#9953,#9954);
#9953 = CARTESIAN_POINT('',(2.1,4.55,0.));
#9954 = VECTOR('',#9955,1.);
#9955 = DIRECTION('',(1.,-0.,-0.));
#9956 = ORIENTED_EDGE('',*,*,#9867,.T.);
#9957 = ORIENTED_EDGE('',*,*,#9958,.T.);
#9958 = EDGE_CURVE('',#9868,#9908,#9959,.T.);
#9959 = LINE('',#9960,#9961);
#9960 = CARTESIAN_POINT('',(2.1,4.55,0.203));
#9961 = VECTOR('',#9962,1.);
#9962 = DIRECTION('',(1.,-0.,-0.));
#9963 = ORIENTED_EDGE('',*,*,#9907,.F.);
#9964 = PLANE('',#9965);
#9965 = AXIS2_PLACEMENT_3D('',#9966,#9967,#9968);
#9966 = CARTESIAN_POINT('',(2.1,4.55,0.));
#9967 = DIRECTION('',(-0.,-1.,-0.));
#9968 = DIRECTION('',(0.,0.,-1.));
#9969 = ADVANCED_FACE('',(#9970),#9976,.F.);
#9970 = FACE_BOUND('',#9971,.T.);
#9971 = EDGE_LOOP('',(#9972,#9973,#9974,#9975));
#9972 = ORIENTED_EDGE('',*,*,#9859,.F.);
#9973 = ORIENTED_EDGE('',*,*,#9929,.T.);
#9974 = ORIENTED_EDGE('',*,*,#9899,.T.);
#9975 = ORIENTED_EDGE('',*,*,#9951,.F.);
#9976 = PLANE('',#9977);
#9977 = AXIS2_PLACEMENT_3D('',#9978,#9979,#9980);
#9978 = CARTESIAN_POINT('',(2.1,5.35,0.));
#9979 = DIRECTION('',(-0.,-0.,1.));
#9980 = DIRECTION('',(-1.,0.,0.));
#9981 = ADVANCED_FACE('',(#9982),#9988,.T.);
#9982 = FACE_BOUND('',#9983,.F.);
#9983 = EDGE_LOOP('',(#9984,#9985,#9986,#9987));
#9984 = ORIENTED_EDGE('',*,*,#9875,.F.);
#9985 = ORIENTED_EDGE('',*,*,#9936,.T.);
#9986 = ORIENTED_EDGE('',*,*,#9915,.T.);
#9987 = ORIENTED_EDGE('',*,*,#9958,.F.);
#9988 = PLANE('',#9989);
#9989 = AXIS2_PLACEMENT_3D('',#9990,#9991,#9992);
#9990 = CARTESIAN_POINT('',(2.1,5.35,0.203));
#9991 = DIRECTION('',(-0.,-0.,1.));
#9992 = DIRECTION('',(-1.,0.,0.));
#9993 = MANIFOLD_SOLID_BREP('',#9994);
#9994 = CLOSED_SHELL('',(#9995,#10035,#10075,#10097,#10119,#10131));
#9995 = ADVANCED_FACE('',(#9996),#10030,.F.);
#9996 = FACE_BOUND('',#9997,.T.);
#9997 = EDGE_LOOP('',(#9998,#10008,#10016,#10024));
#9998 = ORIENTED_EDGE('',*,*,#9999,.F.);
#9999 = EDGE_CURVE('',#10000,#10002,#10004,.T.);
#10000 = VERTEX_POINT('',#10001);
#10001 = CARTESIAN_POINT('',(1.7,5.35,0.));
#10002 = VERTEX_POINT('',#10003);
#10003 = CARTESIAN_POINT('',(1.7,5.35,0.203));
#10004 = LINE('',#10005,#10006);
#10005 = CARTESIAN_POINT('',(1.7,5.35,0.));
#10006 = VECTOR('',#10007,1.);
#10007 = DIRECTION('',(-0.,-0.,1.));
#10008 = ORIENTED_EDGE('',*,*,#10009,.T.);
#10009 = EDGE_CURVE('',#10000,#10010,#10012,.T.);
#10010 = VERTEX_POINT('',#10011);
#10011 = CARTESIAN_POINT('',(1.7,4.55,0.));
#10012 = LINE('',#10013,#10014);
#10013 = CARTESIAN_POINT('',(1.7,5.35,0.));
#10014 = VECTOR('',#10015,1.);
#10015 = DIRECTION('',(-0.,-1.,-0.));
#10016 = ORIENTED_EDGE('',*,*,#10017,.T.);
#10017 = EDGE_CURVE('',#10010,#10018,#10020,.T.);
#10018 = VERTEX_POINT('',#10019);
#10019 = CARTESIAN_POINT('',(1.7,4.55,0.203));
#10020 = LINE('',#10021,#10022);
#10021 = CARTESIAN_POINT('',(1.7,4.55,0.));
#10022 = VECTOR('',#10023,1.);
#10023 = DIRECTION('',(-0.,-0.,1.));
#10024 = ORIENTED_EDGE('',*,*,#10025,.F.);
#10025 = EDGE_CURVE('',#10002,#10018,#10026,.T.);
#10026 = LINE('',#10027,#10028);
#10027 = CARTESIAN_POINT('',(1.7,5.35,0.203));
#10028 = VECTOR('',#10029,1.);
#10029 = DIRECTION('',(-0.,-1.,-0.));
#10030 = PLANE('',#10031);
#10031 = AXIS2_PLACEMENT_3D('',#10032,#10033,#10034);
#10032 = CARTESIAN_POINT('',(1.7,5.35,0.));
#10033 = DIRECTION('',(1.,-0.,-0.));
#10034 = DIRECTION('',(0.,0.,-1.));
#10035 = ADVANCED_FACE('',(#10036),#10070,.T.);
#10036 = FACE_BOUND('',#10037,.F.);
#10037 = EDGE_LOOP('',(#10038,#10048,#10056,#10064));
#10038 = ORIENTED_EDGE('',*,*,#10039,.F.);
#10039 = EDGE_CURVE('',#10040,#10042,#10044,.T.);
#10040 = VERTEX_POINT('',#10041);
#10041 = CARTESIAN_POINT('',(1.9,5.35,0.));
#10042 = VERTEX_POINT('',#10043);
#10043 = CARTESIAN_POINT('',(1.9,5.35,0.203));
#10044 = LINE('',#10045,#10046);
#10045 = CARTESIAN_POINT('',(1.9,5.35,0.));
#10046 = VECTOR('',#10047,1.);
#10047 = DIRECTION('',(-0.,-0.,1.));
#10048 = ORIENTED_EDGE('',*,*,#10049,.T.);
#10049 = EDGE_CURVE('',#10040,#10050,#10052,.T.);
#10050 = VERTEX_POINT('',#10051);
#10051 = CARTESIAN_POINT('',(1.9,4.55,0.));
#10052 = LINE('',#10053,#10054);
#10053 = CARTESIAN_POINT('',(1.9,5.35,0.));
#10054 = VECTOR('',#10055,1.);
#10055 = DIRECTION('',(-0.,-1.,-0.));
#10056 = ORIENTED_EDGE('',*,*,#10057,.T.);
#10057 = EDGE_CURVE('',#10050,#10058,#10060,.T.);
#10058 = VERTEX_POINT('',#10059);
#10059 = CARTESIAN_POINT('',(1.9,4.55,0.203));
#10060 = LINE('',#10061,#10062);
#10061 = CARTESIAN_POINT('',(1.9,4.55,0.));
#10062 = VECTOR('',#10063,1.);
#10063 = DIRECTION('',(-0.,-0.,1.));
#10064 = ORIENTED_EDGE('',*,*,#10065,.F.);
#10065 = EDGE_CURVE('',#10042,#10058,#10066,.T.);
#10066 = LINE('',#10067,#10068);
#10067 = CARTESIAN_POINT('',(1.9,5.35,0.203));
#10068 = VECTOR('',#10069,1.);
#10069 = DIRECTION('',(-0.,-1.,-0.));
#10070 = PLANE('',#10071);
#10071 = AXIS2_PLACEMENT_3D('',#10072,#10073,#10074);
#10072 = CARTESIAN_POINT('',(1.9,5.35,0.));
#10073 = DIRECTION('',(1.,-0.,-0.));
#10074 = DIRECTION('',(0.,0.,-1.));
#10075 = ADVANCED_FACE('',(#10076),#10092,.F.);
#10076 = FACE_BOUND('',#10077,.T.);
#10077 = EDGE_LOOP('',(#10078,#10084,#10085,#10091));
#10078 = ORIENTED_EDGE('',*,*,#10079,.F.);
#10079 = EDGE_CURVE('',#10000,#10040,#10080,.T.);
#10080 = LINE('',#10081,#10082);
#10081 = CARTESIAN_POINT('',(1.7,5.35,0.));
#10082 = VECTOR('',#10083,1.);
#10083 = DIRECTION('',(1.,-0.,-0.));
#10084 = ORIENTED_EDGE('',*,*,#9999,.T.);
#10085 = ORIENTED_EDGE('',*,*,#10086,.T.);
#10086 = EDGE_CURVE('',#10002,#10042,#10087,.T.);
#10087 = LINE('',#10088,#10089);
#10088 = CARTESIAN_POINT('',(1.7,5.35,0.203));
#10089 = VECTOR('',#10090,1.);
#10090 = DIRECTION('',(1.,-0.,-0.));
#10091 = ORIENTED_EDGE('',*,*,#10039,.F.);
#10092 = PLANE('',#10093);
#10093 = AXIS2_PLACEMENT_3D('',#10094,#10095,#10096);
#10094 = CARTESIAN_POINT('',(1.7,5.35,0.));
#10095 = DIRECTION('',(-0.,-1.,-0.));
#10096 = DIRECTION('',(0.,0.,-1.));
#10097 = ADVANCED_FACE('',(#10098),#10114,.T.);
#10098 = FACE_BOUND('',#10099,.F.);
#10099 = EDGE_LOOP('',(#10100,#10106,#10107,#10113));
#10100 = ORIENTED_EDGE('',*,*,#10101,.F.);
#10101 = EDGE_CURVE('',#10010,#10050,#10102,.T.);
#10102 = LINE('',#10103,#10104);
#10103 = CARTESIAN_POINT('',(1.7,4.55,0.));
#10104 = VECTOR('',#10105,1.);
#10105 = DIRECTION('',(1.,-0.,-0.));
#10106 = ORIENTED_EDGE('',*,*,#10017,.T.);
#10107 = ORIENTED_EDGE('',*,*,#10108,.T.);
#10108 = EDGE_CURVE('',#10018,#10058,#10109,.T.);
#10109 = LINE('',#10110,#10111);
#10110 = CARTESIAN_POINT('',(1.7,4.55,0.203));
#10111 = VECTOR('',#10112,1.);
#10112 = DIRECTION('',(1.,-0.,-0.));
#10113 = ORIENTED_EDGE('',*,*,#10057,.F.);
#10114 = PLANE('',#10115);
#10115 = AXIS2_PLACEMENT_3D('',#10116,#10117,#10118);
#10116 = CARTESIAN_POINT('',(1.7,4.55,0.));
#10117 = DIRECTION('',(-0.,-1.,-0.));
#10118 = DIRECTION('',(0.,0.,-1.));
#10119 = ADVANCED_FACE('',(#10120),#10126,.F.);
#10120 = FACE_BOUND('',#10121,.T.);
#10121 = EDGE_LOOP('',(#10122,#10123,#10124,#10125));
#10122 = ORIENTED_EDGE('',*,*,#10009,.F.);
#10123 = ORIENTED_EDGE('',*,*,#10079,.T.);
#10124 = ORIENTED_EDGE('',*,*,#10049,.T.);
#10125 = ORIENTED_EDGE('',*,*,#10101,.F.);
#10126 = PLANE('',#10127);
#10127 = AXIS2_PLACEMENT_3D('',#10128,#10129,#10130);
#10128 = CARTESIAN_POINT('',(1.7,5.35,0.));
#10129 = DIRECTION('',(-0.,-0.,1.));
#10130 = DIRECTION('',(-1.,0.,0.));
#10131 = ADVANCED_FACE('',(#10132),#10138,.T.);
#10132 = FACE_BOUND('',#10133,.F.);
#10133 = EDGE_LOOP('',(#10134,#10135,#10136,#10137));
#10134 = ORIENTED_EDGE('',*,*,#10025,.F.);
#10135 = ORIENTED_EDGE('',*,*,#10086,.T.);
#10136 = ORIENTED_EDGE('',*,*,#10065,.T.);
#10137 = ORIENTED_EDGE('',*,*,#10108,.F.);
#10138 = PLANE('',#10139);
#10139 = AXIS2_PLACEMENT_3D('',#10140,#10141,#10142);
#10140 = CARTESIAN_POINT('',(1.7,5.35,0.203));
#10141 = DIRECTION('',(-0.,-0.,1.));
#10142 = DIRECTION('',(-1.,0.,0.));
#10143 = MANIFOLD_SOLID_BREP('',#10144);
#10144 = CLOSED_SHELL('',(#10145,#10185,#10225,#10247,#10269,#10281));
#10145 = ADVANCED_FACE('',(#10146),#10180,.F.);
#10146 = FACE_BOUND('',#10147,.T.);
#10147 = EDGE_LOOP('',(#10148,#10158,#10166,#10174));
#10148 = ORIENTED_EDGE('',*,*,#10149,.F.);
#10149 = EDGE_CURVE('',#10150,#10152,#10154,.T.);
#10150 = VERTEX_POINT('',#10151);
#10151 = CARTESIAN_POINT('',(1.3,5.35,0.));
#10152 = VERTEX_POINT('',#10153);
#10153 = CARTESIAN_POINT('',(1.3,5.35,0.203));
#10154 = LINE('',#10155,#10156);
#10155 = CARTESIAN_POINT('',(1.3,5.35,0.));
#10156 = VECTOR('',#10157,1.);
#10157 = DIRECTION('',(-0.,-0.,1.));
#10158 = ORIENTED_EDGE('',*,*,#10159,.T.);
#10159 = EDGE_CURVE('',#10150,#10160,#10162,.T.);
#10160 = VERTEX_POINT('',#10161);
#10161 = CARTESIAN_POINT('',(1.3,4.55,0.));
#10162 = LINE('',#10163,#10164);
#10163 = CARTESIAN_POINT('',(1.3,5.35,0.));
#10164 = VECTOR('',#10165,1.);
#10165 = DIRECTION('',(-0.,-1.,-0.));
#10166 = ORIENTED_EDGE('',*,*,#10167,.T.);
#10167 = EDGE_CURVE('',#10160,#10168,#10170,.T.);
#10168 = VERTEX_POINT('',#10169);
#10169 = CARTESIAN_POINT('',(1.3,4.55,0.203));
#10170 = LINE('',#10171,#10172);
#10171 = CARTESIAN_POINT('',(1.3,4.55,0.));
#10172 = VECTOR('',#10173,1.);
#10173 = DIRECTION('',(-0.,-0.,1.));
#10174 = ORIENTED_EDGE('',*,*,#10175,.F.);
#10175 = EDGE_CURVE('',#10152,#10168,#10176,.T.);
#10176 = LINE('',#10177,#10178);
#10177 = CARTESIAN_POINT('',(1.3,5.35,0.203));
#10178 = VECTOR('',#10179,1.);
#10179 = DIRECTION('',(-0.,-1.,-0.));
#10180 = PLANE('',#10181);
#10181 = AXIS2_PLACEMENT_3D('',#10182,#10183,#10184);
#10182 = CARTESIAN_POINT('',(1.3,5.35,0.));
#10183 = DIRECTION('',(1.,-0.,-0.));
#10184 = DIRECTION('',(0.,0.,-1.));
#10185 = ADVANCED_FACE('',(#10186),#10220,.T.);
#10186 = FACE_BOUND('',#10187,.F.);
#10187 = EDGE_LOOP('',(#10188,#10198,#10206,#10214));
#10188 = ORIENTED_EDGE('',*,*,#10189,.F.);
#10189 = EDGE_CURVE('',#10190,#10192,#10194,.T.);
#10190 = VERTEX_POINT('',#10191);
#10191 = CARTESIAN_POINT('',(1.5,5.35,0.));
#10192 = VERTEX_POINT('',#10193);
#10193 = CARTESIAN_POINT('',(1.5,5.35,0.203));
#10194 = LINE('',#10195,#10196);
#10195 = CARTESIAN_POINT('',(1.5,5.35,0.));
#10196 = VECTOR('',#10197,1.);
#10197 = DIRECTION('',(-0.,-0.,1.));
#10198 = ORIENTED_EDGE('',*,*,#10199,.T.);
#10199 = EDGE_CURVE('',#10190,#10200,#10202,.T.);
#10200 = VERTEX_POINT('',#10201);
#10201 = CARTESIAN_POINT('',(1.5,4.55,0.));
#10202 = LINE('',#10203,#10204);
#10203 = CARTESIAN_POINT('',(1.5,5.35,0.));
#10204 = VECTOR('',#10205,1.);
#10205 = DIRECTION('',(-0.,-1.,-0.));
#10206 = ORIENTED_EDGE('',*,*,#10207,.T.);
#10207 = EDGE_CURVE('',#10200,#10208,#10210,.T.);
#10208 = VERTEX_POINT('',#10209);
#10209 = CARTESIAN_POINT('',(1.5,4.55,0.203));
#10210 = LINE('',#10211,#10212);
#10211 = CARTESIAN_POINT('',(1.5,4.55,0.));
#10212 = VECTOR('',#10213,1.);
#10213 = DIRECTION('',(-0.,-0.,1.));
#10214 = ORIENTED_EDGE('',*,*,#10215,.F.);
#10215 = EDGE_CURVE('',#10192,#10208,#10216,.T.);
#10216 = LINE('',#10217,#10218);
#10217 = CARTESIAN_POINT('',(1.5,5.35,0.203));
#10218 = VECTOR('',#10219,1.);
#10219 = DIRECTION('',(-0.,-1.,-0.));
#10220 = PLANE('',#10221);
#10221 = AXIS2_PLACEMENT_3D('',#10222,#10223,#10224);
#10222 = CARTESIAN_POINT('',(1.5,5.35,0.));
#10223 = DIRECTION('',(1.,-0.,-0.));
#10224 = DIRECTION('',(0.,0.,-1.));
#10225 = ADVANCED_FACE('',(#10226),#10242,.F.);
#10226 = FACE_BOUND('',#10227,.T.);
#10227 = EDGE_LOOP('',(#10228,#10234,#10235,#10241));
#10228 = ORIENTED_EDGE('',*,*,#10229,.F.);
#10229 = EDGE_CURVE('',#10150,#10190,#10230,.T.);
#10230 = LINE('',#10231,#10232);
#10231 = CARTESIAN_POINT('',(1.3,5.35,0.));
#10232 = VECTOR('',#10233,1.);
#10233 = DIRECTION('',(1.,-0.,-0.));
#10234 = ORIENTED_EDGE('',*,*,#10149,.T.);
#10235 = ORIENTED_EDGE('',*,*,#10236,.T.);
#10236 = EDGE_CURVE('',#10152,#10192,#10237,.T.);
#10237 = LINE('',#10238,#10239);
#10238 = CARTESIAN_POINT('',(1.3,5.35,0.203));
#10239 = VECTOR('',#10240,1.);
#10240 = DIRECTION('',(1.,-0.,-0.));
#10241 = ORIENTED_EDGE('',*,*,#10189,.F.);
#10242 = PLANE('',#10243);
#10243 = AXIS2_PLACEMENT_3D('',#10244,#10245,#10246);
#10244 = CARTESIAN_POINT('',(1.3,5.35,0.));
#10245 = DIRECTION('',(-0.,-1.,-0.));
#10246 = DIRECTION('',(0.,0.,-1.));
#10247 = ADVANCED_FACE('',(#10248),#10264,.T.);
#10248 = FACE_BOUND('',#10249,.F.);
#10249 = EDGE_LOOP('',(#10250,#10256,#10257,#10263));
#10250 = ORIENTED_EDGE('',*,*,#10251,.F.);
#10251 = EDGE_CURVE('',#10160,#10200,#10252,.T.);
#10252 = LINE('',#10253,#10254);
#10253 = CARTESIAN_POINT('',(1.3,4.55,0.));
#10254 = VECTOR('',#10255,1.);
#10255 = DIRECTION('',(1.,-0.,-0.));
#10256 = ORIENTED_EDGE('',*,*,#10167,.T.);
#10257 = ORIENTED_EDGE('',*,*,#10258,.T.);
#10258 = EDGE_CURVE('',#10168,#10208,#10259,.T.);
#10259 = LINE('',#10260,#10261);
#10260 = CARTESIAN_POINT('',(1.3,4.55,0.203));
#10261 = VECTOR('',#10262,1.);
#10262 = DIRECTION('',(1.,-0.,-0.));
#10263 = ORIENTED_EDGE('',*,*,#10207,.F.);
#10264 = PLANE('',#10265);
#10265 = AXIS2_PLACEMENT_3D('',#10266,#10267,#10268);
#10266 = CARTESIAN_POINT('',(1.3,4.55,0.));
#10267 = DIRECTION('',(-0.,-1.,-0.));
#10268 = DIRECTION('',(0.,0.,-1.));
#10269 = ADVANCED_FACE('',(#10270),#10276,.F.);
#10270 = FACE_BOUND('',#10271,.T.);
#10271 = EDGE_LOOP('',(#10272,#10273,#10274,#10275));
#10272 = ORIENTED_EDGE('',*,*,#10159,.F.);
#10273 = ORIENTED_EDGE('',*,*,#10229,.T.);
#10274 = ORIENTED_EDGE('',*,*,#10199,.T.);
#10275 = ORIENTED_EDGE('',*,*,#10251,.F.);
#10276 = PLANE('',#10277);
#10277 = AXIS2_PLACEMENT_3D('',#10278,#10279,#10280);
#10278 = CARTESIAN_POINT('',(1.3,5.35,0.));
#10279 = DIRECTION('',(-0.,-0.,1.));
#10280 = DIRECTION('',(-1.,0.,0.));
#10281 = ADVANCED_FACE('',(#10282),#10288,.T.);
#10282 = FACE_BOUND('',#10283,.F.);
#10283 = EDGE_LOOP('',(#10284,#10285,#10286,#10287));
#10284 = ORIENTED_EDGE('',*,*,#10175,.F.);
#10285 = ORIENTED_EDGE('',*,*,#10236,.T.);
#10286 = ORIENTED_EDGE('',*,*,#10215,.T.);
#10287 = ORIENTED_EDGE('',*,*,#10258,.F.);
#10288 = PLANE('',#10289);
#10289 = AXIS2_PLACEMENT_3D('',#10290,#10291,#10292);
#10290 = CARTESIAN_POINT('',(1.3,5.35,0.203));
#10291 = DIRECTION('',(-0.,-0.,1.));
#10292 = DIRECTION('',(-1.,0.,0.));
#10293 = MANIFOLD_SOLID_BREP('',#10294);
#10294 = CLOSED_SHELL('',(#10295,#10335,#10375,#10397,#10419,#10431));
#10295 = ADVANCED_FACE('',(#10296),#10330,.F.);
#10296 = FACE_BOUND('',#10297,.T.);
#10297 = EDGE_LOOP('',(#10298,#10308,#10316,#10324));
#10298 = ORIENTED_EDGE('',*,*,#10299,.F.);
#10299 = EDGE_CURVE('',#10300,#10302,#10304,.T.);
#10300 = VERTEX_POINT('',#10301);
#10301 = CARTESIAN_POINT('',(0.9,5.35,0.));
#10302 = VERTEX_POINT('',#10303);
#10303 = CARTESIAN_POINT('',(0.9,5.35,0.203));
#10304 = LINE('',#10305,#10306);
#10305 = CARTESIAN_POINT('',(0.9,5.35,0.));
#10306 = VECTOR('',#10307,1.);
#10307 = DIRECTION('',(-0.,-0.,1.));
#10308 = ORIENTED_EDGE('',*,*,#10309,.T.);
#10309 = EDGE_CURVE('',#10300,#10310,#10312,.T.);
#10310 = VERTEX_POINT('',#10311);
#10311 = CARTESIAN_POINT('',(0.9,4.55,0.));
#10312 = LINE('',#10313,#10314);
#10313 = CARTESIAN_POINT('',(0.9,5.35,0.));
#10314 = VECTOR('',#10315,1.);
#10315 = DIRECTION('',(-0.,-1.,-0.));
#10316 = ORIENTED_EDGE('',*,*,#10317,.T.);
#10317 = EDGE_CURVE('',#10310,#10318,#10320,.T.);
#10318 = VERTEX_POINT('',#10319);
#10319 = CARTESIAN_POINT('',(0.9,4.55,0.203));
#10320 = LINE('',#10321,#10322);
#10321 = CARTESIAN_POINT('',(0.9,4.55,0.));
#10322 = VECTOR('',#10323,1.);
#10323 = DIRECTION('',(-0.,-0.,1.));
#10324 = ORIENTED_EDGE('',*,*,#10325,.F.);
#10325 = EDGE_CURVE('',#10302,#10318,#10326,.T.);
#10326 = LINE('',#10327,#10328);
#10327 = CARTESIAN_POINT('',(0.9,5.35,0.203));
#10328 = VECTOR('',#10329,1.);
#10329 = DIRECTION('',(-0.,-1.,-0.));
#10330 = PLANE('',#10331);
#10331 = AXIS2_PLACEMENT_3D('',#10332,#10333,#10334);
#10332 = CARTESIAN_POINT('',(0.9,5.35,0.));
#10333 = DIRECTION('',(1.,-0.,-0.));
#10334 = DIRECTION('',(0.,0.,-1.));
#10335 = ADVANCED_FACE('',(#10336),#10370,.T.);
#10336 = FACE_BOUND('',#10337,.F.);
#10337 = EDGE_LOOP('',(#10338,#10348,#10356,#10364));
#10338 = ORIENTED_EDGE('',*,*,#10339,.F.);
#10339 = EDGE_CURVE('',#10340,#10342,#10344,.T.);
#10340 = VERTEX_POINT('',#10341);
#10341 = CARTESIAN_POINT('',(1.1,5.35,0.));
#10342 = VERTEX_POINT('',#10343);
#10343 = CARTESIAN_POINT('',(1.1,5.35,0.203));
#10344 = LINE('',#10345,#10346);
#10345 = CARTESIAN_POINT('',(1.1,5.35,0.));
#10346 = VECTOR('',#10347,1.);
#10347 = DIRECTION('',(-0.,-0.,1.));
#10348 = ORIENTED_EDGE('',*,*,#10349,.T.);
#10349 = EDGE_CURVE('',#10340,#10350,#10352,.T.);
#10350 = VERTEX_POINT('',#10351);
#10351 = CARTESIAN_POINT('',(1.1,4.55,0.));
#10352 = LINE('',#10353,#10354);
#10353 = CARTESIAN_POINT('',(1.1,5.35,0.));
#10354 = VECTOR('',#10355,1.);
#10355 = DIRECTION('',(-0.,-1.,-0.));
#10356 = ORIENTED_EDGE('',*,*,#10357,.T.);
#10357 = EDGE_CURVE('',#10350,#10358,#10360,.T.);
#10358 = VERTEX_POINT('',#10359);
#10359 = CARTESIAN_POINT('',(1.1,4.55,0.203));
#10360 = LINE('',#10361,#10362);
#10361 = CARTESIAN_POINT('',(1.1,4.55,0.));
#10362 = VECTOR('',#10363,1.);
#10363 = DIRECTION('',(-0.,-0.,1.));
#10364 = ORIENTED_EDGE('',*,*,#10365,.F.);
#10365 = EDGE_CURVE('',#10342,#10358,#10366,.T.);
#10366 = LINE('',#10367,#10368);
#10367 = CARTESIAN_POINT('',(1.1,5.35,0.203));
#10368 = VECTOR('',#10369,1.);
#10369 = DIRECTION('',(-0.,-1.,-0.));
#10370 = PLANE('',#10371);
#10371 = AXIS2_PLACEMENT_3D('',#10372,#10373,#10374);
#10372 = CARTESIAN_POINT('',(1.1,5.35,0.));
#10373 = DIRECTION('',(1.,-0.,-0.));
#10374 = DIRECTION('',(0.,0.,-1.));
#10375 = ADVANCED_FACE('',(#10376),#10392,.F.);
#10376 = FACE_BOUND('',#10377,.T.);
#10377 = EDGE_LOOP('',(#10378,#10384,#10385,#10391));
#10378 = ORIENTED_EDGE('',*,*,#10379,.F.);
#10379 = EDGE_CURVE('',#10300,#10340,#10380,.T.);
#10380 = LINE('',#10381,#10382);
#10381 = CARTESIAN_POINT('',(0.9,5.35,0.));
#10382 = VECTOR('',#10383,1.);
#10383 = DIRECTION('',(1.,-0.,-0.));
#10384 = ORIENTED_EDGE('',*,*,#10299,.T.);
#10385 = ORIENTED_EDGE('',*,*,#10386,.T.);
#10386 = EDGE_CURVE('',#10302,#10342,#10387,.T.);
#10387 = LINE('',#10388,#10389);
#10388 = CARTESIAN_POINT('',(0.9,5.35,0.203));
#10389 = VECTOR('',#10390,1.);
#10390 = DIRECTION('',(1.,-0.,-0.));
#10391 = ORIENTED_EDGE('',*,*,#10339,.F.);
#10392 = PLANE('',#10393);
#10393 = AXIS2_PLACEMENT_3D('',#10394,#10395,#10396);
#10394 = CARTESIAN_POINT('',(0.9,5.35,0.));
#10395 = DIRECTION('',(-0.,-1.,-0.));
#10396 = DIRECTION('',(0.,0.,-1.));
#10397 = ADVANCED_FACE('',(#10398),#10414,.T.);
#10398 = FACE_BOUND('',#10399,.F.);
#10399 = EDGE_LOOP('',(#10400,#10406,#10407,#10413));
#10400 = ORIENTED_EDGE('',*,*,#10401,.F.);
#10401 = EDGE_CURVE('',#10310,#10350,#10402,.T.);
#10402 = LINE('',#10403,#10404);
#10403 = CARTESIAN_POINT('',(0.9,4.55,0.));
#10404 = VECTOR('',#10405,1.);
#10405 = DIRECTION('',(1.,-0.,-0.));
#10406 = ORIENTED_EDGE('',*,*,#10317,.T.);
#10407 = ORIENTED_EDGE('',*,*,#10408,.T.);
#10408 = EDGE_CURVE('',#10318,#10358,#10409,.T.);
#10409 = LINE('',#10410,#10411);
#10410 = CARTESIAN_POINT('',(0.9,4.55,0.203));
#10411 = VECTOR('',#10412,1.);
#10412 = DIRECTION('',(1.,-0.,-0.));
#10413 = ORIENTED_EDGE('',*,*,#10357,.F.);
#10414 = PLANE('',#10415);
#10415 = AXIS2_PLACEMENT_3D('',#10416,#10417,#10418);
#10416 = CARTESIAN_POINT('',(0.9,4.55,0.));
#10417 = DIRECTION('',(-0.,-1.,-0.));
#10418 = DIRECTION('',(0.,0.,-1.));
#10419 = ADVANCED_FACE('',(#10420),#10426,.F.);
#10420 = FACE_BOUND('',#10421,.T.);
#10421 = EDGE_LOOP('',(#10422,#10423,#10424,#10425));
#10422 = ORIENTED_EDGE('',*,*,#10309,.F.);
#10423 = ORIENTED_EDGE('',*,*,#10379,.T.);
#10424 = ORIENTED_EDGE('',*,*,#10349,.T.);
#10425 = ORIENTED_EDGE('',*,*,#10401,.F.);
#10426 = PLANE('',#10427);
#10427 = AXIS2_PLACEMENT_3D('',#10428,#10429,#10430);
#10428 = CARTESIAN_POINT('',(0.9,5.35,0.));
#10429 = DIRECTION('',(-0.,-0.,1.));
#10430 = DIRECTION('',(-1.,0.,0.));
#10431 = ADVANCED_FACE('',(#10432),#10438,.T.);
#10432 = FACE_BOUND('',#10433,.F.);
#10433 = EDGE_LOOP('',(#10434,#10435,#10436,#10437));
#10434 = ORIENTED_EDGE('',*,*,#10325,.F.);
#10435 = ORIENTED_EDGE('',*,*,#10386,.T.);
#10436 = ORIENTED_EDGE('',*,*,#10365,.T.);
#10437 = ORIENTED_EDGE('',*,*,#10408,.F.);
#10438 = PLANE('',#10439);
#10439 = AXIS2_PLACEMENT_3D('',#10440,#10441,#10442);
#10440 = CARTESIAN_POINT('',(0.9,5.35,0.203));
#10441 = DIRECTION('',(-0.,-0.,1.));
#10442 = DIRECTION('',(-1.,0.,0.));
#10443 = MANIFOLD_SOLID_BREP('',#10444);
#10444 = CLOSED_SHELL('',(#10445,#10485,#10525,#10547,#10569,#10581));
#10445 = ADVANCED_FACE('',(#10446),#10480,.F.);
#10446 = FACE_BOUND('',#10447,.T.);
#10447 = EDGE_LOOP('',(#10448,#10458,#10466,#10474));
#10448 = ORIENTED_EDGE('',*,*,#10449,.F.);
#10449 = EDGE_CURVE('',#10450,#10452,#10454,.T.);
#10450 = VERTEX_POINT('',#10451);
#10451 = CARTESIAN_POINT('',(0.5,5.35,0.));
#10452 = VERTEX_POINT('',#10453);
#10453 = CARTESIAN_POINT('',(0.5,5.35,0.203));
#10454 = LINE('',#10455,#10456);
#10455 = CARTESIAN_POINT('',(0.5,5.35,0.));
#10456 = VECTOR('',#10457,1.);
#10457 = DIRECTION('',(-0.,-0.,1.));
#10458 = ORIENTED_EDGE('',*,*,#10459,.T.);
#10459 = EDGE_CURVE('',#10450,#10460,#10462,.T.);
#10460 = VERTEX_POINT('',#10461);
#10461 = CARTESIAN_POINT('',(0.5,4.55,0.));
#10462 = LINE('',#10463,#10464);
#10463 = CARTESIAN_POINT('',(0.5,5.35,0.));
#10464 = VECTOR('',#10465,1.);
#10465 = DIRECTION('',(-0.,-1.,-0.));
#10466 = ORIENTED_EDGE('',*,*,#10467,.T.);
#10467 = EDGE_CURVE('',#10460,#10468,#10470,.T.);
#10468 = VERTEX_POINT('',#10469);
#10469 = CARTESIAN_POINT('',(0.5,4.55,0.203));
#10470 = LINE('',#10471,#10472);
#10471 = CARTESIAN_POINT('',(0.5,4.55,0.));
#10472 = VECTOR('',#10473,1.);
#10473 = DIRECTION('',(-0.,-0.,1.));
#10474 = ORIENTED_EDGE('',*,*,#10475,.F.);
#10475 = EDGE_CURVE('',#10452,#10468,#10476,.T.);
#10476 = LINE('',#10477,#10478);
#10477 = CARTESIAN_POINT('',(0.5,5.35,0.203));
#10478 = VECTOR('',#10479,1.);
#10479 = DIRECTION('',(-0.,-1.,-0.));
#10480 = PLANE('',#10481);
#10481 = AXIS2_PLACEMENT_3D('',#10482,#10483,#10484);
#10482 = CARTESIAN_POINT('',(0.5,5.35,0.));
#10483 = DIRECTION('',(1.,-0.,-0.));
#10484 = DIRECTION('',(0.,0.,-1.));
#10485 = ADVANCED_FACE('',(#10486),#10520,.T.);
#10486 = FACE_BOUND('',#10487,.F.);
#10487 = EDGE_LOOP('',(#10488,#10498,#10506,#10514));
#10488 = ORIENTED_EDGE('',*,*,#10489,.F.);
#10489 = EDGE_CURVE('',#10490,#10492,#10494,.T.);
#10490 = VERTEX_POINT('',#10491);
#10491 = CARTESIAN_POINT('',(0.7,5.35,0.));
#10492 = VERTEX_POINT('',#10493);
#10493 = CARTESIAN_POINT('',(0.7,5.35,0.203));
#10494 = LINE('',#10495,#10496);
#10495 = CARTESIAN_POINT('',(0.7,5.35,0.));
#10496 = VECTOR('',#10497,1.);
#10497 = DIRECTION('',(-0.,-0.,1.));
#10498 = ORIENTED_EDGE('',*,*,#10499,.T.);
#10499 = EDGE_CURVE('',#10490,#10500,#10502,.T.);
#10500 = VERTEX_POINT('',#10501);
#10501 = CARTESIAN_POINT('',(0.7,4.55,0.));
#10502 = LINE('',#10503,#10504);
#10503 = CARTESIAN_POINT('',(0.7,5.35,0.));
#10504 = VECTOR('',#10505,1.);
#10505 = DIRECTION('',(-0.,-1.,-0.));
#10506 = ORIENTED_EDGE('',*,*,#10507,.T.);
#10507 = EDGE_CURVE('',#10500,#10508,#10510,.T.);
#10508 = VERTEX_POINT('',#10509);
#10509 = CARTESIAN_POINT('',(0.7,4.55,0.203));
#10510 = LINE('',#10511,#10512);
#10511 = CARTESIAN_POINT('',(0.7,4.55,0.));
#10512 = VECTOR('',#10513,1.);
#10513 = DIRECTION('',(-0.,-0.,1.));
#10514 = ORIENTED_EDGE('',*,*,#10515,.F.);
#10515 = EDGE_CURVE('',#10492,#10508,#10516,.T.);
#10516 = LINE('',#10517,#10518);
#10517 = CARTESIAN_POINT('',(0.7,5.35,0.203));
#10518 = VECTOR('',#10519,1.);
#10519 = DIRECTION('',(-0.,-1.,-0.));
#10520 = PLANE('',#10521);
#10521 = AXIS2_PLACEMENT_3D('',#10522,#10523,#10524);
#10522 = CARTESIAN_POINT('',(0.7,5.35,0.));
#10523 = DIRECTION('',(1.,-0.,-0.));
#10524 = DIRECTION('',(0.,0.,-1.));
#10525 = ADVANCED_FACE('',(#10526),#10542,.F.);
#10526 = FACE_BOUND('',#10527,.T.);
#10527 = EDGE_LOOP('',(#10528,#10534,#10535,#10541));
#10528 = ORIENTED_EDGE('',*,*,#10529,.F.);
#10529 = EDGE_CURVE('',#10450,#10490,#10530,.T.);
#10530 = LINE('',#10531,#10532);
#10531 = CARTESIAN_POINT('',(0.5,5.35,0.));
#10532 = VECTOR('',#10533,1.);
#10533 = DIRECTION('',(1.,-0.,-0.));
#10534 = ORIENTED_EDGE('',*,*,#10449,.T.);
#10535 = ORIENTED_EDGE('',*,*,#10536,.T.);
#10536 = EDGE_CURVE('',#10452,#10492,#10537,.T.);
#10537 = LINE('',#10538,#10539);
#10538 = CARTESIAN_POINT('',(0.5,5.35,0.203));
#10539 = VECTOR('',#10540,1.);
#10540 = DIRECTION('',(1.,-0.,-0.));
#10541 = ORIENTED_EDGE('',*,*,#10489,.F.);
#10542 = PLANE('',#10543);
#10543 = AXIS2_PLACEMENT_3D('',#10544,#10545,#10546);
#10544 = CARTESIAN_POINT('',(0.5,5.35,0.));
#10545 = DIRECTION('',(-0.,-1.,-0.));
#10546 = DIRECTION('',(0.,0.,-1.));
#10547 = ADVANCED_FACE('',(#10548),#10564,.T.);
#10548 = FACE_BOUND('',#10549,.F.);
#10549 = EDGE_LOOP('',(#10550,#10556,#10557,#10563));
#10550 = ORIENTED_EDGE('',*,*,#10551,.F.);
#10551 = EDGE_CURVE('',#10460,#10500,#10552,.T.);
#10552 = LINE('',#10553,#10554);
#10553 = CARTESIAN_POINT('',(0.5,4.55,0.));
#10554 = VECTOR('',#10555,1.);
#10555 = DIRECTION('',(1.,-0.,-0.));
#10556 = ORIENTED_EDGE('',*,*,#10467,.T.);
#10557 = ORIENTED_EDGE('',*,*,#10558,.T.);
#10558 = EDGE_CURVE('',#10468,#10508,#10559,.T.);
#10559 = LINE('',#10560,#10561);
#10560 = CARTESIAN_POINT('',(0.5,4.55,0.203));
#10561 = VECTOR('',#10562,1.);
#10562 = DIRECTION('',(1.,-0.,-0.));
#10563 = ORIENTED_EDGE('',*,*,#10507,.F.);
#10564 = PLANE('',#10565);
#10565 = AXIS2_PLACEMENT_3D('',#10566,#10567,#10568);
#10566 = CARTESIAN_POINT('',(0.5,4.55,0.));
#10567 = DIRECTION('',(-0.,-1.,-0.));
#10568 = DIRECTION('',(0.,0.,-1.));
#10569 = ADVANCED_FACE('',(#10570),#10576,.F.);
#10570 = FACE_BOUND('',#10571,.T.);
#10571 = EDGE_LOOP('',(#10572,#10573,#10574,#10575));
#10572 = ORIENTED_EDGE('',*,*,#10459,.F.);
#10573 = ORIENTED_EDGE('',*,*,#10529,.T.);
#10574 = ORIENTED_EDGE('',*,*,#10499,.T.);
#10575 = ORIENTED_EDGE('',*,*,#10551,.F.);
#10576 = PLANE('',#10577);
#10577 = AXIS2_PLACEMENT_3D('',#10578,#10579,#10580);
#10578 = CARTESIAN_POINT('',(0.5,5.35,0.));
#10579 = DIRECTION('',(-0.,-0.,1.));
#10580 = DIRECTION('',(-1.,0.,0.));
#10581 = ADVANCED_FACE('',(#10582),#10588,.T.);
#10582 = FACE_BOUND('',#10583,.F.);
#10583 = EDGE_LOOP('',(#10584,#10585,#10586,#10587));
#10584 = ORIENTED_EDGE('',*,*,#10475,.F.);
#10585 = ORIENTED_EDGE('',*,*,#10536,.T.);
#10586 = ORIENTED_EDGE('',*,*,#10515,.T.);
#10587 = ORIENTED_EDGE('',*,*,#10558,.F.);
#10588 = PLANE('',#10589);
#10589 = AXIS2_PLACEMENT_3D('',#10590,#10591,#10592);
#10590 = CARTESIAN_POINT('',(0.5,5.35,0.203));
#10591 = DIRECTION('',(-0.,-0.,1.));
#10592 = DIRECTION('',(-1.,0.,0.));
#10593 = MANIFOLD_SOLID_BREP('',#10594);
#10594 = CLOSED_SHELL('',(#10595,#10635,#10675,#10697,#10719,#10731));
#10595 = ADVANCED_FACE('',(#10596),#10630,.F.);
#10596 = FACE_BOUND('',#10597,.T.);
#10597 = EDGE_LOOP('',(#10598,#10608,#10616,#10624));
#10598 = ORIENTED_EDGE('',*,*,#10599,.F.);
#10599 = EDGE_CURVE('',#10600,#10602,#10604,.T.);
#10600 = VERTEX_POINT('',#10601);
#10601 = CARTESIAN_POINT('',(0.1,5.35,0.));
#10602 = VERTEX_POINT('',#10603);
#10603 = CARTESIAN_POINT('',(0.1,5.35,0.203));
#10604 = LINE('',#10605,#10606);
#10605 = CARTESIAN_POINT('',(0.1,5.35,0.));
#10606 = VECTOR('',#10607,1.);
#10607 = DIRECTION('',(-0.,-0.,1.));
#10608 = ORIENTED_EDGE('',*,*,#10609,.T.);
#10609 = EDGE_CURVE('',#10600,#10610,#10612,.T.);
#10610 = VERTEX_POINT('',#10611);
#10611 = CARTESIAN_POINT('',(0.1,4.55,0.));
#10612 = LINE('',#10613,#10614);
#10613 = CARTESIAN_POINT('',(0.1,5.35,0.));
#10614 = VECTOR('',#10615,1.);
#10615 = DIRECTION('',(-0.,-1.,-0.));
#10616 = ORIENTED_EDGE('',*,*,#10617,.T.);
#10617 = EDGE_CURVE('',#10610,#10618,#10620,.T.);
#10618 = VERTEX_POINT('',#10619);
#10619 = CARTESIAN_POINT('',(0.1,4.55,0.203));
#10620 = LINE('',#10621,#10622);
#10621 = CARTESIAN_POINT('',(0.1,4.55,0.));
#10622 = VECTOR('',#10623,1.);
#10623 = DIRECTION('',(-0.,-0.,1.));
#10624 = ORIENTED_EDGE('',*,*,#10625,.F.);
#10625 = EDGE_CURVE('',#10602,#10618,#10626,.T.);
#10626 = LINE('',#10627,#10628);
#10627 = CARTESIAN_POINT('',(0.1,5.35,0.203));
#10628 = VECTOR('',#10629,1.);
#10629 = DIRECTION('',(-0.,-1.,-0.));
#10630 = PLANE('',#10631);
#10631 = AXIS2_PLACEMENT_3D('',#10632,#10633,#10634);
#10632 = CARTESIAN_POINT('',(0.1,5.35,0.));
#10633 = DIRECTION('',(1.,-0.,-0.));
#10634 = DIRECTION('',(0.,0.,-1.));
#10635 = ADVANCED_FACE('',(#10636),#10670,.T.);
#10636 = FACE_BOUND('',#10637,.F.);
#10637 = EDGE_LOOP('',(#10638,#10648,#10656,#10664));
#10638 = ORIENTED_EDGE('',*,*,#10639,.F.);
#10639 = EDGE_CURVE('',#10640,#10642,#10644,.T.);
#10640 = VERTEX_POINT('',#10641);
#10641 = CARTESIAN_POINT('',(0.3,5.35,0.));
#10642 = VERTEX_POINT('',#10643);
#10643 = CARTESIAN_POINT('',(0.3,5.35,0.203));
#10644 = LINE('',#10645,#10646);
#10645 = CARTESIAN_POINT('',(0.3,5.35,0.));
#10646 = VECTOR('',#10647,1.);
#10647 = DIRECTION('',(-0.,-0.,1.));
#10648 = ORIENTED_EDGE('',*,*,#10649,.T.);
#10649 = EDGE_CURVE('',#10640,#10650,#10652,.T.);
#10650 = VERTEX_POINT('',#10651);
#10651 = CARTESIAN_POINT('',(0.3,4.55,0.));
#10652 = LINE('',#10653,#10654);
#10653 = CARTESIAN_POINT('',(0.3,5.35,0.));
#10654 = VECTOR('',#10655,1.);
#10655 = DIRECTION('',(-0.,-1.,-0.));
#10656 = ORIENTED_EDGE('',*,*,#10657,.T.);
#10657 = EDGE_CURVE('',#10650,#10658,#10660,.T.);
#10658 = VERTEX_POINT('',#10659);
#10659 = CARTESIAN_POINT('',(0.3,4.55,0.203));
#10660 = LINE('',#10661,#10662);
#10661 = CARTESIAN_POINT('',(0.3,4.55,0.));
#10662 = VECTOR('',#10663,1.);
#10663 = DIRECTION('',(-0.,-0.,1.));
#10664 = ORIENTED_EDGE('',*,*,#10665,.F.);
#10665 = EDGE_CURVE('',#10642,#10658,#10666,.T.);
#10666 = LINE('',#10667,#10668);
#10667 = CARTESIAN_POINT('',(0.3,5.35,0.203));
#10668 = VECTOR('',#10669,1.);
#10669 = DIRECTION('',(-0.,-1.,-0.));
#10670 = PLANE('',#10671);
#10671 = AXIS2_PLACEMENT_3D('',#10672,#10673,#10674);
#10672 = CARTESIAN_POINT('',(0.3,5.35,0.));
#10673 = DIRECTION('',(1.,-0.,-0.));
#10674 = DIRECTION('',(0.,0.,-1.));
#10675 = ADVANCED_FACE('',(#10676),#10692,.F.);
#10676 = FACE_BOUND('',#10677,.T.);
#10677 = EDGE_LOOP('',(#10678,#10684,#10685,#10691));
#10678 = ORIENTED_EDGE('',*,*,#10679,.F.);
#10679 = EDGE_CURVE('',#10600,#10640,#10680,.T.);
#10680 = LINE('',#10681,#10682);
#10681 = CARTESIAN_POINT('',(0.1,5.35,0.));
#10682 = VECTOR('',#10683,1.);
#10683 = DIRECTION('',(1.,-0.,-0.));
#10684 = ORIENTED_EDGE('',*,*,#10599,.T.);
#10685 = ORIENTED_EDGE('',*,*,#10686,.T.);
#10686 = EDGE_CURVE('',#10602,#10642,#10687,.T.);
#10687 = LINE('',#10688,#10689);
#10688 = CARTESIAN_POINT('',(0.1,5.35,0.203));
#10689 = VECTOR('',#10690,1.);
#10690 = DIRECTION('',(1.,-0.,-0.));
#10691 = ORIENTED_EDGE('',*,*,#10639,.F.);
#10692 = PLANE('',#10693);
#10693 = AXIS2_PLACEMENT_3D('',#10694,#10695,#10696);
#10694 = CARTESIAN_POINT('',(0.1,5.35,0.));
#10695 = DIRECTION('',(-0.,-1.,-0.));
#10696 = DIRECTION('',(0.,0.,-1.));
#10697 = ADVANCED_FACE('',(#10698),#10714,.T.);
#10698 = FACE_BOUND('',#10699,.F.);
#10699 = EDGE_LOOP('',(#10700,#10706,#10707,#10713));
#10700 = ORIENTED_EDGE('',*,*,#10701,.F.);
#10701 = EDGE_CURVE('',#10610,#10650,#10702,.T.);
#10702 = LINE('',#10703,#10704);
#10703 = CARTESIAN_POINT('',(0.1,4.55,0.));
#10704 = VECTOR('',#10705,1.);
#10705 = DIRECTION('',(1.,-0.,-0.));
#10706 = ORIENTED_EDGE('',*,*,#10617,.T.);
#10707 = ORIENTED_EDGE('',*,*,#10708,.T.);
#10708 = EDGE_CURVE('',#10618,#10658,#10709,.T.);
#10709 = LINE('',#10710,#10711);
#10710 = CARTESIAN_POINT('',(0.1,4.55,0.203));
#10711 = VECTOR('',#10712,1.);
#10712 = DIRECTION('',(1.,-0.,-0.));
#10713 = ORIENTED_EDGE('',*,*,#10657,.F.);
#10714 = PLANE('',#10715);
#10715 = AXIS2_PLACEMENT_3D('',#10716,#10717,#10718);
#10716 = CARTESIAN_POINT('',(0.1,4.55,0.));
#10717 = DIRECTION('',(-0.,-1.,-0.));
#10718 = DIRECTION('',(0.,0.,-1.));
#10719 = ADVANCED_FACE('',(#10720),#10726,.F.);
#10720 = FACE_BOUND('',#10721,.T.);
#10721 = EDGE_LOOP('',(#10722,#10723,#10724,#10725));
#10722 = ORIENTED_EDGE('',*,*,#10609,.F.);
#10723 = ORIENTED_EDGE('',*,*,#10679,.T.);
#10724 = ORIENTED_EDGE('',*,*,#10649,.T.);
#10725 = ORIENTED_EDGE('',*,*,#10701,.F.);
#10726 = PLANE('',#10727);
#10727 = AXIS2_PLACEMENT_3D('',#10728,#10729,#10730);
#10728 = CARTESIAN_POINT('',(0.1,5.35,0.));
#10729 = DIRECTION('',(-0.,-0.,1.));
#10730 = DIRECTION('',(-1.,0.,0.));
#10731 = ADVANCED_FACE('',(#10732),#10738,.T.);
#10732 = FACE_BOUND('',#10733,.F.);
#10733 = EDGE_LOOP('',(#10734,#10735,#10736,#10737));
#10734 = ORIENTED_EDGE('',*,*,#10625,.F.);
#10735 = ORIENTED_EDGE('',*,*,#10686,.T.);
#10736 = ORIENTED_EDGE('',*,*,#10665,.T.);
#10737 = ORIENTED_EDGE('',*,*,#10708,.F.);
#10738 = PLANE('',#10739);
#10739 = AXIS2_PLACEMENT_3D('',#10740,#10741,#10742);
#10740 = CARTESIAN_POINT('',(0.1,5.35,0.203));
#10741 = DIRECTION('',(-0.,-0.,1.));
#10742 = DIRECTION('',(-1.,0.,0.));
#10743 = MANIFOLD_SOLID_BREP('',#10744);
#10744 = CLOSED_SHELL('',(#10745,#10785,#10825,#10847,#10869,#10881));
#10745 = ADVANCED_FACE('',(#10746),#10780,.F.);
#10746 = FACE_BOUND('',#10747,.T.);
#10747 = EDGE_LOOP('',(#10748,#10758,#10766,#10774));
#10748 = ORIENTED_EDGE('',*,*,#10749,.F.);
#10749 = EDGE_CURVE('',#10750,#10752,#10754,.T.);
#10750 = VERTEX_POINT('',#10751);
#10751 = CARTESIAN_POINT('',(-0.3,5.35,0.));
#10752 = VERTEX_POINT('',#10753);
#10753 = CARTESIAN_POINT('',(-0.3,5.35,0.203));
#10754 = LINE('',#10755,#10756);
#10755 = CARTESIAN_POINT('',(-0.3,5.35,0.));
#10756 = VECTOR('',#10757,1.);
#10757 = DIRECTION('',(-0.,-0.,1.));
#10758 = ORIENTED_EDGE('',*,*,#10759,.T.);
#10759 = EDGE_CURVE('',#10750,#10760,#10762,.T.);
#10760 = VERTEX_POINT('',#10761);
#10761 = CARTESIAN_POINT('',(-0.3,4.55,0.));
#10762 = LINE('',#10763,#10764);
#10763 = CARTESIAN_POINT('',(-0.3,5.35,0.));
#10764 = VECTOR('',#10765,1.);
#10765 = DIRECTION('',(-0.,-1.,-0.));
#10766 = ORIENTED_EDGE('',*,*,#10767,.T.);
#10767 = EDGE_CURVE('',#10760,#10768,#10770,.T.);
#10768 = VERTEX_POINT('',#10769);
#10769 = CARTESIAN_POINT('',(-0.3,4.55,0.203));
#10770 = LINE('',#10771,#10772);
#10771 = CARTESIAN_POINT('',(-0.3,4.55,0.));
#10772 = VECTOR('',#10773,1.);
#10773 = DIRECTION('',(-0.,-0.,1.));
#10774 = ORIENTED_EDGE('',*,*,#10775,.F.);
#10775 = EDGE_CURVE('',#10752,#10768,#10776,.T.);
#10776 = LINE('',#10777,#10778);
#10777 = CARTESIAN_POINT('',(-0.3,5.35,0.203));
#10778 = VECTOR('',#10779,1.);
#10779 = DIRECTION('',(-0.,-1.,-0.));
#10780 = PLANE('',#10781);
#10781 = AXIS2_PLACEMENT_3D('',#10782,#10783,#10784);
#10782 = CARTESIAN_POINT('',(-0.3,5.35,0.));
#10783 = DIRECTION('',(1.,-0.,-0.));
#10784 = DIRECTION('',(0.,0.,-1.));
#10785 = ADVANCED_FACE('',(#10786),#10820,.T.);
#10786 = FACE_BOUND('',#10787,.F.);
#10787 = EDGE_LOOP('',(#10788,#10798,#10806,#10814));
#10788 = ORIENTED_EDGE('',*,*,#10789,.F.);
#10789 = EDGE_CURVE('',#10790,#10792,#10794,.T.);
#10790 = VERTEX_POINT('',#10791);
#10791 = CARTESIAN_POINT('',(-1.E-01,5.35,0.));
#10792 = VERTEX_POINT('',#10793);
#10793 = CARTESIAN_POINT('',(-1.E-01,5.35,0.203));
#10794 = LINE('',#10795,#10796);
#10795 = CARTESIAN_POINT('',(-1.E-01,5.35,0.));
#10796 = VECTOR('',#10797,1.);
#10797 = DIRECTION('',(-0.,-0.,1.));
#10798 = ORIENTED_EDGE('',*,*,#10799,.T.);
#10799 = EDGE_CURVE('',#10790,#10800,#10802,.T.);
#10800 = VERTEX_POINT('',#10801);
#10801 = CARTESIAN_POINT('',(-1.E-01,4.55,0.));
#10802 = LINE('',#10803,#10804);
#10803 = CARTESIAN_POINT('',(-1.E-01,5.35,0.));
#10804 = VECTOR('',#10805,1.);
#10805 = DIRECTION('',(-0.,-1.,-0.));
#10806 = ORIENTED_EDGE('',*,*,#10807,.T.);
#10807 = EDGE_CURVE('',#10800,#10808,#10810,.T.);
#10808 = VERTEX_POINT('',#10809);
#10809 = CARTESIAN_POINT('',(-1.E-01,4.55,0.203));
#10810 = LINE('',#10811,#10812);
#10811 = CARTESIAN_POINT('',(-1.E-01,4.55,0.));
#10812 = VECTOR('',#10813,1.);
#10813 = DIRECTION('',(-0.,-0.,1.));
#10814 = ORIENTED_EDGE('',*,*,#10815,.F.);
#10815 = EDGE_CURVE('',#10792,#10808,#10816,.T.);
#10816 = LINE('',#10817,#10818);
#10817 = CARTESIAN_POINT('',(-1.E-01,5.35,0.203));
#10818 = VECTOR('',#10819,1.);
#10819 = DIRECTION('',(-0.,-1.,-0.));
#10820 = PLANE('',#10821);
#10821 = AXIS2_PLACEMENT_3D('',#10822,#10823,#10824);
#10822 = CARTESIAN_POINT('',(-1.E-01,5.35,0.));
#10823 = DIRECTION('',(1.,-0.,-0.));
#10824 = DIRECTION('',(0.,0.,-1.));
#10825 = ADVANCED_FACE('',(#10826),#10842,.F.);
#10826 = FACE_BOUND('',#10827,.T.);
#10827 = EDGE_LOOP('',(#10828,#10834,#10835,#10841));
#10828 = ORIENTED_EDGE('',*,*,#10829,.F.);
#10829 = EDGE_CURVE('',#10750,#10790,#10830,.T.);
#10830 = LINE('',#10831,#10832);
#10831 = CARTESIAN_POINT('',(-0.3,5.35,0.));
#10832 = VECTOR('',#10833,1.);
#10833 = DIRECTION('',(1.,-0.,-0.));
#10834 = ORIENTED_EDGE('',*,*,#10749,.T.);
#10835 = ORIENTED_EDGE('',*,*,#10836,.T.);
#10836 = EDGE_CURVE('',#10752,#10792,#10837,.T.);
#10837 = LINE('',#10838,#10839);
#10838 = CARTESIAN_POINT('',(-0.3,5.35,0.203));
#10839 = VECTOR('',#10840,1.);
#10840 = DIRECTION('',(1.,-0.,-0.));
#10841 = ORIENTED_EDGE('',*,*,#10789,.F.);
#10842 = PLANE('',#10843);
#10843 = AXIS2_PLACEMENT_3D('',#10844,#10845,#10846);
#10844 = CARTESIAN_POINT('',(-0.3,5.35,0.));
#10845 = DIRECTION('',(-0.,-1.,-0.));
#10846 = DIRECTION('',(0.,0.,-1.));
#10847 = ADVANCED_FACE('',(#10848),#10864,.T.);
#10848 = FACE_BOUND('',#10849,.F.);
#10849 = EDGE_LOOP('',(#10850,#10856,#10857,#10863));
#10850 = ORIENTED_EDGE('',*,*,#10851,.F.);
#10851 = EDGE_CURVE('',#10760,#10800,#10852,.T.);
#10852 = LINE('',#10853,#10854);
#10853 = CARTESIAN_POINT('',(-0.3,4.55,0.));
#10854 = VECTOR('',#10855,1.);
#10855 = DIRECTION('',(1.,-0.,-0.));
#10856 = ORIENTED_EDGE('',*,*,#10767,.T.);
#10857 = ORIENTED_EDGE('',*,*,#10858,.T.);
#10858 = EDGE_CURVE('',#10768,#10808,#10859,.T.);
#10859 = LINE('',#10860,#10861);
#10860 = CARTESIAN_POINT('',(-0.3,4.55,0.203));
#10861 = VECTOR('',#10862,1.);
#10862 = DIRECTION('',(1.,-0.,-0.));
#10863 = ORIENTED_EDGE('',*,*,#10807,.F.);
#10864 = PLANE('',#10865);
#10865 = AXIS2_PLACEMENT_3D('',#10866,#10867,#10868);
#10866 = CARTESIAN_POINT('',(-0.3,4.55,0.));
#10867 = DIRECTION('',(-0.,-1.,-0.));
#10868 = DIRECTION('',(0.,0.,-1.));
#10869 = ADVANCED_FACE('',(#10870),#10876,.F.);
#10870 = FACE_BOUND('',#10871,.T.);
#10871 = EDGE_LOOP('',(#10872,#10873,#10874,#10875));
#10872 = ORIENTED_EDGE('',*,*,#10759,.F.);
#10873 = ORIENTED_EDGE('',*,*,#10829,.T.);
#10874 = ORIENTED_EDGE('',*,*,#10799,.T.);
#10875 = ORIENTED_EDGE('',*,*,#10851,.F.);
#10876 = PLANE('',#10877);
#10877 = AXIS2_PLACEMENT_3D('',#10878,#10879,#10880);
#10878 = CARTESIAN_POINT('',(-0.3,5.35,0.));
#10879 = DIRECTION('',(-0.,-0.,1.));
#10880 = DIRECTION('',(-1.,0.,0.));
#10881 = ADVANCED_FACE('',(#10882),#10888,.T.);
#10882 = FACE_BOUND('',#10883,.F.);
#10883 = EDGE_LOOP('',(#10884,#10885,#10886,#10887));
#10884 = ORIENTED_EDGE('',*,*,#10775,.F.);
#10885 = ORIENTED_EDGE('',*,*,#10836,.T.);
#10886 = ORIENTED_EDGE('',*,*,#10815,.T.);
#10887 = ORIENTED_EDGE('',*,*,#10858,.F.);
#10888 = PLANE('',#10889);
#10889 = AXIS2_PLACEMENT_3D('',#10890,#10891,#10892);
#10890 = CARTESIAN_POINT('',(-0.3,5.35,0.203));
#10891 = DIRECTION('',(-0.,-0.,1.));
#10892 = DIRECTION('',(-1.,0.,0.));
#10893 = MANIFOLD_SOLID_BREP('',#10894);
#10894 = CLOSED_SHELL('',(#10895,#10935,#10975,#10997,#11019,#11031));
#10895 = ADVANCED_FACE('',(#10896),#10930,.F.);
#10896 = FACE_BOUND('',#10897,.T.);
#10897 = EDGE_LOOP('',(#10898,#10908,#10916,#10924));
#10898 = ORIENTED_EDGE('',*,*,#10899,.F.);
#10899 = EDGE_CURVE('',#10900,#10902,#10904,.T.);
#10900 = VERTEX_POINT('',#10901);
#10901 = CARTESIAN_POINT('',(-0.7,5.35,0.));
#10902 = VERTEX_POINT('',#10903);
#10903 = CARTESIAN_POINT('',(-0.7,5.35,0.203));
#10904 = LINE('',#10905,#10906);
#10905 = CARTESIAN_POINT('',(-0.7,5.35,0.));
#10906 = VECTOR('',#10907,1.);
#10907 = DIRECTION('',(-0.,-0.,1.));
#10908 = ORIENTED_EDGE('',*,*,#10909,.T.);
#10909 = EDGE_CURVE('',#10900,#10910,#10912,.T.);
#10910 = VERTEX_POINT('',#10911);
#10911 = CARTESIAN_POINT('',(-0.7,4.55,0.));
#10912 = LINE('',#10913,#10914);
#10913 = CARTESIAN_POINT('',(-0.7,5.35,0.));
#10914 = VECTOR('',#10915,1.);
#10915 = DIRECTION('',(-0.,-1.,-0.));
#10916 = ORIENTED_EDGE('',*,*,#10917,.T.);
#10917 = EDGE_CURVE('',#10910,#10918,#10920,.T.);
#10918 = VERTEX_POINT('',#10919);
#10919 = CARTESIAN_POINT('',(-0.7,4.55,0.203));
#10920 = LINE('',#10921,#10922);
#10921 = CARTESIAN_POINT('',(-0.7,4.55,0.));
#10922 = VECTOR('',#10923,1.);
#10923 = DIRECTION('',(-0.,-0.,1.));
#10924 = ORIENTED_EDGE('',*,*,#10925,.F.);
#10925 = EDGE_CURVE('',#10902,#10918,#10926,.T.);
#10926 = LINE('',#10927,#10928);
#10927 = CARTESIAN_POINT('',(-0.7,5.35,0.203));
#10928 = VECTOR('',#10929,1.);
#10929 = DIRECTION('',(-0.,-1.,-0.));
#10930 = PLANE('',#10931);
#10931 = AXIS2_PLACEMENT_3D('',#10932,#10933,#10934);
#10932 = CARTESIAN_POINT('',(-0.7,5.35,0.));
#10933 = DIRECTION('',(1.,-0.,-0.));
#10934 = DIRECTION('',(0.,0.,-1.));
#10935 = ADVANCED_FACE('',(#10936),#10970,.T.);
#10936 = FACE_BOUND('',#10937,.F.);
#10937 = EDGE_LOOP('',(#10938,#10948,#10956,#10964));
#10938 = ORIENTED_EDGE('',*,*,#10939,.F.);
#10939 = EDGE_CURVE('',#10940,#10942,#10944,.T.);
#10940 = VERTEX_POINT('',#10941);
#10941 = CARTESIAN_POINT('',(-0.5,5.35,0.));
#10942 = VERTEX_POINT('',#10943);
#10943 = CARTESIAN_POINT('',(-0.5,5.35,0.203));
#10944 = LINE('',#10945,#10946);
#10945 = CARTESIAN_POINT('',(-0.5,5.35,0.));
#10946 = VECTOR('',#10947,1.);
#10947 = DIRECTION('',(-0.,-0.,1.));
#10948 = ORIENTED_EDGE('',*,*,#10949,.T.);
#10949 = EDGE_CURVE('',#10940,#10950,#10952,.T.);
#10950 = VERTEX_POINT('',#10951);
#10951 = CARTESIAN_POINT('',(-0.5,4.55,0.));
#10952 = LINE('',#10953,#10954);
#10953 = CARTESIAN_POINT('',(-0.5,5.35,0.));
#10954 = VECTOR('',#10955,1.);
#10955 = DIRECTION('',(-0.,-1.,-0.));
#10956 = ORIENTED_EDGE('',*,*,#10957,.T.);
#10957 = EDGE_CURVE('',#10950,#10958,#10960,.T.);
#10958 = VERTEX_POINT('',#10959);
#10959 = CARTESIAN_POINT('',(-0.5,4.55,0.203));
#10960 = LINE('',#10961,#10962);
#10961 = CARTESIAN_POINT('',(-0.5,4.55,0.));
#10962 = VECTOR('',#10963,1.);
#10963 = DIRECTION('',(-0.,-0.,1.));
#10964 = ORIENTED_EDGE('',*,*,#10965,.F.);
#10965 = EDGE_CURVE('',#10942,#10958,#10966,.T.);
#10966 = LINE('',#10967,#10968);
#10967 = CARTESIAN_POINT('',(-0.5,5.35,0.203));
#10968 = VECTOR('',#10969,1.);
#10969 = DIRECTION('',(-0.,-1.,-0.));
#10970 = PLANE('',#10971);
#10971 = AXIS2_PLACEMENT_3D('',#10972,#10973,#10974);
#10972 = CARTESIAN_POINT('',(-0.5,5.35,0.));
#10973 = DIRECTION('',(1.,-0.,-0.));
#10974 = DIRECTION('',(0.,0.,-1.));
#10975 = ADVANCED_FACE('',(#10976),#10992,.F.);
#10976 = FACE_BOUND('',#10977,.T.);
#10977 = EDGE_LOOP('',(#10978,#10984,#10985,#10991));
#10978 = ORIENTED_EDGE('',*,*,#10979,.F.);
#10979 = EDGE_CURVE('',#10900,#10940,#10980,.T.);
#10980 = LINE('',#10981,#10982);
#10981 = CARTESIAN_POINT('',(-0.7,5.35,0.));
#10982 = VECTOR('',#10983,1.);
#10983 = DIRECTION('',(1.,-0.,-0.));
#10984 = ORIENTED_EDGE('',*,*,#10899,.T.);
#10985 = ORIENTED_EDGE('',*,*,#10986,.T.);
#10986 = EDGE_CURVE('',#10902,#10942,#10987,.T.);
#10987 = LINE('',#10988,#10989);
#10988 = CARTESIAN_POINT('',(-0.7,5.35,0.203));
#10989 = VECTOR('',#10990,1.);
#10990 = DIRECTION('',(1.,-0.,-0.));
#10991 = ORIENTED_EDGE('',*,*,#10939,.F.);
#10992 = PLANE('',#10993);
#10993 = AXIS2_PLACEMENT_3D('',#10994,#10995,#10996);
#10994 = CARTESIAN_POINT('',(-0.7,5.35,0.));
#10995 = DIRECTION('',(-0.,-1.,-0.));
#10996 = DIRECTION('',(0.,0.,-1.));
#10997 = ADVANCED_FACE('',(#10998),#11014,.T.);
#10998 = FACE_BOUND('',#10999,.F.);
#10999 = EDGE_LOOP('',(#11000,#11006,#11007,#11013));
#11000 = ORIENTED_EDGE('',*,*,#11001,.F.);
#11001 = EDGE_CURVE('',#10910,#10950,#11002,.T.);
#11002 = LINE('',#11003,#11004);
#11003 = CARTESIAN_POINT('',(-0.7,4.55,0.));
#11004 = VECTOR('',#11005,1.);
#11005 = DIRECTION('',(1.,-0.,-0.));
#11006 = ORIENTED_EDGE('',*,*,#10917,.T.);
#11007 = ORIENTED_EDGE('',*,*,#11008,.T.);
#11008 = EDGE_CURVE('',#10918,#10958,#11009,.T.);
#11009 = LINE('',#11010,#11011);
#11010 = CARTESIAN_POINT('',(-0.7,4.55,0.203));
#11011 = VECTOR('',#11012,1.);
#11012 = DIRECTION('',(1.,-0.,-0.));
#11013 = ORIENTED_EDGE('',*,*,#10957,.F.);
#11014 = PLANE('',#11015);
#11015 = AXIS2_PLACEMENT_3D('',#11016,#11017,#11018);
#11016 = CARTESIAN_POINT('',(-0.7,4.55,0.));
#11017 = DIRECTION('',(-0.,-1.,-0.));
#11018 = DIRECTION('',(0.,0.,-1.));
#11019 = ADVANCED_FACE('',(#11020),#11026,.F.);
#11020 = FACE_BOUND('',#11021,.T.);
#11021 = EDGE_LOOP('',(#11022,#11023,#11024,#11025));
#11022 = ORIENTED_EDGE('',*,*,#10909,.F.);
#11023 = ORIENTED_EDGE('',*,*,#10979,.T.);
#11024 = ORIENTED_EDGE('',*,*,#10949,.T.);
#11025 = ORIENTED_EDGE('',*,*,#11001,.F.);
#11026 = PLANE('',#11027);
#11027 = AXIS2_PLACEMENT_3D('',#11028,#11029,#11030);
#11028 = CARTESIAN_POINT('',(-0.7,5.35,0.));
#11029 = DIRECTION('',(-0.,-0.,1.));
#11030 = DIRECTION('',(-1.,0.,0.));
#11031 = ADVANCED_FACE('',(#11032),#11038,.T.);
#11032 = FACE_BOUND('',#11033,.F.);
#11033 = EDGE_LOOP('',(#11034,#11035,#11036,#11037));
#11034 = ORIENTED_EDGE('',*,*,#10925,.F.);
#11035 = ORIENTED_EDGE('',*,*,#10986,.T.);
#11036 = ORIENTED_EDGE('',*,*,#10965,.T.);
#11037 = ORIENTED_EDGE('',*,*,#11008,.F.);
#11038 = PLANE('',#11039);
#11039 = AXIS2_PLACEMENT_3D('',#11040,#11041,#11042);
#11040 = CARTESIAN_POINT('',(-0.7,5.35,0.203));
#11041 = DIRECTION('',(-0.,-0.,1.));
#11042 = DIRECTION('',(-1.,0.,0.));
#11043 = MANIFOLD_SOLID_BREP('',#11044);
#11044 = CLOSED_SHELL('',(#11045,#11085,#11125,#11147,#11169,#11181));
#11045 = ADVANCED_FACE('',(#11046),#11080,.F.);
#11046 = FACE_BOUND('',#11047,.T.);
#11047 = EDGE_LOOP('',(#11048,#11058,#11066,#11074));
#11048 = ORIENTED_EDGE('',*,*,#11049,.F.);
#11049 = EDGE_CURVE('',#11050,#11052,#11054,.T.);
#11050 = VERTEX_POINT('',#11051);
#11051 = CARTESIAN_POINT('',(-1.1,5.35,0.));
#11052 = VERTEX_POINT('',#11053);
#11053 = CARTESIAN_POINT('',(-1.1,5.35,0.203));
#11054 = LINE('',#11055,#11056);
#11055 = CARTESIAN_POINT('',(-1.1,5.35,0.));
#11056 = VECTOR('',#11057,1.);
#11057 = DIRECTION('',(-0.,-0.,1.));
#11058 = ORIENTED_EDGE('',*,*,#11059,.T.);
#11059 = EDGE_CURVE('',#11050,#11060,#11062,.T.);
#11060 = VERTEX_POINT('',#11061);
#11061 = CARTESIAN_POINT('',(-1.1,4.55,0.));
#11062 = LINE('',#11063,#11064);
#11063 = CARTESIAN_POINT('',(-1.1,5.35,0.));
#11064 = VECTOR('',#11065,1.);
#11065 = DIRECTION('',(-0.,-1.,-0.));
#11066 = ORIENTED_EDGE('',*,*,#11067,.T.);
#11067 = EDGE_CURVE('',#11060,#11068,#11070,.T.);
#11068 = VERTEX_POINT('',#11069);
#11069 = CARTESIAN_POINT('',(-1.1,4.55,0.203));
#11070 = LINE('',#11071,#11072);
#11071 = CARTESIAN_POINT('',(-1.1,4.55,0.));
#11072 = VECTOR('',#11073,1.);
#11073 = DIRECTION('',(-0.,-0.,1.));
#11074 = ORIENTED_EDGE('',*,*,#11075,.F.);
#11075 = EDGE_CURVE('',#11052,#11068,#11076,.T.);
#11076 = LINE('',#11077,#11078);
#11077 = CARTESIAN_POINT('',(-1.1,5.35,0.203));
#11078 = VECTOR('',#11079,1.);
#11079 = DIRECTION('',(-0.,-1.,-0.));
#11080 = PLANE('',#11081);
#11081 = AXIS2_PLACEMENT_3D('',#11082,#11083,#11084);
#11082 = CARTESIAN_POINT('',(-1.1,5.35,0.));
#11083 = DIRECTION('',(1.,-0.,-0.));
#11084 = DIRECTION('',(0.,0.,-1.));
#11085 = ADVANCED_FACE('',(#11086),#11120,.T.);
#11086 = FACE_BOUND('',#11087,.F.);
#11087 = EDGE_LOOP('',(#11088,#11098,#11106,#11114));
#11088 = ORIENTED_EDGE('',*,*,#11089,.F.);
#11089 = EDGE_CURVE('',#11090,#11092,#11094,.T.);
#11090 = VERTEX_POINT('',#11091);
#11091 = CARTESIAN_POINT('',(-0.9,5.35,0.));
#11092 = VERTEX_POINT('',#11093);
#11093 = CARTESIAN_POINT('',(-0.9,5.35,0.203));
#11094 = LINE('',#11095,#11096);
#11095 = CARTESIAN_POINT('',(-0.9,5.35,0.));
#11096 = VECTOR('',#11097,1.);
#11097 = DIRECTION('',(-0.,-0.,1.));
#11098 = ORIENTED_EDGE('',*,*,#11099,.T.);
#11099 = EDGE_CURVE('',#11090,#11100,#11102,.T.);
#11100 = VERTEX_POINT('',#11101);
#11101 = CARTESIAN_POINT('',(-0.9,4.55,0.));
#11102 = LINE('',#11103,#11104);
#11103 = CARTESIAN_POINT('',(-0.9,5.35,0.));
#11104 = VECTOR('',#11105,1.);
#11105 = DIRECTION('',(-0.,-1.,-0.));
#11106 = ORIENTED_EDGE('',*,*,#11107,.T.);
#11107 = EDGE_CURVE('',#11100,#11108,#11110,.T.);
#11108 = VERTEX_POINT('',#11109);
#11109 = CARTESIAN_POINT('',(-0.9,4.55,0.203));
#11110 = LINE('',#11111,#11112);
#11111 = CARTESIAN_POINT('',(-0.9,4.55,0.));
#11112 = VECTOR('',#11113,1.);
#11113 = DIRECTION('',(-0.,-0.,1.));
#11114 = ORIENTED_EDGE('',*,*,#11115,.F.);
#11115 = EDGE_CURVE('',#11092,#11108,#11116,.T.);
#11116 = LINE('',#11117,#11118);
#11117 = CARTESIAN_POINT('',(-0.9,5.35,0.203));
#11118 = VECTOR('',#11119,1.);
#11119 = DIRECTION('',(-0.,-1.,-0.));
#11120 = PLANE('',#11121);
#11121 = AXIS2_PLACEMENT_3D('',#11122,#11123,#11124);
#11122 = CARTESIAN_POINT('',(-0.9,5.35,0.));
#11123 = DIRECTION('',(1.,-0.,-0.));
#11124 = DIRECTION('',(0.,0.,-1.));
#11125 = ADVANCED_FACE('',(#11126),#11142,.F.);
#11126 = FACE_BOUND('',#11127,.T.);
#11127 = EDGE_LOOP('',(#11128,#11134,#11135,#11141));
#11128 = ORIENTED_EDGE('',*,*,#11129,.F.);
#11129 = EDGE_CURVE('',#11050,#11090,#11130,.T.);
#11130 = LINE('',#11131,#11132);
#11131 = CARTESIAN_POINT('',(-1.1,5.35,0.));
#11132 = VECTOR('',#11133,1.);
#11133 = DIRECTION('',(1.,-0.,-0.));
#11134 = ORIENTED_EDGE('',*,*,#11049,.T.);
#11135 = ORIENTED_EDGE('',*,*,#11136,.T.);
#11136 = EDGE_CURVE('',#11052,#11092,#11137,.T.);
#11137 = LINE('',#11138,#11139);
#11138 = CARTESIAN_POINT('',(-1.1,5.35,0.203));
#11139 = VECTOR('',#11140,1.);
#11140 = DIRECTION('',(1.,-0.,-0.));
#11141 = ORIENTED_EDGE('',*,*,#11089,.F.);
#11142 = PLANE('',#11143);
#11143 = AXIS2_PLACEMENT_3D('',#11144,#11145,#11146);
#11144 = CARTESIAN_POINT('',(-1.1,5.35,0.));
#11145 = DIRECTION('',(-0.,-1.,-0.));
#11146 = DIRECTION('',(0.,0.,-1.));
#11147 = ADVANCED_FACE('',(#11148),#11164,.T.);
#11148 = FACE_BOUND('',#11149,.F.);
#11149 = EDGE_LOOP('',(#11150,#11156,#11157,#11163));
#11150 = ORIENTED_EDGE('',*,*,#11151,.F.);
#11151 = EDGE_CURVE('',#11060,#11100,#11152,.T.);
#11152 = LINE('',#11153,#11154);
#11153 = CARTESIAN_POINT('',(-1.1,4.55,0.));
#11154 = VECTOR('',#11155,1.);
#11155 = DIRECTION('',(1.,-0.,-0.));
#11156 = ORIENTED_EDGE('',*,*,#11067,.T.);
#11157 = ORIENTED_EDGE('',*,*,#11158,.T.);
#11158 = EDGE_CURVE('',#11068,#11108,#11159,.T.);
#11159 = LINE('',#11160,#11161);
#11160 = CARTESIAN_POINT('',(-1.1,4.55,0.203));
#11161 = VECTOR('',#11162,1.);
#11162 = DIRECTION('',(1.,-0.,-0.));
#11163 = ORIENTED_EDGE('',*,*,#11107,.F.);
#11164 = PLANE('',#11165);
#11165 = AXIS2_PLACEMENT_3D('',#11166,#11167,#11168);
#11166 = CARTESIAN_POINT('',(-1.1,4.55,0.));
#11167 = DIRECTION('',(-0.,-1.,-0.));
#11168 = DIRECTION('',(0.,0.,-1.));
#11169 = ADVANCED_FACE('',(#11170),#11176,.F.);
#11170 = FACE_BOUND('',#11171,.T.);
#11171 = EDGE_LOOP('',(#11172,#11173,#11174,#11175));
#11172 = ORIENTED_EDGE('',*,*,#11059,.F.);
#11173 = ORIENTED_EDGE('',*,*,#11129,.T.);
#11174 = ORIENTED_EDGE('',*,*,#11099,.T.);
#11175 = ORIENTED_EDGE('',*,*,#11151,.F.);
#11176 = PLANE('',#11177);
#11177 = AXIS2_PLACEMENT_3D('',#11178,#11179,#11180);
#11178 = CARTESIAN_POINT('',(-1.1,5.35,0.));
#11179 = DIRECTION('',(-0.,-0.,1.));
#11180 = DIRECTION('',(-1.,0.,0.));
#11181 = ADVANCED_FACE('',(#11182),#11188,.T.);
#11182 = FACE_BOUND('',#11183,.F.);
#11183 = EDGE_LOOP('',(#11184,#11185,#11186,#11187));
#11184 = ORIENTED_EDGE('',*,*,#11075,.F.);
#11185 = ORIENTED_EDGE('',*,*,#11136,.T.);
#11186 = ORIENTED_EDGE('',*,*,#11115,.T.);
#11187 = ORIENTED_EDGE('',*,*,#11158,.F.);
#11188 = PLANE('',#11189);
#11189 = AXIS2_PLACEMENT_3D('',#11190,#11191,#11192);
#11190 = CARTESIAN_POINT('',(-1.1,5.35,0.203));
#11191 = DIRECTION('',(-0.,-0.,1.));
#11192 = DIRECTION('',(-1.,0.,0.));
#11193 = MANIFOLD_SOLID_BREP('',#11194);
#11194 = CLOSED_SHELL('',(#11195,#11235,#11275,#11297,#11319,#11331));
#11195 = ADVANCED_FACE('',(#11196),#11230,.F.);
#11196 = FACE_BOUND('',#11197,.T.);
#11197 = EDGE_LOOP('',(#11198,#11208,#11216,#11224));
#11198 = ORIENTED_EDGE('',*,*,#11199,.F.);
#11199 = EDGE_CURVE('',#11200,#11202,#11204,.T.);
#11200 = VERTEX_POINT('',#11201);
#11201 = CARTESIAN_POINT('',(-1.5,5.35,0.));
#11202 = VERTEX_POINT('',#11203);
#11203 = CARTESIAN_POINT('',(-1.5,5.35,0.203));
#11204 = LINE('',#11205,#11206);
#11205 = CARTESIAN_POINT('',(-1.5,5.35,0.));
#11206 = VECTOR('',#11207,1.);
#11207 = DIRECTION('',(-0.,-0.,1.));
#11208 = ORIENTED_EDGE('',*,*,#11209,.T.);
#11209 = EDGE_CURVE('',#11200,#11210,#11212,.T.);
#11210 = VERTEX_POINT('',#11211);
#11211 = CARTESIAN_POINT('',(-1.5,4.55,0.));
#11212 = LINE('',#11213,#11214);
#11213 = CARTESIAN_POINT('',(-1.5,5.35,0.));
#11214 = VECTOR('',#11215,1.);
#11215 = DIRECTION('',(-0.,-1.,-0.));
#11216 = ORIENTED_EDGE('',*,*,#11217,.T.);
#11217 = EDGE_CURVE('',#11210,#11218,#11220,.T.);
#11218 = VERTEX_POINT('',#11219);
#11219 = CARTESIAN_POINT('',(-1.5,4.55,0.203));
#11220 = LINE('',#11221,#11222);
#11221 = CARTESIAN_POINT('',(-1.5,4.55,0.));
#11222 = VECTOR('',#11223,1.);
#11223 = DIRECTION('',(-0.,-0.,1.));
#11224 = ORIENTED_EDGE('',*,*,#11225,.F.);
#11225 = EDGE_CURVE('',#11202,#11218,#11226,.T.);
#11226 = LINE('',#11227,#11228);
#11227 = CARTESIAN_POINT('',(-1.5,5.35,0.203));
#11228 = VECTOR('',#11229,1.);
#11229 = DIRECTION('',(-0.,-1.,-0.));
#11230 = PLANE('',#11231);
#11231 = AXIS2_PLACEMENT_3D('',#11232,#11233,#11234);
#11232 = CARTESIAN_POINT('',(-1.5,5.35,0.));
#11233 = DIRECTION('',(1.,-0.,-0.));
#11234 = DIRECTION('',(0.,0.,-1.));
#11235 = ADVANCED_FACE('',(#11236),#11270,.T.);
#11236 = FACE_BOUND('',#11237,.F.);
#11237 = EDGE_LOOP('',(#11238,#11248,#11256,#11264));
#11238 = ORIENTED_EDGE('',*,*,#11239,.F.);
#11239 = EDGE_CURVE('',#11240,#11242,#11244,.T.);
#11240 = VERTEX_POINT('',#11241);
#11241 = CARTESIAN_POINT('',(-1.3,5.35,0.));
#11242 = VERTEX_POINT('',#11243);
#11243 = CARTESIAN_POINT('',(-1.3,5.35,0.203));
#11244 = LINE('',#11245,#11246);
#11245 = CARTESIAN_POINT('',(-1.3,5.35,0.));
#11246 = VECTOR('',#11247,1.);
#11247 = DIRECTION('',(-0.,-0.,1.));
#11248 = ORIENTED_EDGE('',*,*,#11249,.T.);
#11249 = EDGE_CURVE('',#11240,#11250,#11252,.T.);
#11250 = VERTEX_POINT('',#11251);
#11251 = CARTESIAN_POINT('',(-1.3,4.55,0.));
#11252 = LINE('',#11253,#11254);
#11253 = CARTESIAN_POINT('',(-1.3,5.35,0.));
#11254 = VECTOR('',#11255,1.);
#11255 = DIRECTION('',(-0.,-1.,-0.));
#11256 = ORIENTED_EDGE('',*,*,#11257,.T.);
#11257 = EDGE_CURVE('',#11250,#11258,#11260,.T.);
#11258 = VERTEX_POINT('',#11259);
#11259 = CARTESIAN_POINT('',(-1.3,4.55,0.203));
#11260 = LINE('',#11261,#11262);
#11261 = CARTESIAN_POINT('',(-1.3,4.55,0.));
#11262 = VECTOR('',#11263,1.);
#11263 = DIRECTION('',(-0.,-0.,1.));
#11264 = ORIENTED_EDGE('',*,*,#11265,.F.);
#11265 = EDGE_CURVE('',#11242,#11258,#11266,.T.);
#11266 = LINE('',#11267,#11268);
#11267 = CARTESIAN_POINT('',(-1.3,5.35,0.203));
#11268 = VECTOR('',#11269,1.);
#11269 = DIRECTION('',(-0.,-1.,-0.));
#11270 = PLANE('',#11271);
#11271 = AXIS2_PLACEMENT_3D('',#11272,#11273,#11274);
#11272 = CARTESIAN_POINT('',(-1.3,5.35,0.));
#11273 = DIRECTION('',(1.,-0.,-0.));
#11274 = DIRECTION('',(0.,0.,-1.));
#11275 = ADVANCED_FACE('',(#11276),#11292,.F.);
#11276 = FACE_BOUND('',#11277,.T.);
#11277 = EDGE_LOOP('',(#11278,#11284,#11285,#11291));
#11278 = ORIENTED_EDGE('',*,*,#11279,.F.);
#11279 = EDGE_CURVE('',#11200,#11240,#11280,.T.);
#11280 = LINE('',#11281,#11282);
#11281 = CARTESIAN_POINT('',(-1.5,5.35,0.));
#11282 = VECTOR('',#11283,1.);
#11283 = DIRECTION('',(1.,-0.,-0.));
#11284 = ORIENTED_EDGE('',*,*,#11199,.T.);
#11285 = ORIENTED_EDGE('',*,*,#11286,.T.);
#11286 = EDGE_CURVE('',#11202,#11242,#11287,.T.);
#11287 = LINE('',#11288,#11289);
#11288 = CARTESIAN_POINT('',(-1.5,5.35,0.203));
#11289 = VECTOR('',#11290,1.);
#11290 = DIRECTION('',(1.,-0.,-0.));
#11291 = ORIENTED_EDGE('',*,*,#11239,.F.);
#11292 = PLANE('',#11293);
#11293 = AXIS2_PLACEMENT_3D('',#11294,#11295,#11296);
#11294 = CARTESIAN_POINT('',(-1.5,5.35,0.));
#11295 = DIRECTION('',(-0.,-1.,-0.));
#11296 = DIRECTION('',(0.,0.,-1.));
#11297 = ADVANCED_FACE('',(#11298),#11314,.T.);
#11298 = FACE_BOUND('',#11299,.F.);
#11299 = EDGE_LOOP('',(#11300,#11306,#11307,#11313));
#11300 = ORIENTED_EDGE('',*,*,#11301,.F.);
#11301 = EDGE_CURVE('',#11210,#11250,#11302,.T.);
#11302 = LINE('',#11303,#11304);
#11303 = CARTESIAN_POINT('',(-1.5,4.55,0.));
#11304 = VECTOR('',#11305,1.);
#11305 = DIRECTION('',(1.,-0.,-0.));
#11306 = ORIENTED_EDGE('',*,*,#11217,.T.);
#11307 = ORIENTED_EDGE('',*,*,#11308,.T.);
#11308 = EDGE_CURVE('',#11218,#11258,#11309,.T.);
#11309 = LINE('',#11310,#11311);
#11310 = CARTESIAN_POINT('',(-1.5,4.55,0.203));
#11311 = VECTOR('',#11312,1.);
#11312 = DIRECTION('',(1.,-0.,-0.));
#11313 = ORIENTED_EDGE('',*,*,#11257,.F.);
#11314 = PLANE('',#11315);
#11315 = AXIS2_PLACEMENT_3D('',#11316,#11317,#11318);
#11316 = CARTESIAN_POINT('',(-1.5,4.55,0.));
#11317 = DIRECTION('',(-0.,-1.,-0.));
#11318 = DIRECTION('',(0.,0.,-1.));
#11319 = ADVANCED_FACE('',(#11320),#11326,.F.);
#11320 = FACE_BOUND('',#11321,.T.);
#11321 = EDGE_LOOP('',(#11322,#11323,#11324,#11325));
#11322 = ORIENTED_EDGE('',*,*,#11209,.F.);
#11323 = ORIENTED_EDGE('',*,*,#11279,.T.);
#11324 = ORIENTED_EDGE('',*,*,#11249,.T.);
#11325 = ORIENTED_EDGE('',*,*,#11301,.F.);
#11326 = PLANE('',#11327);
#11327 = AXIS2_PLACEMENT_3D('',#11328,#11329,#11330);
#11328 = CARTESIAN_POINT('',(-1.5,5.35,0.));
#11329 = DIRECTION('',(-0.,-0.,1.));
#11330 = DIRECTION('',(-1.,0.,0.));
#11331 = ADVANCED_FACE('',(#11332),#11338,.T.);
#11332 = FACE_BOUND('',#11333,.F.);
#11333 = EDGE_LOOP('',(#11334,#11335,#11336,#11337));
#11334 = ORIENTED_EDGE('',*,*,#11225,.F.);
#11335 = ORIENTED_EDGE('',*,*,#11286,.T.);
#11336 = ORIENTED_EDGE('',*,*,#11265,.T.);
#11337 = ORIENTED_EDGE('',*,*,#11308,.F.);
#11338 = PLANE('',#11339);
#11339 = AXIS2_PLACEMENT_3D('',#11340,#11341,#11342);
#11340 = CARTESIAN_POINT('',(-1.5,5.35,0.203));
#11341 = DIRECTION('',(-0.,-0.,1.));
#11342 = DIRECTION('',(-1.,0.,0.));
#11343 = MANIFOLD_SOLID_BREP('',#11344);
#11344 = CLOSED_SHELL('',(#11345,#11385,#11425,#11447,#11469,#11481));
#11345 = ADVANCED_FACE('',(#11346),#11380,.F.);
#11346 = FACE_BOUND('',#11347,.T.);
#11347 = EDGE_LOOP('',(#11348,#11358,#11366,#11374));
#11348 = ORIENTED_EDGE('',*,*,#11349,.F.);
#11349 = EDGE_CURVE('',#11350,#11352,#11354,.T.);
#11350 = VERTEX_POINT('',#11351);
#11351 = CARTESIAN_POINT('',(-1.9,5.35,0.));
#11352 = VERTEX_POINT('',#11353);
#11353 = CARTESIAN_POINT('',(-1.9,5.35,0.203));
#11354 = LINE('',#11355,#11356);
#11355 = CARTESIAN_POINT('',(-1.9,5.35,0.));
#11356 = VECTOR('',#11357,1.);
#11357 = DIRECTION('',(-0.,-0.,1.));
#11358 = ORIENTED_EDGE('',*,*,#11359,.T.);
#11359 = EDGE_CURVE('',#11350,#11360,#11362,.T.);
#11360 = VERTEX_POINT('',#11361);
#11361 = CARTESIAN_POINT('',(-1.9,4.55,0.));
#11362 = LINE('',#11363,#11364);
#11363 = CARTESIAN_POINT('',(-1.9,5.35,0.));
#11364 = VECTOR('',#11365,1.);
#11365 = DIRECTION('',(-0.,-1.,-0.));
#11366 = ORIENTED_EDGE('',*,*,#11367,.T.);
#11367 = EDGE_CURVE('',#11360,#11368,#11370,.T.);
#11368 = VERTEX_POINT('',#11369);
#11369 = CARTESIAN_POINT('',(-1.9,4.55,0.203));
#11370 = LINE('',#11371,#11372);
#11371 = CARTESIAN_POINT('',(-1.9,4.55,0.));
#11372 = VECTOR('',#11373,1.);
#11373 = DIRECTION('',(-0.,-0.,1.));
#11374 = ORIENTED_EDGE('',*,*,#11375,.F.);
#11375 = EDGE_CURVE('',#11352,#11368,#11376,.T.);
#11376 = LINE('',#11377,#11378);
#11377 = CARTESIAN_POINT('',(-1.9,5.35,0.203));
#11378 = VECTOR('',#11379,1.);
#11379 = DIRECTION('',(-0.,-1.,-0.));
#11380 = PLANE('',#11381);
#11381 = AXIS2_PLACEMENT_3D('',#11382,#11383,#11384);
#11382 = CARTESIAN_POINT('',(-1.9,5.35,0.));
#11383 = DIRECTION('',(1.,-0.,-0.));
#11384 = DIRECTION('',(0.,0.,-1.));
#11385 = ADVANCED_FACE('',(#11386),#11420,.T.);
#11386 = FACE_BOUND('',#11387,.F.);
#11387 = EDGE_LOOP('',(#11388,#11398,#11406,#11414));
#11388 = ORIENTED_EDGE('',*,*,#11389,.F.);
#11389 = EDGE_CURVE('',#11390,#11392,#11394,.T.);
#11390 = VERTEX_POINT('',#11391);
#11391 = CARTESIAN_POINT('',(-1.7,5.35,0.));
#11392 = VERTEX_POINT('',#11393);
#11393 = CARTESIAN_POINT('',(-1.7,5.35,0.203));
#11394 = LINE('',#11395,#11396);
#11395 = CARTESIAN_POINT('',(-1.7,5.35,0.));
#11396 = VECTOR('',#11397,1.);
#11397 = DIRECTION('',(-0.,-0.,1.));
#11398 = ORIENTED_EDGE('',*,*,#11399,.T.);
#11399 = EDGE_CURVE('',#11390,#11400,#11402,.T.);
#11400 = VERTEX_POINT('',#11401);
#11401 = CARTESIAN_POINT('',(-1.7,4.55,0.));
#11402 = LINE('',#11403,#11404);
#11403 = CARTESIAN_POINT('',(-1.7,5.35,0.));
#11404 = VECTOR('',#11405,1.);
#11405 = DIRECTION('',(-0.,-1.,-0.));
#11406 = ORIENTED_EDGE('',*,*,#11407,.T.);
#11407 = EDGE_CURVE('',#11400,#11408,#11410,.T.);
#11408 = VERTEX_POINT('',#11409);
#11409 = CARTESIAN_POINT('',(-1.7,4.55,0.203));
#11410 = LINE('',#11411,#11412);
#11411 = CARTESIAN_POINT('',(-1.7,4.55,0.));
#11412 = VECTOR('',#11413,1.);
#11413 = DIRECTION('',(-0.,-0.,1.));
#11414 = ORIENTED_EDGE('',*,*,#11415,.F.);
#11415 = EDGE_CURVE('',#11392,#11408,#11416,.T.);
#11416 = LINE('',#11417,#11418);
#11417 = CARTESIAN_POINT('',(-1.7,5.35,0.203));
#11418 = VECTOR('',#11419,1.);
#11419 = DIRECTION('',(-0.,-1.,-0.));
#11420 = PLANE('',#11421);
#11421 = AXIS2_PLACEMENT_3D('',#11422,#11423,#11424);
#11422 = CARTESIAN_POINT('',(-1.7,5.35,0.));
#11423 = DIRECTION('',(1.,-0.,-0.));
#11424 = DIRECTION('',(0.,0.,-1.));
#11425 = ADVANCED_FACE('',(#11426),#11442,.F.);
#11426 = FACE_BOUND('',#11427,.T.);
#11427 = EDGE_LOOP('',(#11428,#11434,#11435,#11441));
#11428 = ORIENTED_EDGE('',*,*,#11429,.F.);
#11429 = EDGE_CURVE('',#11350,#11390,#11430,.T.);
#11430 = LINE('',#11431,#11432);
#11431 = CARTESIAN_POINT('',(-1.9,5.35,0.));
#11432 = VECTOR('',#11433,1.);
#11433 = DIRECTION('',(1.,-0.,-0.));
#11434 = ORIENTED_EDGE('',*,*,#11349,.T.);
#11435 = ORIENTED_EDGE('',*,*,#11436,.T.);
#11436 = EDGE_CURVE('',#11352,#11392,#11437,.T.);
#11437 = LINE('',#11438,#11439);
#11438 = CARTESIAN_POINT('',(-1.9,5.35,0.203));
#11439 = VECTOR('',#11440,1.);
#11440 = DIRECTION('',(1.,-0.,-0.));
#11441 = ORIENTED_EDGE('',*,*,#11389,.F.);
#11442 = PLANE('',#11443);
#11443 = AXIS2_PLACEMENT_3D('',#11444,#11445,#11446);
#11444 = CARTESIAN_POINT('',(-1.9,5.35,0.));
#11445 = DIRECTION('',(-0.,-1.,-0.));
#11446 = DIRECTION('',(0.,0.,-1.));
#11447 = ADVANCED_FACE('',(#11448),#11464,.T.);
#11448 = FACE_BOUND('',#11449,.F.);
#11449 = EDGE_LOOP('',(#11450,#11456,#11457,#11463));
#11450 = ORIENTED_EDGE('',*,*,#11451,.F.);
#11451 = EDGE_CURVE('',#11360,#11400,#11452,.T.);
#11452 = LINE('',#11453,#11454);
#11453 = CARTESIAN_POINT('',(-1.9,4.55,0.));
#11454 = VECTOR('',#11455,1.);
#11455 = DIRECTION('',(1.,-0.,-0.));
#11456 = ORIENTED_EDGE('',*,*,#11367,.T.);
#11457 = ORIENTED_EDGE('',*,*,#11458,.T.);
#11458 = EDGE_CURVE('',#11368,#11408,#11459,.T.);
#11459 = LINE('',#11460,#11461);
#11460 = CARTESIAN_POINT('',(-1.9,4.55,0.203));
#11461 = VECTOR('',#11462,1.);
#11462 = DIRECTION('',(1.,-0.,-0.));
#11463 = ORIENTED_EDGE('',*,*,#11407,.F.);
#11464 = PLANE('',#11465);
#11465 = AXIS2_PLACEMENT_3D('',#11466,#11467,#11468);
#11466 = CARTESIAN_POINT('',(-1.9,4.55,0.));
#11467 = DIRECTION('',(-0.,-1.,-0.));
#11468 = DIRECTION('',(0.,0.,-1.));
#11469 = ADVANCED_FACE('',(#11470),#11476,.F.);
#11470 = FACE_BOUND('',#11471,.T.);
#11471 = EDGE_LOOP('',(#11472,#11473,#11474,#11475));
#11472 = ORIENTED_EDGE('',*,*,#11359,.F.);
#11473 = ORIENTED_EDGE('',*,*,#11429,.T.);
#11474 = ORIENTED_EDGE('',*,*,#11399,.T.);
#11475 = ORIENTED_EDGE('',*,*,#11451,.F.);
#11476 = PLANE('',#11477);
#11477 = AXIS2_PLACEMENT_3D('',#11478,#11479,#11480);
#11478 = CARTESIAN_POINT('',(-1.9,5.35,0.));
#11479 = DIRECTION('',(-0.,-0.,1.));
#11480 = DIRECTION('',(-1.,0.,0.));
#11481 = ADVANCED_FACE('',(#11482),#11488,.T.);
#11482 = FACE_BOUND('',#11483,.F.);
#11483 = EDGE_LOOP('',(#11484,#11485,#11486,#11487));
#11484 = ORIENTED_EDGE('',*,*,#11375,.F.);
#11485 = ORIENTED_EDGE('',*,*,#11436,.T.);
#11486 = ORIENTED_EDGE('',*,*,#11415,.T.);
#11487 = ORIENTED_EDGE('',*,*,#11458,.F.);
#11488 = PLANE('',#11489);
#11489 = AXIS2_PLACEMENT_3D('',#11490,#11491,#11492);
#11490 = CARTESIAN_POINT('',(-1.9,5.35,0.203));
#11491 = DIRECTION('',(-0.,-0.,1.));
#11492 = DIRECTION('',(-1.,0.,0.));
#11493 = MANIFOLD_SOLID_BREP('',#11494);
#11494 = CLOSED_SHELL('',(#11495,#11535,#11575,#11597,#11619,#11631));
#11495 = ADVANCED_FACE('',(#11496),#11530,.F.);
#11496 = FACE_BOUND('',#11497,.T.);
#11497 = EDGE_LOOP('',(#11498,#11508,#11516,#11524));
#11498 = ORIENTED_EDGE('',*,*,#11499,.F.);
#11499 = EDGE_CURVE('',#11500,#11502,#11504,.T.);
#11500 = VERTEX_POINT('',#11501);
#11501 = CARTESIAN_POINT('',(-2.3,5.35,0.));
#11502 = VERTEX_POINT('',#11503);
#11503 = CARTESIAN_POINT('',(-2.3,5.35,0.203));
#11504 = LINE('',#11505,#11506);
#11505 = CARTESIAN_POINT('',(-2.3,5.35,0.));
#11506 = VECTOR('',#11507,1.);
#11507 = DIRECTION('',(-0.,-0.,1.));
#11508 = ORIENTED_EDGE('',*,*,#11509,.T.);
#11509 = EDGE_CURVE('',#11500,#11510,#11512,.T.);
#11510 = VERTEX_POINT('',#11511);
#11511 = CARTESIAN_POINT('',(-2.3,4.55,0.));
#11512 = LINE('',#11513,#11514);
#11513 = CARTESIAN_POINT('',(-2.3,5.35,0.));
#11514 = VECTOR('',#11515,1.);
#11515 = DIRECTION('',(-0.,-1.,-0.));
#11516 = ORIENTED_EDGE('',*,*,#11517,.T.);
#11517 = EDGE_CURVE('',#11510,#11518,#11520,.T.);
#11518 = VERTEX_POINT('',#11519);
#11519 = CARTESIAN_POINT('',(-2.3,4.55,0.203));
#11520 = LINE('',#11521,#11522);
#11521 = CARTESIAN_POINT('',(-2.3,4.55,0.));
#11522 = VECTOR('',#11523,1.);
#11523 = DIRECTION('',(-0.,-0.,1.));
#11524 = ORIENTED_EDGE('',*,*,#11525,.F.);
#11525 = EDGE_CURVE('',#11502,#11518,#11526,.T.);
#11526 = LINE('',#11527,#11528);
#11527 = CARTESIAN_POINT('',(-2.3,5.35,0.203));
#11528 = VECTOR('',#11529,1.);
#11529 = DIRECTION('',(-0.,-1.,-0.));
#11530 = PLANE('',#11531);
#11531 = AXIS2_PLACEMENT_3D('',#11532,#11533,#11534);
#11532 = CARTESIAN_POINT('',(-2.3,5.35,0.));
#11533 = DIRECTION('',(1.,-0.,-0.));
#11534 = DIRECTION('',(0.,0.,-1.));
#11535 = ADVANCED_FACE('',(#11536),#11570,.T.);
#11536 = FACE_BOUND('',#11537,.F.);
#11537 = EDGE_LOOP('',(#11538,#11548,#11556,#11564));
#11538 = ORIENTED_EDGE('',*,*,#11539,.F.);
#11539 = EDGE_CURVE('',#11540,#11542,#11544,.T.);
#11540 = VERTEX_POINT('',#11541);
#11541 = CARTESIAN_POINT('',(-2.1,5.35,0.));
#11542 = VERTEX_POINT('',#11543);
#11543 = CARTESIAN_POINT('',(-2.1,5.35,0.203));
#11544 = LINE('',#11545,#11546);
#11545 = CARTESIAN_POINT('',(-2.1,5.35,0.));
#11546 = VECTOR('',#11547,1.);
#11547 = DIRECTION('',(-0.,-0.,1.));
#11548 = ORIENTED_EDGE('',*,*,#11549,.T.);
#11549 = EDGE_CURVE('',#11540,#11550,#11552,.T.);
#11550 = VERTEX_POINT('',#11551);
#11551 = CARTESIAN_POINT('',(-2.1,4.55,0.));
#11552 = LINE('',#11553,#11554);
#11553 = CARTESIAN_POINT('',(-2.1,5.35,0.));
#11554 = VECTOR('',#11555,1.);
#11555 = DIRECTION('',(-0.,-1.,-0.));
#11556 = ORIENTED_EDGE('',*,*,#11557,.T.);
#11557 = EDGE_CURVE('',#11550,#11558,#11560,.T.);
#11558 = VERTEX_POINT('',#11559);
#11559 = CARTESIAN_POINT('',(-2.1,4.55,0.203));
#11560 = LINE('',#11561,#11562);
#11561 = CARTESIAN_POINT('',(-2.1,4.55,0.));
#11562 = VECTOR('',#11563,1.);
#11563 = DIRECTION('',(-0.,-0.,1.));
#11564 = ORIENTED_EDGE('',*,*,#11565,.F.);
#11565 = EDGE_CURVE('',#11542,#11558,#11566,.T.);
#11566 = LINE('',#11567,#11568);
#11567 = CARTESIAN_POINT('',(-2.1,5.35,0.203));
#11568 = VECTOR('',#11569,1.);
#11569 = DIRECTION('',(-0.,-1.,-0.));
#11570 = PLANE('',#11571);
#11571 = AXIS2_PLACEMENT_3D('',#11572,#11573,#11574);
#11572 = CARTESIAN_POINT('',(-2.1,5.35,0.));
#11573 = DIRECTION('',(1.,-0.,-0.));
#11574 = DIRECTION('',(0.,0.,-1.));
#11575 = ADVANCED_FACE('',(#11576),#11592,.F.);
#11576 = FACE_BOUND('',#11577,.T.);
#11577 = EDGE_LOOP('',(#11578,#11584,#11585,#11591));
#11578 = ORIENTED_EDGE('',*,*,#11579,.F.);
#11579 = EDGE_CURVE('',#11500,#11540,#11580,.T.);
#11580 = LINE('',#11581,#11582);
#11581 = CARTESIAN_POINT('',(-2.3,5.35,0.));
#11582 = VECTOR('',#11583,1.);
#11583 = DIRECTION('',(1.,-0.,-0.));
#11584 = ORIENTED_EDGE('',*,*,#11499,.T.);
#11585 = ORIENTED_EDGE('',*,*,#11586,.T.);
#11586 = EDGE_CURVE('',#11502,#11542,#11587,.T.);
#11587 = LINE('',#11588,#11589);
#11588 = CARTESIAN_POINT('',(-2.3,5.35,0.203));
#11589 = VECTOR('',#11590,1.);
#11590 = DIRECTION('',(1.,-0.,-0.));
#11591 = ORIENTED_EDGE('',*,*,#11539,.F.);
#11592 = PLANE('',#11593);
#11593 = AXIS2_PLACEMENT_3D('',#11594,#11595,#11596);
#11594 = CARTESIAN_POINT('',(-2.3,5.35,0.));
#11595 = DIRECTION('',(-0.,-1.,-0.));
#11596 = DIRECTION('',(0.,0.,-1.));
#11597 = ADVANCED_FACE('',(#11598),#11614,.T.);
#11598 = FACE_BOUND('',#11599,.F.);
#11599 = EDGE_LOOP('',(#11600,#11606,#11607,#11613));
#11600 = ORIENTED_EDGE('',*,*,#11601,.F.);
#11601 = EDGE_CURVE('',#11510,#11550,#11602,.T.);
#11602 = LINE('',#11603,#11604);
#11603 = CARTESIAN_POINT('',(-2.3,4.55,0.));
#11604 = VECTOR('',#11605,1.);
#11605 = DIRECTION('',(1.,-0.,-0.));
#11606 = ORIENTED_EDGE('',*,*,#11517,.T.);
#11607 = ORIENTED_EDGE('',*,*,#11608,.T.);
#11608 = EDGE_CURVE('',#11518,#11558,#11609,.T.);
#11609 = LINE('',#11610,#11611);
#11610 = CARTESIAN_POINT('',(-2.3,4.55,0.203));
#11611 = VECTOR('',#11612,1.);
#11612 = DIRECTION('',(1.,-0.,-0.));
#11613 = ORIENTED_EDGE('',*,*,#11557,.F.);
#11614 = PLANE('',#11615);
#11615 = AXIS2_PLACEMENT_3D('',#11616,#11617,#11618);
#11616 = CARTESIAN_POINT('',(-2.3,4.55,0.));
#11617 = DIRECTION('',(-0.,-1.,-0.));
#11618 = DIRECTION('',(0.,0.,-1.));
#11619 = ADVANCED_FACE('',(#11620),#11626,.F.);
#11620 = FACE_BOUND('',#11621,.T.);
#11621 = EDGE_LOOP('',(#11622,#11623,#11624,#11625));
#11622 = ORIENTED_EDGE('',*,*,#11509,.F.);
#11623 = ORIENTED_EDGE('',*,*,#11579,.T.);
#11624 = ORIENTED_EDGE('',*,*,#11549,.T.);
#11625 = ORIENTED_EDGE('',*,*,#11601,.F.);
#11626 = PLANE('',#11627);
#11627 = AXIS2_PLACEMENT_3D('',#11628,#11629,#11630);
#11628 = CARTESIAN_POINT('',(-2.3,5.35,0.));
#11629 = DIRECTION('',(-0.,-0.,1.));
#11630 = DIRECTION('',(-1.,0.,0.));
#11631 = ADVANCED_FACE('',(#11632),#11638,.T.);
#11632 = FACE_BOUND('',#11633,.F.);
#11633 = EDGE_LOOP('',(#11634,#11635,#11636,#11637));
#11634 = ORIENTED_EDGE('',*,*,#11525,.F.);
#11635 = ORIENTED_EDGE('',*,*,#11586,.T.);
#11636 = ORIENTED_EDGE('',*,*,#11565,.T.);
#11637 = ORIENTED_EDGE('',*,*,#11608,.F.);
#11638 = PLANE('',#11639);
#11639 = AXIS2_PLACEMENT_3D('',#11640,#11641,#11642);
#11640 = CARTESIAN_POINT('',(-2.3,5.35,0.203));
#11641 = DIRECTION('',(-0.,-0.,1.));
#11642 = DIRECTION('',(-1.,0.,0.));
#11643 = MANIFOLD_SOLID_BREP('',#11644);
#11644 = CLOSED_SHELL('',(#11645,#11685,#11725,#11747,#11769,#11781));
#11645 = ADVANCED_FACE('',(#11646),#11680,.F.);
#11646 = FACE_BOUND('',#11647,.T.);
#11647 = EDGE_LOOP('',(#11648,#11658,#11666,#11674));
#11648 = ORIENTED_EDGE('',*,*,#11649,.F.);
#11649 = EDGE_CURVE('',#11650,#11652,#11654,.T.);
#11650 = VERTEX_POINT('',#11651);
#11651 = CARTESIAN_POINT('',(-2.7,5.35,0.));
#11652 = VERTEX_POINT('',#11653);
#11653 = CARTESIAN_POINT('',(-2.7,5.35,0.203));
#11654 = LINE('',#11655,#11656);
#11655 = CARTESIAN_POINT('',(-2.7,5.35,0.));
#11656 = VECTOR('',#11657,1.);
#11657 = DIRECTION('',(-0.,-0.,1.));
#11658 = ORIENTED_EDGE('',*,*,#11659,.T.);
#11659 = EDGE_CURVE('',#11650,#11660,#11662,.T.);
#11660 = VERTEX_POINT('',#11661);
#11661 = CARTESIAN_POINT('',(-2.7,4.55,0.));
#11662 = LINE('',#11663,#11664);
#11663 = CARTESIAN_POINT('',(-2.7,5.35,0.));
#11664 = VECTOR('',#11665,1.);
#11665 = DIRECTION('',(-0.,-1.,-0.));
#11666 = ORIENTED_EDGE('',*,*,#11667,.T.);
#11667 = EDGE_CURVE('',#11660,#11668,#11670,.T.);
#11668 = VERTEX_POINT('',#11669);
#11669 = CARTESIAN_POINT('',(-2.7,4.55,0.203));
#11670 = LINE('',#11671,#11672);
#11671 = CARTESIAN_POINT('',(-2.7,4.55,0.));
#11672 = VECTOR('',#11673,1.);
#11673 = DIRECTION('',(-0.,-0.,1.));
#11674 = ORIENTED_EDGE('',*,*,#11675,.F.);
#11675 = EDGE_CURVE('',#11652,#11668,#11676,.T.);
#11676 = LINE('',#11677,#11678);
#11677 = CARTESIAN_POINT('',(-2.7,5.35,0.203));
#11678 = VECTOR('',#11679,1.);
#11679 = DIRECTION('',(-0.,-1.,-0.));
#11680 = PLANE('',#11681);
#11681 = AXIS2_PLACEMENT_3D('',#11682,#11683,#11684);
#11682 = CARTESIAN_POINT('',(-2.7,5.35,0.));
#11683 = DIRECTION('',(1.,-0.,-0.));
#11684 = DIRECTION('',(0.,0.,-1.));
#11685 = ADVANCED_FACE('',(#11686),#11720,.T.);
#11686 = FACE_BOUND('',#11687,.F.);
#11687 = EDGE_LOOP('',(#11688,#11698,#11706,#11714));
#11688 = ORIENTED_EDGE('',*,*,#11689,.F.);
#11689 = EDGE_CURVE('',#11690,#11692,#11694,.T.);
#11690 = VERTEX_POINT('',#11691);
#11691 = CARTESIAN_POINT('',(-2.5,5.35,0.));
#11692 = VERTEX_POINT('',#11693);
#11693 = CARTESIAN_POINT('',(-2.5,5.35,0.203));
#11694 = LINE('',#11695,#11696);
#11695 = CARTESIAN_POINT('',(-2.5,5.35,0.));
#11696 = VECTOR('',#11697,1.);
#11697 = DIRECTION('',(-0.,-0.,1.));
#11698 = ORIENTED_EDGE('',*,*,#11699,.T.);
#11699 = EDGE_CURVE('',#11690,#11700,#11702,.T.);
#11700 = VERTEX_POINT('',#11701);
#11701 = CARTESIAN_POINT('',(-2.5,4.55,0.));
#11702 = LINE('',#11703,#11704);
#11703 = CARTESIAN_POINT('',(-2.5,5.35,0.));
#11704 = VECTOR('',#11705,1.);
#11705 = DIRECTION('',(-0.,-1.,-0.));
#11706 = ORIENTED_EDGE('',*,*,#11707,.T.);
#11707 = EDGE_CURVE('',#11700,#11708,#11710,.T.);
#11708 = VERTEX_POINT('',#11709);
#11709 = CARTESIAN_POINT('',(-2.5,4.55,0.203));
#11710 = LINE('',#11711,#11712);
#11711 = CARTESIAN_POINT('',(-2.5,4.55,0.));
#11712 = VECTOR('',#11713,1.);
#11713 = DIRECTION('',(-0.,-0.,1.));
#11714 = ORIENTED_EDGE('',*,*,#11715,.F.);
#11715 = EDGE_CURVE('',#11692,#11708,#11716,.T.);
#11716 = LINE('',#11717,#11718);
#11717 = CARTESIAN_POINT('',(-2.5,5.35,0.203));
#11718 = VECTOR('',#11719,1.);
#11719 = DIRECTION('',(-0.,-1.,-0.));
#11720 = PLANE('',#11721);
#11721 = AXIS2_PLACEMENT_3D('',#11722,#11723,#11724);
#11722 = CARTESIAN_POINT('',(-2.5,5.35,0.));
#11723 = DIRECTION('',(1.,-0.,-0.));
#11724 = DIRECTION('',(0.,0.,-1.));
#11725 = ADVANCED_FACE('',(#11726),#11742,.F.);
#11726 = FACE_BOUND('',#11727,.T.);
#11727 = EDGE_LOOP('',(#11728,#11734,#11735,#11741));
#11728 = ORIENTED_EDGE('',*,*,#11729,.F.);
#11729 = EDGE_CURVE('',#11650,#11690,#11730,.T.);
#11730 = LINE('',#11731,#11732);
#11731 = CARTESIAN_POINT('',(-2.7,5.35,0.));
#11732 = VECTOR('',#11733,1.);
#11733 = DIRECTION('',(1.,-0.,-0.));
#11734 = ORIENTED_EDGE('',*,*,#11649,.T.);
#11735 = ORIENTED_EDGE('',*,*,#11736,.T.);
#11736 = EDGE_CURVE('',#11652,#11692,#11737,.T.);
#11737 = LINE('',#11738,#11739);
#11738 = CARTESIAN_POINT('',(-2.7,5.35,0.203));
#11739 = VECTOR('',#11740,1.);
#11740 = DIRECTION('',(1.,-0.,-0.));
#11741 = ORIENTED_EDGE('',*,*,#11689,.F.);
#11742 = PLANE('',#11743);
#11743 = AXIS2_PLACEMENT_3D('',#11744,#11745,#11746);
#11744 = CARTESIAN_POINT('',(-2.7,5.35,0.));
#11745 = DIRECTION('',(-0.,-1.,-0.));
#11746 = DIRECTION('',(0.,0.,-1.));
#11747 = ADVANCED_FACE('',(#11748),#11764,.T.);
#11748 = FACE_BOUND('',#11749,.F.);
#11749 = EDGE_LOOP('',(#11750,#11756,#11757,#11763));
#11750 = ORIENTED_EDGE('',*,*,#11751,.F.);
#11751 = EDGE_CURVE('',#11660,#11700,#11752,.T.);
#11752 = LINE('',#11753,#11754);
#11753 = CARTESIAN_POINT('',(-2.7,4.55,0.));
#11754 = VECTOR('',#11755,1.);
#11755 = DIRECTION('',(1.,-0.,-0.));
#11756 = ORIENTED_EDGE('',*,*,#11667,.T.);
#11757 = ORIENTED_EDGE('',*,*,#11758,.T.);
#11758 = EDGE_CURVE('',#11668,#11708,#11759,.T.);
#11759 = LINE('',#11760,#11761);
#11760 = CARTESIAN_POINT('',(-2.7,4.55,0.203));
#11761 = VECTOR('',#11762,1.);
#11762 = DIRECTION('',(1.,-0.,-0.));
#11763 = ORIENTED_EDGE('',*,*,#11707,.F.);
#11764 = PLANE('',#11765);
#11765 = AXIS2_PLACEMENT_3D('',#11766,#11767,#11768);
#11766 = CARTESIAN_POINT('',(-2.7,4.55,0.));
#11767 = DIRECTION('',(-0.,-1.,-0.));
#11768 = DIRECTION('',(0.,0.,-1.));
#11769 = ADVANCED_FACE('',(#11770),#11776,.F.);
#11770 = FACE_BOUND('',#11771,.T.);
#11771 = EDGE_LOOP('',(#11772,#11773,#11774,#11775));
#11772 = ORIENTED_EDGE('',*,*,#11659,.F.);
#11773 = ORIENTED_EDGE('',*,*,#11729,.T.);
#11774 = ORIENTED_EDGE('',*,*,#11699,.T.);
#11775 = ORIENTED_EDGE('',*,*,#11751,.F.);
#11776 = PLANE('',#11777);
#11777 = AXIS2_PLACEMENT_3D('',#11778,#11779,#11780);
#11778 = CARTESIAN_POINT('',(-2.7,5.35,0.));
#11779 = DIRECTION('',(-0.,-0.,1.));
#11780 = DIRECTION('',(-1.,0.,0.));
#11781 = ADVANCED_FACE('',(#11782),#11788,.T.);
#11782 = FACE_BOUND('',#11783,.F.);
#11783 = EDGE_LOOP('',(#11784,#11785,#11786,#11787));
#11784 = ORIENTED_EDGE('',*,*,#11675,.F.);
#11785 = ORIENTED_EDGE('',*,*,#11736,.T.);
#11786 = ORIENTED_EDGE('',*,*,#11715,.T.);
#11787 = ORIENTED_EDGE('',*,*,#11758,.F.);
#11788 = PLANE('',#11789);
#11789 = AXIS2_PLACEMENT_3D('',#11790,#11791,#11792);
#11790 = CARTESIAN_POINT('',(-2.7,5.35,0.203));
#11791 = DIRECTION('',(-0.,-0.,1.));
#11792 = DIRECTION('',(-1.,0.,0.));
#11793 = MANIFOLD_SOLID_BREP('',#11794);
#11794 = CLOSED_SHELL('',(#11795,#11835,#11875,#11897,#11919,#11931));
#11795 = ADVANCED_FACE('',(#11796),#11830,.F.);
#11796 = FACE_BOUND('',#11797,.T.);
#11797 = EDGE_LOOP('',(#11798,#11808,#11816,#11824));
#11798 = ORIENTED_EDGE('',*,*,#11799,.F.);
#11799 = EDGE_CURVE('',#11800,#11802,#11804,.T.);
#11800 = VERTEX_POINT('',#11801);
#11801 = CARTESIAN_POINT('',(-3.1,5.35,0.));
#11802 = VERTEX_POINT('',#11803);
#11803 = CARTESIAN_POINT('',(-3.1,5.35,0.203));
#11804 = LINE('',#11805,#11806);
#11805 = CARTESIAN_POINT('',(-3.1,5.35,0.));
#11806 = VECTOR('',#11807,1.);
#11807 = DIRECTION('',(-0.,-0.,1.));
#11808 = ORIENTED_EDGE('',*,*,#11809,.T.);
#11809 = EDGE_CURVE('',#11800,#11810,#11812,.T.);
#11810 = VERTEX_POINT('',#11811);
#11811 = CARTESIAN_POINT('',(-3.1,4.55,0.));
#11812 = LINE('',#11813,#11814);
#11813 = CARTESIAN_POINT('',(-3.1,5.35,0.));
#11814 = VECTOR('',#11815,1.);
#11815 = DIRECTION('',(-0.,-1.,-0.));
#11816 = ORIENTED_EDGE('',*,*,#11817,.T.);
#11817 = EDGE_CURVE('',#11810,#11818,#11820,.T.);
#11818 = VERTEX_POINT('',#11819);
#11819 = CARTESIAN_POINT('',(-3.1,4.55,0.203));
#11820 = LINE('',#11821,#11822);
#11821 = CARTESIAN_POINT('',(-3.1,4.55,0.));
#11822 = VECTOR('',#11823,1.);
#11823 = DIRECTION('',(-0.,-0.,1.));
#11824 = ORIENTED_EDGE('',*,*,#11825,.F.);
#11825 = EDGE_CURVE('',#11802,#11818,#11826,.T.);
#11826 = LINE('',#11827,#11828);
#11827 = CARTESIAN_POINT('',(-3.1,5.35,0.203));
#11828 = VECTOR('',#11829,1.);
#11829 = DIRECTION('',(-0.,-1.,-0.));
#11830 = PLANE('',#11831);
#11831 = AXIS2_PLACEMENT_3D('',#11832,#11833,#11834);
#11832 = CARTESIAN_POINT('',(-3.1,5.35,0.));
#11833 = DIRECTION('',(1.,-0.,-0.));
#11834 = DIRECTION('',(0.,0.,-1.));
#11835 = ADVANCED_FACE('',(#11836),#11870,.T.);
#11836 = FACE_BOUND('',#11837,.F.);
#11837 = EDGE_LOOP('',(#11838,#11848,#11856,#11864));
#11838 = ORIENTED_EDGE('',*,*,#11839,.F.);
#11839 = EDGE_CURVE('',#11840,#11842,#11844,.T.);
#11840 = VERTEX_POINT('',#11841);
#11841 = CARTESIAN_POINT('',(-2.9,5.35,0.));
#11842 = VERTEX_POINT('',#11843);
#11843 = CARTESIAN_POINT('',(-2.9,5.35,0.203));
#11844 = LINE('',#11845,#11846);
#11845 = CARTESIAN_POINT('',(-2.9,5.35,0.));
#11846 = VECTOR('',#11847,1.);
#11847 = DIRECTION('',(-0.,-0.,1.));
#11848 = ORIENTED_EDGE('',*,*,#11849,.T.);
#11849 = EDGE_CURVE('',#11840,#11850,#11852,.T.);
#11850 = VERTEX_POINT('',#11851);
#11851 = CARTESIAN_POINT('',(-2.9,4.55,0.));
#11852 = LINE('',#11853,#11854);
#11853 = CARTESIAN_POINT('',(-2.9,5.35,0.));
#11854 = VECTOR('',#11855,1.);
#11855 = DIRECTION('',(-0.,-1.,-0.));
#11856 = ORIENTED_EDGE('',*,*,#11857,.T.);
#11857 = EDGE_CURVE('',#11850,#11858,#11860,.T.);
#11858 = VERTEX_POINT('',#11859);
#11859 = CARTESIAN_POINT('',(-2.9,4.55,0.203));
#11860 = LINE('',#11861,#11862);
#11861 = CARTESIAN_POINT('',(-2.9,4.55,0.));
#11862 = VECTOR('',#11863,1.);
#11863 = DIRECTION('',(-0.,-0.,1.));
#11864 = ORIENTED_EDGE('',*,*,#11865,.F.);
#11865 = EDGE_CURVE('',#11842,#11858,#11866,.T.);
#11866 = LINE('',#11867,#11868);
#11867 = CARTESIAN_POINT('',(-2.9,5.35,0.203));
#11868 = VECTOR('',#11869,1.);
#11869 = DIRECTION('',(-0.,-1.,-0.));
#11870 = PLANE('',#11871);
#11871 = AXIS2_PLACEMENT_3D('',#11872,#11873,#11874);
#11872 = CARTESIAN_POINT('',(-2.9,5.35,0.));
#11873 = DIRECTION('',(1.,-0.,-0.));
#11874 = DIRECTION('',(0.,0.,-1.));
#11875 = ADVANCED_FACE('',(#11876),#11892,.F.);
#11876 = FACE_BOUND('',#11877,.T.);
#11877 = EDGE_LOOP('',(#11878,#11884,#11885,#11891));
#11878 = ORIENTED_EDGE('',*,*,#11879,.F.);
#11879 = EDGE_CURVE('',#11800,#11840,#11880,.T.);
#11880 = LINE('',#11881,#11882);
#11881 = CARTESIAN_POINT('',(-3.1,5.35,0.));
#11882 = VECTOR('',#11883,1.);
#11883 = DIRECTION('',(1.,-0.,-0.));
#11884 = ORIENTED_EDGE('',*,*,#11799,.T.);
#11885 = ORIENTED_EDGE('',*,*,#11886,.T.);
#11886 = EDGE_CURVE('',#11802,#11842,#11887,.T.);
#11887 = LINE('',#11888,#11889);
#11888 = CARTESIAN_POINT('',(-3.1,5.35,0.203));
#11889 = VECTOR('',#11890,1.);
#11890 = DIRECTION('',(1.,-0.,-0.));
#11891 = ORIENTED_EDGE('',*,*,#11839,.F.);
#11892 = PLANE('',#11893);
#11893 = AXIS2_PLACEMENT_3D('',#11894,#11895,#11896);
#11894 = CARTESIAN_POINT('',(-3.1,5.35,0.));
#11895 = DIRECTION('',(-0.,-1.,-0.));
#11896 = DIRECTION('',(0.,0.,-1.));
#11897 = ADVANCED_FACE('',(#11898),#11914,.T.);
#11898 = FACE_BOUND('',#11899,.F.);
#11899 = EDGE_LOOP('',(#11900,#11906,#11907,#11913));
#11900 = ORIENTED_EDGE('',*,*,#11901,.F.);
#11901 = EDGE_CURVE('',#11810,#11850,#11902,.T.);
#11902 = LINE('',#11903,#11904);
#11903 = CARTESIAN_POINT('',(-3.1,4.55,0.));
#11904 = VECTOR('',#11905,1.);
#11905 = DIRECTION('',(1.,-0.,-0.));
#11906 = ORIENTED_EDGE('',*,*,#11817,.T.);
#11907 = ORIENTED_EDGE('',*,*,#11908,.T.);
#11908 = EDGE_CURVE('',#11818,#11858,#11909,.T.);
#11909 = LINE('',#11910,#11911);
#11910 = CARTESIAN_POINT('',(-3.1,4.55,0.203));
#11911 = VECTOR('',#11912,1.);
#11912 = DIRECTION('',(1.,-0.,-0.));
#11913 = ORIENTED_EDGE('',*,*,#11857,.F.);
#11914 = PLANE('',#11915);
#11915 = AXIS2_PLACEMENT_3D('',#11916,#11917,#11918);
#11916 = CARTESIAN_POINT('',(-3.1,4.55,0.));
#11917 = DIRECTION('',(-0.,-1.,-0.));
#11918 = DIRECTION('',(0.,0.,-1.));
#11919 = ADVANCED_FACE('',(#11920),#11926,.F.);
#11920 = FACE_BOUND('',#11921,.T.);
#11921 = EDGE_LOOP('',(#11922,#11923,#11924,#11925));
#11922 = ORIENTED_EDGE('',*,*,#11809,.F.);
#11923 = ORIENTED_EDGE('',*,*,#11879,.T.);
#11924 = ORIENTED_EDGE('',*,*,#11849,.T.);
#11925 = ORIENTED_EDGE('',*,*,#11901,.F.);
#11926 = PLANE('',#11927);
#11927 = AXIS2_PLACEMENT_3D('',#11928,#11929,#11930);
#11928 = CARTESIAN_POINT('',(-3.1,5.35,0.));
#11929 = DIRECTION('',(-0.,-0.,1.));
#11930 = DIRECTION('',(-1.,0.,0.));
#11931 = ADVANCED_FACE('',(#11932),#11938,.T.);
#11932 = FACE_BOUND('',#11933,.F.);
#11933 = EDGE_LOOP('',(#11934,#11935,#11936,#11937));
#11934 = ORIENTED_EDGE('',*,*,#11825,.F.);
#11935 = ORIENTED_EDGE('',*,*,#11886,.T.);
#11936 = ORIENTED_EDGE('',*,*,#11865,.T.);
#11937 = ORIENTED_EDGE('',*,*,#11908,.F.);
#11938 = PLANE('',#11939);
#11939 = AXIS2_PLACEMENT_3D('',#11940,#11941,#11942);
#11940 = CARTESIAN_POINT('',(-3.1,5.35,0.203));
#11941 = DIRECTION('',(-0.,-0.,1.));
#11942 = DIRECTION('',(-1.,0.,0.));
#11943 = MANIFOLD_SOLID_BREP('',#11944);
#11944 = CLOSED_SHELL('',(#11945,#11985,#12025,#12047,#12069,#12081));
#11945 = ADVANCED_FACE('',(#11946),#11980,.F.);
#11946 = FACE_BOUND('',#11947,.T.);
#11947 = EDGE_LOOP('',(#11948,#11958,#11966,#11974));
#11948 = ORIENTED_EDGE('',*,*,#11949,.F.);
#11949 = EDGE_CURVE('',#11950,#11952,#11954,.T.);
#11950 = VERTEX_POINT('',#11951);
#11951 = CARTESIAN_POINT('',(-3.5,5.35,0.));
#11952 = VERTEX_POINT('',#11953);
#11953 = CARTESIAN_POINT('',(-3.5,5.35,0.203));
#11954 = LINE('',#11955,#11956);
#11955 = CARTESIAN_POINT('',(-3.5,5.35,0.));
#11956 = VECTOR('',#11957,1.);
#11957 = DIRECTION('',(-0.,-0.,1.));
#11958 = ORIENTED_EDGE('',*,*,#11959,.T.);
#11959 = EDGE_CURVE('',#11950,#11960,#11962,.T.);
#11960 = VERTEX_POINT('',#11961);
#11961 = CARTESIAN_POINT('',(-3.5,4.55,0.));
#11962 = LINE('',#11963,#11964);
#11963 = CARTESIAN_POINT('',(-3.5,5.35,0.));
#11964 = VECTOR('',#11965,1.);
#11965 = DIRECTION('',(-0.,-1.,-0.));
#11966 = ORIENTED_EDGE('',*,*,#11967,.T.);
#11967 = EDGE_CURVE('',#11960,#11968,#11970,.T.);
#11968 = VERTEX_POINT('',#11969);
#11969 = CARTESIAN_POINT('',(-3.5,4.55,0.203));
#11970 = LINE('',#11971,#11972);
#11971 = CARTESIAN_POINT('',(-3.5,4.55,0.));
#11972 = VECTOR('',#11973,1.);
#11973 = DIRECTION('',(-0.,-0.,1.));
#11974 = ORIENTED_EDGE('',*,*,#11975,.F.);
#11975 = EDGE_CURVE('',#11952,#11968,#11976,.T.);
#11976 = LINE('',#11977,#11978);
#11977 = CARTESIAN_POINT('',(-3.5,5.35,0.203));
#11978 = VECTOR('',#11979,1.);
#11979 = DIRECTION('',(-0.,-1.,-0.));
#11980 = PLANE('',#11981);
#11981 = AXIS2_PLACEMENT_3D('',#11982,#11983,#11984);
#11982 = CARTESIAN_POINT('',(-3.5,5.35,0.));
#11983 = DIRECTION('',(1.,-0.,-0.));
#11984 = DIRECTION('',(0.,0.,-1.));
#11985 = ADVANCED_FACE('',(#11986),#12020,.T.);
#11986 = FACE_BOUND('',#11987,.F.);
#11987 = EDGE_LOOP('',(#11988,#11998,#12006,#12014));
#11988 = ORIENTED_EDGE('',*,*,#11989,.F.);
#11989 = EDGE_CURVE('',#11990,#11992,#11994,.T.);
#11990 = VERTEX_POINT('',#11991);
#11991 = CARTESIAN_POINT('',(-3.3,5.35,0.));
#11992 = VERTEX_POINT('',#11993);
#11993 = CARTESIAN_POINT('',(-3.3,5.35,0.203));
#11994 = LINE('',#11995,#11996);
#11995 = CARTESIAN_POINT('',(-3.3,5.35,0.));
#11996 = VECTOR('',#11997,1.);
#11997 = DIRECTION('',(-0.,-0.,1.));
#11998 = ORIENTED_EDGE('',*,*,#11999,.T.);
#11999 = EDGE_CURVE('',#11990,#12000,#12002,.T.);
#12000 = VERTEX_POINT('',#12001);
#12001 = CARTESIAN_POINT('',(-3.3,4.55,0.));
#12002 = LINE('',#12003,#12004);
#12003 = CARTESIAN_POINT('',(-3.3,5.35,0.));
#12004 = VECTOR('',#12005,1.);
#12005 = DIRECTION('',(-0.,-1.,-0.));
#12006 = ORIENTED_EDGE('',*,*,#12007,.T.);
#12007 = EDGE_CURVE('',#12000,#12008,#12010,.T.);
#12008 = VERTEX_POINT('',#12009);
#12009 = CARTESIAN_POINT('',(-3.3,4.55,0.203));
#12010 = LINE('',#12011,#12012);
#12011 = CARTESIAN_POINT('',(-3.3,4.55,0.));
#12012 = VECTOR('',#12013,1.);
#12013 = DIRECTION('',(-0.,-0.,1.));
#12014 = ORIENTED_EDGE('',*,*,#12015,.F.);
#12015 = EDGE_CURVE('',#11992,#12008,#12016,.T.);
#12016 = LINE('',#12017,#12018);
#12017 = CARTESIAN_POINT('',(-3.3,5.35,0.203));
#12018 = VECTOR('',#12019,1.);
#12019 = DIRECTION('',(-0.,-1.,-0.));
#12020 = PLANE('',#12021);
#12021 = AXIS2_PLACEMENT_3D('',#12022,#12023,#12024);
#12022 = CARTESIAN_POINT('',(-3.3,5.35,0.));
#12023 = DIRECTION('',(1.,-0.,-0.));
#12024 = DIRECTION('',(0.,0.,-1.));
#12025 = ADVANCED_FACE('',(#12026),#12042,.F.);
#12026 = FACE_BOUND('',#12027,.T.);
#12027 = EDGE_LOOP('',(#12028,#12034,#12035,#12041));
#12028 = ORIENTED_EDGE('',*,*,#12029,.F.);
#12029 = EDGE_CURVE('',#11950,#11990,#12030,.T.);
#12030 = LINE('',#12031,#12032);
#12031 = CARTESIAN_POINT('',(-3.5,5.35,0.));
#12032 = VECTOR('',#12033,1.);
#12033 = DIRECTION('',(1.,-0.,-0.));
#12034 = ORIENTED_EDGE('',*,*,#11949,.T.);
#12035 = ORIENTED_EDGE('',*,*,#12036,.T.);
#12036 = EDGE_CURVE('',#11952,#11992,#12037,.T.);
#12037 = LINE('',#12038,#12039);
#12038 = CARTESIAN_POINT('',(-3.5,5.35,0.203));
#12039 = VECTOR('',#12040,1.);
#12040 = DIRECTION('',(1.,-0.,-0.));
#12041 = ORIENTED_EDGE('',*,*,#11989,.F.);
#12042 = PLANE('',#12043);
#12043 = AXIS2_PLACEMENT_3D('',#12044,#12045,#12046);
#12044 = CARTESIAN_POINT('',(-3.5,5.35,0.));
#12045 = DIRECTION('',(-0.,-1.,-0.));
#12046 = DIRECTION('',(0.,0.,-1.));
#12047 = ADVANCED_FACE('',(#12048),#12064,.T.);
#12048 = FACE_BOUND('',#12049,.F.);
#12049 = EDGE_LOOP('',(#12050,#12056,#12057,#12063));
#12050 = ORIENTED_EDGE('',*,*,#12051,.F.);
#12051 = EDGE_CURVE('',#11960,#12000,#12052,.T.);
#12052 = LINE('',#12053,#12054);
#12053 = CARTESIAN_POINT('',(-3.5,4.55,0.));
#12054 = VECTOR('',#12055,1.);
#12055 = DIRECTION('',(1.,-0.,-0.));
#12056 = ORIENTED_EDGE('',*,*,#11967,.T.);
#12057 = ORIENTED_EDGE('',*,*,#12058,.T.);
#12058 = EDGE_CURVE('',#11968,#12008,#12059,.T.);
#12059 = LINE('',#12060,#12061);
#12060 = CARTESIAN_POINT('',(-3.5,4.55,0.203));
#12061 = VECTOR('',#12062,1.);
#12062 = DIRECTION('',(1.,-0.,-0.));
#12063 = ORIENTED_EDGE('',*,*,#12007,.F.);
#12064 = PLANE('',#12065);
#12065 = AXIS2_PLACEMENT_3D('',#12066,#12067,#12068);
#12066 = CARTESIAN_POINT('',(-3.5,4.55,0.));
#12067 = DIRECTION('',(-0.,-1.,-0.));
#12068 = DIRECTION('',(0.,0.,-1.));
#12069 = ADVANCED_FACE('',(#12070),#12076,.F.);
#12070 = FACE_BOUND('',#12071,.T.);
#12071 = EDGE_LOOP('',(#12072,#12073,#12074,#12075));
#12072 = ORIENTED_EDGE('',*,*,#11959,.F.);
#12073 = ORIENTED_EDGE('',*,*,#12029,.T.);
#12074 = ORIENTED_EDGE('',*,*,#11999,.T.);
#12075 = ORIENTED_EDGE('',*,*,#12051,.F.);
#12076 = PLANE('',#12077);
#12077 = AXIS2_PLACEMENT_3D('',#12078,#12079,#12080);
#12078 = CARTESIAN_POINT('',(-3.5,5.35,0.));
#12079 = DIRECTION('',(-0.,-0.,1.));
#12080 = DIRECTION('',(-1.,0.,0.));
#12081 = ADVANCED_FACE('',(#12082),#12088,.T.);
#12082 = FACE_BOUND('',#12083,.F.);
#12083 = EDGE_LOOP('',(#12084,#12085,#12086,#12087));
#12084 = ORIENTED_EDGE('',*,*,#11975,.F.);
#12085 = ORIENTED_EDGE('',*,*,#12036,.T.);
#12086 = ORIENTED_EDGE('',*,*,#12015,.T.);
#12087 = ORIENTED_EDGE('',*,*,#12058,.F.);
#12088 = PLANE('',#12089);
#12089 = AXIS2_PLACEMENT_3D('',#12090,#12091,#12092);
#12090 = CARTESIAN_POINT('',(-3.5,5.35,0.203));
#12091 = DIRECTION('',(-0.,-0.,1.));
#12092 = DIRECTION('',(-1.,0.,0.));
#12093 = MANIFOLD_SOLID_BREP('',#12094);
#12094 = CLOSED_SHELL('',(#12095,#12135,#12175,#12197,#12219,#12231));
#12095 = ADVANCED_FACE('',(#12096),#12130,.F.);
#12096 = FACE_BOUND('',#12097,.T.);
#12097 = EDGE_LOOP('',(#12098,#12108,#12116,#12124));
#12098 = ORIENTED_EDGE('',*,*,#12099,.F.);
#12099 = EDGE_CURVE('',#12100,#12102,#12104,.T.);
#12100 = VERTEX_POINT('',#12101);
#12101 = CARTESIAN_POINT('',(-3.9,5.35,0.));
#12102 = VERTEX_POINT('',#12103);
#12103 = CARTESIAN_POINT('',(-3.9,5.35,0.203));
#12104 = LINE('',#12105,#12106);
#12105 = CARTESIAN_POINT('',(-3.9,5.35,0.));
#12106 = VECTOR('',#12107,1.);
#12107 = DIRECTION('',(-0.,-0.,1.));
#12108 = ORIENTED_EDGE('',*,*,#12109,.T.);
#12109 = EDGE_CURVE('',#12100,#12110,#12112,.T.);
#12110 = VERTEX_POINT('',#12111);
#12111 = CARTESIAN_POINT('',(-3.9,4.55,0.));
#12112 = LINE('',#12113,#12114);
#12113 = CARTESIAN_POINT('',(-3.9,5.35,0.));
#12114 = VECTOR('',#12115,1.);
#12115 = DIRECTION('',(-0.,-1.,-0.));
#12116 = ORIENTED_EDGE('',*,*,#12117,.T.);
#12117 = EDGE_CURVE('',#12110,#12118,#12120,.T.);
#12118 = VERTEX_POINT('',#12119);
#12119 = CARTESIAN_POINT('',(-3.9,4.55,0.203));
#12120 = LINE('',#12121,#12122);
#12121 = CARTESIAN_POINT('',(-3.9,4.55,0.));
#12122 = VECTOR('',#12123,1.);
#12123 = DIRECTION('',(-0.,-0.,1.));
#12124 = ORIENTED_EDGE('',*,*,#12125,.F.);
#12125 = EDGE_CURVE('',#12102,#12118,#12126,.T.);
#12126 = LINE('',#12127,#12128);
#12127 = CARTESIAN_POINT('',(-3.9,5.35,0.203));
#12128 = VECTOR('',#12129,1.);
#12129 = DIRECTION('',(-0.,-1.,-0.));
#12130 = PLANE('',#12131);
#12131 = AXIS2_PLACEMENT_3D('',#12132,#12133,#12134);
#12132 = CARTESIAN_POINT('',(-3.9,5.35,0.));
#12133 = DIRECTION('',(1.,-0.,-0.));
#12134 = DIRECTION('',(0.,0.,-1.));
#12135 = ADVANCED_FACE('',(#12136),#12170,.T.);
#12136 = FACE_BOUND('',#12137,.F.);
#12137 = EDGE_LOOP('',(#12138,#12148,#12156,#12164));
#12138 = ORIENTED_EDGE('',*,*,#12139,.F.);
#12139 = EDGE_CURVE('',#12140,#12142,#12144,.T.);
#12140 = VERTEX_POINT('',#12141);
#12141 = CARTESIAN_POINT('',(-3.7,5.35,0.));
#12142 = VERTEX_POINT('',#12143);
#12143 = CARTESIAN_POINT('',(-3.7,5.35,0.203));
#12144 = LINE('',#12145,#12146);
#12145 = CARTESIAN_POINT('',(-3.7,5.35,0.));
#12146 = VECTOR('',#12147,1.);
#12147 = DIRECTION('',(-0.,-0.,1.));
#12148 = ORIENTED_EDGE('',*,*,#12149,.T.);
#12149 = EDGE_CURVE('',#12140,#12150,#12152,.T.);
#12150 = VERTEX_POINT('',#12151);
#12151 = CARTESIAN_POINT('',(-3.7,4.55,0.));
#12152 = LINE('',#12153,#12154);
#12153 = CARTESIAN_POINT('',(-3.7,5.35,0.));
#12154 = VECTOR('',#12155,1.);
#12155 = DIRECTION('',(-0.,-1.,-0.));
#12156 = ORIENTED_EDGE('',*,*,#12157,.T.);
#12157 = EDGE_CURVE('',#12150,#12158,#12160,.T.);
#12158 = VERTEX_POINT('',#12159);
#12159 = CARTESIAN_POINT('',(-3.7,4.55,0.203));
#12160 = LINE('',#12161,#12162);
#12161 = CARTESIAN_POINT('',(-3.7,4.55,0.));
#12162 = VECTOR('',#12163,1.);
#12163 = DIRECTION('',(-0.,-0.,1.));
#12164 = ORIENTED_EDGE('',*,*,#12165,.F.);
#12165 = EDGE_CURVE('',#12142,#12158,#12166,.T.);
#12166 = LINE('',#12167,#12168);
#12167 = CARTESIAN_POINT('',(-3.7,5.35,0.203));
#12168 = VECTOR('',#12169,1.);
#12169 = DIRECTION('',(-0.,-1.,-0.));
#12170 = PLANE('',#12171);
#12171 = AXIS2_PLACEMENT_3D('',#12172,#12173,#12174);
#12172 = CARTESIAN_POINT('',(-3.7,5.35,0.));
#12173 = DIRECTION('',(1.,-0.,-0.));
#12174 = DIRECTION('',(0.,0.,-1.));
#12175 = ADVANCED_FACE('',(#12176),#12192,.F.);
#12176 = FACE_BOUND('',#12177,.T.);
#12177 = EDGE_LOOP('',(#12178,#12184,#12185,#12191));
#12178 = ORIENTED_EDGE('',*,*,#12179,.F.);
#12179 = EDGE_CURVE('',#12100,#12140,#12180,.T.);
#12180 = LINE('',#12181,#12182);
#12181 = CARTESIAN_POINT('',(-3.9,5.35,0.));
#12182 = VECTOR('',#12183,1.);
#12183 = DIRECTION('',(1.,-0.,-0.));
#12184 = ORIENTED_EDGE('',*,*,#12099,.T.);
#12185 = ORIENTED_EDGE('',*,*,#12186,.T.);
#12186 = EDGE_CURVE('',#12102,#12142,#12187,.T.);
#12187 = LINE('',#12188,#12189);
#12188 = CARTESIAN_POINT('',(-3.9,5.35,0.203));
#12189 = VECTOR('',#12190,1.);
#12190 = DIRECTION('',(1.,-0.,-0.));
#12191 = ORIENTED_EDGE('',*,*,#12139,.F.);
#12192 = PLANE('',#12193);
#12193 = AXIS2_PLACEMENT_3D('',#12194,#12195,#12196);
#12194 = CARTESIAN_POINT('',(-3.9,5.35,0.));
#12195 = DIRECTION('',(-0.,-1.,-0.));
#12196 = DIRECTION('',(0.,0.,-1.));
#12197 = ADVANCED_FACE('',(#12198),#12214,.T.);
#12198 = FACE_BOUND('',#12199,.F.);
#12199 = EDGE_LOOP('',(#12200,#12206,#12207,#12213));
#12200 = ORIENTED_EDGE('',*,*,#12201,.F.);
#12201 = EDGE_CURVE('',#12110,#12150,#12202,.T.);
#12202 = LINE('',#12203,#12204);
#12203 = CARTESIAN_POINT('',(-3.9,4.55,0.));
#12204 = VECTOR('',#12205,1.);
#12205 = DIRECTION('',(1.,-0.,-0.));
#12206 = ORIENTED_EDGE('',*,*,#12117,.T.);
#12207 = ORIENTED_EDGE('',*,*,#12208,.T.);
#12208 = EDGE_CURVE('',#12118,#12158,#12209,.T.);
#12209 = LINE('',#12210,#12211);
#12210 = CARTESIAN_POINT('',(-3.9,4.55,0.203));
#12211 = VECTOR('',#12212,1.);
#12212 = DIRECTION('',(1.,-0.,-0.));
#12213 = ORIENTED_EDGE('',*,*,#12157,.F.);
#12214 = PLANE('',#12215);
#12215 = AXIS2_PLACEMENT_3D('',#12216,#12217,#12218);
#12216 = CARTESIAN_POINT('',(-3.9,4.55,0.));
#12217 = DIRECTION('',(-0.,-1.,-0.));
#12218 = DIRECTION('',(0.,0.,-1.));
#12219 = ADVANCED_FACE('',(#12220),#12226,.F.);
#12220 = FACE_BOUND('',#12221,.T.);
#12221 = EDGE_LOOP('',(#12222,#12223,#12224,#12225));
#12222 = ORIENTED_EDGE('',*,*,#12109,.F.);
#12223 = ORIENTED_EDGE('',*,*,#12179,.T.);
#12224 = ORIENTED_EDGE('',*,*,#12149,.T.);
#12225 = ORIENTED_EDGE('',*,*,#12201,.F.);
#12226 = PLANE('',#12227);
#12227 = AXIS2_PLACEMENT_3D('',#12228,#12229,#12230);
#12228 = CARTESIAN_POINT('',(-3.9,5.35,0.));
#12229 = DIRECTION('',(-0.,-0.,1.));
#12230 = DIRECTION('',(-1.,0.,0.));
#12231 = ADVANCED_FACE('',(#12232),#12238,.T.);
#12232 = FACE_BOUND('',#12233,.F.);
#12233 = EDGE_LOOP('',(#12234,#12235,#12236,#12237));
#12234 = ORIENTED_EDGE('',*,*,#12125,.F.);
#12235 = ORIENTED_EDGE('',*,*,#12186,.T.);
#12236 = ORIENTED_EDGE('',*,*,#12165,.T.);
#12237 = ORIENTED_EDGE('',*,*,#12208,.F.);
#12238 = PLANE('',#12239);
#12239 = AXIS2_PLACEMENT_3D('',#12240,#12241,#12242);
#12240 = CARTESIAN_POINT('',(-3.9,5.35,0.203));
#12241 = DIRECTION('',(-0.,-0.,1.));
#12242 = DIRECTION('',(-1.,0.,0.));
#12243 = MANIFOLD_SOLID_BREP('',#12244);
#12244 = CLOSED_SHELL('',(#12245,#12285,#12325,#12347,#12369,#12381));
#12245 = ADVANCED_FACE('',(#12246),#12280,.F.);
#12246 = FACE_BOUND('',#12247,.T.);
#12247 = EDGE_LOOP('',(#12248,#12258,#12266,#12274));
#12248 = ORIENTED_EDGE('',*,*,#12249,.F.);
#12249 = EDGE_CURVE('',#12250,#12252,#12254,.T.);
#12250 = VERTEX_POINT('',#12251);
#12251 = CARTESIAN_POINT('',(-1.7,1.7,0.));
#12252 = VERTEX_POINT('',#12253);
#12253 = CARTESIAN_POINT('',(-1.7,1.7,0.203));
#12254 = LINE('',#12255,#12256);
#12255 = CARTESIAN_POINT('',(-1.7,1.7,0.));
#12256 = VECTOR('',#12257,1.);
#12257 = DIRECTION('',(-0.,-0.,1.));
#12258 = ORIENTED_EDGE('',*,*,#12259,.T.);
#12259 = EDGE_CURVE('',#12250,#12260,#12262,.T.);
#12260 = VERTEX_POINT('',#12261);
#12261 = CARTESIAN_POINT('',(-1.7,-1.7,0.));
#12262 = LINE('',#12263,#12264);
#12263 = CARTESIAN_POINT('',(-1.7,1.7,0.));
#12264 = VECTOR('',#12265,1.);
#12265 = DIRECTION('',(-0.,-1.,-0.));
#12266 = ORIENTED_EDGE('',*,*,#12267,.T.);
#12267 = EDGE_CURVE('',#12260,#12268,#12270,.T.);
#12268 = VERTEX_POINT('',#12269);
#12269 = CARTESIAN_POINT('',(-1.7,-1.7,0.203));
#12270 = LINE('',#12271,#12272);
#12271 = CARTESIAN_POINT('',(-1.7,-1.7,0.));
#12272 = VECTOR('',#12273,1.);
#12273 = DIRECTION('',(-0.,-0.,1.));
#12274 = ORIENTED_EDGE('',*,*,#12275,.F.);
#12275 = EDGE_CURVE('',#12252,#12268,#12276,.T.);
#12276 = LINE('',#12277,#12278);
#12277 = CARTESIAN_POINT('',(-1.7,1.7,0.203));
#12278 = VECTOR('',#12279,1.);
#12279 = DIRECTION('',(-0.,-1.,-0.));
#12280 = PLANE('',#12281);
#12281 = AXIS2_PLACEMENT_3D('',#12282,#12283,#12284);
#12282 = CARTESIAN_POINT('',(-1.7,1.7,0.));
#12283 = DIRECTION('',(1.,-0.,-0.));
#12284 = DIRECTION('',(0.,0.,-1.));
#12285 = ADVANCED_FACE('',(#12286),#12320,.T.);
#12286 = FACE_BOUND('',#12287,.F.);
#12287 = EDGE_LOOP('',(#12288,#12298,#12306,#12314));
#12288 = ORIENTED_EDGE('',*,*,#12289,.F.);
#12289 = EDGE_CURVE('',#12290,#12292,#12294,.T.);
#12290 = VERTEX_POINT('',#12291);
#12291 = CARTESIAN_POINT('',(1.7,1.7,0.));
#12292 = VERTEX_POINT('',#12293);
#12293 = CARTESIAN_POINT('',(1.7,1.7,0.203));
#12294 = LINE('',#12295,#12296);
#12295 = CARTESIAN_POINT('',(1.7,1.7,0.));
#12296 = VECTOR('',#12297,1.);
#12297 = DIRECTION('',(-0.,-0.,1.));
#12298 = ORIENTED_EDGE('',*,*,#12299,.T.);
#12299 = EDGE_CURVE('',#12290,#12300,#12302,.T.);
#12300 = VERTEX_POINT('',#12301);
#12301 = CARTESIAN_POINT('',(1.7,-1.7,0.));
#12302 = LINE('',#12303,#12304);
#12303 = CARTESIAN_POINT('',(1.7,1.7,0.));
#12304 = VECTOR('',#12305,1.);
#12305 = DIRECTION('',(-0.,-1.,-0.));
#12306 = ORIENTED_EDGE('',*,*,#12307,.T.);
#12307 = EDGE_CURVE('',#12300,#12308,#12310,.T.);
#12308 = VERTEX_POINT('',#12309);
#12309 = CARTESIAN_POINT('',(1.7,-1.7,0.203));
#12310 = LINE('',#12311,#12312);
#12311 = CARTESIAN_POINT('',(1.7,-1.7,0.));
#12312 = VECTOR('',#12313,1.);
#12313 = DIRECTION('',(-0.,-0.,1.));
#12314 = ORIENTED_EDGE('',*,*,#12315,.F.);
#12315 = EDGE_CURVE('',#12292,#12308,#12316,.T.);
#12316 = LINE('',#12317,#12318);
#12317 = CARTESIAN_POINT('',(1.7,1.7,0.203));
#12318 = VECTOR('',#12319,1.);
#12319 = DIRECTION('',(-0.,-1.,-0.));
#12320 = PLANE('',#12321);
#12321 = AXIS2_PLACEMENT_3D('',#12322,#12323,#12324);
#12322 = CARTESIAN_POINT('',(1.7,1.7,0.));
#12323 = DIRECTION('',(1.,-0.,-0.));
#12324 = DIRECTION('',(0.,0.,-1.));
#12325 = ADVANCED_FACE('',(#12326),#12342,.F.);
#12326 = FACE_BOUND('',#12327,.T.);
#12327 = EDGE_LOOP('',(#12328,#12334,#12335,#12341));
#12328 = ORIENTED_EDGE('',*,*,#12329,.F.);
#12329 = EDGE_CURVE('',#12250,#12290,#12330,.T.);
#12330 = LINE('',#12331,#12332);
#12331 = CARTESIAN_POINT('',(-1.7,1.7,0.));
#12332 = VECTOR('',#12333,1.);
#12333 = DIRECTION('',(1.,-0.,-0.));
#12334 = ORIENTED_EDGE('',*,*,#12249,.T.);
#12335 = ORIENTED_EDGE('',*,*,#12336,.T.);
#12336 = EDGE_CURVE('',#12252,#12292,#12337,.T.);
#12337 = LINE('',#12338,#12339);
#12338 = CARTESIAN_POINT('',(-1.7,1.7,0.203));
#12339 = VECTOR('',#12340,1.);
#12340 = DIRECTION('',(1.,-0.,-0.));
#12341 = ORIENTED_EDGE('',*,*,#12289,.F.);
#12342 = PLANE('',#12343);
#12343 = AXIS2_PLACEMENT_3D('',#12344,#12345,#12346);
#12344 = CARTESIAN_POINT('',(-1.7,1.7,0.));
#12345 = DIRECTION('',(-0.,-1.,-0.));
#12346 = DIRECTION('',(0.,0.,-1.));
#12347 = ADVANCED_FACE('',(#12348),#12364,.T.);
#12348 = FACE_BOUND('',#12349,.F.);
#12349 = EDGE_LOOP('',(#12350,#12356,#12357,#12363));
#12350 = ORIENTED_EDGE('',*,*,#12351,.F.);
#12351 = EDGE_CURVE('',#12260,#12300,#12352,.T.);
#12352 = LINE('',#12353,#12354);
#12353 = CARTESIAN_POINT('',(-1.7,-1.7,0.));
#12354 = VECTOR('',#12355,1.);
#12355 = DIRECTION('',(1.,-0.,-0.));
#12356 = ORIENTED_EDGE('',*,*,#12267,.T.);
#12357 = ORIENTED_EDGE('',*,*,#12358,.T.);
#12358 = EDGE_CURVE('',#12268,#12308,#12359,.T.);
#12359 = LINE('',#12360,#12361);
#12360 = CARTESIAN_POINT('',(-1.7,-1.7,0.203));
#12361 = VECTOR('',#12362,1.);
#12362 = DIRECTION('',(1.,-0.,-0.));
#12363 = ORIENTED_EDGE('',*,*,#12307,.F.);
#12364 = PLANE('',#12365);
#12365 = AXIS2_PLACEMENT_3D('',#12366,#12367,#12368);
#12366 = CARTESIAN_POINT('',(-1.7,-1.7,0.));
#12367 = DIRECTION('',(-0.,-1.,-0.));
#12368 = DIRECTION('',(0.,0.,-1.));
#12369 = ADVANCED_FACE('',(#12370),#12376,.F.);
#12370 = FACE_BOUND('',#12371,.T.);
#12371 = EDGE_LOOP('',(#12372,#12373,#12374,#12375));
#12372 = ORIENTED_EDGE('',*,*,#12259,.F.);
#12373 = ORIENTED_EDGE('',*,*,#12329,.T.);
#12374 = ORIENTED_EDGE('',*,*,#12299,.T.);
#12375 = ORIENTED_EDGE('',*,*,#12351,.F.);
#12376 = PLANE('',#12377);
#12377 = AXIS2_PLACEMENT_3D('',#12378,#12379,#12380);
#12378 = CARTESIAN_POINT('',(-1.7,1.7,0.));
#12379 = DIRECTION('',(-0.,-0.,1.));
#12380 = DIRECTION('',(-1.,0.,0.));
#12381 = ADVANCED_FACE('',(#12382),#12388,.T.);
#12382 = FACE_BOUND('',#12383,.F.);
#12383 = EDGE_LOOP('',(#12384,#12385,#12386,#12387));
#12384 = ORIENTED_EDGE('',*,*,#12275,.F.);
#12385 = ORIENTED_EDGE('',*,*,#12336,.T.);
#12386 = ORIENTED_EDGE('',*,*,#12315,.T.);
#12387 = ORIENTED_EDGE('',*,*,#12358,.F.);
#12388 = PLANE('',#12389);
#12389 = AXIS2_PLACEMENT_3D('',#12390,#12391,#12392);
#12390 = CARTESIAN_POINT('',(-1.7,1.7,0.203));
#12391 = DIRECTION('',(-0.,-0.,1.));
#12392 = DIRECTION('',(-1.,0.,0.));
#12393 = ( GEOMETRIC_REPRESENTATION_CONTEXT(3) 
GLOBAL_UNCERTAINTY_ASSIGNED_CONTEXT((#12397)) 
GLOBAL_UNIT_ASSIGNED_CONTEXT((#12394,#12395,#12396)) 
REPRESENTATION_CONTEXT('Context #1',
  '3D Context with UNIT and UNCERTAINTY') );
#12394 = ( LENGTH_UNIT() NAMED_UNIT(*) SI_UNIT(.MILLI.,.METRE.) );
#12395 = ( NAMED_UNIT(*) PLANE_ANGLE_UNIT() SI_UNIT($,.RADIAN.) );
#12396 = ( NAMED_UNIT(*) SI_UNIT($,.STERADIAN.) SOLID_ANGLE_UNIT() );
#12397 = UNCERTAINTY_MEASURE_WITH_UNIT(LENGTH_MEASURE(1.E-07),#12394,
  'distance_accuracy_value','confusion accuracy');
#12398 = PRODUCT_RELATED_PRODUCT_CATEGORY('part',$,(#7));
ENDSEC;
END-ISO-10303-21;
